date,air_temp_global_anom,sst_world_60s_60n_anom,sst_nino34_anom,sst_dmi,sea_ice_north_mkm2,sea_ice_south_mkm2,sea_ice_north_anom_mkm2,sea_ice_south_anom_mkm2,ao,nao,pna,aao,co2_mlo_ppm,co2_global_ppm,ch4_global_ppb,n2o_global_ppb,sf6_global_ppt,oni_anom,roni_anom
1950-01-01,-0.9119,,,,,,,,-0.0583,0.4635,-1.3338,,,,,,,-1.32,-1.19
1950-02-01,-0.9322,,,,,,,,0.6044,0.4207,-0.3455,,,,,,,-1.2,-1.08
1950-03-01,-0.771,,,,,,,,-0.0079,0.0084,0.2332,,,,,,,-1.12,-0.96
1950-04-01,-0.8371,,,,,,,,0.5353,0.2394,-0.0519,,,,,,,-1.08,-1.0
1950-05-01,-0.7065,,,,,,,,0.0689,-0.2612,-0.3696,,,,,,,-1.1,-0.99
1950-06-01,-0.6389,,,,,,,,0.5193,-0.0751,-0.6835,,,,,,,-0.9,-0.75
1950-07-01,-0.7114,,,,,,,,-0.774,-0.6679,-0.4247,,,,,,,-0.62,-0.38
1950-08-01,-0.8152,,,,,,,,-0.8208,-0.0746,0.2683,,,,,,,-0.57,-0.32
1950-09-01,-0.6689,,,,,,,,0.3451,0.1317,-0.5571,,,,,,,-0.56,-0.29
1950-10-01,-0.6465,,,,,,,,-0.3655,0.3944,0.2398,,,,,,,-0.62,-0.38
1950-11-01,-0.8982,,,,,,,,-0.4969,-0.5516,-0.9392,,,,,,,-0.66,-0.36
1950-12-01,-0.6632,,,,,,,,-1.8596,-0.5822,-0.039,,,,,,,-0.79,-0.5
1951-01-01,-0.9196,,,,,,,,-0.082,0.0465,-0.2577,,,,,,,-0.66,-0.28
1951-02-01,-1.0414,,,,,,,,-0.3858,0.5464,-0.5053,,,,,,,-0.36,0.09
1951-03-01,-0.8423,,,,,,,,-1.8654,-0.4207,-0.3797,,,,,,,-0.04,0.48
1951-04-01,-0.7192,,,,,,,,-0.749,-0.1204,0.2736,,,,,,,0.16,0.63
1951-05-01,-0.4168,,,,,,,,-0.8322,-0.2125,0.5709,,,,,,,0.27,0.59
1951-06-01,-0.4989,,,,,,,,-0.8853,-0.835,-0.4028,,,,,,,0.5,0.69
1951-07-01,-0.666,,,,,,,,0.0867,0.6288,-0.2393,,,,,,,0.71,0.79
1951-08-01,-0.4868,,,,,,,,-0.3641,-0.172,0.1257,,,,,,,0.9,0.97
1951-09-01,-0.4968,,,,,,,,-0.7888,-0.5604,-0.1613,,,,,,,1.02,1.04
1951-10-01,-0.4818,,,,,,,,-0.2054,0.8689,0.2473,,,,,,,1.03,0.98
1951-11-01,-0.5771,,,,,,,,-0.0662,-0.1466,0.1309,,,,,,,0.96,0.94
1951-12-01,-0.4654,,,,,,,,1.9165,0.6909,-0.6107,,,,,,,0.71,0.71
1952-01-01,-0.5112,,,,,,,,0.3551,0.5426,-1.005,,,,,,,0.52,0.65
1952-02-01,-0.5959,,,,,,,,-1.6852,-0.178,0.436,,,,,,,0.27,0.33
1952-03-01,-0.74,,,,,,,,-1.7935,-0.6083,-0.1871,,,,,,,0.33,0.46
1952-04-01,-0.7064,,,,,,,,0.5193,0.3374,0.5077,,,,,,,0.18,0.24
1952-05-01,-0.5691,,,,,,,,-0.7461,-0.5537,-0.1816,,,,,,,-0.07,-0.03
1952-06-01,-0.5428,,,,,,,,-0.4254,-0.1766,0.13,,,,,,,-0.44,-0.45
1952-07-01,-0.5397,,,,,,,,0.3693,-0.0614,-0.6127,,,,,,,-0.45,-0.41
1952-08-01,-0.6855,,,,,,,,-0.0294,-0.206,0.3661,,,,,,,-0.2,-0.14
1952-09-01,-0.6166,,,,,,,,-0.3699,-0.227,0.1434,,,,,,,0.03,0.08
1952-10-01,-0.6918,,,,,,,,-0.4217,-0.3315,0.3719,,,,,,,0.04,0.04
1952-11-01,-0.9086,,,,,,,,-1.8238,-0.4613,0.4731,,,,,,,-0.11,-0.1
1952-12-01,-0.703,,,,,,,,-1.7618,-0.2259,0.4696,,,,,,,0.06,0.1
1953-01-01,-0.6536,,,,,,,,-0.9994,0.0604,0.3091,,,,,,,0.25,0.4
1953-02-01,-0.6031,,,,,,,,-0.2405,-0.0398,0.8232,,,,,,,0.5,0.67
1953-03-01,-0.6494,,,,,,,,1.0302,0.0963,0.0545,,,,,,,0.48,0.68
1953-04-01,-0.5027,,,,,,,,-1.2112,-0.8198,0.644,,,,,,,0.56,0.72
1953-05-01,-0.3945,,,,,,,,-0.5422,-0.1626,0.5759,,,,,,,0.77,0.94
1953-06-01,-0.5231,,,,,,,,0.0216,0.5166,-0.7144,,,,,,,0.74,0.84
1953-07-01,-0.5001,,,,,,,,0.3212,0.1201,0.0244,,,,,,,0.63,0.68
1953-08-01,-0.5284,,,,,,,,0.0818,-0.3763,-0.4162,,,,,,,0.68,0.73
1953-09-01,-0.6361,,,,,,,,0.638,-0.1758,-0.1388,,,,,,,0.59,0.65
1953-10-01,-0.5977,,,,,,,,-0.1876,0.6101,0.9911,,,,,,,0.78,0.84
1953-11-01,-0.6909,,,,,,,,0.3409,0.5556,0.7974,,,,,,,0.52,0.57
1953-12-01,-0.5965,,,,,,,,0.5549,-0.0896,0.6556,,,,,,,0.56,0.66
1954-01-01,-0.8767,,,,,,,,-0.1431,0.1144,-0.6039,,,,,,,0.41,0.63
1954-02-01,-0.791,,,,,,,,-0.1746,0.5401,0.1655,,,,,,,0.35,0.63
1954-03-01,-0.7449,,,,,,,,0.4587,-0.2681,-0.6881,,,,,,,0.01,0.31
1954-04-01,-0.7733,,,,,,,,0.4934,0.5886,-1.2145,,,,,,,-0.27,-0.02
1954-05-01,-0.649,,,,,,,,-1.5973,-0.0205,0.4063,,,,,,,-0.48,-0.24
1954-06-01,-0.7283,,,,,,,,-0.2587,-0.1033,0.0186,,,,,,,-0.48,-0.21
1954-07-01,-0.7302,,,,,,,,0.3287,-0.4241,-0.1547,,,,,,,-0.67,-0.45
1954-08-01,-0.8009,,,,,,,,-0.1182,-1.0013,0.1552,,,,,,,-0.83,-0.62
1954-09-01,-0.8792,,,,,,,,0.2907,-0.2097,-0.0251,,,,,,,-0.73,-0.54
1954-10-01,-0.7715,,,,,,,,0.4942,0.3243,0.154,,,,,,,-0.52,-0.31
1954-11-01,-0.6805,,,,,,,,-0.3168,0.2313,0.693,,,,,,,-0.4,-0.09
1954-12-01,-0.8137,,,,,,,,0.5328,0.6362,-0.1934,,,,,,,-0.44,-0.18
1955-01-01,-0.5822,,,,,,,,-1.1218,-1.012,0.1648,,,,,,,-0.5,-0.12
1955-02-01,-0.9119,,,,,,,,-1.4875,-0.3825,-0.7382,,,,,,,-0.48,-0.14
1955-03-01,-1.0219,,,,,,,,-1.5125,-0.1157,-0.8627,,,,,,,-0.58,-0.13
1955-04-01,-0.8449,,,,,,,,0.1872,-0.2007,-0.095,,,,,,,-0.76,-0.38
1955-05-01,-0.7244,,,,,,,,0.2329,-0.1568,-0.1477,,,,,,,-0.78,-0.36
1955-06-01,-0.7185,,,,,,,,-0.2564,-0.4815,-0.0221,,,,,,,-0.88,-0.52
1955-07-01,-0.7614,,,,,,,,0.32,0.9034,-0.3832,,,,,,,-0.72,-0.4
1955-08-01,-0.5985,,,,,,,,0.733,0.4577,-0.3753,,,,,,,-0.92,-0.7
1955-09-01,-0.6874,,,,,,,,0.344,0.2052,-0.2421,,,,,,,-1.11,-0.9
1955-10-01,-0.7377,,,,,,,,0.0954,-0.7799,0.1537,,,,,,,-1.44,-1.31
1955-11-01,-0.9174,,,,,,,,-1.2946,-0.6719,-0.4976,,,,,,,-1.59,-1.4
1955-12-01,-0.9472,,,,,,,,-0.4283,0.1858,-1.046,,,,,,,-1.51,-1.31
1956-01-01,-0.7578,,,,,,,,-1.1617,-0.0205,-0.8176,,,,,,,-1.17,-0.81
1956-02-01,-0.8864,,,,,,,,-1.9565,-0.3571,-0.2791,,,,,,,-0.81,-0.4
1956-03-01,-0.8401,,,,,,,,0.4535,0.1383,-0.2414,,,,,,,-0.57,-0.12
1956-04-01,-0.88,,,,,,,,-0.8368,-0.3855,0.126,,,,,,,-0.51,-0.09
1956-05-01,-0.8415,,,,,,,,1.3415,1.0881,-0.0545,,,,,,,-0.49,-0.03
1956-06-01,-0.7984,,,,,,,,0.2701,-0.0228,-0.2055,,,,,,,-0.47,-0.01
1956-07-01,-0.7788,,,,,,,,-0.2071,-0.448,-0.8321,,,,,,,-0.55,-0.15
1956-08-01,-0.8823,,,,,,,,-0.6291,-0.6638,-0.1273,,,,,,,-0.52,-0.18
1956-09-01,-0.9257,,,,,,,,-0.1949,0.1082,0.4875,,,,,,,-0.43,-0.12
1956-10-01,-0.9864,,,,,,,,1.0986,0.3344,-1.0058,,,,,,,-0.39,-0.14
1956-11-01,-0.8508,,,,,,,,-0.064,0.4303,0.4704,,,,,,,-0.37,-0.14
1956-12-01,-0.7481,,,,,,,,0.0008,0.3503,-0.1776,,,,,,,-0.39,-0.17
1957-01-01,-0.7889,,,,,,,,1.9886,0.5515,-0.7238,,,,,,,-0.27,0.0
1957-02-01,-0.7919,,,,,,,,-1.4595,0.2199,-0.4743,,,,,,,-0.06,0.22
1957-03-01,-0.801,,,,,,,,-1.9411,-0.4546,0.6167,,,,,,,0.26,0.53
1957-04-01,-0.6604,,,,,,,,0.2291,0.2778,-0.1555,,,,,,,0.63,0.83
1957-05-01,-0.5474,,,,,,,,-0.9318,-0.3145,0.5563,,,,,,,0.72,0.88
1957-06-01,-0.4703,,,,,,,,-0.7331,-0.4707,0.3184,,,,,,,0.82,0.9
1957-07-01,-0.5754,,,,,,,,-0.6233,-0.6512,-0.1794,,,,,,,0.96,1.03
1957-08-01,-0.5261,,,,,,,,0.0933,-0.3293,-0.3958,,,,,,,1.03,1.05
1957-09-01,-0.5379,,,,,,,,-0.922,-0.7307,-0.0615,,,,,,,1.12,1.14
1957-10-01,-0.5213,,,,,,,,0.8709,0.6823,-0.0301,,,,,,,1.15,1.16
1957-11-01,-0.5075,,,,,,,,-1.331,0.3463,0.2455,,,,,,,1.39,1.45
1957-12-01,-0.4602,,,,,,,,0.7985,0.0973,-0.2469,,,,,,,1.62,1.75
1958-01-01,-0.2968,,,,,,,,-1.3871,-0.2241,0.5593,,,,,,,1.69,1.89
1958-02-01,-0.4644,,,,,,,,-2.149,-0.3196,0.4314,,,,,,,1.59,1.79
1958-03-01,-0.5317,,,,,,,,-2.4322,-0.831,0.2908,,315.71,,,,,1.17,1.31
1958-04-01,-0.5396,,,,,,,,-0.3473,0.2609,0.2784,,317.45,,,,,0.84,0.95
1958-05-01,-0.4315,,,,,,,,-0.3245,-0.0874,0.3472,,317.51,,,,,0.57,0.66
1958-06-01,-0.5393,,,,,,,,-1.1086,-0.6638,0.8238,,317.27,,,,,0.49,0.56
1958-07-01,-0.484,,,,,,,,-0.6595,-0.8095,0.6111,,315.87,,,,,0.43,0.45
1958-08-01,-0.5762,,,,,,,,-0.728,-0.7988,1.1519,,314.93,,,,,0.32,0.26
1958-09-01,-0.6597,,,,,,,,-0.0117,0.0321,-0.0377,,313.21,,,,,0.28,0.23
1958-10-01,-0.6235,,,,,,,,0.7426,0.0393,-0.1251,,312.42,,,,,0.3,0.24
1958-11-01,-0.6296,,,,,,,,-0.0104,0.7174,0.0563,,313.33,,,,,0.36,0.36
1958-12-01,-0.6096,,,,,,,,-1.6267,-0.3734,0.3412,,314.67,,,,,0.56,0.64
1959-01-01,-0.5103,,,,,,,,-1.9413,-0.3848,-0.442,,315.58,,,,,0.6,0.77
1959-02-01,-0.5584,,,,,,,,2.4539,0.585,-0.0711,,316.49,,,,,0.64,0.83
1959-03-01,-0.4297,,,,,,,,1.3808,0.1419,0.2819,,316.65,,,,,0.48,0.64
1959-04-01,-0.4679,,,,,,,,0.1149,0.1027,-0.3002,,317.72,,,,,0.39,0.48
1959-05-01,-0.5351,,,,,,,,-0.3287,0.2768,-0.3533,,318.29,,,,,0.24,0.33
1959-06-01,-0.5151,,,,,,,,-0.0323,0.0813,0.6075,,318.15,,,,,0.02,0.09
1959-07-01,-0.5276,,,,,,,,0.1009,0.4181,0.0129,,316.54,,,,,-0.19,-0.11
1959-08-01,-0.5924,,,,,,,,-0.7188,0.0768,0.7616,,314.8,,,,,-0.23,-0.23
1959-09-01,-0.7085,,,,,,,,-0.2709,0.4412,0.8715,,313.84,,,,,-0.04,-0.07
1959-10-01,-0.6379,,,,,,,,-0.2403,0.4084,-0.0474,,313.33,,,,,0.11,0.04
1959-11-01,-0.7327,,,,,,,,-1.3605,0.1804,0.0909,,314.81,,,,,0.23,0.24
1959-12-01,-0.5918,,,,,,,,-0.0406,0.1509,0.3493,,315.58,,,,,0.14,0.22
1960-01-01,-0.5705,,,,,,,,-2.3959,-0.7464,0.2003,,316.43,,,,,0.02,0.2
1960-02-01,-0.4901,,,,,,,,-2.1338,-0.7725,0.1341,,316.98,,,,,0.03,0.19
1960-03-01,-0.9085,,,,,,,,-1.5669,-0.05,-0.1543,,317.58,,,,,0.06,0.21
1960-04-01,-0.7448,,,,,,,,-0.2868,0.5089,0.1773,,319.03,,,,,0.17,0.25
1960-05-01,-0.6234,,,,,,,,-0.827,0.255,0.4667,,320.03,,,,,0.04,0.16
1960-06-01,-0.5674,,,,,,,,0.0529,-0.1278,0.5794,,319.58,,,,,0.0,0.06
1960-07-01,-0.5758,,,,,,,,-0.5971,0.1449,0.9261,,318.18,,,,,0.01,0.12
1960-08-01,-0.5305,,,,,,,,-0.9721,-0.6737,1.0624,,315.9,,,,,0.15,0.2
1960-09-01,-0.6278,,,,,,,,-0.3682,0.1661,0.15,,314.17,,,,,0.19,0.26
1960-10-01,-0.569,,,,,,,,-1.1449,-0.9117,0.0472,,313.83,,,,,0.08,0.08
1960-11-01,-0.7149,,,,,,,,-0.5337,-0.2704,-0.2373,,315.0,,,,,-0.07,-0.07
1960-12-01,-0.4354,,,,,,,,-0.3309,0.0598,0.8155,,316.19,,,,,-0.07,-0.09
1961-01-01,-0.5199,,,,,,,,-1.4525,0.2154,0.7196,,316.89,,,,,0.0,0.03
1961-02-01,-0.4813,,,,,,,,0.599,0.4221,0.4175,,317.7,,,,,0.03,0.08
1961-03-01,-0.5605,,,,,,,,0.3292,0.4789,0.3823,,318.54,,,,,0.01,0.03
1961-04-01,-0.5178,,,,,,,,-0.2291,-0.7549,-0.4757,,319.48,,,,,0.05,0.06
1961-05-01,-0.4333,,,,,,,,0.1518,-0.0995,0.075,,320.58,,,,,0.22,0.24
1961-06-01,-0.4616,,,,,,,,0.8071,0.4526,0.6657,,319.77,,,,,0.22,0.3
1961-07-01,-0.4908,,,,,,,,-0.1042,-0.2167,-0.1779,,318.56,,,,,0.08,0.2
1961-08-01,-0.5476,,,,,,,,0.0121,0.4627,0.4339,,316.79,,,,,-0.2,-0.07
1961-09-01,-0.5202,,,,,,,,0.7858,0.5508,0.8905,,314.99,,,,,-0.32,-0.23
1961-10-01,-0.5791,,,,,,,,0.1958,0.1691,-0.8107,,315.31,,,,,-0.22,-0.16
1961-11-01,-0.6079,,,,,,,,-0.0102,-0.284,-0.1993,,316.1,,,,,-0.11,-0.06
1961-12-01,-0.7213,,,,,,,,-1.609,-0.9004,-0.6362,,317.01,,,,,-0.05,0.02
1962-01-01,-0.5932,,,,,,,,1.5859,0.2867,-0.128,,317.94,,,,,-0.16,-0.01
1962-02-01,-0.5218,,,,,,,,-0.3455,0.5148,0.1487,,318.55,,,,,-0.17,-0.01
1962-03-01,-0.5555,,,,,,,,-2.7468,-1.1275,-0.225,,319.68,,,,,-0.15,0.0
1962-04-01,-0.591,,,,,,,,1.1275,0.4159,-0.6605,,320.57,,,,,-0.2,-0.16
1962-05-01,-0.6332,,,,,,,,0.0655,-0.0666,-0.7539,,321.02,,,,,-0.19,-0.17
1962-06-01,-0.6533,,,,,,,,0.2768,0.0693,-0.5445,,320.62,,,,,-0.13,-0.14
1962-07-01,-0.5401,,,,,,,,-0.8937,-1.1846,-0.1507,,319.61,,,,,0.0,0.01
1962-08-01,-0.5997,,,,,,,,0.1466,-0.0185,0.4562,,317.4,,,,,-0.1,-0.1
1962-09-01,-0.6504,,,,,,,,-0.0541,-0.2007,-0.3213,,316.24,,,,,-0.16,-0.15
1962-10-01,-0.6074,,,,,,,,-0.0154,0.2503,0.4936,,315.42,,,,,-0.25,-0.3
1962-11-01,-0.6004,,,,,,,,-1.0728,-0.0097,0.2807,,316.69,,,,,-0.25,-0.29
1962-12-01,-0.6219,,,,,,,,-0.6862,-0.559,0.0203,,317.7,,,,,-0.32,-0.37
1963-01-01,-0.6523,,,,,,,,-3.1935,-1.0881,0.1736,,318.74,,,,,-0.33,-0.29
1963-02-01,-0.5299,,,,,,,,-1.6596,-0.3512,0.5884,,319.07,,,,,-0.17,-0.12
1963-03-01,-0.845,,,,,,,,0.6984,-0.0118,-0.8377,,319.86,,,,,0.01,0.04
1963-04-01,-0.7346,,,,,,,,-0.3354,-0.6601,-0.3929,,321.38,,,,,0.13,0.06
1963-05-01,-0.6254,,,,,,,,0.7435,1.0414,-0.4453,,322.24,,,,,0.12,0.01
1963-06-01,-0.5179,,,,,,,,-0.5643,-0.1683,0.0307,,321.49,,,,,0.45,0.37
1963-07-01,-0.4263,,,,,,,,-0.2928,-0.3208,-0.4208,,319.74,,,,,0.76,0.73
1963-08-01,-0.3515,,,,,,,,-0.6026,-0.2809,-0.3951,,317.77,,,,,1.09,1.08
1963-09-01,-0.4514,,,,,,,,0.0801,0.8017,0.669,,316.21,,,,,1.09,1.07
1963-10-01,-0.5041,,,,,,,,1.031,0.485,0.0475,,315.99,,,,,1.13,1.06
1963-11-01,-0.5071,,,,,,,,-0.4046,-0.6429,-0.1934,,317.07,,,,,1.19,1.11
1963-12-01,-0.5784,,,,,,,,-1.1363,-1.0325,0.9015,,318.35,,,,,1.13,1.07
1964-01-01,-0.6389,,,,,,,,0.3708,-0.5904,0.0772,,319.57,,,,,0.95,1.0
1964-02-01,-0.6825,,,,,,,,-0.5546,-0.486,0.8466,,320.04,,,,,0.52,0.6
1964-03-01,-0.8408,,,,,,,,-0.5384,-0.4179,-0.4278,,320.75,,,,,0.06,0.1
1964-04-01,-0.8718,,,,,,,,0.6397,0.1481,-0.7031,,321.84,,,,,-0.35,-0.37
1964-05-01,-0.7125,,,,,,,,1.1551,0.229,-1.1781,,322.25,,,,,-0.6,-0.66
1964-06-01,-0.6419,,,,,,,,-0.147,0.6167,0.2782,,321.89,,,,,-0.66,-0.66
1964-07-01,-0.502,,,,,,,,0.73,0.9481,0.1402,,320.44,,,,,-0.67,-0.59
1964-08-01,-0.6933,,,,,,,,-1.1637,-0.8329,0.5449,,318.69,,,,,-0.7,-0.55
1964-09-01,-0.9005,,,,,,,,-0.2192,0.095,0.7821,,316.71,,,,,-0.72,-0.53
1964-10-01,-1.0015,,,,,,,,0.3295,0.3181,0.3595,,316.87,,,,,-0.8,-0.64
1964-11-01,-0.8753,,,,,,,,-0.3322,0.0635,-0.3723,,317.68,,,,,-0.79,-0.58
1964-12-01,-0.9155,,,,,,,,-0.2374,0.0143,-0.9329,,318.71,,,,,-0.75,-0.48
1965-01-01,-0.7403,,,,,,,,-1.0087,0.01,-0.221,,319.44,,,,,-0.51,-0.16
1965-02-01,-0.8376,,,,,,,,-2.0101,-0.6025,-0.0044,,320.44,,,,,-0.25,0.1
1965-03-01,-0.7793,,,,,,,,-0.8729,-0.5994,-0.2186,,320.89,,,,,-0.04,0.22
1965-04-01,-0.8035,,,,,,,,0.5478,0.4692,-0.5439,,322.14,,,,,0.16,0.36
1965-05-01,-0.6354,,,,,,,,-0.1472,-0.3092,-0.1661,,322.17,,,,,0.47,0.64
1965-06-01,-0.6721,,,,,,,,0.0364,0.1427,0.7496,,321.87,,,,,0.79,1.01
1965-07-01,-0.6317,,,,,,,,-0.4918,0.0795,-0.3606,,321.21,,,,,1.1,1.33
1965-08-01,-0.671,,,,,,,,-0.2459,0.2273,0.2848,,318.87,,,,,1.27,1.49
1965-09-01,-0.7265,,,,,,,,-0.6731,0.2323,0.3281,,317.82,,,,,1.55,1.76
1965-10-01,-0.68,,,,,,,,0.3796,0.242,0.5837,,317.3,,,,,1.7,1.86
1965-11-01,-0.6868,,,,,,,,-1.2936,-0.6605,-0.4836,,318.87,,,,,1.82,1.99
1965-12-01,-0.66,,,,,,,,0.1571,0.5728,-0.6042,,319.42,,,,,1.6,1.81
1966-01-01,-0.7411,,,,,,,,-3.1172,-0.9108,0.1513,,320.62,,,,,1.24,1.53
1966-02-01,-0.6656,,,,,,,,-1.387,-0.567,-0.5966,,321.6,,,,,0.95,1.29
1966-03-01,-0.6245,,,,,,,,-0.8784,0.428,0.4097,,322.39,,,,,0.76,1.04
1966-04-01,-0.6968,,,,,,,,-1.7721,-0.2714,-0.2274,,323.7,,,,,0.43,0.59
1966-05-01,-0.6261,,,,,,,,1.0843,0.1381,-0.1678,,324.08,,,,,0.24,0.31
1966-06-01,-0.5099,,,,,,,,0.3934,0.4137,0.2132,,323.75,,,,,0.18,0.22
1966-07-01,-0.4073,,,,,,,,0.0105,0.2069,-0.1969,,322.37,,,,,0.25,0.32
1966-08-01,-0.5782,,,,,,,,-0.9118,-0.8534,0.7135,,320.36,,,,,0.13,0.19
1966-09-01,-0.6051,,,,,,,,0.0106,-0.1857,0.471,,318.64,,,,,-0.09,0.0
1966-10-01,-0.7805,,,,,,,,-1.0384,-0.4782,-0.3566,,318.1,,,,,-0.12,-0.03
1966-11-01,-0.6931,,,,,,,,0.1065,0.1509,-1.0322,,319.78,,,,,-0.23,-0.12
1966-12-01,-0.6578,,,,,,,,-1.3517,0.5243,0.0759,,321.02,,,,,-0.35,-0.22
1967-01-01,-0.7362,,,,,,,,-0.5555,-0.562,-0.2289,,322.33,,,,,-0.46,-0.26
1967-02-01,-0.9012,,,,,,,,1.138,0.2766,0.1374,,322.5,,,,,-0.48,-0.24
1967-03-01,-0.6359,,,,,,,,1.8967,0.901,-0.9043,,323.03,,,,,-0.5,-0.35
1967-04-01,-0.6561,,,,,,,,1.6391,0.07,-0.8572,,324.41,,,,,-0.37,-0.31
1967-05-01,-0.4246,,,,,,,,0.1219,-0.5207,-0.7533,,325.0,,,,,-0.15,-0.09
1967-06-01,-0.5926,,,,,,,,0.6235,0.6832,0.0094,,324.09,,,,,0.05,0.21
1967-07-01,-0.5265,,,,,,,,0.2499,0.1857,-0.7619,,322.54,,,,,-0.02,0.25
1967-08-01,-0.5697,,,,,,,,-0.2827,0.6445,-0.1154,,320.92,,,,,-0.26,-0.01
1967-09-01,-0.586,,,,,,,,0.1281,0.4832,0.3581,,319.25,,,,,-0.4,-0.11
1967-10-01,-0.5194,,,,,,,,1.2523,0.0446,0.2969,,319.39,,,,,-0.4,-0.08
1967-11-01,-0.6655,,,,,,,,0.3216,0.4088,-0.1867,,320.73,,,,,-0.36,0.01
1967-12-01,-0.6155,,,,,,,,-0.3347,-0.1342,-0.3662,,321.96,,,,,-0.42,-0.03
1968-01-01,-0.8432,,,,,,,,-0.3943,0.0257,-0.5505,,322.57,,,,,-0.62,-0.23
1968-02-01,-0.7883,,,,,,,,-2.0772,-0.3765,0.7929,,323.15,,,,,-0.73,-0.36
1968-03-01,-0.5295,,,,,,,,1.6788,0.3569,0.2884,,323.89,,,,,-0.63,-0.32
1968-04-01,-0.6876,,,,,,,,0.3159,-0.5033,-0.3851,,325.02,,,,,-0.48,-0.26
1968-05-01,-0.6498,,,,,,,,-0.2322,-0.6996,-0.0943,,325.57,,,,,-0.1,0.07
1968-06-01,-0.684,,,,,,,,0.4046,0.0731,0.2617,,325.36,,,,,0.17,0.32
1968-07-01,-0.5923,,,,,,,,-0.8065,-0.4166,0.5459,,324.14,,,,,0.44,0.56
1968-08-01,-0.6515,,,,,,,,-0.6469,-0.3302,0.7385,,322.11,,,,,0.38,0.46
1968-09-01,-0.7466,,,,,,,,-0.9732,-0.9318,-0.4462,,320.33,,,,,0.34,0.39
1968-10-01,-0.5625,,,,,,,,-0.9773,-1.0427,-0.1296,,320.25,,,,,0.5,0.56
1968-11-01,-0.7105,,,,,,,,-2.1051,-0.5725,0.4882,,321.32,,,,,0.66,0.74
1968-12-01,-0.74,,,,,,,,-0.7554,-0.5947,-0.6717,,322.89,,,,,0.93,1.02
1969-01-01,-0.7038,,,,,,,,-2.862,-0.5131,-1.0803,,324.0,,,,,0.98,1.07
1969-02-01,-0.7639,,,,,,,,-3.0029,-0.5905,-0.4427,,324.41,,,,,0.98,1.0
1969-03-01,-0.6206,,,,,,,,-1.526,-0.5384,0.3233,,325.63,,,,,0.77,0.67
1969-04-01,-0.4616,,,,,,,,0.4228,0.56,0.3946,,326.66,,,,,0.69,0.44
1969-05-01,-0.3712,,,,,,,,-0.6948,0.2327,0.5521,,327.38,,,,,0.62,0.37
1969-06-01,-0.4762,,,,,,,,-0.3355,0.2517,0.8444,,326.71,,,,,0.48,0.3
1969-07-01,-0.525,,,,,,,,0.3948,0.3565,0.0776,,325.88,,,,,0.37,0.28
1969-08-01,-0.657,,,,,,,,-0.7541,-0.7003,-0.1978,,323.66,,,,,0.41,0.34
1969-09-01,-0.5822,,,,,,,,-0.0805,0.8962,0.6836,,322.38,,,,,0.61,0.57
1969-10-01,-0.6098,,,,,,,,0.094,0.4633,0.2111,,321.78,,,,,0.71,0.67
1969-11-01,-0.4778,,,,,,,,0.3141,-0.3699,0.0171,,322.85,,,,,0.81,0.81
1969-12-01,-0.3525,,,,,,,,-1.7897,-0.0503,0.9632,,324.11,,,,,0.71,0.68
1970-01-01,-0.5009,,,,,,,,-2.3267,-0.7475,0.2476,,325.06,,,,,0.46,0.46
1970-02-01,-0.4699,,,,,,,,-1.2783,0.5402,0.6896,,325.99,,,,,0.23,0.21
1970-03-01,-0.5921,,,,,,,,-2.0101,-0.3109,0.4659,,326.93,,,,,0.23,0.24
1970-04-01,-0.4813,,,,,,,,0.2912,-0.6286,-0.2956,,328.13,,,,,0.28,0.24
1970-05-01,-0.5514,,,,,,,,0.5116,0.5834,-0.2271,,328.08,,,,,0.11,0.12
1970-06-01,-0.5015,,,,,,,,0.8442,0.7837,0.364,,327.67,,,,,-0.26,-0.23
1970-07-01,-0.515,,,,,,,,0.1336,0.0477,0.5953,,326.34,,,,,-0.55,-0.47
1970-08-01,-0.6825,,,,,,,,-0.2533,0.0668,-0.2751,,324.68,,,,,-0.72,-0.64
1970-09-01,-0.6172,,,,,,,,0.0285,-0.0448,-0.3106,,323.1,,,,,-0.69,-0.55
1970-10-01,-0.6403,,,,,,,,0.0946,-0.3563,-0.6702,,323.06,,,,,-0.72,-0.57
1970-11-01,-0.6529,,,,,,,,0.3648,-0.3617,-0.5897,,324.01,,,,,-0.78,-0.55
1970-12-01,-0.6991,,,,,,,,-0.3851,-0.5478,-0.4539,,325.13,,,,,-1.1,-0.85
1971-01-01,-0.6649,,,,,,,,-0.157,-0.648,-0.8402,,326.17,,,,,-1.29,-0.95
1971-02-01,-0.8429,,,,,,,,-0.8892,0.396,0.3843,,326.69,,,,,-1.36,-1.0
1971-03-01,-0.8085,,,,,,,,-1.052,-0.173,0.0169,,327.18,,,,,-1.08,-0.78
1971-04-01,-0.7095,,,,,,,,-0.5628,-0.194,0.281,,327.78,,,,,-0.81,-0.57
1971-05-01,-0.6967,,,,,,,,0.655,0.2156,0.4912,,328.93,,,,,-0.72,-0.48
1971-06-01,-0.7212,,,,,,,,-0.6446,-0.8415,0.15,,328.57,,,,,-0.69,-0.37
1971-07-01,-0.7021,,,,,,,,-0.558,0.1197,-0.7316,,327.36,,,,,-0.68,-0.3
1971-08-01,-0.7031,,,,,,,,0.7884,0.7618,-0.3711,,325.43,,,,,-0.6,-0.25
1971-09-01,-0.6839,,,,,,,,0.1479,0.1543,0.3104,,323.36,,,,,-0.68,-0.3
1971-10-01,-0.7918,,,,,,,,1.1424,0.2279,-0.5398,,323.56,,,,,-0.78,-0.4
1971-11-01,-0.7505,,,,,,,,0.4038,0.0261,-0.1866,,324.8,,,,,-0.86,-0.41
1971-12-01,-0.6871,,,,,,,,0.7945,0.4798,-0.7634,,326.01,,,,,-0.78,-0.38
1972-01-01,-0.8721,,,,,,,,0.1605,0.0196,-0.8005,,326.77,,,,,-0.57,-0.21
1972-02-01,-0.9132,,,,,,,,-0.1886,0.3295,-0.6419,,327.63,,,,,-0.27,0.03
1972-03-01,-0.7138,,,,,,,,-0.1358,0.519,0.243,,327.75,,,,,0.04,0.32
1972-04-01,-0.6145,,,,,,,,0.9715,-0.1557,-0.8828,,329.72,,,,,0.25,0.51
1972-05-01,-0.5765,,,,,,,,0.1351,0.3946,0.061,,330.07,,,,,0.48,0.66
1972-06-01,-0.4112,,,,,,,,-0.0474,0.5848,-0.0779,,329.09,,,,,0.7,0.87
1972-07-01,-0.4154,,,,,,,,-0.5334,-0.0042,-0.3476,,328.04,,,,,1.0,1.14
1972-08-01,-0.4553,,,,,,,,-0.0792,0.5681,-0.0178,,326.32,,,,,1.26,1.4
1972-09-01,-0.5531,,,,,,,,-0.8869,0.014,0.1259,,324.84,,,,,1.49,1.64
1972-10-01,-0.5486,,,,,,,,0.3777,0.5423,-0.595,,325.2,,,,,1.69,1.82
1972-11-01,-0.6343,,,,,,,,-0.3669,0.3075,0.2521,,326.5,,,,,1.84,1.97
1972-12-01,-0.4395,,,,,,,,1.1934,0.0156,-0.3382,,327.55,,,,,1.77,1.88
1973-01-01,-0.357,,,,,,,,1.1879,-0.0449,-0.0511,,328.55,,,,,1.55,1.69
1973-02-01,-0.3254,,,,,,,,0.7582,0.6759,0.2398,,329.57,,,,,1.13,1.25
1973-03-01,-0.4416,,,,,,,,0.518,0.3633,0.5134,,330.3,,,,,0.56,0.58
1973-04-01,-0.4165,,,,,,,,-1.0858,-0.2308,0.1423,,331.5,,,,,-0.03,-0.17
1973-05-01,-0.3734,,,,,,,,0.0707,-0.2025,0.5129,,332.48,,,,,-0.51,-0.73
1973-06-01,-0.4543,,,,,,,,0.5122,0.1069,0.5685,,332.07,,,,,-0.8,-0.98
1973-07-01,-0.4501,,,,,,,,0.2608,0.2128,-0.2419,,330.87,,,,,-0.99,-1.1
1973-08-01,-0.6226,,,,,,,,0.3013,-0.0957,-0.3224,,329.31,,,,,-1.11,-1.19
1973-09-01,-0.5969,,,,,,,,0.11,-0.0854,-0.1275,,327.52,,,,,-1.26,-1.3
1973-10-01,-0.6429,,,,,,,,0.325,-0.5625,-0.44,,327.19,,,,,-1.58,-1.63
1973-11-01,-0.6102,,,,,,,,0.0021,-0.4132,-0.9149,,328.17,,,,,-1.89,-1.86
1973-12-01,-0.6067,,,,,,,,-0.1751,0.1498,0.2352,,328.65,,,,,-2.04,-1.91
1974-01-01,-0.7429,,,,,,,,0.2238,0.6512,-0.5128,,329.36,,,,,-1.87,-1.6
1974-02-01,-0.948,,,,,,,,-0.472,0.1232,-0.2691,,330.71,,,,,-1.59,-1.28
1974-03-01,-0.7913,,,,,,,,-0.7198,0.231,-0.3747,,331.49,,,,,-1.24,-0.97
1974-04-01,-0.7597,,,,,,,,0.2977,0.3244,-0.1123,,332.65,,,,,-0.99,-0.84
1974-05-01,-0.7394,,,,,,,,-0.4891,-0.1533,-0.3669,,333.19,,,,,-0.71,-0.57
1974-06-01,-0.7183,,,,,,,,-0.0459,-0.0473,-0.7641,,332.2,,,,,-0.64,-0.5
1974-07-01,-0.6985,,,,,,,,0.376,-0.3825,-0.2152,,331.07,,,,,-0.46,-0.27
1974-08-01,-0.6197,,,,,,,,-0.5145,-0.3745,0.434,,329.15,,,,,-0.4,-0.21
1974-09-01,-0.7981,,,,,,,,-0.1311,0.5245,0.2644,,327.33,,,,,-0.47,-0.24
1974-10-01,-0.8318,,,,,,,,-0.9876,0.0281,0.27,,327.28,,,,,-0.69,-0.45
1974-11-01,-0.7972,,,,,,,,-0.4194,-0.1666,0.2762,,328.31,,,,,-0.88,-0.59
1974-12-01,-0.7638,,,,,,,,0.5366,0.8859,0.3698,,329.58,,,,,-0.71,-0.35
1975-01-01,-0.6435,,,,,,,,1.5377,0.3514,-0.2622,,330.73,,,,,-0.56,-0.12
1975-02-01,-0.6553,,,,,,,,0.1874,-0.0722,0.2266,,331.46,,,,,-0.55,-0.13
1975-03-01,-0.6077,,,,,,,,0.1457,-0.1708,-0.2055,,331.94,,,,,-0.61,-0.29
1975-04-01,-0.6416,,,,,,,,0.3941,-0.6436,-0.4143,,333.11,,,,,-0.66,-0.42
1975-05-01,-0.6351,,,,,,,,-0.5926,-0.2394,0.2325,,333.95,,,,,-0.8,-0.61
1975-06-01,-0.6937,,,,,,,,-0.3118,-0.4298,-0.2575,,333.42,,,,,-0.92,-0.73
1975-07-01,-0.7275,,,,,,,,0.3329,0.7367,-0.5946,,331.97,,,,,-1.08,-0.87
1975-08-01,-0.8369,,,,,,,,0.1253,-0.1438,-0.5033,,329.95,,,,,-1.12,-0.88
1975-09-01,-0.8438,,,,,,,,1.2327,0.6735,-0.102,,328.49,,,,,-1.29,-0.98
1975-10-01,-0.9277,,,,,,,,0.1327,-0.2615,-0.3014,,328.36,,,,,-1.32,-0.95
1975-11-01,-0.8726,,,,,,,,0.5966,0.2554,-0.2658,,329.38,,,,,-1.47,-1.02
1975-12-01,-0.8242,,,,,,,,1.2438,0.0928,-0.0273,,330.77,,,,,-1.58,-1.11
1976-01-01,-0.7331,,,,,,,,0.033,-0.0196,0.1143,,331.56,,,,,-1.49,-1.0
1976-02-01,-0.902,,,,,,,,1.5973,0.6613,-0.5494,,332.74,,,,,-1.11,-0.65
1976-03-01,-1.0103,,,,,,,,0.5661,0.6092,-0.5995,,333.36,,,,,-0.65,-0.26
1976-04-01,-0.8222,,,,,,,,0.4239,0.03,0.5292,,334.74,,,,,-0.45,-0.14
1976-05-01,-0.8812,,,,,,,,0.0574,0.4776,0.1561,,334.72,,,,,-0.23,0.01
1976-06-01,-0.7422,,,,,,,,0.3162,0.3684,-0.7882,,333.97,,,,,0.0,0.27
1976-07-01,-0.6554,,,,,,,,-0.3138,-0.0988,0.2786,,333.08,,,,,0.23,0.52
1976-08-01,-0.7521,,,,,,,,0.5386,0.9295,-0.2602,,330.68,,,,,0.4,0.72
1976-09-01,-0.7013,,,,,,,,-0.7162,-0.6085,0.2754,,328.96,,,,,0.6,0.89
1976-10-01,-1.0597,,,,,,,,-0.7756,0.0331,0.2838,,328.72,,,,,0.79,1.04
1976-11-01,-0.8169,,,,,,,,-0.0844,0.1182,0.8532,,330.16,,,,,0.81,1.05
1976-12-01,-0.6675,,,,,,,,-2.0006,-1.0253,0.3311,,331.62,,,,,0.84,1.08
1977-01-01,-0.5391,,,,,,,,-3.6332,-0.446,0.8769,,332.68,,,,,0.71,0.96
1977-02-01,-0.5816,,,,,,,,-1.9391,-0.0772,1.2161,,333.17,,,,,0.66,0.89
1977-03-01,-0.5742,,,,,,,,0.3321,-0.3822,-0.1999,,334.96,,,,,0.33,0.46
1977-04-01,-0.5094,,,,,,,,1.2812,0.252,0.0434,,336.14,,,,,0.26,0.32
1977-05-01,-0.4199,,,,,,,,0.1005,-0.3919,-0.2075,,336.93,,,,,0.26,0.25
1977-06-01,-0.3871,,,,,,,,-0.2182,-0.2599,0.3331,,336.17,,,,,0.46,0.51
1977-07-01,-0.4385,,,,,,,,-0.4743,-0.2105,-0.4354,,334.89,,,,,0.39,0.48
1977-08-01,-0.4655,,,,,,,,-1.362,-0.0936,1.1161,,332.56,,,,,0.35,0.48
1977-09-01,-0.6495,,,,,,,,0.5655,0.1709,-0.6108,,331.29,,,,,0.45,0.62
1977-10-01,-0.7163,,,,,,,,-0.009,0.2491,0.1813,,331.28,,,,,0.68,0.89
1977-11-01,-0.4805,,,,,,,,0.5837,-0.0793,-0.0782,,332.46,,,,,0.84,1.1
1977-12-01,-0.5426,,,,,,,,-0.2312,-0.6335,-0.2652,,333.6,,,,,0.82,1.05
1978-01-01,-0.557,,,,,,,,-0.3347,0.4228,0.323,,334.94,,,,,0.71,0.96
1978-02-01,-0.5789,,,,,,,,-2.9065,-0.8951,0.8068,,335.26,,,,,0.52,0.71
1978-03-01,-0.57,,,,,,,,0.484,0.5835,0.0995,,336.66,,,,,0.17,0.26
1978-04-01,-0.552,,,,,,,,-0.9328,-0.4616,0.1529,,337.69,,,,,-0.06,-0.07
1978-05-01,-0.4967,,,,,,,,0.0569,0.5313,-0.4078,,338.02,,,,,-0.28,-0.33
1978-06-01,-0.6245,,,,,,,,0.612,0.7381,-0.4767,,338.01,,,,,-0.24,-0.25
1978-07-01,-0.4867,,,,,,,,-0.5826,-0.5988,-1.224,,336.5,,,,,-0.37,-0.32
1978-08-01,-0.7207,,,,,,,,-0.3412,0.3084,-0.0467,,334.42,,,,,-0.37,-0.27
1978-09-01,-0.6887,,,,,,,,-0.0956,0.1499,0.8057,,332.36,,,,,-0.44,-0.27
1978-10-01,-0.6954,,,,,,,,0.8627,0.9299,0.3165,,332.45,,,,,-0.27,-0.08
1978-11-01,-0.5243,,,,11.6451,15.8964,1.5367,-0.0328,2.3816,1.4735,-0.2682,,333.76,,,,,-0.07,0.15
1978-12-01,-0.5157,,,,13.6671,10.3953,1.2673,-0.0062,-0.9454,-1.1388,-0.3393,,334.91,,,,,0.11,0.27
1979-01-01,-0.4233,,,,15.414,5.4022,1.4319,0.3706,-2.1535,-0.6918,-0.3529,0.1988,336.14,336.56,,,,0.19,0.35
1979-02-01,-0.6832,,,,16.1753,3.1411,1.321,0.0434,-0.672,-0.2036,-0.7559,0.341,336.69,337.29,,,,0.21,0.3
1979-03-01,-0.4835,,,,16.3419,3.9993,1.3155,-0.0865,-0.7853,0.4739,0.2079,0.8645,338.27,337.88,,,,0.29,0.3
1979-04-01,-0.5088,,,,15.4468,7.4855,1.1514,0.4814,-1.1157,-0.7264,0.1586,0.6508,338.82,338.32,,,,0.32,0.23
1979-05-01,-0.4517,,,,13.8569,10.8267,0.9266,0.5389,-0.2413,-0.3409,0.5174,0.6953,339.24,338.26,,,,0.29,0.13
1979-06-01,-0.4308,,,,12.53,14.187,1.2022,0.7745,0.8999,0.8154,-0.7557,1.6366,339.26,337.38,,,,0.14,0.03
1979-07-01,-0.4961,,,,10.3112,16.5169,1.5614,0.4523,0.037,0.3842,0.4396,2.3232,337.54,335.56,,,,0.09,0.04
1979-08-01,-0.4081,,,,8.0411,17.6983,1.6172,-0.1416,-0.6599,0.3678,0.3341,0.5235,335.72,334.36,,,,0.22,0.26
1979-09-01,-0.3803,,,,7.0511,18.1955,1.4729,-0.4112,-0.0444,0.4739,0.8233,0.6044,333.97,335.02,,,,0.34,0.41
1979-10-01,-0.3644,,,,8.7479,17.8205,1.2523,-0.4002,-1.1992,-0.1652,0.8938,0.1516,334.24,336.36,,,,0.47,0.52
1979-11-01,-0.3816,,,,10.9431,15.3371,0.764,-0.4653,0.4581,0.298,0.1641,-0.4099,335.32,337.36,,,,0.5,0.52
1979-12-01,-0.1332,,,,13.3363,9.2358,0.9275,-1.1673,1.2487,0.4147,-0.2682,-0.9191,336.81,337.89,,,,0.64,0.64
1980-01-01,-0.3007,,,,14.8619,4.562,0.8804,-0.4883,-1.9923,-0.3549,-0.2556,-0.4335,337.9,338.58,,,,0.62,0.65
1980-02-01,-0.2533,,,,15.9551,2.8184,1.0819,-0.2606,-0.9006,0.2308,1.1438,-0.947,338.34,339.26,,,,0.47,0.45
1980-03-01,-0.2739,,,,16.0413,3.2949,1.0149,-0.791,-1.3824,-0.074,0.0223,-1.3759,340.07,339.6,,,,0.35,0.25
1980-04-01,-0.1846,,,,15.4291,5.405,1.1337,-1.5991,-0.4043,0.6133,1.0044,-1.9966,340.93,340.0,,,,0.34,0.14
1980-05-01,-0.0963,,,,13.7926,8.8567,0.8623,-1.4311,-1.1138,-0.6985,0.0729,-0.464,341.45,340.44,,,,0.45,0.27
1980-06-01,-0.2527,,,,12.2046,12.4903,0.8768,-0.9222,0.6957,-0.1084,-0.4985,0.273,341.36,339.99,,,,0.4,0.28
1980-07-01,-0.2078,,,,10.1001,15.5644,1.3502,-0.5002,-0.6002,-0.1608,-0.4864,-1.8767,339.45,338.44,,,,0.18,0.14
1980-08-01,-0.2831,,,,7.9843,17.8056,1.5604,-0.0342,-0.1787,-1.0713,-0.9921,-0.9636,337.67,337.22,,,,-0.06,-0.1
1980-09-01,-0.3718,,,,7.6671,18.8173,2.0888,0.2105,0.3014,0.3244,-0.1553,-1.6424,336.25,337.05,,,,-0.17,-0.18
1980-10-01,-0.4556,,,,9.1828,18.5679,1.6871,0.3471,-0.5028,-0.6901,1.1609,0.5542,336.14,337.82,,,,-0.07,-0.06
1980-11-01,-0.4266,,,,11.3829,16.1331,1.2038,0.3308,-1.3127,-0.1904,0.7152,-1.9433,337.3,338.93,,,,0.08,0.14
1980-12-01,-0.4735,,,,13.5929,10.1559,1.1842,-0.2472,-0.0554,0.3914,-0.0401,-0.346,338.29,339.63,,,,-0.05,0.09
1981-01-01,-0.1753,,,,14.9097,4.4119,0.9282,-0.6384,-0.1123,0.2004,1.2046,0.2198,339.29,340.18,,,,-0.27,-0.03
1981-02-01,-0.2451,,,,15.6041,2.8735,0.7308,-0.2054,-0.3199,0.6472,0.3759,0.0354,340.55,340.75,,,,-0.42,-0.18
1981-03-01,-0.1607,,,,15.6315,3.3915,0.6032,-0.6871,-1.5863,-0.4157,0.776,-0.9334,341.63,341.38,,,,-0.41,-0.28
1981-04-01,-0.2136,,,,15.0099,5.8385,0.6742,-1.0595,0.415,0.1221,-0.3764,-1.4122,342.6,341.68,,,,-0.27,-0.24
1981-05-01,-0.2349,,,,13.8016,9.3546,0.873,-0.9315,0.1731,0.1987,0.9944,-0.3341,343.04,341.43,,,,-0.28,-0.3
1981-06-01,-0.2482,,,,12.4297,13.1085,1.165,-0.4012,-0.4224,-0.2385,-0.1351,0.3366,342.54,340.63,,,,-0.27,-0.26
1981-07-01,-0.24,,,,10.271,16.0387,1.5194,-0.031,0.5405,0.0021,-0.7355,-0.953,340.82,339.22,,,,-0.28,-0.23
1981-08-01,-0.2349,,,,7.8443,17.7365,1.4138,-0.1004,-0.2355,0.2389,-0.7384,-2.0449,338.48,338.08,,,,-0.23,-0.16
1981-09-01,-0.3401,-0.2826,-0.3498,-0.3873,7.1385,18.5965,1.5496,-0.0217,-1.0032,-0.6964,0.0975,-1.4578,336.95,337.97,,,,-0.08,-0.02
1981-10-01,-0.4187,-0.2662,-0.2325,-0.3602,8.8563,18.2937,1.3655,0.0646,-1.1261,-0.6523,-0.6672,-0.2535,337.05,339.07,,,,-0.16,-0.17
1981-11-01,-0.4223,-0.3217,-0.6803,-0.2559,10.929,16.1113,0.8205,0.1821,-0.1811,-0.0907,0.6359,0.6007,338.58,340.17,,,,-0.19,-0.21
1981-12-01,-0.2359,-0.23,-0.3928,-0.2516,13.3411,10.8948,0.9414,0.4934,-1.1726,-0.1563,-0.0331,1.0739,339.91,340.74,,,,-0.14,-0.08
1982-01-01,-0.5784,-0.2226,0.0916,-0.0235,15.1767,5.2601,1.1946,0.2285,-0.8521,-0.4702,-0.512,-0.5371,340.93,341.36,,,,-0.05,0.11
1982-02-01,-0.4837,-0.3393,-0.2109,0.5639,15.9735,3.1285,1.1192,0.0308,0.9392,0.733,-0.2129,0.2648,341.76,341.95,,,,0.02,0.22
1982-03-01,-0.6343,-0.3324,-0.146,0.4332,16.0439,4.2878,1.0174,0.202,1.0358,0.7002,-0.6314,1.5436,342.78,342.23,,,,0.07,0.23
1982-04-01,-0.5382,-0.3145,0.0115,0.505,15.466,7.7229,1.1706,0.7188,1.402,0.1575,-0.8889,1.4741,343.96,342.52,,,,0.34,0.46
1982-05-01,-0.377,-0.2606,0.4835,0.6827,13.9732,10.7583,1.0429,0.4706,-0.2014,-0.1522,-0.3054,0.1112,344.77,342.37,,,,0.65,0.74
1982-06-01,-0.419,-0.326,0.6534,0.6612,12.4761,13.4167,1.1482,0.0043,-1.1382,-0.857,0.9748,0.8847,343.88,341.49,,,,0.73,0.84
1982-07-01,-0.3365,-0.3844,0.2732,0.6117,10.3671,15.8722,1.6172,-0.1924,0.0045,0.4513,0.367,-0.4023,342.42,339.75,,,,0.78,0.89
1982-08-01,-0.4525,-0.3987,0.8973,0.4587,8.1395,17.7892,1.7157,-0.0506,0.3492,0.0791,0.2334,0.7489,340.24,338.11,,,,0.99,1.14
1982-09-01,-0.4696,-0.321,1.2931,0.3006,7.3017,18.3535,1.7235,-0.2533,0.5378,0.7482,0.6924,1.521,338.37,338.16,,,,1.45,1.64
1982-10-01,-0.5199,-0.259,1.8179,0.5716,9.4211,17.7884,1.9254,-0.4324,-0.2036,-0.2571,-0.4029,-0.6796,338.41,339.61,,,,1.82,2.03
1982-11-01,-0.518,-0.2673,1.7653,0.4325,11.6275,15.5366,1.4484,-0.2658,0.6373,0.8332,-0.2231,-0.8213,339.44,340.95,,,,2.03,2.24
1982-12-01,-0.2342,-0.192,2.2972,-0.0065,13.6418,9.2157,1.2331,-1.1874,0.9327,0.9963,0.4195,-1.8669,340.78,341.77,,,,2.12,2.36
1983-01-01,-0.1528,-0.1147,2.2273,-0.1463,14.9424,4.7705,0.961,-0.2798,1.3106,0.8954,0.6019,-1.2949,341.57,342.37,,,,2.14,2.4
1983-02-01,-0.1888,-0.1211,1.8934,-0.4039,16.0061,3.0703,1.1329,-0.0086,-1.7417,-0.0404,1.0281,-1.0444,342.78,342.74,,,,1.91,2.15
1983-03-01,-0.1853,-0.178,1.2979,-0.8276,16.0853,4.0157,1.0569,-0.0629,-0.547,0.6938,1.2435,0.1579,343.37,343.04,,,,1.52,1.67
1983-04-01,-0.2772,-0.1939,0.7356,-0.5041,15.1721,6.4704,0.8364,-0.4276,-0.7116,-0.4497,0.5717,0.1415,345.4,343.51,,,,1.23,1.3
1983-05-01,-0.1382,-0.2082,0.7117,-0.101,13.4913,9.526,0.5627,-0.7601,-0.4253,-0.062,-0.0549,-0.424,346.14,343.84,,,,0.95,0.87
1983-06-01,-0.2648,-0.1826,0.4592,0.6363,12.2957,12.6426,1.0309,-0.8671,0.3013,0.4969,1.0424,-0.2559,345.76,343.5,,,,0.62,0.47
1983-07-01,-0.3149,-0.2954,-0.3872,0.9505,10.5703,15.4667,1.8187,-0.6031,0.1258,0.5727,0.501,1.0717,344.32,342.14,1625.98,,,0.25,0.03
1983-08-01,-0.2485,-0.282,-0.4903,0.5901,8.1859,17.2508,1.7553,-0.5861,1.0587,0.8205,0.3772,0.7612,342.51,340.62,1628.06,,,-0.06,-0.23
1983-09-01,-0.201,-0.2636,-0.428,0.0442,7.3946,18.5852,1.8057,-0.033,0.1609,-0.5454,-0.7557,-0.6735,340.46,340.53,1638.42,,,-0.43,-0.59
1983-10-01,-0.4752,-0.2727,-1.0829,0.188,9.3341,17.9153,1.8433,-0.3138,1.3201,0.2561,-0.193,1.1482,340.53,341.75,1644.79,,,-0.76,-0.9
1983-11-01,-0.3513,-0.2611,-1.3778,0.1736,11.461,16.0142,1.3525,0.085,-0.6636,-0.4657,0.9636,0.6989,341.79,342.83,1642.61,,,-0.96,-1.1
1983-12-01,-0.425,-0.2552,-1.2281,-0.1304,13.2984,10.3939,0.8987,-0.0076,0.1795,0.071,-0.028,0.456,343.2,343.49,1639.53,,,-0.89,-0.96
1984-01-01,-0.4035,-0.2468,-1.0036,-0.125,14.4733,4.7787,0.4912,-0.2529,0.8728,0.9418,0.442,-1.0607,344.21,344.32,1638.73,,,-0.63,-0.63
1984-02-01,-0.5624,-0.2531,-0.1617,-0.1612,15.2989,2.6773,0.429,-0.4154,-0.292,0.5696,0.5889,-0.5267,344.92,344.82,1638.82,,,-0.51,-0.52
1984-03-01,-0.3898,-0.2978,-0.5423,-0.0182,15.5842,3.6123,0.5558,-0.4663,-2.3012,-0.0498,0.8478,0.2394,345.68,344.96,1640.86,,,-0.38,-0.45
1984-04-01,-0.4694,-0.3056,-0.5436,0.3391,15.0145,6.422,0.6788,-0.476,-0.2736,-0.1033,0.8111,-0.1993,347.37,345.19,1643.97,,,-0.47,-0.59
1984-05-01,-0.2198,-0.3266,-0.7166,-0.4995,13.5767,9.7484,0.6481,-0.5377,0.462,0.2655,-0.0285,-1.1955,347.77,345.33,1643.16,,,-0.55,-0.62
1984-06-01,-0.5048,-0.36,-1.0856,-0.3969,12.1517,13.2305,0.8869,-0.2792,0.0069,-0.166,-0.3295,0.4083,347.16,344.57,1639.73,,,-0.52,-0.51
1984-07-01,-0.5302,-0.3776,-0.7083,-0.2761,9.9775,16.3949,1.226,0.3251,0.0181,-0.0235,-1.4204,0.8552,345.79,343.2,1637.99,,,-0.39,-0.32
1984-08-01,-0.4371,-0.3469,-0.5453,-0.2633,7.7711,17.9277,1.3405,0.0908,0.449,0.6155,-0.5079,-0.5312,343.74,342.21,1641.71,,,-0.22,-0.17
1984-09-01,-0.4901,-0.2667,-0.4219,-0.4073,6.8052,18.1715,1.2163,-0.4467,-0.3982,0.0869,0.0463,0.3128,341.59,342.13,1650.61,,,-0.32,-0.28
1984-10-01,-0.5219,-0.3812,-0.7747,-0.2216,8.5606,17.5726,1.0698,-0.6566,-0.2607,0.0295,-0.1141,-0.0115,341.86,342.99,1654.58,,,-0.62,-0.61
1984-11-01,-0.6499,-0.3422,-1.3726,-0.3094,10.8415,16.134,0.7331,0.2048,-0.9316,-0.013,0.2249,-0.0258,343.31,344.16,1653.79,,,-0.95,-0.88
1984-12-01,-0.6044,-0.3699,-1.5364,-0.1852,12.9894,10.473,0.5897,0.0716,0.43,0.1509,-0.6905,-1.4252,345.0,345.0,1656.21,,,-1.06,-0.93
1985-01-01,-0.424,-0.3705,-1.33,-0.1556,14.7249,4.4554,0.7428,-0.5762,-2.706,-0.8706,0.8153,-0.7688,345.48,345.35,1655.63,,,-1.01,-0.83
1985-02-01,-0.6903,-0.3937,-0.9391,-0.3436,15.4657,2.8364,0.6114,-0.2613,-1.3886,-0.0497,-0.0185,0.2053,346.41,345.8,1652.29,,,-0.86,-0.68
1985-03-01,-0.5278,-0.4147,-0.9083,-0.1351,15.8859,3.7172,0.8595,-0.3686,0.5317,0.1681,-0.386,-0.1313,347.91,346.64,1654.64,,,-0.85,-0.75
1985-04-01,-0.4731,-0.4605,-1.1423,0.0001,15.3565,6.4932,1.0612,-0.5109,0.6291,0.1556,-0.6331,0.0279,348.66,346.94,1658.2,,,-0.8,-0.76
1985-05-01,-0.4418,-0.4348,-1.1095,0.0471,14.0734,10.1528,1.1431,-0.1349,-0.4169,-0.2333,-0.3817,-0.0662,349.28,346.78,1655.89,,,-0.79,-0.77
1985-06-01,-0.4653,-0.4642,-1.1059,-0.4704,12.2191,13.4285,0.8912,0.0161,-0.3343,-0.3775,0.3998,-0.3213,348.65,346.26,1650.04,,,-0.6,-0.55
1985-07-01,-0.534,-0.4378,-0.804,-0.4307,9.7446,15.7209,0.9947,-0.3437,-0.3758,0.4782,0.0142,1.8427,346.9,344.92,1646.79,,,-0.44,-0.33
1985-08-01,-0.3929,-0.5012,-0.6347,-0.1819,7.4019,17.6322,0.978,-0.2076,-0.0015,-0.3055,-0.1695,0.571,345.26,343.41,1652.25,,,-0.33,-0.2
1985-09-01,-0.5248,-0.4406,-0.7935,-0.1765,6.6977,18.7032,1.1194,0.0964,0.1102,-0.2973,-0.2206,1.4509,343.47,343.37,1662.47,,,-0.31,-0.16
1985-10-01,-0.6467,-0.4104,-0.7501,-0.4736,8.5459,18.2044,1.0503,-0.0163,0.9982,0.3758,-0.7025,0.4514,343.35,344.64,1667.49,,,-0.3,-0.18
1985-11-01,-0.5911,-0.4251,-0.58,0.2108,11.0245,16.1402,0.8454,0.3378,-1.1743,-0.342,-0.9438,1.0434,344.73,345.79,1666.83,,,-0.28,-0.14
1985-12-01,-0.547,-0.3912,-0.5886,-0.1306,13.0499,11.3522,0.6412,0.9491,-1.8784,0.0677,0.7735,1.1934,346.12,346.55,1666.06,,,-0.36,-0.21
1986-01-01,-0.434,-0.4087,-0.7247,0.0971,14.8896,5.4222,0.9082,0.372,-0.5475,0.5405,0.5272,0.1497,346.78,347.11,1666.28,,,-0.4,-0.26
1986-02-01,-0.3739,-0.3825,-0.8084,0.2649,15.7849,3.1931,0.9116,0.1142,-2.8009,-0.3303,0.4617,-1.5336,347.48,347.34,1666.93,,,-0.38,-0.27
1986-03-01,-0.4098,-0.3936,-0.6117,0.4209,15.9095,3.6984,0.8811,-0.3802,1.862,1.0554,0.4064,-0.7445,348.25,347.71,1669.26,,,-0.25,-0.19
1986-04-01,-0.3004,-0.4036,-0.5345,0.2171,15.0588,6.3855,0.7231,-0.5124,0.0992,-0.3039,-0.0663,-0.0861,349.86,348.22,1670.8,,,-0.17,-0.14
1986-05-01,-0.2742,-0.3975,-0.5814,0.1609,13.3796,9.2956,0.451,-0.9905,0.3537,0.4045,-0.0245,-1.783,350.52,348.32,1668.46,,,-0.09,-0.11
1986-06-01,-0.4469,-0.3356,-0.3339,-0.1871,11.9759,12.687,0.7112,-0.8227,0.5155,0.5654,0.1818,-0.5997,349.98,347.76,1664.76,,,0.02,-0.01
1986-07-01,-0.4468,-0.3871,-0.0274,-0.489,10.1465,15.3168,1.3949,-0.7529,-0.0081,0.1343,-0.1533,0.0835,348.25,346.29,1662.33,,,0.24,0.26
1986-08-01,-0.4359,-0.4133,0.2216,-0.1697,7.9796,16.9988,1.549,-0.8381,-0.797,-0.4817,-0.7955,-0.1539,346.17,344.92,1664.39,,,0.46,0.57
1986-09-01,-0.531,-0.3256,0.4314,0.0733,7.4107,17.6831,1.8218,-0.935,-0.0227,-0.5648,0.0357,0.8158,345.48,344.86,1672.57,,,0.64,0.79
1986-10-01,-0.5936,-0.268,0.5446,-0.0656,9.4839,17.1837,1.9931,-1.0454,1.3738,0.8172,0.3304,0.2922,344.82,346.03,1678.66,,,0.86,1.0
1986-11-01,-0.4985,-0.2805,0.5584,0.379,11.4533,15.0066,1.3448,-0.9226,0.8927,1.1702,-0.4381,-0.217,346.22,347.3,1678.99,,,1.06,1.22
1986-12-01,-0.4482,-0.3083,0.8578,0.0394,13.2224,9.6539,0.8227,-0.7475,0.0575,0.5032,0.7363,0.852,347.48,347.76,1679.12,,,1.21,1.42
1987-01-01,-0.3346,-0.2768,0.9914,-0.0473,14.9698,5.126,0.9877,0.0944,-1.1069,-0.5213,0.5334,-0.9188,348.73,348.01,1679.42,,,1.18,1.46
1987-02-01,-0.2848,-0.2722,0.8544,-0.0002,16.0501,3.2537,1.1958,0.156,-1.4209,-0.1578,0.5384,-0.6848,348.92,348.56,1679.04,,,1.13,1.35
1987-03-01,-0.4784,-0.2166,0.9234,-0.4875,15.8159,4.1128,0.7895,0.0269,-1.6844,0.226,0.6966,-0.1304,349.81,349.28,1680.01,,,1.02,1.14
1987-04-01,-0.3346,-0.2449,0.468,-0.3583,15.2109,6.7969,0.9155,-0.2072,0.3731,0.9577,0.9044,-0.2779,351.4,349.98,1681.36,,,0.94,0.93
1987-05-01,-0.2776,-0.2446,0.3391,0.022,13.7429,9.6941,0.8126,-0.5937,0.3136,0.4783,-0.4757,0.0348,352.15,350.26,1681.87,,,0.95,0.85
1987-06-01,-0.1902,-0.2665,0.7655,-0.0887,12.4857,12.6843,1.1578,-0.7281,-0.6851,-0.8182,0.1518,-0.6792,351.58,349.46,1679.98,,,1.11,0.94
1987-07-01,-0.0875,-0.1977,1.0849,-0.1736,10.3326,15.7516,1.5827,-0.3131,-0.4498,0.3016,0.1448,-1.4789,350.21,347.84,1675.97,,,1.3,1.11
1987-08-01,-0.2695,-0.1797,1.2379,0.0624,7.4999,17.6614,1.2293,-0.2862,-0.8061,-0.3284,0.2874,1.4295,348.2,346.61,1677.21,,,1.46,1.3
1987-09-01,-0.2282,-0.1271,1.3499,0.448,7.2787,18.2461,1.6951,-0.3664,0.2762,-0.5244,-1.6909,-0.7728,346.66,346.7,1685.58,,,1.49,1.34
1987-10-01,-0.346,-0.1672,0.9848,0.4232,9.0488,17.6741,1.5555,-0.5507,-0.0773,0.0441,0.3673,0.4367,346.72,347.97,1691.53,,,1.41,1.2
1987-11-01,-0.3704,-0.1208,0.8492,-0.1381,11.224,15.5841,1.0802,-0.2817,-0.5169,0.1003,0.6025,1.0199,348.08,349.25,1691.2,,,1.2,0.98
1987-12-01,-0.1269,-0.1371,0.7658,-0.1724,,,,,-0.515,-0.0997,0.5052,0.2601,349.28,350.21,1690.51,,,1.0,0.8
1988-01-01,-0.1325,-0.079,0.6794,0.131,15.0905,3.8172,0.872,-0.5194,0.2551,0.5446,0.3192,-0.5923,350.51,350.91,1691.97,,,0.63,0.45
1988-02-01,-0.338,-0.0758,0.2105,0.1356,15.5834,2.8857,0.7118,-0.2003,-1.0284,0.591,0.9015,0.5286,351.7,351.47,1692.54,,,0.37,0.11
1988-03-01,-0.1891,-0.1391,0.042,-0.0701,15.9572,3.9662,0.9299,-0.1161,-0.1902,0.0491,0.3481,-0.2137,352.5,351.85,1691.29,,,-0.03,-0.4
1988-04-01,-0.1893,-0.1827,-0.597,0.2661,15.1233,6.2874,0.8078,-0.6636,-0.5409,-0.6185,0.7774,-0.0765,353.67,352.29,1690.06,,,-0.45,-0.91
1988-05-01,-0.1074,-0.2383,-1.4328,-0.4872,13.5609,9.6023,0.6314,-0.6846,-0.8161,0.294,0.369,-0.7243,354.35,352.46,1689.11,,,-0.99,-1.49
1988-06-01,-0.1557,-0.2356,-1.7854,-0.3974,11.9434,13.0928,0.6471,-0.3683,0.0583,0.5287,0.5016,-1.0196,353.88,351.76,1687.18,,,-1.3,-1.74
1988-07-01,-0.1956,-0.3027,-1.7919,0.0374,9.8087,15.7487,1.058,-0.3184,-0.1384,-0.1401,1.0555,0.5528,352.8,350.28,1686.02,,,-1.3,-1.64
1988-08-01,-0.1652,-0.3011,-1.4673,-0.088,7.8916,17.561,1.4643,-0.2773,0.2454,0.0008,-0.3883,-0.7207,350.49,349.1,1689.46,,,-1.14,-1.36
1988-09-01,-0.1913,-0.3052,-0.941,-0.2668,7.369,18.3072,1.7854,-0.3053,1.0022,-0.4474,-0.6429,-0.6664,348.97,349.27,1696.11,,,-1.27,-1.44
1988-10-01,-0.3514,-0.293,-2.0795,-0.4424,9.135,18.361,1.6417,0.1362,0.0311,-0.488,0.3403,-2.2336,349.37,350.44,1701.13,,,-1.54,-1.71
1988-11-01,-0.5662,-0.3811,-2.2876,-0.2741,11.3308,16.1477,1.187,0.2819,-0.0335,-0.1905,0.0689,0.3842,350.42,351.61,1702.85,,,-1.81,-1.95
1988-12-01,-0.3707,-0.4042,-2.0644,0.245,13.6255,11.0606,1.2215,0.6584,1.619,0.2675,0.4254,1.0335,351.62,352.46,1701.91,,,-1.85,-1.94
1989-01-01,-0.5975,-0.3292,-2.0438,-0.4574,14.9548,4.7368,0.973,-0.3044,2.9954,0.5544,-0.3651,0.5938,353.07,353.01,1700.55,,,-1.64,-1.64
1989-02-01,-0.3324,-0.3569,-1.5022,0.3918,15.4955,2.9776,0.6317,-0.1107,3.1625,1.2094,-0.5075,0.816,353.43,353.46,1701.14,,,-1.38,-1.37
1989-03-01,-0.3545,-0.3494,-1.4837,-0.1311,15.4233,3.9273,0.3959,-0.1551,1.4758,1.0904,-0.6531,0.607,354.08,354.01,1702.54,,,-1.09,-1.11
1989-04-01,-0.3154,-0.3455,-1.3602,-0.0723,14.3284,6.3063,0.0129,-0.6448,-0.2414,0.1025,-0.2306,-0.5551,355.72,354.38,1703.62,,,-0.85,-0.89
1989-05-01,-0.4123,-0.3221,-0.9164,-0.1371,13.0441,10.2972,0.1147,0.0103,0.8571,0.7824,-0.2424,2.5917,355.95,354.19,1703.36,,,-0.61,-0.65
1989-06-01,-0.4052,-0.3317,-0.6738,-0.6557,12.2445,13.5804,0.9482,0.1194,0.3326,-0.1299,-0.5093,1.9209,355.44,353.27,1700.17,,,-0.4,-0.43
1989-07-01,-0.236,-0.2648,-0.5623,-0.128,10.1297,15.7106,1.3791,-0.3565,0.8347,0.4021,-0.7603,1.4029,354.05,351.56,1698.21,,,-0.37,-0.41
1989-08-01,-0.3202,-0.3004,-0.7072,-0.7435,7.8818,17.4656,1.4545,-0.3727,0.5312,0.0178,-0.042,-0.1296,351.84,350.21,1702.03,,,-0.36,-0.38
1989-09-01,-0.287,-0.2812,-0.4996,-0.5623,7.0083,18.1211,1.4248,-0.4914,0.678,0.9174,0.3926,-0.1194,350.09,350.56,1707.21,,,-0.33,-0.31
1989-10-01,-0.3747,-0.3192,-0.5562,-0.6975,8.8289,17.8561,1.3356,-0.3687,0.9554,-0.0159,-0.5351,0.1284,350.33,351.85,1710.55,,,-0.25,-0.23
1989-11-01,-0.4872,-0.2754,-0.627,-0.4673,11.1152,15.7334,0.9714,-0.1324,0.0325,-0.0169,-0.4177,0.549,351.55,353.04,1713.15,,,-0.12,-0.08
1989-12-01,-0.241,-0.2851,-0.1867,-0.0277,13.3868,9.8375,0.9827,-0.5647,-0.6209,-0.5921,0.5332,-0.4316,352.91,353.91,1713.19,,,-0.04,0.06
1990-01-01,-0.2316,-0.2556,-0.0956,0.3759,14.7826,4.8674,0.8008,-0.1739,0.965,0.5229,-0.2024,-0.342,353.86,354.48,1712.0,,,0.18,0.32
1990-02-01,-0.2705,-0.1723,0.0209,-0.1052,15.5782,3.0362,0.7144,-0.0521,3.2805,0.9219,-0.8269,1.107,355.1,354.87,1713.33,,,0.19,0.3
1990-03-01,0.0758,-0.2121,-0.1768,-0.0377,15.8667,3.966,0.8394,-0.1164,2.8836,0.8965,0.1705,0.3969,355.75,355.2,1714.23,,,0.3,0.32
1990-04-01,-0.0528,-0.1722,-0.0621,-0.1978,14.6501,6.9999,0.3345,0.0488,1.8118,0.9865,-0.2392,-1.8138,356.38,355.51,1712.49,,,0.27,0.26
1990-05-01,-0.0216,-0.1624,0.0523,-0.5032,13.2258,9.7155,0.2964,-0.5714,0.9092,-0.6967,0.1096,-1.7413,357.38,355.41,1710.63,,,0.25,0.19
1990-06-01,-0.1834,-0.2458,-0.2712,-0.4274,11.6406,13.0829,0.3443,-0.3782,0.2934,-0.0113,-0.553,0.0872,356.39,354.32,1708.41,,,0.25,0.2
1990-07-01,-0.0765,-0.2115,-0.0054,0.0168,9.2466,15.5709,0.496,-0.4962,-0.2854,0.2263,-0.0572,-1.1741,354.89,352.7,1706.52,,,0.26,0.21
1990-08-01,-0.1647,-0.2223,0.1082,-0.157,6.7975,17.5675,0.3702,-0.2709,-0.1739,0.4228,0.9102,0.4466,353.06,351.58,1710.16,,,0.32,0.33
1990-09-01,-0.2346,-0.216,-0.0354,-0.4495,6.1428,18.193,0.5592,-0.4195,-0.203,0.5728,-0.2939,1.426,351.38,351.79,1717.59,,,0.31,0.33
1990-10-01,-0.1581,-0.1587,0.1893,-0.9059,8.4849,17.9453,0.9916,-0.2795,0.6367,0.0225,-0.6755,0.1315,351.69,353.19,1722.16,,,0.27,0.27
1990-11-01,-0.1176,-0.1983,-0.1031,-0.0649,11.0752,15.4683,0.9314,-0.3975,0.502,-0.2068,-0.871,-0.3486,353.14,354.45,1723.57,,,0.31,0.3
1990-12-01,-0.1506,-0.1699,0.2239,-0.1593,13.1055,9.9535,0.7015,-0.4487,1.2312,0.1904,-0.5152,-0.303,354.41,355.19,1723.32,,,0.34,0.43
1991-01-01,-0.1672,-0.1907,0.351,0.1047,14.3638,5.3383,0.382,0.297,0.6974,0.5612,0.2028,0.8353,354.93,355.76,1721.75,,,0.35,0.57
1991-02-01,-0.1181,-0.1592,0.1525,0.142,15.2494,3.1611,0.3856,0.0728,-0.8449,0.6912,0.6769,-0.8236,355.82,356.19,1721.44,,,0.26,0.53
1991-03-01,-0.2499,-0.2003,-0.0803,-0.2498,15.4161,3.8068,0.3888,-0.2755,-0.5082,0.0625,-0.3841,0.5011,357.33,356.69,1722.08,,,0.23,0.42
1991-04-01,-0.1232,-0.1412,0.0864,0.7845,14.8597,7.0535,0.5442,0.1024,0.5113,-0.0341,0.3843,-0.619,358.77,357.19,1722.37,,,0.29,0.42
1991-05-01,-0.1817,-0.142,0.2634,0.6551,13.4731,10.2795,0.5437,-0.0074,0.4691,0.1377,-0.2875,-0.5218,359.23,357.11,1722.09,,,0.49,0.56
1991-06-01,0.0289,-0.1958,0.4068,0.197,12.108,13.0657,0.8117,-0.3954,-0.1114,-0.268,-0.7623,-1.1157,358.23,356.18,1718.84,,,0.63,0.7
1991-07-01,-0.0462,-0.1831,0.4859,0.1285,9.514,15.5504,0.7634,-0.5167,-0.1814,-0.1056,0.4053,-1.179,356.3,354.53,1715.92,,,0.77,0.86
1991-08-01,-0.1385,-0.2552,0.6249,-0.2435,7.4154,17.719,0.9881,-0.1194,0.7684,0.5935,0.0256,0.0318,353.97,353.06,1719.07,,,0.67,0.83
1991-09-01,-0.2058,-0.2504,0.3033,0.2491,6.4729,18.3126,0.8893,-0.2999,-0.1083,0.2618,0.7536,-0.4971,352.34,352.93,1726.01,,,0.72,1.01
1991-10-01,-0.3482,-0.2643,0.6544,0.0156,8.5414,17.9173,1.0481,-0.3075,-0.2431,-0.2086,-0.9331,-0.6034,352.43,354.01,1732.77,,,0.83,1.2
1991-11-01,-0.3554,-0.2801,0.9122,0.153,10.8846,15.5835,0.7408,-0.2823,0.2744,0.1775,0.1489,-0.7779,353.89,355.16,1737.55,,,1.18,1.66
1991-12-01,-0.338,-0.2187,1.5555,0.2417,12.9451,10.1923,0.541,-0.2099,1.5557,0.3759,0.24,-1.9959,355.21,355.95,1739.57,,,1.43,1.97
1992-01-01,-0.2117,-0.21,1.7474,-0.4042,14.6427,4.7489,0.6609,-0.2924,0.5304,0.0242,0.704,0.0675,356.34,356.54,1738.91,,,1.54,2.12
1992-02-01,-0.2554,-0.191,1.6184,-0.3432,15.4621,2.8374,0.5906,-0.2486,1.0817,0.8057,0.3514,-1.5711,357.21,356.89,1737.32,,,1.5,2.08
1992-03-01,-0.2442,-0.2326,1.2146,-0.6686,15.4811,3.5733,0.4538,-0.5091,0.9491,0.5594,0.511,-0.9766,357.97,357.26,1736.79,,,1.4,1.94
1992-04-01,-0.42,-0.2261,1.0409,-0.5947,14.6769,6.7941,0.3614,-0.1569,-0.5021,0.9114,0.0763,-0.4261,359.22,357.76,1736.65,,,1.3,1.76
1992-05-01,-0.3435,-0.1964,0.9365,-0.5095,13.2155,9.9248,0.2861,-0.3621,1.2936,1.3144,0.3013,-1.9617,359.71,357.83,1735.06,,,1.08,1.4
1992-06-01,-0.3217,-0.2661,0.4033,-0.6115,12.1468,12.8085,0.8505,-0.6526,-0.2913,0.0175,0.6966,-2.1172,359.44,356.87,1731.57,,,0.72,0.93
1992-07-01,-0.4601,-0.3348,0.1425,-0.427,10.3231,15.8944,1.5725,-0.1727,0.1842,0.142,0.0618,-0.5484,357.15,355.18,1728.79,,,0.35,0.52
1992-08-01,-0.487,-0.3716,-0.0933,-0.8125,7.9253,17.727,1.498,-0.1113,0.5162,0.3616,-0.0878,-0.3395,354.99,353.66,1730.35,,,0.08,0.3
1992-09-01,-0.6131,-0.3243,-0.1716,-0.8202,7.4737,18.1472,1.8901,-0.4653,-0.6176,-0.1821,-0.6625,0.4169,353.01,353.57,1734.59,,,-0.15,0.13
1992-10-01,-0.6013,-0.3828,-0.5279,-0.5616,9.3195,17.934,1.8262,-0.2908,-0.353,-0.92,0.015,-0.3105,353.4,354.81,1737.66,,,-0.22,0.1
1992-11-01,-0.615,-0.3436,-0.1893,-0.0673,11.3787,15.8955,1.2349,0.0297,0.6914,0.6224,0.3318,0.115,354.42,355.99,1739.23,,,-0.24,0.12
1992-12-01,-0.4643,-0.3235,0.148,-0.1851,13.4074,10.2057,1.0033,-0.1965,1.5687,0.2108,-0.5365,0.2324,355.68,356.74,1738.52,,,-0.05,0.35
1993-01-01,-0.3091,-0.2161,0.1552,-0.0886,14.8961,4.4094,0.9143,-0.6319,3.3709,0.8376,-0.3678,-1.9507,357.1,357.2,1735.77,,,0.13,0.55
1993-02-01,-0.304,-0.2423,0.3321,-0.1004,15.6856,2.4822,0.8219,-0.6061,0.1778,0.5174,0.5601,0.4189,357.42,357.54,1734.37,,,0.31,0.7
1993-03-01,-0.3607,-0.2556,0.2284,-0.2651,15.8132,3.6682,0.7858,-0.4141,0.7371,0.4958,0.7123,-0.3666,358.59,357.96,1735.37,,,0.5,0.86
1993-04-01,-0.3263,-0.2842,0.3375,-0.2275,15.0772,6.6516,0.7617,-0.2994,-0.4201,0.5369,0.9385,0.0816,359.39,358.42,1736.59,,,0.73,1.06
1993-05-01,-0.3002,-0.2525,0.6743,0.3532,13.3682,10.1038,0.4388,-0.1831,-1.5504,-0.3304,1.2114,1.2123,360.3,358.38,1735.01,,,0.76,1.0
1993-06-01,-0.3015,-0.2955,0.1572,-0.0054,11.8709,13.1472,0.5746,-0.3139,-0.5011,-0.2253,0.2487,1.1718,359.64,357.35,1730.87,,,0.56,0.77
1993-07-01,-0.3489,-0.3594,0.2136,0.2727,9.4764,15.8549,0.7257,-0.2122,-0.4926,-1.4815,-0.3278,1.8845,357.45,355.73,1728.01,,,0.28,0.45
1993-08-01,-0.3833,-0.3172,-0.0584,-0.1348,7.335,17.4918,0.9077,-0.3466,-0.3791,0.0922,-0.068,1.0416,355.76,354.44,1731.16,,,0.22,0.46
1993-09-01,-0.5206,-0.2945,0.2263,-0.5457,6.3967,18.5432,0.8131,-0.0693,-0.3479,-0.1108,-0.6537,1.0205,354.14,354.47,1738.44,,,0.2,0.48
1993-10-01,-0.43,-0.2614,0.1842,-0.2716,8.7861,18.1275,1.2928,-0.0973,-0.545,-0.3964,-0.1842,0.7189,354.23,355.71,1743.37,,,0.2,0.46
1993-11-01,-0.5397,-0.239,0.0633,-0.3065,11.3187,16.0421,1.175,0.1763,0.9661,1.2566,-0.2283,0.3096,355.53,356.96,1745.23,,,0.2,0.44
1993-12-01,-0.3538,-0.2459,0.0816,-0.3913,13.319,9.9334,0.9149,-0.4689,-0.1005,0.8033,0.4624,0.9888,357.03,357.86,1744.3,,,0.19,0.42
1994-01-01,-0.3971,-0.2466,0.0135,0.249,14.7298,4.9657,0.748,-0.0755,-0.2777,0.5524,-0.1198,0.6943,358.36,358.48,1741.4,,,0.07,0.33
1994-02-01,-0.6318,-0.3332,-0.0846,-0.1689,15.5619,3.1975,0.6981,0.1092,-0.831,0.3855,-0.2558,1.1131,359.04,359.0,1740.79,,,0.0,0.24
1994-03-01,-0.4155,-0.2586,0.1398,0.2391,15.5536,4.5494,0.5262,0.467,1.814,0.8352,0.312,0.666,360.11,359.36,1741.87,,,0.04,0.23
1994-04-01,-0.2811,-0.2877,0.0751,0.4891,14.888,7.2216,0.5725,0.2705,0.2166,0.4065,-0.0904,-0.0531,361.36,359.71,1741.98,,,0.17,0.32
1994-05-01,-0.3535,-0.2316,0.1217,0.557,13.6244,10.408,0.695,0.1211,-0.1114,-0.1913,0.1703,-0.1497,361.78,359.74,1740.75,,,0.25,0.4
1994-06-01,-0.253,-0.3218,0.1398,0.329,12.0164,13.5601,0.7201,0.0991,1.549,0.7429,-0.5368,-1.6241,360.94,358.8,1736.91,,,0.23,0.41
1994-07-01,-0.2736,-0.2961,-0.0175,0.8391,9.9252,16.296,1.1745,0.2289,0.3382,0.6321,-0.1566,-0.4771,359.51,357.27,1732.3,,,0.3,0.53
1994-08-01,-0.3831,-0.2113,0.4333,1.0941,7.6393,17.8396,1.212,0.0012,0.798,0.1319,-0.696,1.839,357.59,356.06,1734.07,,,0.3,0.6
1994-09-01,-0.2428,-0.2918,0.2746,0.8467,7.1376,18.6126,1.554,0.0002,-0.0812,-0.5628,-1.2071,-0.9156,355.86,356.02,1742.98,,,0.47,0.79
1994-10-01,-0.2918,-0.2093,0.624,1.5889,8.9153,18.0901,1.422,-0.1348,0.1677,-0.5328,-0.2225,-0.5596,356.21,357.27,1749.86,,,0.66,0.97
1994-11-01,-0.2466,-0.187,0.9395,0.1507,11.1232,15.8804,0.9794,0.0146,1.716,0.2227,-0.8413,-0.7667,357.65,358.69,1751.39,,,0.93,1.23
1994-12-01,-0.2731,-0.19,1.1991,-0.1967,13.2719,10.1005,0.8678,-0.3017,0.8619,1.0284,0.3085,0.8968,359.1,359.54,1751.72,,,0.97,1.28
1995-01-01,-0.1305,-0.1614,0.776,-0.1561,14.5864,5.636,0.6046,0.5948,-0.1484,0.5013,0.3694,1.3941,360.04,360.13,1751.14,,,0.88,1.17
1995-02-01,0.0698,-0.1577,0.6569,0.571,15.2257,3.5608,0.3619,0.4725,1.3779,0.8141,0.4733,0.5113,361.0,360.62,1749.5,,,0.65,0.86
1995-03-01,-0.2328,-0.1599,0.2966,0.195,15.2602,4.6264,0.2328,0.5441,0.3791,0.791,0.2333,-0.1513,361.98,361.08,1748.98,,,0.46,0.55
1995-04-01,-0.1199,-0.1901,0.0778,-0.0325,14.4486,7.2676,0.1331,0.3166,-0.929,-0.5122,0.1587,0.6231,363.44,361.55,1749.42,,,0.19,0.2
1995-05-01,-0.2401,-0.2252,-0.2322,0.1123,12.9721,10.4155,0.0426,0.1286,-0.8596,-0.6455,0.2108,1.3441,363.83,361.47,1747.66,,,0.03,-0.07
1995-06-01,-0.085,-0.1729,-0.3791,-0.0295,11.4404,13.2899,0.1441,-0.1712,-0.1079,0.0118,0.1963,-0.7757,363.33,360.62,1742.81,,,-0.11,-0.23
1995-07-01,-0.1028,-0.1132,-0.2275,-0.487,8.9871,15.7439,0.2364,-0.3232,-0.2095,0.0455,-0.0006,-2.9044,361.78,359.0,1740.16,,,-0.3,-0.41
1995-08-01,-0.1058,-0.1817,-0.5952,-0.3711,6.7444,17.7802,0.3171,-0.0581,0.5241,0.2446,-0.2077,-0.674,359.33,357.74,1743.61,,,-0.55,-0.57
1995-09-01,-0.2046,-0.2313,-0.6709,-0.217,6.0801,18.3727,0.4966,-0.2397,-0.5296,0.1399,1.0167,1.1288,358.32,358.06,1749.77,,,-0.81,-0.76
1995-10-01,-0.1948,-0.2103,-0.9685,-0.2572,7.8289,18.0296,0.3356,-0.1952,0.0723,0.078,0.0841,-0.0575,358.14,359.43,1754.34,,,-0.97,-0.93
1995-11-01,-0.2214,-0.1735,-1.0311,-0.6173,10.7609,15.6339,0.6171,-0.2319,-0.6976,-0.7686,-0.4087,0.1353,359.61,360.77,1755.52,,,-1.05,-1.02
1995-12-01,-0.3414,-0.2061,-0.9324,0.3999,12.9208,10.6219,0.5167,0.2197,-2.0516,-0.9422,0.4256,1.4146,360.82,361.65,1753.85,,,-1.01,-0.99
1996-01-01,-0.3609,-0.236,-0.8318,0.3502,14.1809,5.8711,0.1991,0.8299,-1.1578,-0.1005,-0.139,0.3177,362.2,362.14,1752.23,,,-0.88,-0.87
1996-02-01,-0.2268,-0.1823,-0.7932,0.4207,15.1548,2.9846,0.2833,-0.1014,0.1573,0.152,-0.0125,-0.5086,363.36,362.5,1752.74,,,-0.7,-0.75
1996-03-01,-0.3074,-0.1858,-0.6709,-0.1597,15.1228,4.1835,0.0954,0.1011,-1.4306,0.0165,-0.0432,0.5215,364.28,362.82,1752.24,,,-0.52,-0.58
1996-04-01,-0.3449,-0.2157,-0.4937,-0.4341,14.2159,7.2799,-0.0997,0.3289,-1.4709,-0.1083,0.5257,0.1084,364.69,363.14,1749.64,,,-0.36,-0.37
1996-05-01,-0.3721,-0.2312,-0.5058,-0.4288,13.0945,10.9167,0.1651,0.6298,-0.2185,-0.397,-0.0432,0.9455,365.25,363.29,1748.3,,,-0.25,-0.25
1996-06-01,-0.3148,-0.212,-0.4781,-0.3752,12.0838,13.8704,0.7875,0.4093,0.479,0.2777,-0.4805,-0.2455,365.06,362.88,1746.0,,,-0.24,-0.24
1996-07-01,-0.2053,-0.2643,-0.3575,-0.546,10.1643,16.1197,1.4136,0.0526,0.6891,0.2265,-0.162,0.0177,363.69,361.57,1742.05,,,-0.22,-0.2
1996-08-01,-0.1104,-0.268,-0.3064,-1.0121,8.1805,17.7414,1.7531,-0.0969,0.1202,0.5024,-0.5161,-1.4506,361.55,360.07,1744.29,,,-0.27,-0.2
1996-09-01,-0.3317,-0.2602,-0.3516,-0.6774,7.5825,18.6316,1.999,0.0191,-1.0996,-0.407,-0.2372,-1.2698,359.69,359.7,1752.6,,,-0.3,-0.2
1996-10-01,-0.4401,-0.2528,-0.5738,-1.3081,9.161,17.9645,1.6677,-0.2603,0.1759,-0.1248,-0.2904,0.9287,359.72,360.67,1758.87,,,-0.33,-0.25
1996-11-01,-0.2167,-0.2651,-0.4406,-0.9274,10.4017,15.7179,0.2579,-0.1479,0.1314,-0.1803,-0.292,-1.6097,361.04,361.78,1760.07,,,-0.39,-0.3
1996-12-01,-0.247,-0.2384,-0.6167,-0.3328,12.8613,9.6532,0.4572,-0.7491,-1.6597,-0.684,-0.557,-0.0248,362.39,362.63,1756.94,,,-0.41,-0.29
1997-01-01,-0.3708,-0.2414,-0.6233,-0.0361,14.4175,4.1973,0.4357,-0.844,-0.4406,-0.344,0.2522,0.3532,363.24,363.26,1753.39,,,-0.41,-0.21
1997-02-01,-0.3098,-0.1865,-0.3766,0.1992,15.4367,2.4895,0.5729,-0.5988,1.8214,1.0921,0.4531,-0.238,364.21,363.63,1753.86,,,-0.26,-0.03
1997-03-01,-0.1674,-0.1467,-0.3561,-0.0238,15.4675,3.4574,0.4401,-0.625,1.0519,0.9432,-0.5277,0.6735,364.65,364.02,1755.67,,,-0.03,0.17
1997-04-01,-0.3283,-0.2045,-0.1093,-0.147,14.563,6.4923,0.2475,-0.4587,0.312,-0.4781,0.4024,-0.4437,366.49,364.5,1755.53,,,0.3,0.47
1997-05-01,-0.2575,-0.1355,0.4301,-0.2561,13.1772,10.124,0.2477,-0.1629,-0.927,0.0222,0.243,0.9888,366.77,364.5,1753.81,,,0.71,0.83
1997-06-01,-0.079,-0.0785,0.8677,-0.0638,11.7384,13.116,0.4421,-0.345,-0.7861,-0.7127,-0.2437,-0.4436,365.73,363.58,1750.07,,,1.13,1.2
1997-07-01,-0.171,-0.0625,1.3406,0.9199,9.4108,15.9207,0.6602,-0.1464,-0.4154,0.1294,0.0205,0.7492,364.46,361.93,1746.04,,4.0,1.48,1.5
1997-08-01,-0.1329,-0.0736,1.7573,0.3811,7.285,17.6844,0.8577,-0.154,0.1162,0.5105,-0.1895,0.7383,362.4,360.4,1747.77,,4.0,1.79,1.84
1997-09-01,-0.0686,-0.0116,1.91,0.6293,6.6863,18.5964,1.1028,-0.016,0.1875,0.298,0.13,0.1153,360.44,360.4,1754.97,,4.02,2.04,2.07
1997-10-01,-0.0528,0.0169,2.0382,1.3899,8.3365,17.9934,0.8432,-0.2314,-0.6749,-0.6844,-0.2223,-0.5759,360.97,361.93,1760.28,,4.05,2.24,2.22
1997-11-01,-0.0155,0.0432,2.1947,1.5609,10.6842,15.7328,0.5404,-0.133,-0.6377,-0.5859,0.4523,-1.8389,362.65,363.61,1761.72,,4.08,2.34,2.25
1997-12-01,-0.0488,0.0795,2.1817,0.5456,13.0762,10.2854,0.6721,-0.1169,-0.0687,-0.5039,0.5941,-0.8081,364.51,364.68,1761.89,,4.1,2.37,2.28
1998-01-01,-0.0494,0.0407,2.1107,0.4894,14.7205,4.4649,0.7387,-0.5763,-2.0067,0.2848,0.3921,0.3953,365.39,365.19,1761.47,,4.11,2.22,2.13
1998-02-01,0.1587,0.0608,1.7973,0.2945,15.7458,2.9896,0.882,-0.0987,-0.1768,0.1738,0.7248,0.3731,366.1,365.47,1761.48,,4.13,1.91,1.82
1998-03-01,-0.0324,0.0167,1.2196,-0.3864,15.5981,4.1075,0.5707,0.0251,-0.2455,0.6116,0.4984,0.7071,367.36,365.93,1762.95,,4.15,1.4,1.22
1998-04-01,0.1204,0.0385,0.5111,-0.2414,14.8919,6.8538,0.5764,-0.0972,-0.0367,-0.2786,0.4722,1.8557,368.79,366.58,1764.74,,4.18,1.03,0.81
1998-05-01,0.1733,0.0432,0.4636,-0.0493,13.5898,10.3285,0.6604,0.0416,0.4133,-0.5631,-0.5263,-0.0392,369.56,366.86,1764.32,,4.19,0.4,0.07
1998-06-01,0.1843,0.0144,-0.8536,0.0945,11.7057,13.3132,0.4094,-0.1478,-0.6855,-1.355,-0.0074,0.9916,369.13,366.26,1760.35,,4.2,-0.08,-0.46
1998-07-01,0.1228,0.0348,-1.2643,-0.625,9.4152,15.9627,0.6645,-0.1044,-0.2042,-0.2539,0.8438,1.3955,367.98,364.83,1756.15,,4.21,-0.63,-1.05
1998-08-01,0.1426,0.0092,-1.3047,-0.9775,7.5089,17.8814,1.0816,0.043,0.6271,-0.0351,-0.2526,0.8692,366.1,363.79,1760.23,,4.22,-0.83,-1.14
1998-09-01,-0.0567,-0.1325,-1.0935,-0.8018,6.536,18.9035,0.9524,0.291,-1.0126,-0.9003,0.3182,-0.1205,364.16,364.03,1770.7,,4.24,-1.02,-1.24
1998-10-01,-0.1776,-0.1484,-1.4054,-1.003,8.4519,18.6605,0.9586,0.4356,0.2838,-0.14,0.2188,0.3827,364.54,365.34,1776.27,,4.27,-1.12,-1.33
1998-11-01,-0.2362,-0.086,-1.3904,-0.9039,10.4406,16.3004,0.2968,0.4346,-1.398,-0.1419,0.3391,0.7854,365.67,366.6,1775.55,,4.29,-1.31,-1.51
1998-12-01,-0.0884,-0.1739,-1.8087,-0.3735,12.7586,10.5195,0.3546,0.1172,1.3051,0.4647,0.138,1.3813,367.3,367.47,1774.09,,4.31,-1.47,-1.61
1999-01-01,-0.2283,-0.2044,-1.642,-0.4878,14.3594,4.8159,0.3776,-0.2254,0.1063,0.2845,-0.0295,0.9608,368.35,368.11,1773.79,,4.33,-1.51,-1.56
1999-02-01,-0.0434,-0.1803,-1.1326,-0.1782,15.3089,2.966,0.4451,-0.1223,0.4649,0.3287,0.189,0.4371,369.28,368.51,1773.89,,4.35,-1.25,-1.28
1999-03-01,-0.3878,-0.1529,-0.9236,0.0416,15.3977,3.9778,0.3703,-0.1046,-1.4386,0.2612,0.381,0.1715,369.84,368.9,1774.56,,4.36,-0.93,-0.99
1999-04-01,-0.3039,-0.2373,-1.0212,-0.0268,15.0839,6.8918,0.7684,-0.0592,0.2742,-0.455,0.0377,0.913,371.15,369.29,1774.95,,4.36,-0.8,-0.88
1999-05-01,-0.3022,-0.244,-0.9402,-0.4632,13.751,10.2653,0.8215,-0.0216,0.2177,0.3835,-0.119,1.5778,371.12,369.21,1772.66,,4.35,-0.79,-0.81
1999-06-01,-0.2311,-0.2457,-1.1012,-0.2803,11.7792,13.6488,0.4829,0.1878,0.6818,0.4771,0.0084,-1.2799,370.46,368.36,1767.32,,4.36,-0.84,-0.82
1999-07-01,-0.201,-0.2554,-1.0327,0.0289,9.4883,16.2816,0.7376,0.2145,-0.0021,-0.2885,-0.2403,0.3018,369.61,366.69,1762.94,,4.37,-0.9,-0.83
1999-08-01,-0.2364,-0.289,-1.2455,-0.1806,7.2256,17.9579,0.7983,0.1196,-0.6483,0.2004,0.9056,0.0379,367.06,365.33,1764.65,,4.38,-0.94,-0.86
1999-09-01,-0.2046,-0.2576,-1.0308,0.0301,6.1169,18.6964,0.5333,0.0839,0.0569,0.2047,0.2982,-0.0141,364.95,365.45,1771.01,,4.4,-1.0,-0.87
1999-10-01,-0.3013,-0.2711,-1.2015,-0.586,8.6028,18.3522,1.1095,0.1273,-0.0057,0.0323,0.1671,1.5918,365.52,366.75,1776.59,,4.43,-1.13,-1.06
1999-11-01,-0.3003,-0.2341,-1.6713,-0.3491,10.7965,15.9646,0.6527,0.0988,0.5891,0.4386,0.2028,0.8659,366.88,368.04,1778.54,,4.46,-1.35,-1.33
1999-12-01,-0.2246,-0.2465,-1.6815,-0.0862,12.6412,10.722,0.2371,0.3198,1.0059,0.8577,0.186,1.7174,368.26,368.88,1777.23,,4.48,-1.53,-1.56
2000-01-01,-0.391,-0.2178,-1.803,0.1518,14.2204,4.7489,0.2386,-0.2924,1.2249,0.2843,-0.5309,1.2253,369.45,369.38,1775.53,,4.49,-1.47,-1.5
2000-02-01,-0.1411,-0.1714,-1.56,0.4143,15.1415,2.9065,0.2699,-0.1795,1.0375,1.0955,0.8577,0.5951,369.71,369.65,1775.45,,4.51,-1.26,-1.31
2000-03-01,-0.2155,-0.2259,-1.1504,0.654,15.2248,4.0859,0.1975,0.0035,-0.4354,0.4387,0.6822,0.1258,370.75,369.97,1776.49,,4.53,-0.98,-1.06
2000-04-01,-0.0831,-0.2007,-0.9055,0.5248,14.5582,7.1323,0.2426,0.1813,-0.2687,-0.0801,-0.0721,0.2219,371.98,370.35,1777.21,,4.55,-0.81,-0.88
2000-05-01,-0.2256,-0.2609,-0.9796,0.2581,13.1527,10.9206,0.2232,0.6337,0.9345,0.6956,-0.1115,1.0842,371.75,370.24,1774.58,,4.57,-0.67,-0.68
2000-06-01,-0.2429,-0.2476,-0.698,-0.2372,11.6652,13.8927,0.3689,0.4316,0.5652,-0.0845,-0.577,0.1106,371.87,369.31,1768.12,,4.58,-0.62,-0.54
2000-07-01,-0.2367,-0.2545,-0.7266,0.3445,9.513,16.0977,0.7623,0.0306,-0.6264,-0.4787,-1.4281,0.054,370.02,367.91,1763.46,,4.58,-0.48,-0.35
2000-08-01,-0.1738,-0.2045,-0.4833,0.088,7.1683,18.2061,0.741,0.3678,0.1387,-0.1681,-0.1503,-0.6519,368.27,366.76,1765.46,,4.59,-0.4,-0.29
2000-09-01,-0.2428,-0.1301,-0.5194,0.0371,6.2461,18.8878,0.6625,0.2754,0.3807,-0.0307,-0.9324,-1.789,367.15,366.71,1772.02,,4.62,-0.42,-0.36
2000-10-01,-0.3956,-0.1683,-0.7129,-0.3428,8.3794,18.1305,0.8861,-0.0943,0.3054,0.419,-0.0688,0.3321,367.18,367.91,1777.08,,4.65,-0.54,-0.55
2000-11-01,-0.3438,-0.1528,-0.9246,0.1445,10.3211,15.7576,0.1773,-0.1082,-1.5253,-0.4727,0.3361,-1.4846,368.53,369.28,1777.73,,4.66,-0.76,-0.79
2000-12-01,-0.3433,-0.1772,-1.079,0.1567,12.6373,9.9097,0.2332,-0.4925,-2.2708,-0.5208,0.6736,-1.2466,369.83,370.1,1775.31,,4.68,-0.78,-0.82
2001-01-01,-0.2312,-0.1317,-0.7762,0.2801,14.2026,5.2331,0.2208,0.1919,-0.9248,0.1523,0.7739,-0.4565,370.76,370.69,1772.87,316.3,4.69,-0.76,-0.79
2001-02-01,-0.2782,-0.1311,-0.5686,0.4235,15.2111,3.6504,0.3474,0.562,-0.6004,0.4245,0.2229,-0.2579,371.69,371.18,1772.52,316.31,4.71,-0.54,-0.62
2001-03-01,-0.1562,-0.0483,-0.3807,0.6197,15.5163,4.7315,0.489,0.6491,-1.6266,-0.4836,0.2462,-0.5374,372.63,371.59,1773.64,316.21,4.73,-0.43,-0.55
2001-04-01,-0.1538,-0.0766,-0.5743,0.1969,14.8568,7.0443,0.5413,0.0932,0.8737,-0.0282,-0.2589,0.494,373.55,371.9,1773.87,316.12,4.75,-0.29,-0.41
2001-05-01,-0.0508,-0.0674,-0.4637,0.0018,13.5096,10.3299,0.5802,0.043,0.4358,-0.0195,-0.1548,-0.2553,374.03,371.76,1770.89,316.11,4.76,-0.19,-0.28
2001-06-01,-0.1099,-0.0401,-0.1487,-0.0073,11.4559,13.4181,0.1596,-0.043,-0.0149,-0.0682,-0.4883,0.3698,373.4,370.81,1766.08,316.16,4.76,-0.08,-0.08
2001-07-01,-0.0194,-0.0396,-0.0895,-0.6602,9.0704,15.8519,0.3197,-0.2152,-0.03,-0.0755,-0.303,-0.8975,371.68,369.45,1763.01,316.23,4.77,-0.05,0.01
2001-08-01,-0.0498,-0.0569,-0.0812,-0.539,7.4608,17.4227,1.0335,-0.4156,0.5019,-0.0465,-0.1334,0.8752,369.78,368.32,1764.52,316.3,4.79,-0.13,-0.02
2001-09-01,-0.0822,-0.0354,-0.1899,-0.4147,6.7322,18.175,1.1486,-0.4375,-0.6816,-0.3977,0.13,1.1174,368.34,368.36,1770.44,316.41,4.81,-0.15,-0.05
2001-10-01,-0.1059,-0.0813,-0.254,-0.352,8.2983,17.726,0.805,-0.4988,0.6822,-0.137,-0.0693,1.2288,368.61,369.71,1775.48,316.59,4.83,-0.26,-0.18
2001-11-01,0.1024,-0.0416,-0.4883,0.0612,10.6578,15.6103,0.514,-0.2555,0.7894,0.4413,0.5394,0.9577,369.94,371.05,1776.59,316.76,4.86,-0.33,-0.27
2001-12-01,0.0291,-0.0502,-0.5353,0.1137,12.4907,10.3459,0.0866,-0.0563,-1.2755,-0.4591,0.2239,1.4184,371.42,371.97,1775.93,316.87,4.88,-0.32,-0.32
2002-01-01,0.0938,-0.0195,-0.1789,0.0068,14.2726,4.7396,0.2908,-0.3016,1.3321,0.1807,-0.0961,0.7176,372.7,372.51,1774.12,316.93,4.89,-0.15,-0.16
2002-02-01,-0.0035,-0.0494,0.0598,0.0509,15.3424,2.9604,0.4786,-0.1279,1.2571,0.7339,0.2071,1.2838,373.37,372.91,1772.87,316.97,4.91,0.07,0.01
2002-03-01,0.194,0.0072,-0.0535,-0.1914,15.3489,3.7483,0.3215,-0.3341,0.8698,0.4659,-0.5566,-1.7607,374.3,373.38,1773.41,316.96,4.93,0.11,0.03
2002-04-01,-0.064,-0.0191,0.0396,-0.3944,14.2994,6.3278,-0.0161,-0.6232,0.7217,0.5186,-1.1331,0.1566,375.19,373.73,1772.74,316.9,4.95,0.15,0.05
2002-05-01,0.075,-0.0028,0.2138,-0.6891,12.9706,9.5115,0.0412,-0.7753,0.387,-0.0729,-0.3908,-2.7007,375.93,373.71,1770.29,316.85,4.96,0.3,0.22
2002-06-01,0.0242,0.0019,0.6359,-0.2618,11.5834,12.3758,0.2871,-1.0853,0.5523,0.2146,0.1629,-1.0747,375.69,372.84,1766.88,316.83,4.97,0.45,0.44
2002-07-01,0.0349,-0.069,0.6104,-0.4594,9.2742,15.4147,0.5235,-0.6524,0.3159,0.3436,0.1535,-0.5723,374.16,371.41,1764.26,316.82,4.98,0.57,0.64
2002-08-01,-0.0454,-0.0868,0.7045,-0.2898,6.599,17.0667,0.1717,-0.7717,-0.2205,0.1495,0.1793,-0.0983,372.03,370.35,1767.0,316.82,4.99,0.63,0.8
2002-09-01,0.0012,-0.0717,0.8892,0.4091,5.8271,17.8874,0.2436,-0.7251,-0.0413,-0.3283,0.6569,-0.836,370.92,370.67,1773.75,316.87,5.01,0.78,0.97
2002-10-01,-0.0809,-0.0257,1.0693,0.4073,8.1619,17.8658,0.6686,-0.359,-1.4357,-0.961,-0.5494,-2.4746,370.73,371.95,1778.25,316.99,5.03,0.99,1.18
2002-11-01,-0.0519,-0.0412,1.2641,0.411,10.3419,15.4058,0.1981,-0.46,-1.3745,-0.2297,0.7868,-0.8929,372.43,373.28,1779.5,317.13,5.06,1.19,1.33
2002-12-01,-0.1232,0.0015,1.3408,-0.1219,12.6085,10.7854,0.2044,0.3832,-1.5355,-0.5703,0.8786,1.2592,373.98,374.26,1779.65,317.24,5.09,1.08,1.13
2003-01-01,0.1051,0.0107,0.9064,-0.303,14.3908,5.7727,0.4091,0.7315,-0.455,0.0835,0.6736,-0.955,375.07,374.94,1777.53,317.29,5.11,0.9,0.85
2003-02-01,-0.083,0.0189,0.6658,0.2622,15.1931,3.7886,0.3294,0.7003,0.1232,0.5002,0.5725,-0.3466,375.82,375.47,1774.83,317.34,5.12,0.59,0.47
2003-03-01,-0.1631,0.0251,0.5156,0.2582,15.4849,4.4444,0.4575,0.362,0.8997,0.3812,0.0462,-0.1835,376.64,375.91,1774.84,317.41,5.15,0.38,0.23
2003-04-01,-0.1205,-0.0245,-0.1485,-0.0008,14.5121,7.2083,0.1965,0.2572,-0.2005,-0.1591,0.1722,0.1948,377.92,376.39,1775.8,317.48,5.19,-0.01,-0.19
2003-05-01,-0.0187,-0.0359,-0.6245,0.168,13.0161,10.7358,0.0866,0.4489,0.9804,0.1081,-0.9649,0.3682,378.78,376.54,1774.46,317.51,5.22,-0.18,-0.34
2003-06-01,-0.1377,-0.0308,-0.3531,0.3752,11.604,13.9854,0.3077,0.5243,-0.0986,-0.0519,-0.0535,-0.7492,378.46,375.71,1771.66,317.53,5.23,-0.13,-0.24
2003-07-01,-0.0462,0.025,0.0471,0.5352,9.2148,16.402,0.4641,0.3349,0.0725,0.0262,0.0918,0.6985,376.88,374.16,1770.69,317.56,5.24,0.09,0.04
2003-08-01,0.047,0.0329,0.0323,0.5319,6.9359,17.5825,0.5086,-0.2558,-0.2705,-0.0778,-0.2089,0.6512,374.57,372.93,1774.3,317.63,5.25,0.14,0.09
2003-09-01,0.0697,0.0575,0.2038,-0.0768,6.1161,18.2983,0.5325,-0.3142,0.4499,0.0211,0.5703,-0.314,373.34,373.09,1780.54,317.77,5.28,0.23,0.17
2003-10-01,0.1042,0.0912,0.4347,-0.1568,7.8483,18.198,0.355,-0.0268,-0.6461,-0.6323,0.7023,-0.0265,373.31,374.36,1784.67,317.93,5.3,0.23,0.17
2003-11-01,-0.0345,0.0362,0.2149,-0.3398,10.1253,16.1095,-0.0184,0.2437,0.6195,0.3902,-0.8603,-0.6887,374.84,375.65,1785.29,318.04,5.32,0.29,0.25
2003-12-01,0.1763,0.011,0.3491,0.1677,12.5884,10.5636,0.1843,0.1613,0.2557,0.2627,0.4291,-1.278,376.17,376.52,1783.58,318.11,5.34,0.29,0.22
2004-01-01,-0.0432,0.023,0.2161,-0.1033,14.0264,5.5905,0.0447,0.5493,-1.6259,-0.1767,0.0647,0.7757,377.17,377.21,1780.8,318.18,5.36,0.34,0.23
2004-02-01,0.0223,0.0308,0.1649,0.0574,14.9144,3.5836,0.0428,0.4975,-1.4742,0.094,0.7547,-1.142,378.05,377.72,1779.77,318.19,5.38,0.27,0.12
2004-03-01,-0.0082,-0.0128,-0.1928,0.2606,14.9926,4.5262,-0.0348,0.4439,0.3066,0.7179,0.0888,0.4137,379.06,378.14,1780.95,318.16,5.4,0.19,0.07
2004-04-01,-0.0148,0.0009,-0.0486,-0.4312,13.9873,7.2798,-0.3282,0.3287,-0.3949,0.5042,0.3001,0.1432,380.54,378.47,1780.86,318.14,5.42,0.1,0.09
2004-05-01,-0.2153,-0.0696,0.077,-0.2038,12.5584,10.47,-0.371,0.1831,-0.091,0.2003,-0.8478,0.4406,380.8,378.4,1777.74,318.14,5.44,0.12,0.18
2004-06-01,-0.0923,-0.1027,-0.0077,-0.451,11.4471,13.78,0.1508,0.3189,-0.2276,-0.4001,-0.1991,1.1501,379.87,377.51,1772.41,318.13,5.44,0.22,0.36
2004-07-01,-0.2748,-0.0835,0.4945,-0.4511,9.4314,16.3325,0.6807,0.2654,-0.1935,0.5733,-0.1766,1.419,377.65,375.95,1768.09,318.14,5.45,0.39,0.54
2004-08-01,-0.1605,-0.0216,0.6488,-0.0358,6.8548,18.0101,0.4275,0.1717,-0.6947,-0.2439,0.7395,-0.0711,376.17,374.48,1769.89,318.17,5.47,0.54,0.69
2004-09-01,-0.044,-0.012,0.6846,-0.0647,5.9845,18.9192,0.4009,0.3068,0.8245,0.2306,-0.3423,0.242,374.43,374.38,1775.82,318.22,5.49,0.58,0.71
2004-10-01,0.0068,-0.0203,0.645,-0.0343,7.9253,18.4569,0.432,0.2321,-0.4972,-0.6334,-0.6856,-0.0435,374.63,375.72,1780.09,318.34,5.51,0.61,0.7
2004-11-01,0.074,-0.0069,0.5843,-0.2289,10.3433,16.0848,0.1995,0.219,0.6541,0.3634,0.1808,-0.236,376.33,377.19,1780.61,318.56,5.54,0.64,0.7
2004-12-01,-0.0967,-0.0144,0.6316,-0.0685,12.5536,10.2289,0.1495,-0.1733,1.1862,0.6299,0.1923,-0.9405,377.68,378.16,1778.22,318.76,5.56,0.71,0.69
2005-01-01,0.1461,0.087,0.6126,-0.1908,13.6615,4.7518,-0.3203,-0.2894,0.3434,0.8332,-0.041,-0.1266,378.63,378.73,1776.11,318.87,5.58,0.62,0.54
2005-02-01,0.0105,0.0849,0.2264,-0.8131,14.3729,2.9696,-0.4909,-0.1187,-1.2255,0.1495,0.2973,1.1964,379.91,379.27,1775.74,318.89,5.6,0.55,0.4
2005-03-01,0.0915,0.0493,0.2638,-0.7489,14.6866,4.0816,-0.3408,-0.0007,-1.399,-0.6825,0.421,0.1204,380.95,379.87,1775.56,318.86,5.62,0.4,0.26
2005-04-01,0.0701,0.0373,0.1341,0.0766,14.0898,7.032,-0.2257,0.0809,-0.0447,-0.2403,0.821,0.3402,382.48,380.32,1774.77,318.78,5.64,0.37,0.25
2005-05-01,0.0646,0.0809,0.2266,0.0055,12.9111,10.2888,-0.0183,0.0019,-0.7363,-0.5049,0.7436,-0.2891,382.64,380.42,1772.51,318.66,5.65,0.27,0.2
2005-06-01,0.0775,0.0708,0.2087,-0.0226,11.162,13.2915,-0.1343,-0.1696,-0.3697,-0.0427,0.0976,-1.379,382.4,379.6,1768.79,318.59,5.65,0.09,0.05
2005-07-01,0.0863,0.0804,0.0748,-0.5264,8.6487,16.1578,-0.1019,0.0907,-0.0293,-0.1795,0.2429,-0.2454,380.93,377.94,1766.39,318.65,5.66,-0.04,-0.06
2005-08-01,0.0308,0.0979,0.0502,-0.4755,6.3011,17.9225,-0.1262,0.0842,0.0251,0.1019,0.4866,0.2175,378.93,376.73,1768.15,318.77,5.68,-0.14,-0.11
2005-09-01,0.1256,0.0653,-0.1211,-0.4838,5.5038,18.8048,-0.0798,0.1923,0.7737,0.2658,0.8543,0.2296,376.89,376.76,1773.19,318.9,5.7,-0.11,-0.04
2005-10-01,0.1718,0.0525,-0.0727,-0.574,7.352,18.4768,-0.1413,0.252,0.0286,-0.433,0.5491,0.0274,377.19,378.07,1778.53,319.11,5.73,-0.27,-0.18
2005-11-01,0.1343,-0.0015,-0.5529,-0.3907,10.2163,16.3162,0.0725,0.4504,0.2195,-0.1491,-0.3642,-0.5342,378.54,379.53,1781.24,319.36,5.75,-0.57,-0.5
2005-12-01,0.1001,0.0119,-0.8245,-0.415,12.2276,9.6803,-0.1765,-0.722,-2.0292,-0.2095,0.7375,-1.8998,380.31,380.53,1780.27,319.57,5.78,-0.82,-0.81
2006-01-01,-0.0452,-0.0133,-0.9491,-0.1414,13.4656,4.1635,-0.5162,-0.8777,-0.1645,0.6477,0.2053,0.3243,381.58,381.34,1779.55,319.73,5.81,-0.86,-0.9
2006-02-01,0.0939,-0.004,-0.6854,-0.6563,14.325,2.6514,-0.5388,-0.4369,-0.1503,-0.1614,-0.0108,-0.2062,382.4,381.96,1779.47,319.8,5.83,-0.8,-0.87
2006-03-01,-0.0084,-0.0439,-0.6966,-0.2027,14.421,3.2146,-0.6064,-0.8677,-1.5656,-0.596,-0.2189,0.3833,382.86,382.35,1777.31,319.77,5.85,-0.63,-0.69
2006-04-01,-0.0703,-0.0121,-0.2838,0.1492,13.9059,6.0104,-0.4097,-0.9406,0.1333,0.5721,0.2217,-0.1657,384.8,382.67,1776.02,319.7,5.87,-0.45,-0.49
2006-05-01,-0.0766,0.0212,-0.0599,-0.2038,12.5174,9.4563,-0.4121,-0.8306,0.1502,-0.5472,-0.6427,1.6321,385.22,382.62,1774.88,319.69,5.89,-0.19,-0.19
2006-06-01,0.0822,0.0287,0.0984,-0.3791,10.9195,13.3448,-0.3768,-0.1163,1.0326,0.5198,-0.3019,0.4198,384.24,381.76,1769.21,319.66,5.9,-0.05,-0.05
2006-07-01,0.0043,-0.0141,-0.0057,-0.2262,8.4598,16.1141,-0.2908,0.047,0.0989,0.4035,0.5748,0.8899,382.65,380.06,1764.16,319.63,5.91,0.12,0.15
2006-08-01,0.0721,0.0199,0.3608,0.2631,6.4956,18.0976,0.0683,0.2593,-0.2559,-0.8356,-0.6417,-1.6677,380.6,378.47,1767.25,319.68,5.93,0.33,0.36
2006-09-01,0.0442,0.0594,0.5534,0.6387,5.8624,19.0941,0.2789,0.4816,0.5848,-0.7693,0.4278,-0.315,379.04,378.63,1774.58,319.82,5.95,0.54,0.57
2006-10-01,0.138,0.0301,0.6615,0.999,7.5411,18.7326,0.0478,0.5078,-0.9926,-1.0497,-0.3207,0.8453,379.33,380.09,1778.25,320.0,5.97,0.71,0.73
2006-11-01,0.1039,0.0828,0.8648,0.9237,9.6587,16.2298,-0.485,0.364,0.5027,0.2072,-0.7324,0.0952,380.35,381.45,1779.08,320.16,6.0,0.88,0.91
2006-12-01,0.1943,0.1013,1.1312,0.5445,11.9547,9.8541,-0.4494,-0.5481,2.2004,0.5888,1.0129,0.6131,382.02,382.4,1779.91,320.27,6.03,0.88,0.89
2007-01-01,0.3618,0.0797,0.7665,0.2419,13.703,4.6726,-0.2787,-0.3687,1.9614,0.2344,0.3936,-0.0824,383.1,383.03,1779.17,320.36,6.06,0.62,0.6
2007-02-01,0.0925,0.0851,0.0874,-0.2772,14.5132,2.9046,-0.3505,-0.1837,-1.2605,-0.1096,0.0464,0.0698,384.12,383.54,1778.57,320.38,6.09,0.19,0.16
2007-03-01,0.0036,0.0125,-0.089,0.2272,14.5421,3.8348,-0.4853,-0.2475,1.1508,0.8634,0.0858,-0.5487,384.81,384.01,1780.2,320.28,6.12,-0.12,-0.15
2007-04-01,0.1733,-0.0172,-0.1134,0.206,13.8452,6.4183,-0.4703,-0.5328,0.5248,0.0194,0.7332,-1.0006,386.73,384.27,1781.02,320.19,6.14,-0.32,-0.33
2007-05-01,0.0789,-0.047,-0.444,0.3347,12.7797,9.6478,-0.1498,-0.6391,0.8618,0.3728,0.084,-0.5925,386.78,384.12,1779.29,320.22,6.15,-0.34,-0.36
2007-06-01,-0.0227,0.0214,-0.1394,0.3911,11.2201,13.2873,-0.0762,-0.1738,-0.5353,-0.6328,-0.0653,-1.1576,386.33,383.26,1775.47,320.25,6.16,-0.41,-0.44
2007-07-01,0.0074,-0.0319,-0.4343,0.4446,7.9428,15.9558,-0.8078,-0.1113,-0.3825,-0.2695,1.074,-2.539,384.73,381.55,1772.68,320.18,6.17,-0.49,-0.5
2007-08-01,-0.0177,-0.0771,-0.6012,0.366,5.3423,17.6819,-1.085,-0.1564,-0.0326,-0.1422,1.2101,-0.1065,382.24,380.3,1777.37,320.23,6.19,-0.77,-0.79
2007-09-01,-0.0939,-0.0285,-0.8928,0.2975,4.2673,18.8606,-1.3163,0.2482,0.1725,0.2527,1.1847,0.027,381.2,380.69,1785.89,320.46,6.22,-1.05,-1.04
2007-10-01,-0.014,-0.0591,-1.2267,-0.1509,6.0397,18.5077,-1.4536,0.2829,0.3697,0.1166,0.3247,-0.4206,381.37,382.1,1789.67,320.74,6.26,-1.38,-1.33
2007-11-01,-0.0359,-0.1494,-1.4579,-0.3218,9.7602,15.8921,-0.3836,0.0263,-0.5003,0.3642,0.3664,-0.951,382.7,383.45,1789.29,320.96,6.28,-1.57,-1.49
2007-12-01,-0.0902,-0.1601,-1.2117,-0.3125,12.034,11.9805,-0.3701,1.5783,0.7918,0.1294,0.0756,1.8577,384.19,384.46,1788.04,321.16,6.31,-1.72,-1.65
2008-01-01,-0.3294,-0.1281,-1.6198,0.081,13.8873,6.4137,-0.0945,1.3725,0.7897,0.4375,-0.2426,1.1627,385.78,385.23,1786.69,321.33,6.34,-1.76,-1.73
2008-02-01,-0.3254,-0.1082,-1.5363,-0.4184,14.9534,3.8945,0.0819,0.8085,0.9269,0.5766,0.4817,1.0508,386.06,385.74,1785.82,321.39,6.37,-1.61,-1.62
2008-03-01,0.0218,-0.0914,-0.9432,-0.0572,15.1789,5.2845,0.1515,1.2021,0.5647,0.1584,-0.1443,0.5639,386.28,386.15,1786.15,321.38,6.39,-1.37,-1.39
2008-04-01,-0.1271,-0.1024,-0.8575,-0.4433,14.3519,8.2423,0.0364,1.2913,-0.4389,-0.4851,-0.4488,-0.8446,387.33,386.53,1786.9,321.39,6.41,-1.05,-1.04
2008-05-01,-0.11,-0.0499,-0.6923,0.2282,12.974,11.0494,0.0446,0.7625,-1.162,-0.7473,0.4489,-0.4747,388.78,386.49,1785.23,321.43,6.44,-0.85,-0.8
2008-06-01,-0.1973,-0.0457,-0.6424,0.3299,11.2083,14.0617,-0.088,0.6006,-0.0867,-0.7304,-0.6005,1.2976,387.99,385.58,1780.45,321.46,6.45,-0.56,-0.46
2008-07-01,-0.0225,-0.0008,-0.258,0.561,8.6779,16.0948,-0.0727,0.0277,-0.463,-0.6681,-0.287,0.3063,386.62,384.1,1777.62,321.43,6.46,-0.33,-0.24
2008-08-01,-0.0779,0.0086,-0.0639,0.3718,5.9131,17.6445,-0.5142,-0.1938,-0.0777,-0.651,0.2779,0.0813,384.32,382.77,1781.06,321.4,6.48,-0.2,-0.17
2008-09-01,-0.034,0.0357,-0.2471,-0.487,4.6874,18.145,-0.8962,-0.4674,-0.3151,0.4254,0.9365,1.3335,383.41,382.54,1787.64,321.49,6.51,-0.25,-0.26
2008-10-01,0.0373,0.0443,-0.2025,-0.1176,7.3499,17.9939,-0.1434,-0.2309,1.6161,-0.0395,0.4716,1.1689,383.22,383.67,1793.66,321.65,6.55,-0.36,-0.38
2008-11-01,0.0543,-0.0231,-0.3488,-0.3427,10.3429,16.2481,0.1991,0.3823,0.0888,-0.0973,0.5227,0.8843,384.41,385.18,1797.32,321.8,6.59,-0.57,-0.6
2008-12-01,-0.0449,-0.0252,-0.8413,-0.4231,12.3585,11.5117,-0.0456,1.1095,0.6246,-0.2384,-0.5924,1.1486,385.79,386.27,1796.56,321.97,6.62,-0.79,-0.86
2009-01-01,0.0583,0.007,-0.8148,-0.0871,13.9137,5.7074,-0.0681,0.6661,0.7712,-0.0307,0.1833,0.9256,387.17,387.03,1794.97,322.21,6.64,-0.89,-0.96
2009-02-01,-0.0303,-0.0514,-0.5955,0.3467,14.8115,2.9906,-0.0523,-0.0977,-0.6485,0.1157,-0.4031,0.437,387.7,387.48,1795.46,322.34,6.67,-0.84,-0.92
2009-03-01,-0.1182,-0.0498,-0.6384,0.4719,14.9836,4.4411,-0.0438,0.3587,0.1807,0.375,-0.4887,0.5625,389.04,387.71,1795.82,322.26,6.69,-0.63,-0.7
2009-04-01,-0.0605,0.0141,-0.1709,0.113,14.4956,7.7985,0.1801,0.8475,0.9378,-0.0786,0.2107,0.0256,389.76,387.99,1795.5,322.1,6.71,-0.35,-0.43
2009-05-01,-0.009,0.045,0.1931,0.1235,13.1867,10.9257,0.2573,0.6388,1.1511,0.9477,-0.4044,-0.709,390.36,387.95,1792.43,321.98,6.72,0.03,-0.05
2009-06-01,0.0054,0.1771,0.4378,0.0309,11.3203,13.9075,0.024,0.4464,-1.3028,-0.636,0.2217,-0.4556,389.7,386.96,1786.98,321.94,6.73,0.34,0.24
2009-07-01,0.1387,0.1676,0.5515,-0.4416,8.4655,16.2613,-0.2852,0.1942,-1.3078,-0.9691,0.5643,-1.1925,388.24,385.01,1785.05,322.02,6.75,0.5,0.35
2009-08-01,0.0463,0.1155,0.7068,-0.4936,6.1357,18.0978,-0.2916,0.2595,-0.0519,-0.1492,0.4705,-0.6635,386.29,383.63,1788.93,322.15,6.77,0.56,0.42
2009-09-01,0.0997,0.0591,0.7372,-0.3174,5.2616,18.9605,-0.322,0.348,0.8433,0.6946,0.7405,-0.0184,384.95,383.93,1794.81,322.3,6.8,0.66,0.53
2009-10-01,0.0801,0.1118,0.9268,-0.1405,6.9203,18.2982,-0.573,0.0734,-1.4852,-0.4707,0.0855,0.0793,384.64,385.49,1798.0,322.51,6.83,0.92,0.86
2009-11-01,0.1437,0.1155,1.474,-0.3098,9.7717,15.8478,-0.372,-0.018,0.4424,0.0408,0.0961,-1.8489,386.23,386.94,1797.86,322.71,6.86,1.31,1.29
2009-12-01,0.067,0.2316,1.7246,0.4741,12.1999,10.7385,-0.2042,0.3363,-3.2915,-1.2616,0.1846,0.5826,387.63,387.84,1796.72,322.84,6.89,1.5,1.5
2010-01-01,0.1923,0.189,1.577,0.4748,13.7391,4.9581,-0.2427,-0.0831,-2.4949,-0.6154,0.5829,-0.7323,388.91,388.62,1797.36,322.91,6.92,1.47,1.44
2010-02-01,0.2266,0.1828,1.2254,0.3476,14.5814,3.1055,-0.2824,0.0172,-4.114,-0.8372,0.4536,-0.75,390.41,389.34,1798.97,322.93,6.95,1.21,1.11
2010-03-01,0.2719,0.164,1.1608,0.4044,15.1367,3.8467,0.1093,-0.2356,-0.4468,-0.302,0.8093,0.0999,391.37,389.68,1799.48,322.94,6.98,0.88,0.69
2010-04-01,0.252,0.1848,0.6106,0.5534,14.6587,6.7154,0.3432,-0.2356,-0.2648,-0.4685,0.8914,0.3614,392.67,389.98,1799.61,322.97,6.99,0.38,0.1
2010-05-01,0.1933,0.1413,-0.1307,-0.4935,12.8661,10.6393,-0.0633,0.3524,-0.8861,-0.6066,-0.5637,0.9819,393.21,389.95,1797.64,323.0,7.01,-0.16,-0.5
2010-06-01,0.0876,0.1196,-0.5819,-0.0388,10.5851,14.4102,-0.7112,0.9491,-0.0126,-0.473,0.0685,1.994,392.38,389.01,1792.39,323.0,7.03,-0.66,-0.97
2010-07-01,0.053,0.0975,-0.957,-0.0798,8.0747,16.9213,-0.676,0.8542,0.4197,-0.1743,0.2217,2.3344,390.41,387.35,1789.28,323.02,7.05,-0.98,-1.21
2010-08-01,0.0473,0.0391,-1.2476,-0.1632,5.8749,18.6071,-0.5524,0.7687,-0.1126,-0.6364,0.5708,1.4535,388.54,386.23,1794.02,323.1,7.07,-1.24,-1.39
2010-09-01,0.0949,-0.0025,-1.3462,-0.7197,4.8651,18.7986,-0.7185,0.1861,-0.834,-0.3776,0.4565,0.3849,387.03,386.7,1801.93,323.26,7.08,-1.43,-1.54
2010-10-01,0.1164,-0.0247,-1.4275,-1.0637,6.9839,18.6483,-0.5094,0.4235,-0.4504,-0.3837,0.8894,1.2846,387.43,388.25,1806.71,323.5,7.11,-1.54,-1.61
2010-11-01,0.1366,-0.0466,-1.4536,-0.5007,9.614,16.7549,-0.5298,0.8891,-0.3625,-0.9318,-0.3548,1.4595,388.87,389.62,1807.08,323.75,7.13,-1.57,-1.63
2010-12-01,-0.1028,-0.0355,-1.2133,-0.2411,11.8308,11.2712,-0.5733,0.8689,-2.5375,-1.1721,-0.9674,0.1956,389.99,390.34,1803.29,323.92,7.16,-1.48,-1.55
2011-01-01,-0.0918,-0.0419,-1.4923,-0.1198,13.464,4.5117,-0.5178,-0.5295,-1.6233,-0.44,0.5762,0.048,391.5,390.85,1799.96,324.03,7.18,-1.29,-1.42
2011-02-01,-0.1716,-0.0292,-1.1948,-0.1237,14.363,2.5191,-0.5008,-0.5692,1.5193,0.5286,-0.7238,1.0329,392.05,391.29,1799.93,324.07,7.2,-1.06,-1.21
2011-03-01,-0.0556,-0.0186,-0.8315,-0.1463,14.5465,3.3678,-0.4809,-0.7145,1.2948,0.3587,0.4539,-0.2318,392.8,391.66,1800.94,324.07,7.23,-0.85,-0.97
2011-04-01,0.0131,-0.0406,-0.7531,-0.0763,14.1078,6.0966,-0.2077,-0.8544,2.1938,1.2381,-0.6107,-0.8413,393.44,392.05,1802.79,324.07,7.26,-0.68,-0.76
2011-05-01,-0.0468,-0.0265,-0.3766,-0.1192,12.6808,10.0927,-0.2487,-0.1942,-0.0339,-0.0297,0.2428,1.2178,394.41,392.08,1803.11,324.05,7.28,-0.5,-0.52
2011-06-01,0.0214,0.0071,-0.2901,0.0543,10.7487,13.3333,-0.5476,-0.1278,-0.8273,-0.7325,0.0832,-0.0979,393.95,391.14,1798.94,324.05,7.29,-0.34,-0.29
2011-07-01,0.1441,-0.0016,-0.1726,0.0451,7.7244,15.7525,-1.0263,-0.3145,-0.455,-0.7421,-0.3916,-1.3371,392.72,389.2,1796.01,324.06,7.3,-0.37,-0.29
2011-08-01,0.1119,-0.0342,-0.4122,0.3832,5.5025,17.8055,-0.9249,-0.0329,-1.0249,-0.7327,0.6894,-1.1614,390.33,387.87,1799.02,324.1,7.31,-0.5,-0.41
2011-09-01,0.0433,-0.0676,-0.6732,0.3587,4.5613,18.7392,-1.0223,0.1268,0.641,0.2486,-0.4739,-1.2077,389.28,388.27,1804.18,324.24,7.33,-0.76,-0.7
2011-10-01,0.0297,-0.0708,-0.7218,0.4008,6.4645,18.2185,-1.0288,-0.0063,0.7712,0.2561,0.386,0.3718,389.19,389.83,1809.6,324.45,7.37,-0.94,-0.91
2011-11-01,-0.0919,-0.0434,-1.0048,0.1143,9.7718,15.7574,-0.372,-0.1084,1.4072,0.73,-0.4559,-0.8775,390.48,391.2,1812.41,324.64,7.41,-1.02,-1.02
2011-12-01,-0.0391,-0.0929,-0.9901,-0.004,12.1536,11.199,-0.2505,0.7967,2.1418,1.2905,0.2597,2.4788,392.06,392.02,1810.1,324.77,7.44,-0.92,-0.96
2012-01-01,-0.167,-0.0648,-0.7265,-0.0111,13.7294,5.6539,-0.2523,0.6126,-0.2119,0.6634,0.2326,1.5241,393.31,392.61,1807.29,324.9,7.47,-0.71,-0.77
2012-02-01,-0.1837,-0.0206,-0.5576,-0.2208,14.5533,3.5532,-0.3182,0.4672,-0.0007,0.4481,0.6531,-0.2659,394.04,393.2,1808.19,324.97,7.5,-0.56,-0.6
2012-03-01,-0.1332,-0.0633,-0.445,0.0293,15.1963,4.5503,0.1689,0.4679,1.0001,0.7388,0.0967,0.2624,394.59,393.72,1809.95,324.95,7.53,-0.44,-0.5
2012-04-01,0.0538,-0.031,-0.529,-0.5859,14.6258,7.3092,0.3102,0.3582,-0.0334,0.1807,-0.0114,0.6393,396.38,393.99,1808.49,324.92,7.55,-0.35,-0.42
2012-05-01,0.1685,0.0307,-0.187,-0.6372,13.0118,10.457,0.0824,0.1701,0.1623,-0.3832,-0.1016,0.1448,396.93,393.88,1804.81,324.9,7.57,-0.18,-0.26
2012-06-01,0.1205,-0.0006,0.2738,0.0166,10.6745,13.5467,-0.6218,0.0856,-0.6486,-1.2143,-0.2676,-0.1926,395.91,392.84,1800.99,324.86,7.59,0.03,0.01
2012-07-01,0.0413,0.0381,0.2931,0.6577,7.6718,16.298,-1.0789,0.2309,0.1617,-0.6849,-0.4122,1.2117,394.56,391.0,1799.34,324.87,7.6,0.28,0.33
2012-08-01,0.0774,0.0339,0.7184,1.0102,4.7233,18.097,-1.704,0.2586,0.0134,-0.5253,-0.2039,0.4688,392.59,389.89,1803.27,324.97,7.62,0.39,0.43
2012-09-01,0.1088,0.0828,0.4485,0.9555,3.5656,19.2078,-2.018,0.5954,0.7447,-0.2631,-0.2051,0.5398,391.32,390.55,1810.12,325.12,7.65,0.37,0.37
2012-10-01,0.2193,0.0756,0.3647,0.2632,5.8859,18.5939,-1.6074,0.3691,-1.4602,-1.0235,-0.7225,-0.4308,391.27,392.16,1814.83,325.28,7.69,0.28,0.21
2012-11-01,0.1987,0.0528,0.5063,-0.0615,9.388,16.1099,-0.7558,0.2441,-0.1067,-0.286,-0.5128,-1.6424,393.2,393.56,1815.94,325.43,7.73,0.13,-0.03
2012-12-01,-0.0331,0.0634,-0.4974,0.2692,12.0064,10.3942,-0.3977,-0.008,-1.6865,-0.0736,-0.5104,-0.7387,394.57,394.39,1814.55,325.53,7.75,-0.03,-0.27
2013-01-01,0.1454,0.0178,-0.5076,0.2293,13.7026,5.5433,-0.2791,0.502,-0.5879,0.1866,0.2677,0.066,395.78,395.07,1814.05,325.58,7.78,-0.24,-0.55
2013-02-01,0.0202,0.0093,-0.511,-0.0584,14.7235,3.8364,-0.1403,0.7481,-1.1237,-0.0578,0.4828,0.888,397.03,395.69,1814.15,325.63,7.81,-0.28,-0.57
2013-03-01,0.0268,-0.0123,-0.2069,-0.1454,15.032,5.0174,0.0047,0.935,-3.0722,-0.7509,-0.0183,1.3231,397.66,396.28,1813.25,325.68,7.83,-0.23,-0.49
2013-04-01,-0.0368,0.0316,0.1225,-0.2002,14.2987,7.6226,-0.0168,0.6716,0.3106,0.3965,-0.6233,0.5862,398.64,396.74,1812.84,325.74,7.86,-0.2,-0.44
2013-05-01,0.0164,0.0446,-0.3242,-0.4753,12.9973,10.9197,0.0678,0.6328,0.4763,0.2992,-0.1606,0.3443,400.02,396.75,1811.95,325.81,7.88,-0.3,-0.48
2013-06-01,0.1084,-0.0269,-0.3424,-0.3183,11.3601,14.1548,0.0638,0.6938,0.529,0.4299,-0.0999,-0.2638,398.81,395.96,1808.57,325.9,7.9,-0.38,-0.48
2013-07-01,-0.0241,0.0788,-0.2601,-0.4757,8.1317,16.8085,-0.619,0.7415,-0.0108,0.2066,-0.4952,0.909,397.51,394.48,1805.97,325.96,7.92,-0.45,-0.48
2013-08-01,0.0557,0.0925,-0.4946,-0.1655,6.0135,18.6638,-0.4138,0.8254,0.1487,0.445,0.0608,-1.5075,395.39,393.24,1808.54,325.98,7.94,-0.34,-0.38
2013-09-01,0.1657,0.1009,0.0537,-0.3643,5.2083,19.3887,-0.3753,0.7762,-0.4446,0.0652,0.0337,-1.6014,393.72,393.21,1814.24,326.05,7.97,-0.32,-0.38
2013-10-01,0.0514,0.0478,-0.1637,-0.2441,7.4548,19.0178,-0.0385,0.793,0.2533,-0.5843,-0.1697,-0.4437,393.9,394.5,1818.5,326.2,8.0,-0.14,-0.22
2013-11-01,0.1525,0.133,-0.0881,-0.1059,9.939,16.8722,-0.2048,1.0064,1.9567,0.3713,-0.6595,0.1796,395.36,395.96,1820.34,326.38,8.04,-0.12,-0.23
2013-12-01,0.1256,0.0946,-0.1904,-0.2739,12.1843,11.8536,-0.2198,1.4513,1.4224,0.4382,-0.4006,0.0566,397.03,396.87,1819.32,326.52,8.06,-0.11,-0.27
2014-01-01,0.1256,0.0922,-0.5194,-0.0961,13.6475,6.3268,-0.3343,1.2856,-0.9344,0.1682,0.4599,-0.6607,398.04,397.51,1816.83,326.61,8.09,-0.24,-0.43
2014-02-01,-0.0912,0.0728,-0.8912,-0.0162,14.4176,3.843,-0.4462,0.7547,0.0421,0.8423,-0.4232,0.3081,398.27,397.97,1816.46,326.66,8.11,-0.21,-0.38
2014-03-01,0.0936,0.1235,-0.3602,-0.091,14.7575,4.9015,-0.2699,0.8192,1.1384,0.5628,-0.0741,0.4314,399.91,398.27,1818.2,326.72,8.14,-0.02,-0.15
2014-04-01,0.1091,0.1906,0.1946,-0.1023,14.0879,8.343,-0.2277,1.392,0.9373,0.0442,0.264,0.5892,401.51,398.63,1820.88,326.79,8.18,0.25,0.11
2014-05-01,0.1783,0.1662,0.4766,0.2722,12.7007,11.5194,-0.2287,1.2325,0.4476,-0.3863,-0.4157,-0.4318,401.96,398.69,1821.92,326.83,8.21,0.35,0.15
2014-06-01,0.0732,0.2063,0.4908,-0.0125,11.0326,14.6867,-0.2637,1.2256,-0.4895,-0.4523,-0.4847,0.8086,401.43,397.72,1818.44,326.89,8.23,0.22,0.0
2014-07-01,0.0667,0.161,-0.0546,-0.3199,8.1085,17.1057,-0.6422,1.0386,-0.4717,-0.0266,0.2362,0.2357,399.27,396.13,1815.74,327.03,8.26,0.07,-0.14
2014-08-01,0.137,0.2384,-0.0262,-0.7002,6.0779,18.908,-0.3494,1.0696,-0.3584,-0.8325,0.8358,-0.0593,397.18,395.02,1819.88,327.19,8.28,0.07,-0.09
2014-09-01,0.1803,0.2228,0.3224,-0.3891,5.2199,19.7564,-0.3636,1.1439,0.0982,0.6844,0.5139,-1.0813,395.54,395.12,1826.85,327.34,8.32,0.24,0.06
2014-10-01,0.1636,0.2135,0.4406,-0.1086,7.2325,19.0028,-0.2609,0.778,-1.0941,-0.5755,0.3555,-0.0401,396.16,396.38,1831.13,327.52,8.35,0.51,0.35
2014-11-01,0.0539,0.1887,0.7603,0.1056,10.1146,16.3878,-0.0292,0.522,-0.5115,0.1843,0.386,-0.5031,397.4,397.86,1832.88,327.72,8.39,0.7,0.54
2014-12-01,0.1871,0.1918,0.6336,-0.2173,12.3526,11.9283,-0.0515,1.526,0.3981,0.9174,0.4204,1.2724,399.08,398.83,1833.39,327.87,8.42,0.8,0.62
2015-01-01,0.1912,0.191,0.5047,-0.4247,13.6023,6.8519,-0.3794,1.8106,1.0527,0.8995,0.2235,0.6481,400.18,399.56,1833.1,327.98,8.44,0.73,0.54
2015-02-01,0.2032,0.1945,0.7508,-0.1968,14.4006,3.7989,-0.4631,0.7106,1.0054,0.8387,0.3542,1.1704,400.55,400.12,1832.97,328.04,8.47,0.65,0.47
2015-03-01,0.2316,0.1741,0.4417,0.0673,14.3705,4.9643,-0.6569,0.8819,1.8856,0.9418,-0.1299,0.7264,401.74,400.57,1833.19,328.04,8.5,0.72,0.59
2015-04-01,0.056,0.2654,0.843,0.245,13.8932,8.3732,-0.4224,1.4222,1.1723,0.1917,-0.0178,0.9893,403.35,400.96,1833.15,327.97,8.52,0.86,0.72
2015-05-01,0.1717,0.2619,0.8611,0.1249,12.4681,11.7161,-0.4613,1.4292,0.7355,0.1692,0.2918,0.3982,404.15,400.91,1831.53,327.92,8.54,1.04,0.89
2015-06-01,0.1873,0.2616,1.0717,0.1421,10.8789,14.4749,-0.4174,1.0138,0.4117,-0.017,0.0043,0.6834,402.97,400.06,1827.1,327.95,8.56,1.19,1.02
2015-07-01,0.1546,0.2773,1.3098,0.2096,8.3779,16.7752,-0.3728,0.7081,-1.0686,-1.4903,0.3786,1.6155,401.46,398.38,1824.58,328.03,8.57,1.44,1.27
2015-08-01,0.2433,0.2982,1.712,0.8563,5.5987,17.7494,-0.8286,-0.089,-0.6646,-0.3582,0.0494,1.0213,399.11,397.07,1828.98,328.12,8.6,1.73,1.54
2015-09-01,0.2628,0.3818,1.8489,0.945,4.6158,18.444,-0.9678,-0.1685,-0.1588,-0.33,-0.5666,0.5205,397.82,397.34,1836.21,328.24,8.63,2.02,1.8
2015-10-01,0.4413,0.3997,2.2818,0.4324,6.9662,18.4093,-0.5271,0.1844,-0.2413,0.3077,0.7724,-0.1663,398.49,398.8,1841.47,328.42,8.67,2.28,2.03
2015-11-01,0.3886,0.4103,2.8114,0.3927,9.8462,16.1751,-0.2976,0.3093,1.8757,0.9161,-0.1191,0.668,400.27,400.37,1844.55,328.61,8.71,2.45,2.18
2015-12-01,0.5381,0.4157,2.4619,-0.071,12.0448,10.6552,-0.3593,0.253,1.3927,1.0984,0.5176,-0.0593,402.06,401.66,1844.74,328.77,8.74,2.59,2.25
2016-01-01,0.5496,0.4896,2.5479,-0.3893,13.4568,4.6891,-0.525,-0.3521,-1.3973,0.106,1.121,1.3394,402.73,402.62,1842.52,328.87,8.77,2.5,2.14
2016-02-01,0.683,0.4072,2.2998,-0.2741,14.2027,2.7895,-0.6688,-0.2965,-0.0316,0.9659,0.8308,1.0104,404.25,403.26,1841.75,328.9,8.8,2.21,1.81
2016-03-01,0.6288,0.4154,1.6456,-0.1346,14.3999,4.069,-0.6274,-0.0133,0.2702,0.5096,0.3274,1.9629,405.06,403.85,1843.04,328.88,8.83,1.69,1.3
2016-04-01,0.529,0.354,0.9811,-0.0277,13.6813,7.2216,-0.6343,0.2706,-1.0138,0.118,0.5785,0.091,407.6,404.36,1843.74,328.88,8.86,1.11,0.65
2016-05-01,0.4103,0.297,0.219,-0.4354,11.9244,10.1024,-1.005,-0.1845,-0.0346,-0.2474,-0.279,0.0095,407.9,404.4,1842.16,328.91,8.89,0.57,0.08
2016-06-01,0.2623,0.3188,-0.0436,-0.5842,10.4129,13.2419,-0.8834,-0.2191,0.3017,-0.0628,-0.2727,2.4711,406.99,403.62,1837.88,328.91,8.9,0.09,-0.43
2016-07-01,0.3615,0.3063,-0.4827,-1.0814,7.9375,16.0238,-0.8131,-0.0433,0.0816,-0.8011,0.098,0.3896,404.59,402.1,1834.25,328.84,8.91,-0.19,-0.7
2016-08-01,0.4022,0.289,-0.5295,-0.5899,5.3705,17.892,-1.0568,0.0537,0.4555,-0.8748,-0.5381,-0.7145,402.45,400.78,1836.85,328.78,8.92,-0.34,-0.81
2016-09-01,0.3536,0.281,-0.4644,-1.17,4.5285,18.1501,-1.0551,-0.4624,0.7531,0.2167,-0.0831,2.2468,401.23,400.96,1844.32,328.86,8.94,-0.42,-0.88
2016-10-01,0.3417,0.2565,-0.7344,-0.5317,6.0816,17.46,-1.4117,-0.7648,-1.8492,0.2159,0.6754,-0.1733,401.79,402.41,1849.95,329.05,8.99,-0.51,-0.96
2016-11-01,0.4075,0.1771,-0.6759,-0.1873,8.6578,14.2227,-1.4859,-1.6431,-0.5893,-0.042,0.8364,-1.4562,403.72,403.76,1851.47,329.23,9.03,-0.49,-0.96
2016-12-01,0.3341,0.2239,-0.3644,-0.053,11.4594,8.2794,-0.9447,-2.1229,1.7228,0.1349,-0.111,-0.6882,404.64,404.67,1851.07,329.36,9.07,-0.37,-0.89
2017-01-01,0.4021,0.2618,-0.2894,0.0227,13.1901,3.7839,-0.7916,-1.2573,0.9084,0.1944,0.0907,-0.9495,406.36,405.33,1849.78,329.46,9.1,-0.08,-0.6
2017-02-01,0.5039,0.2846,0.0914,0.3172,14.1194,2.2879,-0.7444,-0.8004,0.3277,0.649,0.2657,-0.0168,406.66,405.91,1848.56,329.52,9.13,0.08,-0.44
2017-03-01,0.5025,0.2829,0.184,0.3058,14.2901,2.6991,-0.7373,-1.3833,1.3346,0.5268,0.1257,0.0625,407.54,406.32,1848.27,329.54,9.17,0.27,-0.18
2017-04-01,0.3277,0.3083,0.3429,0.7407,13.7535,5.4359,-0.5621,-1.5151,-0.0856,0.7508,0.4341,0.5945,409.22,406.6,1848.58,329.53,9.2,0.32,-0.1
2017-05-01,0.3675,0.2567,0.413,0.6579,12.6305,9.0138,-0.299,-1.2731,-0.7043,-0.8665,0.0248,1.0126,409.89,406.64,1847.23,329.51,9.23,0.35,-0.02
2017-06-01,0.2028,0.2634,0.3854,0.461,10.7564,12.4088,-0.5399,-1.0523,0.3873,0.0609,0.5521,0.5244,409.08,405.85,1842.88,329.58,9.24,0.32,-0.04
2017-07-01,0.2666,0.291,0.2742,0.5294,7.9394,15.2967,-0.8113,-0.7704,0.6116,0.424,0.3321,0.6998,407.33,404.11,1840.21,329.7,9.26,0.14,-0.23
2017-08-01,0.2969,0.2997,-0.0798,0.7935,5.4806,17.2189,-0.9467,-0.6194,0.1446,-0.5753,0.0367,0.7342,405.32,402.57,1844.6,329.79,9.29,-0.07,-0.46
2017-09-01,0.2755,0.2372,-0.3343,0.2196,4.8219,17.9059,-0.7617,-0.7066,-0.475,-0.3005,-0.4013,1.2472,403.57,402.66,1852.76,329.87,9.32,-0.23,-0.62
2017-10-01,0.3594,0.2235,-0.3943,0.1569,6.7671,17.7761,-0.7262,-0.4487,0.6657,0.0514,-0.3132,-0.5498,403.82,404.16,1858.02,330.01,9.35,-0.44,-0.82
2017-11-01,0.2508,0.2084,-0.9579,0.0217,9.4928,15.113,-0.651,-0.7528,-0.0749,0.0603,-1.1617,0.7405,405.31,405.7,1858.61,330.15,9.39,-0.61,-0.97
2017-12-01,0.3706,0.1447,-0.9711,-0.1862,11.7427,9.4821,-0.6614,-0.9202,-0.057,0.3228,0.5924,0.9462,407.0,406.75,1856.6,330.29,9.42,-0.76,-1.14
2018-01-01,0.2393,0.1733,-0.7256,-0.1968,13.0774,4.211,-0.9044,-0.8303,-0.2709,0.758,0.1497,1.227,408.15,407.53,1854.55,330.45,9.45,-0.71,-1.08
2018-02-01,0.2671,0.1377,-0.7041,0.2796,13.9673,2.3258,-0.8965,-0.7625,0.1086,0.9704,-0.2831,1.0013,408.52,408.23,1855.11,330.6,9.48,-0.67,-1.04
2018-03-01,0.2762,0.1971,-0.7748,-0.0139,14.2976,3.54,-0.7298,-0.5423,-1.0102,-0.4071,-0.584,0.2383,409.59,408.77,1856.96,330.69,9.51,-0.55,-0.9
2018-04-01,0.3047,0.217,-0.533,0.0258,13.6961,6.0332,-0.6195,-0.9179,0.5245,0.534,-0.319,-1.127,410.45,409.07,1856.76,330.71,9.53,-0.35,-0.69
2018-05-01,0.2468,0.2277,-0.1205,0.1424,12.232,9.3214,-0.6974,-0.9655,1.1375,1.1111,-0.5639,-0.0763,411.44,408.94,1854.75,330.7,9.55,-0.07,-0.33
2018-06-01,0.226,0.1804,0.1664,0.0101,10.7775,12.8852,-0.5188,-0.5758,0.3663,0.5609,0.0727,-0.014,410.99,408.06,1851.84,330.7,9.58,0.13,-0.02
2018-07-01,0.2793,0.1439,0.2292,0.2693,8.2681,15.7003,-0.4826,-0.3668,0.5899,0.6573,-0.6912,0.3608,408.9,406.48,1849.01,330.75,9.61,0.2,0.08
2018-08-01,0.2094,0.1763,0.2872,0.2945,5.6148,17.4174,-0.8125,-0.4209,0.8062,0.8647,0.7581,-0.333,407.16,405.11,1851.91,330.88,9.63,0.3,0.16
2018-09-01,0.1954,0.2259,0.3362,1.0217,4.7852,17.9613,-0.7983,-0.6512,0.5636,0.7681,0.6497,1.4036,405.71,405.18,1860.43,331.08,9.66,0.52,0.35
2018-10-01,0.3547,0.2931,0.8905,0.3494,6.1341,17.7322,-1.3592,-0.4926,0.398,0.4041,0.1445,0.5089,406.19,406.65,1865.74,331.29,9.71,0.82,0.62
2018-11-01,0.2411,0.3022,0.8835,0.4891,9.8231,15.1018,-0.3206,-0.764,-1.0766,-0.174,0.0663,0.9528,408.21,408.13,1866.26,331.48,9.75,1.04,0.82
2018-12-01,0.3296,0.3023,0.917,0.2672,11.8615,9.1881,-0.5426,-1.2141,0.1057,0.2201,0.5525,0.8941,409.27,409.19,1866.03,331.68,9.78,1.05,0.78
2019-01-01,0.283,0.2927,0.6867,0.2656,13.5672,3.8683,-0.4145,-1.1729,-0.6879,0.2172,0.3826,0.65,411.03,409.92,1865.03,331.78,9.8,0.99,0.68
2019-02-01,0.3129,0.2853,0.7205,-0.1229,14.3937,2.655,-0.4701,-0.4333,1.1085,0.2992,-0.3456,-0.4842,411.96,410.34,1865.07,331.75,9.82,0.94,0.64
2019-03-01,0.5111,0.3178,1.0051,-0.0862,14.5736,3.1686,-0.4537,-0.9137,2.0605,0.8186,0.1767,0.619,412.18,410.89,1866.31,331.66,9.85,0.87,0.57
2019-04-01,0.4368,0.2977,0.7351,0.0719,13.4344,5.7182,-0.8811,-1.2329,-0.2463,0.1934,-0.1254,0.3213,413.54,411.33,1865.34,331.61,9.88,0.82,0.53
2019-05-01,0.3518,0.2733,0.7612,0.5851,12.1859,8.8525,-0.7435,-1.4344,-1.1876,-1.1234,-0.1761,0.3201,414.86,411.34,1861.98,331.64,9.9,0.71,0.37
2019-06-01,0.3697,0.305,0.6117,0.6675,10.5936,12.2511,-0.7027,-1.21,-0.58,-0.587,-0.0364,1.4101,414.15,410.53,1858.6,331.73,9.93,0.59,0.24
2019-07-01,0.3979,0.3079,0.4316,0.7441,7.5893,15.3022,-1.1613,-0.7649,-0.8581,-0.5666,0.4489,-0.3782,411.96,408.88,1858.09,331.84,9.96,0.38,0.04
2019-08-01,0.357,0.3267,0.1491,1.1877,5.0263,17.4777,-1.401,-0.3606,-0.6962,-0.6478,0.4674,-1.0442,410.17,407.65,1863.0,331.88,9.98,0.2,-0.12
2019-09-01,0.3747,0.2695,-0.0182,1.353,4.3639,18.3348,-1.2197,-0.2777,0.2952,-0.0797,1.1213,0.5404,408.76,407.92,1870.87,331.93,10.0,0.31,-0.01
2019-10-01,0.4533,0.2952,0.536,1.8288,5.7349,17.9367,-1.7584,-0.2881,-0.0794,-0.6976,-0.6078,-0.8945,408.74,409.44,1875.48,332.08,10.03,0.51,0.15
2019-11-01,0.4077,0.3064,0.4613,1.5981,9.3528,14.9948,-0.791,-0.871,-1.151,0.055,-0.067,-1.7764,410.47,410.87,1875.68,332.26,10.07,0.72,0.29
2019-12-01,0.5382,0.3191,0.4204,0.7085,11.9031,9.4087,-0.501,-0.9935,0.3973,0.6209,0.1541,-1.3137,411.97,411.76,1874.64,332.4,10.1,0.75,0.22
2020-01-01,0.5798,0.3682,0.5279,0.2888,13.6359,4.5982,-0.3459,-0.443,2.3328,0.6885,-0.1429,-0.2254,413.59,412.43,1872.91,332.5,10.12,0.71,0.14
2020-02-01,0.5943,0.3393,0.3427,-0.1402,14.6421,2.9201,-0.2294,-0.1659,3.242,0.8329,0.2336,0.2822,414.32,412.95,1872.3,332.55,10.15,0.66,0.1
2020-03-01,0.4905,0.3732,0.4784,-0.203,14.73,4.0027,-0.2974,-0.0796,2.5473,0.5527,-1.1348,1.3728,414.72,413.44,1874.36,332.61,10.18,0.57,0.02
2020-04-01,0.5199,0.3707,0.4098,-0.2107,13.6215,6.6624,-0.694,-0.2887,0.895,-0.3399,-0.4473,-0.4606,416.42,413.86,1875.78,332.69,10.2,0.33,-0.25
2020-05-01,0.461,0.3285,-0.2499,0.3847,12.3431,9.8711,-0.5863,-0.4158,-0.0262,-0.0351,0.3585,0.5534,417.28,413.81,1874.42,332.77,10.23,0.04,-0.55
2020-06-01,0.3612,0.3061,-0.296,0.579,10.5928,13.2744,-0.7035,-0.1866,-0.1176,-0.1645,0.5063,1.03,416.58,412.88,1871.96,332.87,10.26,-0.18,-0.72
2020-07-01,0.3262,0.3542,-0.1583,0.277,7.294,15.7214,-1.4567,-0.3457,-0.3973,-0.4361,0.6573,-0.5293,414.58,411.17,1871.47,332.99,10.28,-0.29,-0.76
2020-08-01,0.2676,0.3707,-0.5627,-0.4362,5.07,17.7584,-1.3573,-0.08,-0.3677,0.0932,1.262,-0.6972,412.75,409.74,1876.41,333.11,10.3,-0.43,-0.85
2020-09-01,0.4295,0.3235,-0.6668,-0.4412,4.0005,18.8384,-1.583,0.2259,0.6089,0.474,0.4221,0.1849,411.5,410.0,1884.56,333.24,10.32,-0.77,-1.16
2020-10-01,0.3761,0.2992,-1.1642,-0.0283,5.334,18.4934,-2.1593,0.2686,-0.0693,-0.3727,-0.3415,1.2158,411.49,411.66,1889.98,333.41,10.36,-1.0,-1.37
2020-11-01,0.5399,0.2581,-1.2592,-0.166,8.9852,16.2309,-1.1586,0.3651,2.0121,1.2728,0.1026,0.7816,413.1,413.25,1891.49,333.61,10.39,-1.11,-1.46
2020-12-01,0.2337,0.2062,-1.018,0.0639,11.7295,10.5747,-0.6746,0.1724,-1.6743,-0.1481,0.8531,1.4258,414.23,414.14,1890.95,333.76,10.42,-1.06,-1.39
2021-01-01,0.2419,0.199,-0.924,0.087,13.5009,4.7773,-0.4808,-0.264,-2.3953,-0.6686,0.1357,1.0047,415.49,414.73,1888.56,333.88,10.46,-0.99,-1.32
2021-02-01,0.0646,0.2128,-0.8842,0.4035,14.3896,2.8923,-0.4742,-0.1961,-1.1485,0.1947,0.0528,1.2929,416.72,415.2,1886.62,333.96,10.48,-0.85,-1.18
2021-03-01,0.1924,0.2366,-0.5528,0.0904,14.6582,4.4835,-0.3691,0.4012,2.0387,0.4508,-0.5153,0.103,417.61,415.49,1887.96,334.01,10.52,-0.74,-1.08
2021-04-01,0.1901,0.2427,-0.5806,0.1762,13.7919,7.1324,-0.5237,0.1814,-0.1948,-0.6831,-0.4137,0.7849,419.01,415.81,1890.77,334.06,10.56,-0.56,-0.89
2021-05-01,0.2524,0.2849,-0.3181,-0.4716,12.6819,10.4008,-0.2475,0.1139,-0.1466,-0.4873,-0.5063,0.275,419.09,416.01,1891.28,334.1,10.6,-0.4,-0.68
2021-06-01,0.2136,0.2984,-0.0245,-0.3354,10.7651,13.5417,-0.5312,0.0806,0.8144,0.4011,0.3048,1.1345,418.93,415.2,1888.07,334.13,10.63,-0.31,-0.57
2021-07-01,0.3318,0.3428,-0.1903,-0.5321,7.647,16.4519,-1.1037,0.3848,0.6077,-0.0222,0.0577,-0.4455,416.9,413.45,1885.97,334.15,10.64,-0.35,-0.6
2021-08-01,0.312,0.3139,-0.291,-0.2921,5.715,18.1941,-0.7123,0.3558,-0.2019,-0.1333,0.5177,-0.2211,414.42,412.15,1892.28,334.23,10.67,-0.46,-0.76
2021-09-01,0.3974,0.3346,-0.27,-0.3416,4.9524,18.5092,-0.6312,-0.1032,-0.2427,-0.1571,-0.1045,1.286,413.26,412.38,1902.35,334.4,10.7,-0.64,-0.95
2021-10-01,0.4214,0.3223,-0.7963,-0.6118,6.8163,17.6891,-0.677,-0.5357,-0.1407,-1.095,0.369,0.4345,413.9,413.83,1907.89,334.62,10.74,-0.77,-1.08
2021-11-01,0.3488,0.3112,-0.8761,-0.1441,9.8302,15.0416,-0.3136,-0.8242,0.0896,-0.1192,0.3557,1.2713,414.97,415.58,1909.28,334.84,10.79,-0.91,-1.24
2021-12-01,0.3209,0.2327,-1.0655,-0.0836,12.1518,9.2449,-0.2523,-1.1574,0.191,-0.0314,-1.1262,2.0752,416.67,416.6,1907.98,335.04,10.82,-0.83,-1.22
2022-01-01,0.2759,0.3172,-0.8405,-0.3464,13.8716,3.9352,-0.1102,-1.106,0.8181,0.5795,0.3984,0.7932,418.13,417.18,1906.33,335.21,10.85,-0.76,-1.18
2022-02-01,0.2342,0.2772,-0.7201,-0.2522,14.6116,2.2129,-0.2522,-0.8754,1.4894,1.0675,0.4939,0.6176,419.24,417.64,1906.43,335.31,10.88,-0.68,-1.13
2022-03-01,0.3968,0.2705,-0.8983,-0.0608,14.5858,2.8589,-0.4416,-1.2234,0.2942,0.5367,0.166,0.5359,418.76,418.15,1907.77,335.38,10.92,-0.77,-1.19
2022-04-01,0.2828,0.2541,-0.9913,-0.4069,13.986,5.9481,-0.3296,-1.0029,-0.5813,-0.2094,-0.2825,0.5103,420.19,418.58,1908.84,335.43,10.96,-0.86,-1.26
2022-05-01,0.2508,0.2555,-1.065,-0.5611,12.8787,9.4181,-0.0508,-0.8688,1.1799,0.3711,-0.3607,0.0906,420.97,418.45,1907.5,335.45,10.99,-0.83,-1.17
2022-06-01,0.3089,0.3092,-0.6588,-0.4052,10.8755,12.2181,-0.4208,-1.243,-0.0717,-0.0027,-0.0259,-0.8425,420.94,417.43,1904.82,335.48,11.01,-0.73,-0.95
2022-07-01,0.3783,0.2882,-0.6387,-0.8994,8.2872,14.9861,-0.4634,-1.081,0.0239,0.0509,0.992,0.4283,418.85,415.67,1903.99,335.54,11.03,-0.7,-0.86
2022-08-01,0.2966,0.3175,-0.979,-0.947,5.9495,17.0502,-0.4778,-0.7881,-0.164,0.6135,0.3616,0.7026,417.15,414.4,1908.34,335.63,11.05,-0.78,-0.94
2022-09-01,0.3454,0.32,-0.9305,-0.8435,4.8969,18.0621,-0.6866,-0.5503,-0.632,-0.7024,0.0044,1.4135,415.91,414.62,1915.03,335.75,11.07,-0.87,-1.07
2022-10-01,0.4089,0.2953,-0.8356,-0.792,6.6574,17.4736,-0.836,-0.7512,1.2978,-0.282,-0.1108,0.316,415.74,416.13,1919.44,335.92,11.11,-0.89,-1.1
2022-11-01,0.1649,0.3069,-0.9502,-0.1898,9.7253,15.1594,-0.4185,-0.7064,0.3267,0.2797,-0.3794,1.6496,417.47,417.84,1922.27,336.12,11.15,-0.82,-1.05
2022-12-01,0.2694,0.3343,-0.8476,0.3466,11.8919,8.8389,-0.5122,-1.5633,-2.6225,-0.1329,-0.2979,1.637,418.99,418.91,1922.14,336.29,11.19,-0.7,-0.99
2023-01-01,0.245,0.3226,-0.6871,0.2346,13.364,3.2965,-0.6177,-1.7448,-0.6504,0.7289,0.1539,2.2187,419.48,419.37,1919.95,336.41,11.23,-0.55,-0.86
2023-02-01,0.297,0.3331,-0.4662,0.4435,14.1888,1.9776,-0.675,-1.1107,1.5434,0.6315,-0.094,0.5313,420.31,419.65,1918.94,336.49,11.25,-0.33,-0.68
2023-03-01,0.5145,0.422,-0.0168,0.4197,14.4304,2.8382,-0.597,-1.2441,0.2702,-0.5634,-0.8047,-0.2514,420.99,419.98,1918.71,336.53,11.29,-0.11,-0.55
2023-04-01,0.3201,0.4985,0.1875,0.2329,13.9236,5.5378,-0.3919,-1.4133,-0.9386,-0.3152,-0.1468,-0.8902,423.35,420.48,1919.61,336.54,11.33,0.19,-0.31
2023-05-01,0.3904,0.4767,0.4825,0.0402,12.8218,8.4474,-0.1077,-1.8395,1.0939,0.2108,-0.0895,1.3973,424.0,420.54,1919.0,336.54,11.36,0.46,-0.04
2023-06-01,0.532,0.5384,0.9359,0.0661,10.9874,11.1149,-0.3089,-2.3461,-0.2761,-0.2299,0.4795,-0.4247,423.68,419.56,1914.97,336.56,11.39,0.73,0.28
2023-07-01,0.7249,0.6165,1.0863,0.2948,8.2071,13.5661,-0.5436,-2.501,-0.1491,-1.0309,0.3184,-0.7914,421.83,417.92,1912.91,336.6,11.42,1.0,0.54
2023-08-01,0.7105,0.654,1.3364,0.8471,5.5139,15.5747,-0.9134,-2.2637,-0.581,-0.5671,0.1394,-0.0393,419.68,416.78,1916.72,336.65,11.45,1.25,0.79
2023-09-01,0.9263,0.6487,1.5884,0.9743,4.3805,16.8906,-1.2031,-1.7219,0.3067,-0.3021,0.6122,-1.0152,418.5,417.17,1924.38,336.73,11.47,1.5,1.04
2023-10-01,0.8498,0.6302,1.6147,1.3821,6.4123,16.2783,-1.0811,-1.9466,-0.3993,-0.8846,0.6626,0.5136,418.82,418.84,1930.07,336.89,11.51,1.74,1.3
2023-11-01,0.8566,0.6417,1.9151,1.028,9.6819,14.3784,-0.4619,-1.4874,-0.0346,-0.2428,0.2338,0.0906,420.46,420.4,1931.55,337.09,11.56,1.9,1.42
2023-12-01,0.8437,0.6419,2.0109,0.9855,11.9784,8.7649,-0.4257,-1.6373,-0.2137,0.6931,0.6352,1.4535,421.86,421.5,1931.16,337.3,11.61,1.99,1.4
2024-01-01,0.6966,0.7021,1.8043,0.748,13.9164,4.0466,-0.0654,-0.9947,-0.2029,0.0649,0.2755,0.8865,422.8,422.2,1928.2,337.46,11.63,1.84,1.13
2024-02-01,0.8054,0.6279,1.5539,0.3283,14.607,2.1873,-0.2645,-0.8987,0.6121,0.719,0.0884,1.003,424.55,422.79,1925.59,337.54,11.66,1.53,0.78
2024-03-01,0.7309,0.5907,1.2482,0.6533,14.8681,3.2206,-0.1592,-0.8617,-0.5886,-0.0665,0.2383,-0.0583,425.38,423.38,1926.84,337.56,11.7,1.18,0.42
2024-04-01,0.6698,0.6298,0.8375,0.1653,14.0407,6.2525,-0.2748,-0.6985,0.4479,-0.411,-0.4279,0.967,426.51,423.85,1928.26,337.6,11.74,0.77,0.04
2024-05-01,0.6469,0.5777,0.2727,0.2167,12.7354,9.3627,-0.194,-0.9242,-0.0464,-0.1507,-1.0217,-0.0729,426.9,423.93,1925.49,337.66,11.77,0.43,-0.28
2024-06-01,0.6753,0.5951,0.221,-0.1949,10.8542,11.8484,-0.4421,-1.6127,0.1314,0.0341,0.5043,0.2001,426.91,423.23,1921.36,337.69,11.79,0.18,-0.45
2024-07-01,0.6811,0.6018,0.1754,-0.2905,7.87,14.2011,-0.8807,-1.866,0.5658,0.7292,0.7234,-0.578,425.55,421.61,1920.38,337.66,11.82,0.06,-0.49
2024-08-01,0.7125,0.5644,-0.0605,0.3033,5.1303,16.4141,-1.297,-1.4242,1.2378,0.2259,-0.4698,-2.0759,422.99,420.27,1924.84,337.62,11.85,-0.04,-0.56
2024-09-01,0.7237,0.5784,-0.2557,0.1977,4.3513,17.154,-1.2322,-1.4585,-0.6016,-0.6981,0.8177,0.0919,422.03,420.59,1934.24,337.67,11.88,-0.12,-0.67
2024-10-01,0.7989,0.5746,-0.3245,-0.5458,5.9338,16.6501,-1.5595,-1.5747,0.506,-0.306,0.179,-0.5492,422.38,422.33,1940.67,337.85,11.91,-0.19,-0.76
2024-11-01,0.7312,0.5266,-0.1118,-0.6159,9.1463,14.312,-0.9975,-1.5538,-0.0362,-0.0793,0.0317,0.9805,423.85,424.07,1940.1,338.08,11.95,-0.29,-0.88
2024-12-01,0.7573,0.4737,-0.6297,-0.5541,11.4075,9.5931,-0.9965,-0.8091,-0.3236,0.4418,0.905,-0.7988,425.4,425.2,1937.63,338.29,11.99,-0.43,-1.05
2025-01-01,0.7854,0.5431,-0.7678,-0.4697,13.1099,4.6925,-0.8719,-0.3488,-0.0671,-0.2291,0.5154,-0.0799,426.65,426.01,1935.72,338.43,12.03,-0.46,-1.1
2025-02-01,0.6316,0.5293,-0.3538,-0.0136,13.7451,2.2175,-1.1186,-0.8708,-0.8338,0.9423,0.9191,-0.2636,427.09,426.46,1934.41,338.51,12.06,-0.22,-0.85
2025-03-01,0.653,0.4937,0.1317,0.246,14.1187,3.0021,-0.9087,-1.0803,0.5365,0.32,-0.0796,0.7044,428.15,426.66,1934.02,338.59,12.1,-0.08,-0.66
2025-04-01,0.6009,0.4582,-0.1348,0.2741,13.8286,6.1733,-0.4869,-0.7778,0.2581,0.0245,-0.3178,1.0948,429.64,427.03,1934.58,338.64,12.15,0.02,-0.5
2025-05-01,0.5257,0.4676,-0.0408,0.2625,12.4943,9.2731,-0.4351,-1.0138,0.872,0.2786,-0.6982,0.4879,430.51,427.04,1933.18,338.65,12.19,-0.04,-0.48
2025-06-01,0.4751,0.4506,0.0156,0.0407,10.4047,12.1139,-0.8916,-1.3472,1.0939,0.2742,-0.3165,0.1991,429.61,425.9,1929.01,338.67,12.23,-0.02,-0.36
2025-07-01,0.4499,0.5146,-0.0688,-0.1399,7.6601,14.6649,-1.0906,-1.4022,0.482,0.233,0.0687,0.7236,427.87,424.09,1927.17,338.75,12.26,-0.11,-0.41
2025-08-01,0.4909,0.4983,-0.3159,-0.6565,5.3946,16.5021,-1.0327,-1.3363,0.0348,0.1847,-0.1322,0.3413,425.48,422.86,1931.43,338.85,12.29,-0.26,-0.59
2025-09-01,0.6582,0.4617,-0.4067,-0.7521,4.7472,17.6363,-0.8364,-0.9762,0.0463,-0.3739,0.4241,-0.6863,424.37,423.06,1939.32,338.98,12.32,-0.43,-0.78
2025-10-01,0.6953,0.4376,-0.4741,-1.167,6.3167,16.9647,-1.1766,-1.2601,0.0619,-0.3982,0.5193,-1.1944,424.87,424.66,1945.06,339.2,12.37,-0.57,-0.93
2025-11-01,0.6517,0.3563,-0.7244,-0.6249,8.7747,14.5761,-1.3691,-1.2897,-0.4503,-0.4344,0.4399,-1.2787,426.46,426.39,1945.45,339.46,12.43,-0.61,-0.98
2025-12-01,0.4852,0.3765,-0.6372,-0.2802,11.2221,9.2183,-1.182,-1.184,0.2573,-0.461,-0.6987,-1.0975,427.49,427.31,1942.53,339.64,12.48,-0.6,-1.04
2026-01-01,0.5096,0.4625,-0.5739,0.2185,13.1066,4.4923,-0.8751,-0.5489,-1.9755,-0.1798,0.3296,0.8148,428.62,428.02,1940.78,339.73,12.53,-0.39,-0.91
2026-02-01,0.5361,0.5047,-0.1909,0.6706,14.0984,2.9118,-0.7654,-0.1766,-1.2113,0.4011,-0.2807,0.4686,429.35,428.44,1939.53,339.75,12.56,-0.21,-0.76
2026-03-01,0.534,0.5506,0.0167,0.0947,14.131,3.5675,-0.8964,-0.5148,1.9709,1.5187,-0.8519,0.4719,430.15,428.48,1936.98,339.75,12.6,0.11,-0.44
2026-04-01,0.5232,0.5989,0.4732,0.1621,13.5684,6.1783,-0.7471,-0.7727,0.245,0.5959,-0.5145,-0.1232,431.12,428.67,1937.76,339.78,12.65,0.46,-0.04
2026-05-01,0.5455,0.5781,0.9419,-0.3961,12.14,9.3447,-0.7894,-0.9422,0.5254,-0.2767,-0.3164,0.5224,432.34,428.59,1939.44,339.82,12.7,0.95,0.49
2026-06-01,0.5593,0.6359,1.6042,-0.3351,10.4223,12.332,-0.874,-1.129,0.6365,0.091,-0.1507,2.4142,431.43,427.62,,,,1.39,0.97
2026-07-01,0.6719,0.7085,2.098,0.1541,7.7136,15.0132,-1.037,-1.0539,0.2926,-0.0499,-0.2567,0.3772,429.13,,,,,1.8,1.36
2026-08-01,0.8462,0.7439,2.5856,0.2501,5.5614,16.4625,-0.8659,-1.3758,-0.0541,-1.1016,-0.1159,-0.6045,427.55,,,,,2.16,1.69
2026-09-01,0.8191,0.8006,2.9596,0.6305,4.8104,17.3223,-0.7732,-1.2901,1.1144,0.1747,-0.5379,0.2508,,,,,,,
