date,decimal_date,co2_ppm,yoy_change_ppm,record_high
1974-05-19,1974.3781,333.46,,
1974-05-20,1974.3808,333.64,,True
1974-05-21,1974.3836,333.5,,False
1974-05-22,1974.3863,333.21,,False
1974-05-23,1974.389,333.05,,False
1974-05-26,1974.3973,333.32,,False
1974-05-27,1974.4,332.79,,False
1974-05-28,1974.4027,332.43,,False
1974-05-29,1974.4055,332.6,,False
1974-05-30,1974.4082,333.3,,False
1974-05-31,1974.411,333.25,,False
1974-06-04,1974.4219,333.08,,False
1974-06-05,1974.4247,332.75,,False
1974-06-06,1974.4274,331.83,,False
1974-06-07,1974.4301,332.09,,False
1974-06-08,1974.4329,332.0,,False
1974-06-09,1974.4356,332.36,,False
1974-06-10,1974.4384,332.25,,False
1974-06-11,1974.4411,332.28,,False
1974-06-12,1974.4438,332.03,,False
1974-06-13,1974.4466,331.85,,False
1974-06-14,1974.4493,332.63,,False
1974-06-15,1974.4521,332.02,,False
1974-06-16,1974.4548,332.1,,False
1974-06-17,1974.4575,332.18,,False
1974-06-18,1974.4603,332.74,,False
1974-06-19,1974.463,332.33,,False
1974-06-20,1974.4658,332.35,,False
1974-06-21,1974.4685,332.53,,False
1974-06-22,1974.4712,332.35,,False
1974-06-23,1974.474,332.25,,False
1974-06-24,1974.4767,331.44,,False
1974-06-25,1974.4795,332.08,,False
1974-06-27,1974.4849,331.28,,False
1974-06-28,1974.4877,331.61,,False
1974-06-30,1974.4932,331.85,,False
1974-07-02,1974.4986,331.44,,False
1974-07-03,1974.5014,332.06,,False
1974-07-04,1974.5041,331.65,,False
1974-07-05,1974.5068,331.58,,False
1974-07-06,1974.5096,331.53,,False
1974-07-08,1974.5151,331.57,,False
1974-07-09,1974.5178,331.65,,False
1974-07-10,1974.5205,331.47,,False
1974-07-11,1974.5233,331.55,,False
1974-07-12,1974.526,331.26,,False
1974-07-13,1974.5288,331.27,,False
1974-07-15,1974.5342,331.04,,False
1974-07-16,1974.537,330.8,,False
1974-07-18,1974.5425,330.69,,False
1974-07-19,1974.5452,330.96,,False
1974-07-20,1974.5479,330.68,,False
1974-07-21,1974.5507,330.65,,False
1974-07-22,1974.5534,330.82,,False
1974-07-23,1974.5562,330.7,,False
1974-07-24,1974.5589,331.17,,False
1974-07-25,1974.5616,331.21,,False
1974-07-26,1974.5644,330.29,,False
1974-07-27,1974.5671,330.45,,False
1974-07-31,1974.5781,330.15,,False
1974-08-01,1974.5808,329.59,,False
1974-08-02,1974.5836,329.69,,False
1974-08-03,1974.5863,329.79,,False
1974-08-04,1974.589,330.23,,False
1974-08-06,1974.5945,329.77,,False
1974-08-08,1974.6,330.15,,False
1974-08-09,1974.6027,329.73,,False
1974-08-10,1974.6055,329.37,,False
1974-08-11,1974.6082,329.02,,False
1974-08-12,1974.611,329.38,,False
1974-08-13,1974.6137,329.34,,False
1974-08-15,1974.6192,328.63,,False
1974-08-17,1974.6247,329.36,,False
1974-08-18,1974.6274,329.37,,False
1974-08-19,1974.6301,329.3,,False
1974-08-20,1974.6329,329.07,,False
1974-08-21,1974.6356,329.41,,False
1974-08-23,1974.6411,328.76,,False
1974-08-24,1974.6438,328.47,,False
1974-08-25,1974.6466,328.69,,False
1974-08-26,1974.6493,328.89,,False
1974-08-27,1974.6521,328.36,,False
1974-08-28,1974.6548,327.96,,False
1974-08-29,1974.6575,328.12,,False
1974-08-30,1974.6603,328.24,,False
1974-08-31,1974.663,328.06,,False
1974-09-01,1974.6658,328.15,,False
1974-09-03,1974.6712,328.19,,False
1974-09-05,1974.6767,328.19,,False
1974-09-06,1974.6795,327.88,,False
1974-09-07,1974.6822,327.87,,False
1974-09-09,1974.6877,327.8,,False
1974-09-10,1974.6904,327.84,,False
1974-09-11,1974.6932,327.46,,False
1974-09-14,1974.7014,327.14,,False
1974-09-15,1974.7041,327.06,,False
1974-09-17,1974.7096,326.06,,False
1974-09-18,1974.7123,326.79,,False
1974-09-19,1974.7151,327.23,,False
1974-09-20,1974.7178,326.78,,False
1974-09-21,1974.7205,326.42,,False
1974-09-23,1974.726,327.05,,False
1974-09-24,1974.7288,326.42,,False
1974-09-25,1974.7315,326.25,,False
1974-09-27,1974.737,327.5,,False
1974-09-28,1974.7397,327.72,,False
1974-09-29,1974.7425,327.28,,False
1974-09-30,1974.7452,327.59,,False
1974-10-01,1974.7479,327.48,,False
1974-10-03,1974.7534,327.53,,False
1974-10-05,1974.7589,326.69,,False
1974-10-06,1974.7616,327.01,,False
1974-10-07,1974.7644,327.29,,False
1974-10-08,1974.7671,327.17,,False
1974-10-10,1974.7726,327.0,,False
1974-10-11,1974.7753,326.72,,False
1974-10-12,1974.7781,327.25,,False
1974-10-13,1974.7808,327.15,,False
1974-10-14,1974.7836,327.22,,False
1974-10-16,1974.789,327.26,,False
1974-10-17,1974.7918,327.18,,False
1974-10-19,1974.7973,327.34,,False
1974-10-20,1974.8,327.36,,False
1974-10-23,1974.8082,327.32,,False
1974-10-24,1974.811,327.46,,False
1974-10-25,1974.8137,327.41,,False
1974-10-26,1974.8164,327.44,,False
1974-10-27,1974.8192,327.6,,False
1974-10-28,1974.8219,327.87,,False
1974-10-29,1974.8247,327.53,,False
1974-10-30,1974.8274,327.46,,False
1974-10-31,1974.8301,327.48,,False
1974-11-01,1974.8329,327.72,,False
1974-11-02,1974.8356,327.8,,False
1974-11-03,1974.8384,327.91,,False
1974-11-04,1974.8411,327.95,,False
1974-11-05,1974.8438,327.79,,False
1974-11-06,1974.8466,327.86,,False
1974-11-07,1974.8493,328.0,,False
1974-11-08,1974.8521,327.76,,False
1974-11-09,1974.8548,327.35,,False
1974-11-10,1974.8575,327.91,,False
1974-11-11,1974.8603,327.97,,False
1974-11-13,1974.8658,328.24,,False
1974-11-14,1974.8685,328.14,,False
1974-11-15,1974.8712,329.77,,False
1974-11-16,1974.874,328.98,,False
1974-11-17,1974.8767,329.12,,False
1974-11-18,1974.8795,328.64,,False
1974-11-19,1974.8822,328.29,,False
1974-11-21,1974.8877,328.56,,False
1974-11-22,1974.8904,328.56,,False
1974-11-23,1974.8932,328.48,,False
1974-11-26,1974.9014,328.47,,False
1974-11-27,1974.9041,328.47,,False
1974-11-28,1974.9068,328.59,,False
1974-11-29,1974.9096,328.18,,False
1974-11-30,1974.9123,328.6,,False
1974-12-01,1974.9151,328.66,,False
1974-12-02,1974.9178,328.7,,False
1974-12-04,1974.9233,328.91,,False
1974-12-05,1974.926,328.99,,False
1974-12-07,1974.9315,328.75,,False
1974-12-08,1974.9342,329.23,,False
1974-12-09,1974.937,329.95,,False
1974-12-10,1974.9397,329.42,,False
1974-12-11,1974.9425,329.35,,False
1974-12-12,1974.9452,329.06,,False
1974-12-13,1974.9479,329.51,,False
1974-12-14,1974.9507,329.24,,False
1974-12-15,1974.9534,329.44,,False
1974-12-16,1974.9562,329.44,,False
1974-12-17,1974.9589,330.19,,False
1974-12-18,1974.9616,329.78,,False
1974-12-19,1974.9644,329.46,,False
1974-12-20,1974.9671,330.21,,False
1974-12-21,1974.9699,329.95,,False
1974-12-22,1974.9726,329.94,,False
1974-12-23,1974.9753,330.18,,False
1974-12-24,1974.9781,329.83,,False
1974-12-25,1974.9808,329.75,,False
1974-12-26,1974.9836,330.32,,False
1974-12-27,1974.9863,329.74,,False
1974-12-28,1974.989,329.96,,False
1974-12-29,1974.9918,329.72,,False
1974-12-30,1974.9945,330.69,,False
1974-12-31,1974.9973,330.28,,False
1975-01-01,1975.0,330.39,,False
1975-01-02,1975.0027,330.17,,False
1975-01-03,1975.0055,330.65,,False
1975-01-04,1975.0082,330.77,,False
1975-01-05,1975.011,330.66,,False
1975-01-07,1975.0164,330.33,,False
1975-01-08,1975.0192,330.51,,False
1975-01-09,1975.0219,330.43,,False
1975-01-10,1975.0247,330.82,,False
1975-01-11,1975.0274,330.2,,False
1975-01-12,1975.0301,330.51,,False
1975-01-13,1975.0329,330.38,,False
1975-01-14,1975.0356,331.26,,False
1975-01-15,1975.0384,331.54,,False
1975-01-16,1975.0411,330.29,,False
1975-01-17,1975.0438,330.18,,False
1975-01-18,1975.0466,329.99,,False
1975-01-19,1975.0493,330.53,,False
1975-01-20,1975.0521,330.75,,False
1975-01-21,1975.0548,330.62,,False
1975-01-22,1975.0575,330.6,,False
1975-01-23,1975.0603,330.5,,False
1975-01-24,1975.063,330.82,,False
1975-01-25,1975.0658,331.73,,False
1975-01-26,1975.0685,331.75,,False
1975-01-27,1975.0712,331.33,,False
1975-01-28,1975.074,331.79,,False
1975-01-29,1975.0767,331.31,,False
1975-01-30,1975.0795,330.96,,False
1975-01-31,1975.0822,330.74,,False
1975-02-01,1975.0849,330.79,,False
1975-02-03,1975.0904,330.64,,False
1975-02-04,1975.0932,332.02,,False
1975-02-05,1975.0959,332.18,,False
1975-02-06,1975.0986,331.78,,False
1975-02-07,1975.1014,331.69,,False
1975-02-08,1975.1041,331.55,,False
1975-02-09,1975.1068,331.6,,False
1975-02-10,1975.1096,330.95,,False
1975-02-11,1975.1123,331.19,,False
1975-02-12,1975.1151,330.88,,False
1975-02-13,1975.1178,331.04,,False
1975-02-14,1975.1205,331.09,,False
1975-02-15,1975.1233,331.03,,False
1975-02-16,1975.126,331.17,,False
1975-02-17,1975.1288,331.6,,False
1975-02-18,1975.1315,331.03,,False
1975-02-19,1975.1342,331.68,,False
1975-02-21,1975.1397,331.36,,False
1975-02-22,1975.1425,331.7,,False
1975-02-23,1975.1452,332.53,,False
1975-02-24,1975.1479,331.92,,False
1975-02-25,1975.1507,331.94,,False
1975-02-26,1975.1534,331.76,,False
1975-02-27,1975.1562,331.79,,False
1975-02-28,1975.1589,331.19,,False
1975-03-01,1975.1616,332.58,,False
1975-03-05,1975.1726,331.96,,False
1975-03-06,1975.1753,331.55,,False
1975-03-07,1975.1781,331.79,,False
1975-03-09,1975.1836,331.58,,False
1975-03-10,1975.1863,331.73,,False
1975-03-11,1975.189,331.54,,False
1975-03-13,1975.1945,331.73,,False
1975-03-15,1975.2,331.63,,False
1975-03-18,1975.2082,332.33,,False
1975-03-19,1975.211,331.83,,False
1975-03-20,1975.2137,332.22,,False
1975-03-21,1975.2164,332.07,,False
1975-03-22,1975.2192,332.12,,False
1975-03-23,1975.2219,332.08,,False
1975-03-24,1975.2247,331.88,,False
1975-03-28,1975.2356,331.73,,False
1975-04-01,1975.2466,333.42,,False
1975-04-02,1975.2493,333.54,,False
1975-04-03,1975.2521,333.81,,True
1975-04-04,1975.2548,333.19,,False
1975-04-05,1975.2575,332.56,,False
1975-04-06,1975.2603,332.67,,False
1975-04-08,1975.2658,332.41,,False
1975-04-09,1975.2685,332.01,,False
1975-04-10,1975.2712,333.07,,False
1975-04-11,1975.274,333.76,,False
1975-04-15,1975.2849,333.49,,False
1975-04-17,1975.2904,332.84,,False
1975-04-19,1975.2959,333.16,,False
1975-04-20,1975.2986,333.07,,False
1975-04-21,1975.3014,333.42,,False
1975-04-22,1975.3041,333.58,,False
1975-04-23,1975.3068,333.75,,False
1975-04-25,1975.3123,333.09,,False
1975-04-26,1975.3151,332.76,,False
1975-04-27,1975.3178,333.01,,False
1975-04-28,1975.3205,332.83,,False
1975-04-29,1975.3233,332.83,,False
1975-04-30,1975.326,333.5,,False
1975-05-01,1975.3288,333.9,,True
1975-05-02,1975.3315,333.96,,True
1975-05-03,1975.3342,334.34,,True
1975-05-04,1975.337,334.0,,False
1975-05-05,1975.3397,333.91,,False
1975-05-06,1975.3425,333.97,,False
1975-05-07,1975.3452,333.91,,False
1975-05-08,1975.3479,333.98,,False
1975-05-09,1975.3507,333.82,,False
1975-05-10,1975.3534,333.97,,False
1975-05-11,1975.3562,333.99,,False
1975-05-12,1975.3589,333.94,,False
1975-05-13,1975.3616,333.98,,False
1975-05-14,1975.3644,334.63,,True
1975-05-15,1975.3671,334.57,,False
1975-05-16,1975.3699,334.39,,False
1975-05-18,1975.3753,333.43,,False
1975-05-21,1975.3836,333.4,-0.1,False
1975-05-22,1975.3863,333.15,-0.06,False
1975-05-23,1975.389,333.9,0.85,False
1975-05-24,1975.3918,333.42,,False
1975-05-25,1975.3945,333.91,,False
1975-05-26,1975.3973,334.21,0.89,False
1975-05-27,1975.4,334.25,1.46,False
1975-05-28,1975.4027,334.02,1.59,False
1975-05-29,1975.4055,334.03,1.43,False
1975-05-30,1975.4082,334.12,0.82,False
1975-05-31,1975.411,333.44,0.19,False
1975-06-01,1975.4137,334.31,,False
1975-06-02,1975.4164,334.02,,False
1975-06-03,1975.4192,334.01,,False
1975-06-04,1975.4219,333.5,0.42,False
1975-06-05,1975.4247,334.01,1.26,False
1975-06-06,1975.4274,334.14,2.31,False
1975-06-07,1975.4301,333.7,1.61,False
1975-06-08,1975.4329,334.02,2.02,False
1975-06-09,1975.4356,333.54,1.18,False
1975-06-10,1975.4384,333.23,0.98,False
1975-06-11,1975.4411,333.12,0.84,False
1975-06-13,1975.4466,332.69,0.84,False
1975-06-14,1975.4493,332.56,-0.07,False
1975-06-15,1975.4521,332.93,0.91,False
1975-06-16,1975.4548,333.24,1.14,False
1975-06-17,1975.4575,333.85,1.67,False
1975-06-18,1975.4603,333.34,0.6,False
1975-06-19,1975.463,333.12,0.79,False
1975-06-20,1975.4658,333.43,1.08,False
1975-06-21,1975.4685,332.7,0.17,False
1975-06-22,1975.4712,333.32,0.97,False
1975-06-23,1975.474,334.13,1.88,False
1975-06-24,1975.4767,334.24,2.8,False
1975-06-26,1975.4822,333.39,,False
1975-06-27,1975.4849,332.93,1.65,False
1975-06-28,1975.4877,333.0,1.39,False
1975-06-29,1975.4904,332.84,,False
1975-07-01,1975.4959,333.67,,False
1975-07-02,1975.4986,333.02,1.58,False
1975-07-03,1975.5014,332.81,0.75,False
1975-07-04,1975.5041,332.97,1.32,False
1975-07-05,1975.5068,332.72,1.14,False
1975-07-06,1975.5096,332.7,1.17,False
1975-07-08,1975.5151,332.17,0.6,False
1975-07-09,1975.5178,332.12,0.47,False
1975-07-10,1975.5205,332.92,1.45,False
1975-07-11,1975.5233,331.9,0.35,False
1975-07-12,1975.526,332.1,0.84,False
1975-07-13,1975.5288,331.68,0.41,False
1975-07-14,1975.5315,332.02,,False
1975-07-15,1975.5342,332.77,1.73,False
1975-07-16,1975.537,331.5,0.7,False
1975-07-19,1975.5452,331.16,0.2,False
1975-07-22,1975.5534,330.66,-0.16,False
1975-07-23,1975.5562,331.5,0.8,False
1975-07-25,1975.5616,331.83,0.62,False
1975-07-26,1975.5644,331.47,1.18,False
1975-07-28,1975.5699,330.94,,False
1975-07-29,1975.5726,332.0,,False
1975-07-30,1975.5753,331.12,,False
1975-07-31,1975.5781,331.15,1.0,False
1975-08-01,1975.5808,330.87,1.28,False
1975-08-03,1975.5863,330.98,1.19,False
1975-08-04,1975.589,330.97,0.74,False
1975-08-05,1975.5918,331.35,,False
1975-08-06,1975.5945,330.86,1.09,False
1975-08-07,1975.5973,330.89,,False
1975-08-08,1975.6,331.01,0.86,False
1975-08-12,1975.611,330.37,0.99,False
1975-08-13,1975.6137,330.32,0.98,False
1975-08-14,1975.6164,330.28,,False
1975-08-15,1975.6192,330.58,1.95,False
1975-08-16,1975.6219,330.36,,False
1975-08-18,1975.6274,330.18,0.81,False
1975-08-19,1975.6301,329.58,0.28,False
1975-08-20,1975.6329,329.66,0.59,False
1975-08-21,1975.6356,329.34,-0.07,False
1975-08-22,1975.6384,329.19,,False
1975-08-23,1975.6411,328.95,0.19,False
1975-08-24,1975.6438,329.3,0.83,False
1975-08-25,1975.6466,328.08,-0.61,False
1975-08-28,1975.6548,328.85,0.89,False
1975-08-29,1975.6575,328.76,0.64,False
1975-08-30,1975.6603,328.66,0.42,False
1975-08-31,1975.663,328.63,0.57,False
1975-09-03,1975.6712,329.43,1.24,False
1975-09-04,1975.674,329.26,,False
1975-09-05,1975.6767,329.59,1.4,False
1975-09-06,1975.6795,329.68,1.8,False
1975-09-08,1975.6849,329.31,,False
1975-09-09,1975.6877,329.25,1.45,False
1975-09-10,1975.6904,329.71,1.87,False
1975-09-14,1975.7014,328.95,1.81,False
1975-09-15,1975.7041,327.86,0.8,False
1975-09-16,1975.7068,327.93,,False
1975-09-17,1975.7096,327.39,1.33,False
1975-09-18,1975.7123,327.77,0.98,False
1975-09-19,1975.7151,327.66,0.43,False
1975-09-20,1975.7178,328.04,1.26,False
1975-09-21,1975.7205,327.97,1.55,False
1975-09-22,1975.7233,327.9,,False
1975-09-23,1975.726,328.16,1.11,False
1975-09-25,1975.7315,327.83,1.58,False
1975-09-26,1975.7342,327.87,,False
1975-09-28,1975.7397,328.24,0.52,False
1975-09-29,1975.7425,328.29,1.01,False
1975-09-30,1975.7452,327.99,0.4,False
1975-10-01,1975.7479,327.64,0.16,False
1975-10-02,1975.7507,327.71,,False
1975-10-15,1975.7863,328.4,,False
1975-10-20,1975.8,328.55,1.19,False
1975-10-23,1975.8082,328.89,1.57,False
1975-10-24,1975.811,328.81,1.35,False
1975-10-25,1975.8137,328.65,1.24,False
1975-10-26,1975.8164,328.68,1.24,False
1975-10-27,1975.8192,328.61,1.01,False
1975-10-28,1975.8219,328.54,0.67,False
1975-10-29,1975.8247,328.75,1.22,False
1975-11-01,1975.8329,329.44,1.72,False
1975-11-02,1975.8356,329.41,1.61,False
1975-11-03,1975.8384,328.92,1.01,False
1975-11-04,1975.8411,328.6,0.65,False
1975-11-05,1975.8438,329.01,1.22,False
1975-11-07,1975.8493,329.39,1.39,False
1975-11-08,1975.8521,328.82,1.06,False
1975-11-09,1975.8548,328.93,1.58,False
1975-11-10,1975.8575,329.1,1.19,False
1975-11-11,1975.8603,329.09,1.12,False
1975-11-12,1975.863,329.05,,False
1975-11-13,1975.8658,328.81,0.57,False
1975-11-14,1975.8685,329.06,0.92,False
1975-11-16,1975.874,329.12,0.14,False
1975-11-21,1975.8877,329.31,0.75,False
1975-11-28,1975.9068,330.27,1.68,False
1975-11-29,1975.9096,330.09,1.91,False
1975-11-30,1975.9123,329.72,1.12,False
1976-01-06,1976.0137,331.58,,False
1976-01-08,1976.0191,331.2,0.69,False
1976-01-10,1976.0246,331.2,0.38,False
1976-01-11,1976.0273,331.17,0.97,False
1976-01-12,1976.0301,331.26,0.75,False
1976-01-14,1976.0355,331.83,0.57,False
1976-01-16,1976.041,331.64,1.35,False
1976-01-17,1976.0437,331.77,1.59,False
1976-01-18,1976.0464,331.73,1.74,False
1976-01-20,1976.0519,331.77,1.02,False
1976-01-21,1976.0546,331.75,1.13,False
1976-01-22,1976.0574,331.42,0.82,False
1976-01-23,1976.0601,331.82,1.32,False
1976-01-24,1976.0628,331.47,0.65,False
1976-01-25,1976.0656,331.7,-0.03,False
1976-01-26,1976.0683,332.06,0.31,False
1976-01-27,1976.071,332.19,0.86,False
1976-01-28,1976.0738,331.59,-0.2,False
1976-01-31,1976.082,331.85,1.11,False
1976-02-01,1976.0847,332.27,1.48,False
1976-02-02,1976.0874,333.33,,False
1976-02-03,1976.0902,332.35,1.71,False
1976-02-04,1976.0929,332.06,0.04,False
1976-02-05,1976.0956,332.24,0.06,False
1976-02-08,1976.1038,332.4,0.85,False
1976-02-10,1976.1093,332.08,1.13,False
1976-02-12,1976.1148,332.94,2.06,False
1976-02-13,1976.1175,332.1,1.06,False
1976-02-14,1976.1202,333.01,1.92,False
1976-02-15,1976.123,332.74,1.71,False
1976-02-16,1976.1257,332.64,1.47,False
1976-02-17,1976.1284,332.35,0.75,False
1976-02-18,1976.1311,332.64,1.61,False
1976-02-19,1976.1339,332.71,1.03,False
1976-02-21,1976.1393,332.6,1.24,False
1976-02-22,1976.1421,333.58,1.88,False
1976-02-23,1976.1448,334.14,1.61,False
1976-02-24,1976.1475,333.19,1.27,False
1976-02-26,1976.153,333.62,1.86,False
1976-02-28,1976.1585,332.92,1.73,False
1976-02-29,1976.1612,332.64,,False
1976-03-02,1976.1667,332.58,,False
1976-03-05,1976.1749,332.06,0.1,False
1976-03-07,1976.1803,332.54,0.75,False
1976-03-08,1976.1831,332.96,,False
1976-03-09,1976.1858,332.23,0.65,False
1976-03-10,1976.1885,333.02,1.29,False
1976-03-11,1976.1913,332.87,1.33,False
1976-03-12,1976.194,333.24,,False
1976-03-13,1976.1967,333.33,1.6,False
1976-03-14,1976.1995,334.44,,False
1976-03-15,1976.2022,333.85,2.22,False
1976-03-16,1976.2049,333.7,,False
1976-03-17,1976.2077,333.18,,False
1976-03-18,1976.2104,333.03,0.7,False
1976-03-20,1976.2158,333.18,0.96,False
1976-03-24,1976.2268,334.11,2.23,False
1976-03-27,1976.235,334.54,,False
1976-03-29,1976.2404,334.6,,False
1976-04-01,1976.2486,334.32,0.9,False
1976-04-02,1976.2514,334.57,1.03,False
1976-04-03,1976.2541,334.75,0.94,True
1976-04-04,1976.2568,334.98,1.79,True
1976-04-08,1976.2678,335.15,2.74,True
1976-04-09,1976.2705,335.35,3.34,True
1976-04-10,1976.2732,334.77,1.7,False
1976-04-11,1976.276,333.01,-0.75,False
1976-04-18,1976.2951,334.23,,False
1976-04-19,1976.2978,334.81,1.65,False
1976-04-20,1976.3005,334.58,1.51,False
1976-04-22,1976.306,335.73,2.15,True
1976-04-23,1976.3087,334.42,0.67,False
1976-04-24,1976.3115,334.41,,False
1976-04-26,1976.3169,334.65,1.89,False
1976-04-27,1976.3197,333.98,0.97,False
1976-04-29,1976.3251,336.75,3.92,True
1976-04-30,1976.3279,335.18,1.68,False
1976-05-01,1976.3306,334.74,0.84,False
1976-05-03,1976.3361,334.35,0.01,False
1976-05-04,1976.3388,334.95,0.95,False
1976-05-05,1976.3415,333.94,0.03,False
1976-05-08,1976.3497,333.45,-0.53,False
1976-05-09,1976.3525,334.4,0.58,False
1976-05-10,1976.3552,334.68,0.71,False
1976-05-12,1976.3607,334.77,0.83,False
1976-05-13,1976.3634,333.95,-0.03,False
1976-05-14,1976.3661,334.09,-0.54,False
1976-05-15,1976.3689,334.06,-0.51,False
1976-05-18,1976.377,335.3,1.87,False
1976-05-20,1976.3825,335.01,,False
1976-05-21,1976.3852,335.51,2.11,False
1976-05-22,1976.388,335.33,2.18,False
1976-05-23,1976.3907,335.27,1.37,False
1976-05-24,1976.3934,335.19,1.77,False
1976-05-25,1976.3962,335.31,1.4,False
1976-05-26,1976.3989,335.34,1.13,False
1976-05-30,1976.4098,334.58,0.46,False
1976-05-31,1976.4126,334.88,1.44,False
1976-06-01,1976.4153,334.57,0.26,False
1976-06-02,1976.418,334.44,0.42,False
1976-06-03,1976.4208,334.05,0.04,False
1976-06-05,1976.4262,334.07,0.06,False
1976-06-06,1976.429,334.44,0.3,False
1976-06-07,1976.4317,333.8,0.1,False
1976-06-08,1976.4344,334.36,0.34,False
1976-06-09,1976.4372,334.23,0.69,False
1976-06-13,1976.4481,334.28,1.59,False
1976-06-15,1976.4536,334.01,1.08,False
1976-06-16,1976.4563,334.14,0.9,False
1976-06-17,1976.459,334.29,0.44,False
1976-06-18,1976.4617,334.12,0.78,False
1976-06-20,1976.4672,333.97,0.54,False
1976-06-21,1976.4699,334.12,1.42,False
1976-07-07,1976.5137,333.86,,False
1976-07-08,1976.5164,333.7,1.53,False
1976-07-09,1976.5191,333.77,1.65,False
1976-07-10,1976.5219,333.06,0.14,False
1976-07-11,1976.5246,333.35,1.45,False
1976-07-13,1976.5301,333.6,1.92,False
1976-07-14,1976.5328,333.5,1.48,False
1976-07-21,1976.5519,332.7,,False
1976-07-22,1976.5546,332.42,1.76,False
1976-07-24,1976.5601,332.17,,False
1976-07-25,1976.5628,332.68,0.85,False
1976-07-28,1976.571,332.26,1.32,False
1976-07-29,1976.5738,332.33,0.33,False
1976-07-30,1976.5765,331.88,0.76,False
1976-07-31,1976.5792,332.03,0.88,False
1976-08-02,1976.5847,331.64,,False
1976-08-03,1976.5874,331.82,0.84,False
1976-08-04,1976.5902,331.98,1.01,False
1976-08-06,1976.5956,331.65,0.79,False
1976-08-07,1976.5984,331.34,0.45,False
1976-08-09,1976.6038,331.58,,False
1976-08-10,1976.6066,331.46,,False
1976-08-11,1976.6093,329.37,,False
1976-08-12,1976.612,331.49,1.12,False
1976-08-13,1976.6148,330.44,0.12,False
1976-08-14,1976.6175,329.84,-0.44,False
1976-08-15,1976.6202,330.61,0.03,False
1976-08-16,1976.623,330.25,-0.11,False
1976-08-18,1976.6284,330.29,0.11,False
1976-08-19,1976.6311,330.79,1.21,False
1976-08-21,1976.6366,330.26,0.92,False
1976-08-22,1976.6393,330.41,1.22,False
1976-08-23,1976.6421,330.76,1.81,False
1976-08-24,1976.6448,330.48,1.18,False
1976-08-25,1976.6475,329.92,1.84,False
1976-08-26,1976.6503,329.78,,False
1976-08-27,1976.653,330.02,,False
1976-08-31,1976.6639,330.28,1.65,False
1976-09-01,1976.6667,330.59,,False
1976-09-06,1976.6803,329.23,-0.45,False
1976-09-10,1976.6913,329.84,0.13,False
1976-09-12,1976.6967,330.03,,False
1976-09-16,1976.7077,329.06,1.13,False
1976-09-19,1976.7158,329.2,1.54,False
1976-09-20,1976.7186,329.11,1.07,False
1976-09-21,1976.7213,328.25,0.28,False
1976-09-22,1976.724,327.68,-0.22,False
1976-09-24,1976.7295,329.32,,False
1976-09-25,1976.7322,328.1,0.27,False
1976-09-26,1976.735,327.09,-0.78,False
1976-09-27,1976.7377,328.13,,False
1976-10-01,1976.7486,327.73,0.09,False
1976-10-03,1976.7541,329.19,,False
1976-10-04,1976.7568,327.95,,False
1976-10-05,1976.7596,328.16,,False
1976-10-07,1976.765,328.77,,False
1976-10-08,1976.7678,328.63,,False
1976-10-10,1976.7732,329.47,,False
1976-10-11,1976.776,328.99,,False
1976-10-12,1976.7787,327.98,,False
1976-10-13,1976.7814,327.75,,False
1976-10-17,1976.7923,328.87,,False
1976-10-18,1976.7951,329.67,,False
1976-10-23,1976.8087,329.29,0.4,False
1976-10-24,1976.8115,328.44,-0.37,False
1976-10-25,1976.8142,328.79,0.14,False
1976-10-26,1976.8169,328.53,-0.15,False
1976-10-27,1976.8197,328.86,0.25,False
1976-10-28,1976.8224,329.14,0.6,False
1976-10-29,1976.8251,329.18,0.43,False
1976-11-01,1976.8333,328.54,-0.9,False
1976-11-02,1976.8361,329.29,-0.12,False
1976-11-03,1976.8388,329.71,0.79,False
1976-11-05,1976.8443,330.08,1.07,False
1976-11-10,1976.8579,330.71,1.61,False
1976-11-11,1976.8607,330.36,1.27,False
1976-11-12,1976.8634,330.74,1.69,False
1976-11-13,1976.8661,329.95,1.14,False
1976-11-14,1976.8689,330.31,1.25,False
1976-11-15,1976.8716,330.3,,False
1976-11-16,1976.8743,329.84,0.72,False
1976-11-17,1976.877,330.12,,False
1976-11-18,1976.8798,330.15,,False
1976-11-19,1976.8825,330.13,,False
1976-11-20,1976.8852,330.32,,False
1976-11-21,1976.888,330.54,1.23,False
1976-11-22,1976.8907,330.98,,False
1976-11-23,1976.8934,330.5,,False
1976-11-24,1976.8962,330.22,,False
1976-11-25,1976.8989,330.39,,False
1976-11-26,1976.9016,330.52,,False
1976-11-27,1976.9044,330.73,,False
1976-11-28,1976.9071,330.6,0.33,False
1976-11-29,1976.9098,330.5,0.41,False
1976-11-30,1976.9126,330.6,0.88,False
1976-12-01,1976.9153,330.67,,False
1976-12-02,1976.918,330.77,,False
1976-12-03,1976.9208,331.17,,False
1976-12-04,1976.9235,330.45,,False
1976-12-08,1976.9344,330.85,,False
1976-12-10,1976.9399,331.32,,False
1976-12-11,1976.9426,331.39,,False
1976-12-16,1976.9563,332.81,,False
1976-12-18,1976.9617,331.96,,False
1976-12-19,1976.9645,331.53,,False
1976-12-20,1976.9672,331.73,,False
1976-12-21,1976.9699,331.32,,False
1976-12-22,1976.9727,331.64,,False
1976-12-24,1976.9781,331.72,,False
1976-12-25,1976.9809,332.28,,False
1976-12-26,1976.9836,332.2,,False
1976-12-28,1976.9891,332.18,,False
1976-12-29,1976.9918,332.64,,False
1976-12-30,1976.9945,332.47,,False
1976-12-31,1976.9973,332.37,,False
1977-01-01,1977.0,332.4,,False
1977-01-02,1977.0027,332.3,,False
1977-01-03,1977.0055,332.89,,False
1977-01-04,1977.0082,332.47,,False
1977-01-06,1977.0137,332.13,0.55,False
1977-01-07,1977.0164,332.32,,False
1977-01-08,1977.0192,332.21,1.01,False
1977-01-09,1977.0219,332.24,,False
1977-01-10,1977.0247,332.18,0.98,False
1977-01-11,1977.0274,331.94,0.77,False
1977-01-12,1977.0301,332.11,0.85,False
1977-01-13,1977.0329,332.89,,False
1977-01-14,1977.0356,333.61,1.78,False
1977-01-19,1977.0493,332.5,,False
1977-01-20,1977.0521,332.54,0.77,False
1977-01-21,1977.0548,333.15,1.4,False
1977-01-22,1977.0575,333.32,1.9,False
1977-01-23,1977.0603,333.38,1.56,False
1977-01-24,1977.063,332.86,1.39,False
1977-01-25,1977.0658,332.9,1.2,False
1977-01-28,1977.074,332.65,1.06,False
1977-01-29,1977.0767,333.33,,False
1977-01-30,1977.0795,332.75,,False
1977-02-01,1977.0849,333.05,0.78,False
1977-02-02,1977.0877,333.15,-0.18,False
1977-02-07,1977.1014,332.92,,False
1977-02-08,1977.1041,333.06,0.66,False
1977-02-11,1977.1123,333.65,,False
1977-02-12,1977.1151,333.28,0.34,False
1977-02-15,1977.1233,332.79,0.05,False
1977-02-16,1977.126,333.03,0.39,False
1977-02-17,1977.1288,333.6,1.25,False
1977-02-18,1977.1315,333.29,0.65,False
1977-02-19,1977.1342,333.04,0.33,False
1977-02-20,1977.137,332.78,,False
1977-02-21,1977.1397,332.94,0.34,False
1977-02-22,1977.1425,333.69,0.11,False
1977-02-23,1977.1452,333.07,-1.07,False
1977-02-24,1977.1479,333.24,0.05,False
1977-02-25,1977.1507,333.28,,False
1977-02-26,1977.1534,333.25,-0.37,False
1977-02-27,1977.1562,333.74,,False
1977-02-28,1977.1589,333.52,0.6,False
1977-03-01,1977.1616,334.67,,False
1977-03-03,1977.1671,334.79,,False
1977-03-05,1977.1726,335.05,2.99,False
1977-03-06,1977.1753,334.69,,False
1977-03-07,1977.1781,333.69,1.15,False
1977-03-08,1977.1808,333.79,0.83,False
1977-03-10,1977.1863,334.62,1.6,False
1977-03-12,1977.1918,334.72,1.48,False
1977-03-13,1977.1945,334.8,1.47,False
1977-03-14,1977.1973,335.36,0.92,False
1977-03-15,1977.2,335.35,1.5,False
1977-03-17,1977.2055,335.51,2.33,False
1977-03-19,1977.211,334.95,,False
1977-03-20,1977.2137,335.65,2.47,False
1977-03-21,1977.2164,336.1,,False
1977-03-22,1977.2192,335.38,,False
1977-03-23,1977.2219,335.09,,False
1977-03-24,1977.2247,335.28,1.17,False
1977-03-26,1977.2301,334.42,,False
1977-03-27,1977.2329,334.96,0.42,False
1977-03-29,1977.2384,335.43,0.83,False
1977-03-30,1977.2411,335.09,,False
1977-03-31,1977.2438,335.22,,False
1977-04-04,1977.2548,336.34,1.36,False
1977-04-06,1977.2603,335.73,,False
1977-04-07,1977.263,335.97,,False
1977-04-11,1977.274,335.42,2.41,False
1977-04-12,1977.2767,335.2,,False
1977-04-13,1977.2795,335.43,,False
1977-04-14,1977.2822,336.1,,False
1977-04-16,1977.2877,337.09,,True
1977-04-17,1977.2904,336.61,,False
1977-04-18,1977.2932,335.71,1.48,False
1977-04-19,1977.2959,336.04,1.23,False
1977-04-20,1977.2986,336.2,1.62,False
1977-04-21,1977.3014,336.26,,False
1977-04-22,1977.3041,336.33,0.6,False
1977-04-23,1977.3068,337.02,2.6,False
1977-04-24,1977.3096,336.15,1.74,False
1977-04-26,1977.3151,336.57,1.92,False
1977-04-27,1977.3178,336.57,2.59,False
1977-04-28,1977.3205,336.04,,False
1977-04-30,1977.326,337.63,2.45,True
1977-05-01,1977.3288,336.84,2.1,False
1977-05-03,1977.3342,337.4,3.05,False
1977-05-07,1977.3452,336.77,,False
1977-05-11,1977.3562,336.74,,False
1977-05-13,1977.3616,336.13,2.18,False
1977-05-14,1977.3644,336.87,2.78,False
1977-05-15,1977.3671,337.19,3.13,False
1977-05-18,1977.3753,337.44,2.14,False
1977-05-20,1977.3808,336.92,1.91,False
1977-05-21,1977.3836,336.84,1.33,False
1977-05-22,1977.3863,337.25,1.92,False
1977-05-23,1977.389,337.03,1.76,False
1977-05-24,1977.3918,337.26,2.07,False
1977-05-25,1977.3945,337.06,1.75,False
1977-05-26,1977.3973,336.92,1.58,False
1977-05-27,1977.4,336.62,,False
1977-05-28,1977.4027,336.81,,False
1977-05-29,1977.4055,336.76,,False
1977-05-30,1977.4082,336.64,2.06,False
1977-05-31,1977.411,336.85,1.97,False
1977-06-02,1977.4164,336.69,2.25,False
1977-06-03,1977.4192,336.6,2.55,False
1977-06-04,1977.4219,336.24,,False
1977-06-05,1977.4247,336.02,1.95,False
1977-06-07,1977.4301,336.56,2.76,False
1977-06-08,1977.4329,336.17,1.81,False
1977-06-09,1977.4356,336.15,1.92,False
1977-06-10,1977.4384,336.02,,False
1977-06-11,1977.4411,336.26,,False
1977-06-12,1977.4438,336.13,,False
1977-06-13,1977.4466,336.09,1.81,False
1977-06-16,1977.4548,335.94,1.8,False
1977-06-17,1977.4575,336.2,1.91,False
1977-06-18,1977.4603,335.71,1.59,False
1977-06-19,1977.463,335.51,,False
1977-06-22,1977.4712,337.03,,False
1977-06-23,1977.474,336.85,,False
1977-06-24,1977.4767,336.59,,False
1977-06-25,1977.4795,335.71,,False
1977-06-26,1977.4822,335.66,,False
1977-06-27,1977.4849,335.8,,False
1977-06-28,1977.4877,336.0,,False
1977-06-30,1977.4932,335.77,,False
1977-07-01,1977.4959,335.73,,False
1977-07-02,1977.4986,335.46,,False
1977-07-03,1977.5014,335.62,,False
1977-07-06,1977.5096,335.47,,False
1977-07-07,1977.5123,335.28,1.42,False
1977-07-12,1977.526,335.05,,False
1977-07-13,1977.5288,335.92,2.32,False
1977-07-14,1977.5315,335.14,1.64,False
1977-07-15,1977.5342,335.02,,False
1977-07-16,1977.537,335.05,,False
1977-07-17,1977.5397,334.95,,False
1977-07-20,1977.5479,334.5,,False
1977-07-23,1977.5562,334.36,,False
1977-07-24,1977.5589,334.21,2.04,False
1977-07-25,1977.5616,334.27,1.59,False
1977-07-26,1977.5644,334.22,,False
1977-07-28,1977.5699,333.88,1.62,False
1977-07-29,1977.5726,334.13,1.8,False
1977-07-30,1977.5753,333.87,1.99,False
1977-07-31,1977.5781,334.04,2.01,False
1977-08-02,1977.5836,333.53,1.89,False
1977-08-04,1977.589,333.53,1.55,False
1977-08-05,1977.5918,333.2,,False
1977-08-06,1977.5945,332.79,1.14,False
1977-08-07,1977.5973,333.0,1.66,False
1977-08-08,1977.6,332.88,,False
1977-08-09,1977.6027,332.4,0.82,False
1977-08-10,1977.6055,331.83,0.37,False
1977-08-12,1977.611,332.58,1.09,False
1977-08-14,1977.6164,332.9,3.06,False
1977-08-15,1977.6192,332.73,2.12,False
1977-08-19,1977.6301,332.9,2.11,False
1977-08-24,1977.6438,332.33,1.85,False
1977-08-25,1977.6466,331.56,1.64,False
1977-08-26,1977.6493,331.57,1.79,False
1977-08-28,1977.6548,332.68,,False
1977-08-29,1977.6575,332.33,,False
1977-08-31,1977.663,332.29,2.01,False
1977-09-01,1977.6658,332.26,1.67,False
1977-09-02,1977.6685,331.69,,False
1977-09-07,1977.6822,331.52,,False
1977-09-08,1977.6849,331.54,,False
1977-09-09,1977.6877,330.49,,False
1977-09-11,1977.6932,331.14,,False
1977-09-12,1977.6959,331.16,1.13,False
1977-09-13,1977.6986,331.82,,False
1977-09-14,1977.7014,331.24,,False
1977-09-15,1977.7041,331.72,,False
1977-09-16,1977.7068,331.55,2.49,False
1977-09-17,1977.7096,331.73,,False
1977-09-18,1977.7123,331.1,,False
1977-09-23,1977.726,330.0,,False
1977-09-24,1977.7288,331.67,2.35,False
1977-09-27,1977.737,330.74,2.61,False
1977-09-28,1977.7397,330.76,,False
1977-09-29,1977.7425,331.02,,False
1977-09-30,1977.7452,331.05,,False
1977-10-01,1977.7479,331.1,3.37,False
1977-10-03,1977.7534,331.42,2.23,False
1977-10-04,1977.7562,330.95,3.0,False
1977-10-05,1977.7589,330.74,2.58,False
1977-10-06,1977.7616,330.73,,False
1977-10-07,1977.7644,330.83,2.06,False
1977-10-08,1977.7671,330.95,2.32,False
1977-10-11,1977.7753,331.37,2.38,False
1977-10-12,1977.7781,331.4,3.42,False
1977-10-13,1977.7808,331.65,3.9,False
1977-10-14,1977.7836,331.75,,False
1977-10-16,1977.789,331.44,,False
1977-10-18,1977.7945,331.28,1.61,False
1977-10-21,1977.8027,331.25,,False
1977-10-22,1977.8055,331.13,,False
1977-10-23,1977.8082,330.92,1.63,False
1977-10-24,1977.811,331.37,2.93,False
1977-10-25,1977.8137,331.39,2.6,False
1977-10-26,1977.8164,331.36,2.83,False
1977-10-27,1977.8192,331.35,2.49,False
1977-10-28,1977.8219,331.37,2.23,False
1977-10-29,1977.8247,331.8,2.62,False
1977-10-30,1977.8274,331.94,,False
1977-11-04,1977.8411,331.69,,False
1977-11-05,1977.8438,332.01,1.93,False
1977-11-06,1977.8466,332.04,,False
1977-11-07,1977.8493,332.04,,False
1977-11-09,1977.8548,331.99,,False
1977-11-10,1977.8575,331.85,1.14,False
1977-11-11,1977.8603,332.28,1.92,False
1977-11-12,1977.863,332.27,1.53,False
1977-11-13,1977.8658,332.78,2.83,False
1977-11-16,1977.874,332.47,2.63,False
1977-11-18,1977.8795,332.37,2.22,False
1977-11-19,1977.8822,332.49,2.36,False
1977-11-20,1977.8849,332.63,2.31,False
1977-11-21,1977.8877,332.52,1.98,False
1977-11-23,1977.8932,334.04,3.54,False
1977-11-24,1977.8959,333.9,3.68,False
1977-11-25,1977.8986,332.86,2.47,False
1977-11-26,1977.9014,332.69,2.17,False
1977-11-27,1977.9041,332.79,2.06,False
1977-11-28,1977.9068,332.9,2.3,False
1977-11-30,1977.9123,332.46,1.86,False
1977-12-01,1977.9151,332.49,1.82,False
1977-12-02,1977.9178,332.63,1.86,False
1977-12-04,1977.9233,333.32,2.87,False
1977-12-06,1977.9288,333.02,,False
1977-12-07,1977.9315,333.09,,False
1977-12-08,1977.9342,333.05,2.2,False
1977-12-09,1977.937,333.49,,False
1977-12-10,1977.9397,334.07,2.75,False
1977-12-13,1977.9479,333.5,,False
1977-12-14,1977.9507,333.08,,False
1977-12-15,1977.9534,333.41,,False
1977-12-16,1977.9562,333.8,0.99,False
1977-12-17,1977.9589,333.23,,False
1977-12-18,1977.9616,333.75,1.79,False
1977-12-19,1977.9644,333.61,2.08,False
1977-12-20,1977.9671,334.08,2.35,False
1977-12-21,1977.9699,333.92,2.6,False
1977-12-22,1977.9726,333.75,2.11,False
1977-12-23,1977.9753,334.73,,False
1977-12-24,1977.9781,334.4,2.68,False
1977-12-25,1977.9808,333.67,1.39,False
1977-12-26,1977.9836,333.8,1.6,False
1977-12-29,1977.9918,334.51,1.87,False
1977-12-30,1977.9945,333.89,1.42,False
1977-12-31,1977.9973,333.97,1.6,False
1978-01-01,1978.0,334.26,1.86,False
1978-01-04,1978.0082,334.88,2.41,False
1978-01-05,1978.011,334.78,,False
1978-01-06,1978.0137,334.7,2.57,False
1978-01-10,1978.0247,334.06,1.88,False
1978-01-11,1978.0274,334.72,2.78,False
1978-01-12,1978.0301,334.67,2.56,False
1978-01-13,1978.0329,334.55,1.66,False
1978-01-14,1978.0356,334.81,1.2,False
1978-01-15,1978.0384,334.98,,False
1978-01-16,1978.0411,334.85,,False
1978-01-17,1978.0438,334.57,,False
1978-01-18,1978.0466,335.67,,False
1978-01-21,1978.0548,334.64,1.49,False
1978-01-24,1978.063,335.49,2.63,False
1978-01-25,1978.0658,335.56,2.66,False
1978-01-26,1978.0685,335.01,,False
1978-01-27,1978.0712,335.73,,False
1978-01-28,1978.074,336.59,3.94,False
1978-01-29,1978.0767,334.66,1.33,False
1978-01-30,1978.0795,334.38,1.63,False
1978-01-31,1978.0822,335.93,,False
1978-02-02,1978.0877,335.4,2.25,False
1978-02-03,1978.0904,335.16,,False
1978-02-04,1978.0932,335.81,,False
1978-02-05,1978.0959,334.59,,False
1978-02-06,1978.0986,334.31,,False
1978-02-07,1978.1014,334.48,1.56,False
1978-02-08,1978.1041,334.78,1.72,False
1978-02-09,1978.1068,334.95,,False
1978-02-10,1978.1096,335.33,,False
1978-02-12,1978.1151,335.1,1.82,False
1978-02-13,1978.1178,335.02,,False
1978-02-14,1978.1205,334.99,,False
1978-02-15,1978.1233,335.2,2.41,False
1978-02-16,1978.126,335.81,2.78,False
1978-02-17,1978.1288,335.65,2.05,False
1978-02-19,1978.1342,336.07,3.03,False
1978-02-20,1978.137,335.04,2.26,False
1978-02-21,1978.1397,334.71,1.77,False
1978-02-22,1978.1425,334.88,1.19,False
1978-02-23,1978.1452,335.94,2.87,False
1978-02-24,1978.1479,335.91,2.67,False
1978-02-25,1978.1507,335.95,2.67,False
1978-02-26,1978.1534,334.98,1.73,False
1978-02-27,1978.1562,336.51,2.77,False
1978-02-28,1978.1589,335.09,1.57,False
1978-03-01,1978.1616,335.14,0.47,False
1978-03-02,1978.1644,336.86,,False
1978-03-03,1978.1671,336.78,1.99,False
1978-03-04,1978.1699,336.3,,False
1978-03-05,1978.1726,336.17,1.12,False
1978-03-06,1978.1753,336.18,1.49,False
1978-03-07,1978.1781,335.98,2.29,False
1978-03-08,1978.1808,335.46,1.67,False
1978-03-09,1978.1836,336.23,,False
1978-03-10,1978.1863,336.22,1.6,False
1978-03-11,1978.189,336.19,,False
1978-03-12,1978.1918,336.42,1.7,False
1978-03-13,1978.1945,335.69,0.89,False
1978-03-14,1978.1973,336.94,1.58,False
1978-03-16,1978.2027,336.82,,False
1978-03-17,1978.2055,337.68,2.17,True
1978-03-18,1978.2082,336.81,,False
1978-03-20,1978.2137,336.76,1.11,False
1978-03-22,1978.2192,336.73,1.35,False
1978-03-23,1978.2219,336.67,1.58,False
1978-03-24,1978.2247,336.8,1.52,False
1978-03-25,1978.2274,337.58,,False
1978-03-26,1978.2301,337.45,3.03,False
1978-03-27,1978.2329,338.01,3.05,True
1978-03-28,1978.2356,337.44,,False
1978-03-29,1978.2384,335.87,0.44,False
1978-03-30,1978.2411,336.6,1.51,False
1978-03-31,1978.2438,338.36,3.14,True
1978-04-02,1978.2493,337.74,,False
1978-04-04,1978.2548,336.75,0.41,False
1978-04-05,1978.2575,336.96,,False
1978-04-06,1978.2603,337.86,2.13,False
1978-04-12,1978.2767,337.85,2.65,False
1978-04-13,1978.2795,338.06,2.63,False
1978-04-14,1978.2822,337.81,1.71,False
1978-04-15,1978.2849,338.28,,False
1978-04-16,1978.2877,337.93,0.84,False
1978-04-18,1978.2932,337.63,1.92,False
1978-04-20,1978.2986,337.0,0.8,False
1978-04-21,1978.3014,337.17,0.91,False
1978-04-22,1978.3041,338.39,2.06,True
1978-04-23,1978.3068,337.75,0.73,False
1978-04-26,1978.3151,337.67,1.1,False
1978-04-27,1978.3178,337.77,1.2,False
1978-04-29,1978.3233,338.3,,False
1978-04-30,1978.326,338.29,0.66,False
1978-05-01,1978.3288,338.37,1.53,False
1978-05-03,1978.3342,338.47,1.07,True
1978-05-04,1978.337,337.78,,False
1978-05-05,1978.3397,338.42,,False
1978-05-08,1978.3479,337.84,,False
1978-05-09,1978.3507,337.52,,False
1978-05-10,1978.3534,337.45,,False
1978-05-11,1978.3562,338.1,1.36,False
1978-05-12,1978.3589,338.77,,True
1978-05-13,1978.3616,338.47,2.34,False
1978-05-14,1978.3644,338.2,1.33,False
1978-05-15,1978.3671,338.45,1.26,False
1978-05-16,1978.3699,337.56,,False
1978-05-17,1978.3726,338.74,,False
1978-05-18,1978.3753,337.56,0.12,False
1978-05-19,1978.3781,337.25,,False
1978-05-20,1978.3808,337.45,0.53,False
1978-05-21,1978.3836,337.69,0.85,False
1978-05-22,1978.3863,337.91,0.66,False
1978-05-23,1978.389,338.27,1.24,False
1978-05-24,1978.3918,337.7,0.44,False
1978-05-27,1978.4,337.37,0.75,False
1978-05-28,1978.4027,338.03,1.22,False
1978-05-29,1978.4055,338.48,1.72,False
1978-05-30,1978.4082,338.35,1.71,False
1978-05-31,1978.411,338.35,1.5,False
1978-06-02,1978.4164,338.87,2.18,True
1978-06-03,1978.4192,338.54,1.94,False
1978-06-04,1978.4219,338.62,2.38,False
1978-06-07,1978.4301,338.29,1.73,False
1978-06-11,1978.4411,338.08,1.82,False
1978-06-12,1978.4438,338.03,1.9,False
1978-06-13,1978.4466,338.48,2.39,False
1978-06-15,1978.4521,337.93,,False
1978-06-16,1978.4548,338.06,2.12,False
1978-06-20,1978.4658,337.6,,False
1978-06-22,1978.4712,337.92,0.89,False
1978-06-24,1978.4767,337.33,0.74,False
1978-06-25,1978.4795,337.44,1.73,False
1978-06-26,1978.4822,337.28,1.62,False
1978-06-27,1978.4849,337.27,1.47,False
1978-06-29,1978.4904,337.55,,False
1978-06-30,1978.4932,337.83,2.06,False
1978-07-06,1978.5096,336.45,0.98,False
1978-07-07,1978.5123,336.96,1.68,False
1978-07-08,1978.5151,336.66,,False
1978-07-10,1978.5205,337.24,,False
1978-07-11,1978.5233,336.94,,False
1978-07-12,1978.526,336.79,1.74,False
1978-07-13,1978.5288,336.64,0.72,False
1978-07-14,1978.5315,336.64,1.5,False
1978-07-15,1978.5342,336.51,1.49,False
1978-07-16,1978.537,337.09,2.04,False
1978-07-18,1978.5425,336.81,,False
1978-07-19,1978.5452,335.77,,False
1978-07-21,1978.5507,336.01,,False
1978-07-22,1978.5534,336.02,,False
1978-07-23,1978.5562,336.24,1.88,False
1978-07-25,1978.5616,335.76,1.49,False
1978-07-26,1978.5644,335.62,1.4,False
1978-07-27,1978.5671,336.13,,False
1978-07-28,1978.5699,335.55,1.67,False
1978-07-30,1978.5753,335.95,2.08,False
1978-07-31,1978.5781,335.41,1.37,False
1978-08-01,1978.5808,335.53,,False
1978-08-02,1978.5836,335.05,1.52,False
1978-08-04,1978.589,335.42,1.89,False
1978-08-05,1978.5918,335.15,1.95,False
1978-08-06,1978.5945,335.21,2.42,False
1978-08-07,1978.5973,334.79,1.79,False
1978-08-08,1978.6,334.54,1.66,False
1978-08-09,1978.6027,334.56,2.16,False
1978-08-10,1978.6055,334.27,2.44,False
1978-08-11,1978.6082,334.52,,False
1978-08-12,1978.611,334.7,2.12,False
1978-08-13,1978.6137,335.03,,False
1978-08-14,1978.6164,334.83,1.93,False
1978-08-15,1978.6192,334.65,1.92,False
1978-08-18,1978.6274,334.24,,False
1978-08-22,1978.6384,334.34,,False
1978-08-26,1978.6493,334.06,2.49,False
1978-08-30,1978.6603,333.67,,False
1978-08-31,1978.663,333.73,1.44,False
1978-09-01,1978.6658,333.94,1.68,False
1978-09-06,1978.6795,331.99,,False
1978-09-07,1978.6822,332.94,1.42,False
1978-09-09,1978.6877,333.53,3.04,False
1978-09-10,1978.6904,331.56,,False
1978-09-11,1978.6932,331.48,0.34,False
1978-09-12,1978.6959,331.9,0.74,False
1978-09-13,1978.6986,331.47,-0.35,False
1978-09-15,1978.7041,332.33,0.61,False
1978-09-16,1978.7068,332.37,0.82,False
1978-09-19,1978.7151,331.26,,False
1978-09-20,1978.7178,332.16,,False
1978-09-23,1978.726,331.82,1.82,False
1978-09-24,1978.7288,332.41,0.74,False
1978-09-27,1978.737,332.5,1.76,False
1978-09-29,1978.7425,333.31,2.29,False
1978-09-30,1978.7452,332.95,1.9,False
1978-10-01,1978.7479,332.15,1.05,False
1978-10-02,1978.7507,332.55,,False
1978-10-03,1978.7534,332.44,1.02,False
1978-10-05,1978.7589,331.89,1.15,False
1978-10-06,1978.7616,332.06,1.33,False
1978-10-08,1978.7671,332.06,1.11,False
1978-10-09,1978.7699,332.39,,False
1978-10-10,1978.7726,331.64,,False
1978-10-13,1978.7808,331.6,-0.05,False
1978-10-14,1978.7836,331.87,0.12,False
1978-10-15,1978.7863,332.39,,False
1978-10-16,1978.789,332.72,1.28,False
1978-10-17,1978.7918,332.37,,False
1978-10-20,1978.8,333.2,,False
1978-10-22,1978.8055,332.69,1.56,False
1978-10-23,1978.8082,333.09,2.17,False
1978-10-24,1978.811,332.58,1.21,False
1978-10-25,1978.8137,332.7,1.31,False
1978-10-26,1978.8164,332.89,1.53,False
1978-10-28,1978.8219,332.86,1.49,False
1978-10-30,1978.8274,332.7,0.76,False
1978-11-02,1978.8356,333.26,,False
1978-11-03,1978.8384,333.58,,False
1978-11-04,1978.8411,333.33,1.64,False
1978-11-07,1978.8493,333.31,1.27,False
1978-11-08,1978.8521,333.77,,False
1978-11-09,1978.8548,333.56,1.57,False
1978-11-10,1978.8575,333.56,1.71,False
1978-11-11,1978.8603,333.66,1.38,False
1978-11-12,1978.863,333.57,1.3,False
1978-11-13,1978.8658,333.61,0.83,False
1978-11-14,1978.8685,333.58,,False
1978-11-15,1978.8712,333.64,,False
1978-11-16,1978.874,333.77,1.3,False
1978-11-17,1978.8767,333.51,,False
1978-11-18,1978.8795,333.59,1.22,False
1978-11-19,1978.8822,333.64,1.15,False
1978-11-20,1978.8849,334.36,1.73,False
1978-11-21,1978.8877,334.61,2.09,False
1978-11-22,1978.8904,334.12,,False
1978-11-24,1978.8959,333.76,-0.14,False
1978-11-25,1978.8986,334.25,1.39,False
1978-11-26,1978.9014,334.13,1.44,False
1978-11-27,1978.9041,333.87,1.08,False
1978-11-28,1978.9068,334.21,1.31,False
1978-12-01,1978.9151,334.41,1.92,False
1978-12-04,1978.9233,334.08,0.76,False
1978-12-05,1978.926,334.47,,False
1978-12-06,1978.9288,334.73,1.71,False
1978-12-07,1978.9315,334.47,1.38,False
1978-12-08,1978.9342,334.54,1.49,False
1978-12-10,1978.9397,334.67,0.6,False
1978-12-11,1978.9425,334.48,,False
1978-12-13,1978.9479,335.38,1.88,False
1978-12-14,1978.9507,335.05,1.97,False
1978-12-15,1978.9534,335.13,1.72,False
1978-12-16,1978.9562,335.04,1.24,False
1978-12-17,1978.9589,334.57,1.34,False
1978-12-18,1978.9616,335.11,1.36,False
1978-12-20,1978.9671,335.09,1.01,False
1978-12-21,1978.9699,335.14,1.22,False
1978-12-22,1978.9726,336.02,2.27,False
1978-12-23,1978.9753,335.62,0.89,False
1978-12-24,1978.9781,334.94,0.54,False
1978-12-25,1978.9808,334.95,1.28,False
1978-12-26,1978.9836,334.92,1.12,False
1978-12-27,1978.9863,335.55,,False
1978-12-28,1978.989,335.01,,False
1978-12-29,1978.9918,335.1,0.59,False
1978-12-30,1978.9945,335.05,1.16,False
1978-12-31,1978.9973,335.43,1.46,False
1979-01-01,1979.0,335.2,0.94,False
1979-01-02,1979.0027,335.26,,False
1979-01-03,1979.0055,335.08,,False
1979-01-04,1979.0082,335.19,0.31,False
1979-01-05,1979.011,335.08,0.3,False
1979-01-06,1979.0137,335.13,0.43,False
1979-01-07,1979.0164,335.33,,False
1979-01-08,1979.0192,335.56,,False
1979-01-09,1979.0219,335.03,,False
1979-01-10,1979.0247,335.15,1.09,False
1979-01-11,1979.0274,335.36,0.64,False
1979-01-12,1979.0301,335.56,0.89,False
1979-01-13,1979.0329,336.39,1.84,False
1979-01-14,1979.0356,336.65,1.84,False
1979-01-15,1979.0384,337.79,2.81,False
1979-01-16,1979.0411,336.12,1.27,False
1979-01-17,1979.0438,336.44,1.87,False
1979-01-18,1979.0466,336.66,0.99,False
1979-01-19,1979.0493,336.39,,False
1979-01-20,1979.0521,336.4,,False
1979-01-21,1979.0548,336.9,2.26,False
1979-01-23,1979.0603,337.59,,False
1979-01-24,1979.063,337.03,1.54,False
1979-01-25,1979.0658,336.46,0.9,False
1979-01-26,1979.0685,336.68,1.67,False
1979-01-30,1979.0795,337.16,2.78,False
1979-01-31,1979.0822,337.26,1.33,False
1979-02-01,1979.0849,336.93,,False
1979-02-02,1979.0877,336.71,1.31,False
1979-02-04,1979.0932,336.57,0.76,False
1979-02-05,1979.0959,337.01,2.42,False
1979-02-06,1979.0986,336.61,2.3,False
1979-02-07,1979.1014,336.89,2.41,False
1979-02-09,1979.1068,336.28,1.33,False
1979-02-10,1979.1096,336.26,0.93,False
1979-02-11,1979.1123,336.58,,False
1979-02-12,1979.1151,336.95,1.85,False
1979-02-13,1979.1178,336.77,1.75,False
1979-02-14,1979.1205,336.46,1.47,False
1979-02-15,1979.1233,336.2,1.0,False
1979-02-16,1979.126,336.2,0.39,False
1979-02-17,1979.1288,336.49,0.84,False
1979-02-18,1979.1315,336.88,,False
1979-02-19,1979.1342,337.07,1.0,False
1979-02-20,1979.137,337.17,2.13,False
1979-02-21,1979.1397,336.88,2.17,False
1979-02-22,1979.1425,336.75,1.87,False
1979-02-23,1979.1452,336.06,0.12,False
1979-02-24,1979.1479,336.68,0.77,False
1979-02-26,1979.1534,337.01,2.03,False
1979-02-27,1979.1562,336.98,0.47,False
1979-02-28,1979.1589,336.89,1.8,False
1979-03-02,1979.1644,336.72,-0.14,False
1979-03-03,1979.1671,336.9,0.12,False
1979-03-04,1979.1699,337.78,1.48,False
1979-03-06,1979.1753,337.31,1.13,False
1979-03-07,1979.1781,337.87,1.89,False
1979-03-08,1979.1808,337.91,2.45,False
1979-03-09,1979.1836,338.54,2.31,False
1979-03-10,1979.1863,338.19,1.97,False
1979-03-12,1979.1918,338.24,1.82,False
1979-03-14,1979.1973,337.41,0.47,False
1979-03-16,1979.2027,338.65,1.83,False
1979-03-20,1979.2137,337.22,0.46,False
1979-03-22,1979.2192,338.96,2.23,True
1979-03-24,1979.2247,339.77,2.97,True
1979-03-25,1979.2274,339.56,1.98,False
1979-03-26,1979.2301,339.57,2.12,False
1979-03-27,1979.2329,338.84,0.83,False
1979-03-28,1979.2356,338.35,0.91,False
1979-03-29,1979.2384,338.05,2.18,False
1979-03-30,1979.2411,339.12,2.52,False
1979-03-31,1979.2438,339.28,0.92,False
1979-04-01,1979.2466,338.87,,False
1979-04-03,1979.2521,338.32,,False
1979-04-04,1979.2548,337.19,0.44,False
1979-04-06,1979.2603,337.2,-0.66,False
1979-04-08,1979.2658,339.13,,False
1979-04-09,1979.2685,339.15,,False
1979-04-12,1979.2767,338.59,0.74,False
1979-04-13,1979.2795,339.0,0.94,False
1979-04-14,1979.2822,337.94,0.13,False
1979-04-15,1979.2849,338.42,0.14,False
1979-04-16,1979.2877,339.03,1.1,False
1979-04-17,1979.2904,338.4,,False
1979-04-18,1979.2932,338.66,1.03,False
1979-04-19,1979.2959,339.03,,False
1979-04-20,1979.2986,338.85,1.85,False
1979-04-21,1979.3014,338.95,1.78,False
1979-04-22,1979.3041,338.98,0.59,False
1979-04-23,1979.3068,339.66,1.91,False
1979-04-24,1979.3096,340.21,,True
1979-04-25,1979.3123,339.39,,False
1979-04-26,1979.3151,338.97,1.3,False
1979-04-27,1979.3178,339.06,1.29,False
1979-04-29,1979.3233,339.7,1.4,False
1979-04-30,1979.326,340.08,1.79,False
1979-05-01,1979.3288,339.9,1.53,False
1979-05-02,1979.3315,339.55,,False
1979-05-04,1979.337,339.02,1.24,False
1979-05-05,1979.3397,338.9,0.48,False
1979-05-06,1979.3425,338.88,,False
1979-05-08,1979.3479,338.6,0.76,False
1979-05-10,1979.3534,338.36,0.91,False
1979-05-14,1979.3644,338.45,0.25,False
1979-05-15,1979.3671,339.22,0.77,False
1979-05-16,1979.3699,339.56,2.0,False
1979-05-19,1979.3781,339.54,2.29,False
1979-05-20,1979.3808,339.84,2.39,False
1979-05-21,1979.3836,339.52,1.83,False
1979-05-23,1979.389,340.24,1.97,True
1979-05-24,1979.3918,338.91,1.21,False
1979-05-25,1979.3945,338.68,,False
1979-05-26,1979.3973,339.24,,False
1979-05-27,1979.4,339.22,1.85,False
1979-05-28,1979.4027,339.37,1.34,False
1979-05-30,1979.4082,339.85,1.5,False
1979-06-02,1979.4164,340.24,1.37,False
1979-06-03,1979.4192,340.18,1.64,False
1979-06-04,1979.4219,339.65,1.03,False
1979-06-05,1979.4247,339.68,,False
1979-06-06,1979.4274,339.7,,False
1979-06-07,1979.4301,339.63,1.34,False
1979-06-08,1979.4329,339.59,,False
1979-06-10,1979.4384,339.34,,False
1979-06-11,1979.4411,339.09,1.01,False
1979-06-14,1979.4493,338.74,,False
1979-06-16,1979.4548,338.87,0.81,False
1979-06-17,1979.4575,338.78,,False
1979-06-18,1979.4603,339.32,,False
1979-06-19,1979.463,339.02,,False
1979-06-20,1979.4658,339.22,1.62,False
1979-06-21,1979.4685,339.35,,False
1979-06-22,1979.4712,339.19,1.27,False
1979-06-28,1979.4877,338.91,,False
1979-06-30,1979.4932,338.95,1.12,False
1979-07-01,1979.4959,338.3,,False
1979-07-02,1979.4986,337.26,,False
1979-07-04,1979.5041,338.47,,False
1979-07-05,1979.5068,338.42,,False
1979-07-06,1979.5096,338.15,1.7,False
1979-07-07,1979.5123,338.22,1.26,False
1979-07-08,1979.5151,337.94,1.28,False
1979-07-10,1979.5205,336.53,-0.71,False
1979-07-11,1979.5233,338.24,1.3,False
1979-07-13,1979.5288,337.96,1.32,False
1979-07-14,1979.5315,337.82,1.18,False
1979-07-15,1979.5342,337.8,1.29,False
1979-07-16,1979.537,338.26,1.17,False
1979-07-17,1979.5397,337.81,,False
1979-07-18,1979.5425,338.09,1.28,False
1979-07-19,1979.5452,337.92,2.15,False
1979-07-21,1979.5507,337.57,1.56,False
1979-07-22,1979.5534,337.47,1.45,False
1979-07-23,1979.5562,337.07,0.83,False
1979-07-24,1979.5589,336.4,,False
1979-07-25,1979.5616,336.41,0.65,False
1979-07-26,1979.5644,337.25,1.63,False
1979-07-27,1979.5671,335.4,-0.73,False
1979-07-29,1979.5726,336.59,,False
1979-07-30,1979.5753,337.2,1.25,False
1979-07-31,1979.5781,337.01,1.6,False
1979-08-03,1979.5863,336.71,,False
1979-08-04,1979.589,336.74,1.32,False
1979-08-06,1979.5945,336.17,0.96,False
1979-08-07,1979.5973,336.21,1.42,False
1979-08-08,1979.6,336.25,1.71,False
1979-08-09,1979.6027,336.59,2.03,False
1979-08-10,1979.6055,336.43,2.16,False
1979-08-11,1979.6082,336.45,1.93,False
1979-08-12,1979.611,336.61,1.91,False
1979-08-13,1979.6137,336.13,1.1,False
1979-08-15,1979.6192,336.19,1.54,False
1979-08-16,1979.6219,335.81,,False
1979-08-17,1979.6247,336.1,,False
1979-08-19,1979.6301,336.08,,False
1979-08-20,1979.6329,335.73,,False
1979-08-21,1979.6356,335.31,,False
1979-08-22,1979.6384,334.02,-0.32,False
1979-08-23,1979.6411,334.95,,False
1979-08-24,1979.6438,333.89,,False
1979-08-25,1979.6466,333.68,,False
1979-08-28,1979.6548,335.41,,False
1979-08-29,1979.6575,335.58,,False
1979-08-30,1979.6603,334.89,1.22,False
1979-08-31,1979.663,333.92,0.19,False
1979-09-01,1979.6658,335.13,1.19,False
1979-09-06,1979.6795,333.27,1.28,False
1979-09-07,1979.6822,334.21,1.27,False
1979-09-11,1979.6932,335.03,3.55,False
1979-09-12,1979.6959,335.02,3.12,False
1979-09-14,1979.7014,334.49,,False
1979-09-15,1979.7041,333.07,0.74,False
1979-09-16,1979.7068,333.81,1.44,False
1979-09-18,1979.7123,334.42,,False
1979-09-19,1979.7151,333.28,2.02,False
1979-09-20,1979.7178,334.09,1.93,False
1979-09-21,1979.7205,333.01,,False
1979-09-22,1979.7233,333.02,,False
1979-09-23,1979.726,333.11,1.29,False
1979-09-25,1979.7315,333.36,,False
1979-09-26,1979.7342,333.42,,False
1979-09-28,1979.7397,333.77,,False
1979-09-29,1979.7425,334.4,1.09,False
1979-09-30,1979.7452,334.11,1.16,False
1979-10-01,1979.7479,334.42,2.27,False
1979-10-02,1979.7507,334.12,1.57,False
1979-10-03,1979.7534,334.12,1.68,False
1979-10-05,1979.7589,333.61,1.72,False
1979-10-06,1979.7616,334.24,2.18,False
1979-10-07,1979.7644,334.65,,False
1979-10-11,1979.7753,334.8,,False
1979-10-13,1979.7808,334.12,2.52,False
1979-10-14,1979.7836,333.95,2.08,False
1979-10-15,1979.7863,334.02,1.63,False
1979-10-16,1979.789,334.04,1.32,False
1979-10-17,1979.7918,334.27,1.9,False
1979-10-18,1979.7945,334.25,,False
1979-10-19,1979.7973,334.13,,False
1979-10-20,1979.8,333.95,0.75,False
1979-10-21,1979.8027,333.83,,False
1979-10-22,1979.8055,335.73,3.04,False
1979-10-23,1979.8082,333.75,0.66,False
1979-10-24,1979.811,334.22,1.64,False
1979-10-25,1979.8137,334.27,1.57,False
1979-10-26,1979.8164,334.34,1.45,False
1979-10-27,1979.8192,334.34,,False
1979-10-28,1979.8219,334.46,1.6,False
1979-10-30,1979.8274,334.4,1.7,False
1979-10-31,1979.8301,334.66,,False
1979-11-03,1979.8384,334.63,1.05,False
1979-11-04,1979.8411,334.84,1.51,False
1979-11-05,1979.8438,334.72,,False
1979-11-06,1979.8466,334.55,,False
1979-11-07,1979.8493,334.5,1.19,False
1979-11-08,1979.8521,334.77,1.0,False
1979-11-09,1979.8548,335.11,1.55,False
1979-11-10,1979.8575,335.1,1.54,False
1979-11-11,1979.8603,334.54,0.88,False
1979-11-12,1979.863,335.13,1.56,False
1979-11-13,1979.8658,334.79,1.18,False
1979-11-14,1979.8685,335.45,1.87,False
1979-11-15,1979.8712,335.98,2.34,False
1979-11-16,1979.874,335.71,1.94,False
1979-11-17,1979.8767,335.91,2.4,False
1979-11-18,1979.8795,335.94,2.35,False
1979-11-19,1979.8822,335.76,2.12,False
1979-11-20,1979.8849,335.47,1.11,False
1979-11-21,1979.8877,335.44,0.83,False
1979-11-22,1979.8904,335.5,1.38,False
1979-11-23,1979.8932,335.64,,False
1979-11-24,1979.8959,336.79,3.03,False
1979-11-25,1979.8986,335.87,1.62,False
1979-11-26,1979.9014,335.84,1.71,False
1979-11-27,1979.9041,335.68,1.81,False
1979-11-28,1979.9068,335.72,1.51,False
1979-11-29,1979.9096,335.84,,False
1979-11-30,1979.9123,336.02,,False
1979-12-01,1979.9151,336.19,1.78,False
1979-12-02,1979.9178,336.04,,False
1979-12-03,1979.9205,336.2,,False
1979-12-04,1979.9233,336.28,2.2,False
1979-12-05,1979.926,336.56,2.09,False
1979-12-06,1979.9288,336.91,2.18,False
1979-12-07,1979.9315,336.58,2.11,False
1979-12-08,1979.9342,336.24,1.7,False
1979-12-10,1979.9397,336.23,1.56,False
1979-12-11,1979.9425,336.73,2.25,False
1979-12-12,1979.9452,336.88,,False
1979-12-13,1979.9479,336.88,1.5,False
1979-12-14,1979.9507,336.83,1.78,False
1979-12-15,1979.9534,336.78,1.65,False
1979-12-16,1979.9562,336.7,1.66,False
1979-12-17,1979.9589,336.72,2.15,False
1979-12-21,1979.9699,337.6,2.46,False
1979-12-27,1979.9863,337.29,1.74,False
1979-12-28,1979.989,337.25,2.24,False
1979-12-29,1979.9918,337.05,1.95,False
1979-12-30,1979.9945,337.2,2.15,False
1979-12-31,1979.9973,337.21,1.78,False
1980-01-01,1980.0,337.85,2.65,False
1980-01-02,1980.0027,337.32,2.06,False
1980-01-03,1980.0055,337.75,2.67,False
1980-01-04,1980.0082,337.7,2.51,False
1980-01-05,1980.0109,337.65,2.57,False
1980-01-06,1980.0137,337.25,2.12,False
1980-01-07,1980.0164,337.86,2.53,False
1980-01-08,1980.0191,337.31,1.75,False
1980-01-10,1980.0246,337.0,1.85,False
1980-01-11,1980.0273,337.5,2.14,False
1980-01-12,1980.0301,337.49,1.93,False
1980-01-13,1980.0328,337.75,1.36,False
1980-01-14,1980.0355,337.45,0.8,False
1980-01-15,1980.0383,337.54,-0.25,False
1980-01-16,1980.041,336.94,0.82,False
1980-01-18,1980.0464,337.89,1.23,False
1980-01-19,1980.0492,338.7,2.31,False
1980-01-20,1980.0519,338.17,1.77,False
1980-01-21,1980.0546,337.72,0.82,False
1980-01-22,1980.0574,339.5,,False
1980-01-23,1980.0601,339.64,2.05,False
1980-01-24,1980.0628,338.64,1.61,False
1980-01-25,1980.0656,338.63,2.17,False
1980-01-26,1980.0683,338.22,1.54,False
1980-01-27,1980.071,338.17,,False
1980-01-28,1980.0738,338.37,,False
1980-01-29,1980.0765,337.75,,False
1980-01-30,1980.0792,337.9,0.74,False
1980-01-31,1980.082,337.56,0.3,False
1980-02-01,1980.0847,337.6,0.67,False
1980-02-02,1980.0874,337.86,1.15,False
1980-02-03,1980.0902,338.49,,False
1980-02-04,1980.0929,338.4,1.83,False
1980-02-05,1980.0956,338.88,1.87,False
1980-02-06,1980.0984,338.14,1.53,False
1980-02-07,1980.1011,338.46,1.57,False
1980-02-10,1980.1093,337.2,0.94,False
1980-02-12,1980.1148,337.45,0.5,False
1980-02-13,1980.1175,338.54,1.77,False
1980-02-14,1980.1202,338.18,1.72,False
1980-02-15,1980.123,338.98,2.78,False
1980-02-16,1980.1257,338.76,2.56,False
1980-02-17,1980.1284,338.64,2.15,False
1980-02-18,1980.1311,338.61,1.73,False
1980-02-19,1980.1339,338.64,1.57,False
1980-02-20,1980.1366,338.33,1.16,False
1980-02-21,1980.1393,338.38,1.5,False
1980-02-22,1980.1421,337.88,1.13,False
1980-02-23,1980.1448,337.97,1.91,False
1980-02-24,1980.1475,338.01,1.33,False
1980-02-25,1980.1503,338.32,,False
1980-02-26,1980.153,339.66,2.65,False
1980-02-27,1980.1557,338.84,1.86,False
1980-02-28,1980.1585,338.5,1.61,False
1980-02-29,1980.1612,338.81,,False
1980-03-01,1980.1639,340.26,,True
1980-03-02,1980.1667,340.25,3.53,False
1980-03-04,1980.1721,339.02,1.24,False
1980-03-08,1980.1831,339.02,1.11,False
1980-03-09,1980.1858,339.33,0.79,False
1980-03-10,1980.1885,339.23,1.04,False
1980-03-11,1980.1913,339.87,,False
1980-03-13,1980.1967,340.22,,False
1980-03-14,1980.1995,340.24,2.83,False
1980-03-15,1980.2022,340.11,,False
1980-03-16,1980.2049,339.88,1.23,False
1980-03-17,1980.2077,339.49,,False
1980-03-18,1980.2104,339.29,,False
1980-03-20,1980.2158,339.43,2.21,False
1980-03-21,1980.2186,340.21,,False
1980-03-23,1980.224,340.43,,True
1980-03-24,1980.2268,340.91,1.14,True
1980-03-25,1980.2295,340.58,1.02,False
1980-03-26,1980.2322,341.19,1.62,True
1980-03-27,1980.235,340.63,1.79,False
1980-03-29,1980.2404,341.3,3.25,True
1980-03-30,1980.2432,341.1,1.98,False
1980-03-31,1980.2459,340.44,1.16,False
1980-04-01,1980.2486,340.49,1.62,False
1980-04-02,1980.2514,340.44,,False
1980-04-04,1980.2568,340.7,3.51,False
1980-04-07,1980.265,340.92,,False
1980-04-08,1980.2678,340.97,1.84,False
1980-04-09,1980.2705,340.42,1.27,False
1980-04-11,1980.276,340.51,,False
1980-04-12,1980.2787,341.25,2.66,False
1980-04-14,1980.2842,340.63,2.69,False
1980-04-15,1980.2869,341.83,3.41,True
1980-04-16,1980.2896,340.9,1.87,False
1980-04-17,1980.2923,341.02,2.62,False
1980-04-18,1980.2951,340.75,2.09,False
1980-04-19,1980.2978,340.77,1.74,False
1980-04-20,1980.3005,341.31,2.46,False
1980-04-21,1980.3033,340.76,1.81,False
1980-04-22,1980.306,341.12,2.14,False
1980-04-23,1980.3087,341.47,1.81,False
1980-04-24,1980.3115,341.03,0.82,False
1980-04-25,1980.3142,341.01,1.62,False
1980-04-26,1980.3169,341.25,2.28,False
1980-04-27,1980.3197,341.32,2.26,False
1980-04-28,1980.3224,341.24,,False
1980-04-29,1980.3251,341.16,1.46,False
1980-05-01,1980.3306,341.33,1.43,False
1980-05-02,1980.3333,341.42,1.87,False
1980-05-03,1980.3361,341.65,,False
1980-05-04,1980.3388,341.73,2.71,False
1980-05-07,1980.347,341.96,,True
1980-05-08,1980.3497,341.41,2.81,False
1980-05-10,1980.3552,340.47,2.11,False
1980-05-11,1980.3579,340.98,,False
1980-05-12,1980.3607,341.87,,False
1980-05-13,1980.3634,342.37,,True
1980-05-14,1980.3661,341.27,2.82,False
1980-05-15,1980.3689,341.42,2.2,False
1980-05-17,1980.3743,342.38,,True
1980-05-18,1980.377,341.64,,False
1980-05-19,1980.3798,341.76,2.22,False
1980-05-20,1980.3825,341.5,1.66,False
1980-05-22,1980.388,341.26,,False
1980-05-24,1980.3934,340.54,1.63,False
1980-05-25,1980.3962,340.61,1.93,False
1980-05-26,1980.3989,340.98,1.74,False
1980-05-27,1980.4016,340.76,1.54,False
1980-05-29,1980.4071,341.95,,False
1980-05-30,1980.4098,341.96,2.11,False
1980-05-31,1980.4126,341.66,,False
1980-06-01,1980.4153,341.92,,False
1980-06-02,1980.418,341.75,1.51,False
1980-06-03,1980.4208,341.61,1.43,False
1980-06-06,1980.429,341.32,1.62,False
1980-06-07,1980.4317,341.62,1.99,False
1980-06-09,1980.4372,341.6,,False
1980-06-10,1980.4399,342.21,2.87,False
1980-06-11,1980.4426,341.49,2.4,False
1980-06-13,1980.4481,341.49,,False
1980-06-14,1980.4508,341.33,2.59,False
1980-06-15,1980.4536,342.34,,False
1980-06-16,1980.4563,341.98,3.11,False
1980-06-18,1980.4617,341.77,2.45,False
1980-06-19,1980.4645,341.25,2.23,False
1980-06-20,1980.4672,340.96,1.74,False
1980-06-21,1980.4699,340.72,1.37,False
1980-06-22,1980.4727,340.64,1.45,False
1980-06-24,1980.4781,341.24,,False
1980-06-26,1980.4836,340.52,,False
1980-06-27,1980.4863,340.63,,False
1980-07-01,1980.4973,340.55,2.25,False
1980-07-02,1980.5,340.56,3.3,False
1980-07-03,1980.5027,340.44,,False
1980-07-04,1980.5055,340.45,1.98,False
1980-07-05,1980.5082,340.44,2.02,False
1980-07-06,1980.5109,340.27,2.12,False
1980-07-08,1980.5164,340.52,2.58,False
1980-07-09,1980.5191,340.14,,False
1980-07-10,1980.5219,339.86,3.33,False
1980-07-11,1980.5246,338.98,0.74,False
1980-07-14,1980.5328,340.1,2.28,False
1980-07-15,1980.5355,340.17,2.37,False
1980-07-16,1980.5383,340.06,1.8,False
1980-07-17,1980.541,337.69,-0.12,False
1980-07-18,1980.5437,338.73,0.64,False
1980-07-19,1980.5464,339.06,1.14,False
1980-07-20,1980.5492,338.99,,False
1980-07-21,1980.5519,337.59,0.02,False
1980-07-22,1980.5546,338.82,1.35,False
1980-07-24,1980.5601,339.52,3.12,False
1980-07-25,1980.5628,339.37,2.96,False
1980-07-26,1980.5656,338.34,1.09,False
1980-07-27,1980.5683,339.24,3.84,False
1980-07-28,1980.571,339.05,,False
1980-07-29,1980.5738,338.88,2.29,False
1980-07-30,1980.5765,338.4,1.2,False
1980-08-01,1980.582,338.61,,False
1980-08-02,1980.5847,338.68,,False
1980-08-03,1980.5874,337.36,0.65,False
1980-08-04,1980.5902,336.81,0.07,False
1980-08-07,1980.5984,336.18,-0.03,False
1980-08-10,1980.6066,338.61,2.18,False
1980-08-14,1980.6175,337.39,,False
1980-08-15,1980.6202,337.69,1.5,False
1980-08-16,1980.623,338.27,2.46,False
1980-08-19,1980.6311,337.97,1.89,False
1980-08-22,1980.6393,338.74,4.72,False
1980-08-23,1980.6421,338.38,3.43,False
1980-08-25,1980.6475,337.75,4.07,False
1980-08-26,1980.6503,338.19,,False
1980-08-29,1980.6585,338.09,2.51,False
1980-08-30,1980.6612,334.79,-0.1,False
1980-09-02,1980.6694,336.38,,False
1980-09-05,1980.6776,337.15,,False
1980-09-06,1980.6803,337.17,3.9,False
1980-09-07,1980.6831,336.22,2.01,False
1980-09-08,1980.6858,335.62,,False
1980-09-12,1980.6967,335.59,0.57,False
1980-09-13,1980.6995,336.4,,False
1980-09-14,1980.7022,337.44,2.95,False
1980-09-15,1980.7049,337.23,4.16,False
1980-09-17,1980.7104,336.14,,False
1980-09-18,1980.7131,336.19,1.77,False
1980-09-19,1980.7158,335.17,1.89,False
1980-09-22,1980.724,335.18,2.16,False
1980-09-27,1980.7377,336.23,,False
1980-09-28,1980.7404,336.24,2.47,False
1980-10-01,1980.7486,335.42,1.0,False
1980-10-04,1980.7568,335.66,,False
1980-10-05,1980.7596,335.7,2.09,False
1980-10-06,1980.7623,336.16,1.92,False
1980-10-07,1980.765,335.88,1.23,False
1980-10-08,1980.7678,335.74,,False
1980-10-09,1980.7705,335.42,,False
1980-10-10,1980.7732,335.61,,False
1980-10-11,1980.776,335.51,0.71,False
1980-10-12,1980.7787,336.02,,False
1980-10-13,1980.7814,336.43,2.31,False
1980-10-14,1980.7842,335.88,1.93,False
1980-10-15,1980.7869,335.98,1.96,False
1980-10-16,1980.7896,336.16,2.12,False
1980-10-17,1980.7923,336.36,2.09,False
1980-10-18,1980.7951,335.94,1.69,False
1980-10-20,1980.8005,336.22,2.27,False
1980-10-21,1980.8033,336.35,2.52,False
1980-10-22,1980.806,336.53,0.8,False
1980-10-23,1980.8087,336.98,3.23,False
1980-10-24,1980.8115,336.41,2.19,False
1980-10-25,1980.8142,336.56,2.29,False
1980-10-26,1980.8169,336.69,2.35,False
1980-10-29,1980.8251,336.28,,False
1980-10-30,1980.8279,336.53,2.13,False
1980-10-31,1980.8306,337.18,2.52,False
1980-11-01,1980.8333,336.76,,False
1980-11-02,1980.8361,336.54,,False
1980-11-03,1980.8388,336.81,2.18,False
1980-11-04,1980.8415,336.72,1.88,False
1980-11-05,1980.8443,337.3,2.58,False
1980-11-06,1980.847,337.07,2.52,False
1980-11-07,1980.8497,337.04,2.54,False
1980-11-08,1980.8525,336.81,2.04,False
1980-11-09,1980.8552,337.22,2.11,False
1980-11-10,1980.8579,336.93,1.83,False
1980-11-11,1980.8607,337.84,3.3,False
1980-11-12,1980.8634,337.83,2.7,False
1980-11-13,1980.8661,337.61,2.82,False
1980-11-16,1980.8743,337.16,1.45,False
1980-11-17,1980.877,337.09,1.18,False
1980-11-18,1980.8798,337.23,1.29,False
1980-11-19,1980.8825,337.2,1.44,False
1980-11-20,1980.8852,337.27,1.8,False
1980-11-21,1980.888,337.26,1.82,False
1980-11-22,1980.8907,337.32,1.82,False
1980-11-23,1980.8934,337.55,1.91,False
1980-11-24,1980.8962,337.77,0.98,False
1980-11-25,1980.8989,337.7,1.83,False
1980-11-26,1980.9016,337.64,1.8,False
1980-11-27,1980.9044,337.71,2.03,False
1980-11-28,1980.9071,337.53,1.81,False
1980-11-29,1980.9098,337.65,1.81,False
1980-12-01,1980.9153,337.5,1.31,False
1980-12-02,1980.918,337.59,1.55,False
1980-12-05,1980.9262,337.92,1.36,False
1980-12-06,1980.929,338.17,1.26,False
1980-12-09,1980.9372,338.06,,False
1980-12-11,1980.9426,338.15,1.42,False
1980-12-12,1980.9454,338.06,1.18,False
1980-12-14,1980.9508,338.47,1.64,False
1980-12-15,1980.9536,338.48,1.7,False
1980-12-16,1980.9563,338.8,2.1,False
1980-12-17,1980.959,338.54,1.82,False
1980-12-18,1980.9617,338.76,,False
1980-12-19,1980.9645,338.47,,False
1980-12-20,1980.9672,338.1,,False
1980-12-21,1980.9699,337.87,0.27,False
1980-12-22,1980.9727,338.3,,False
1980-12-23,1980.9754,338.6,,False
1980-12-25,1980.9809,338.63,,False
1980-12-26,1980.9836,338.25,,False
1980-12-27,1980.9863,338.7,1.41,False
1980-12-28,1980.9891,338.74,1.49,False
1980-12-29,1980.9918,338.59,1.54,False
1980-12-30,1980.9945,338.91,1.71,False
1980-12-31,1980.9973,338.93,1.72,False
1981-01-01,1981.0,338.43,0.58,False
1981-01-02,1981.0027,338.35,1.03,False
1981-01-03,1981.0055,338.34,0.59,False
1981-01-04,1981.0082,338.15,0.45,False
1981-01-05,1981.011,339.91,2.26,False
1981-01-06,1981.0137,339.75,2.5,False
1981-01-08,1981.0192,338.75,1.44,False
1981-01-09,1981.0219,339.12,,False
1981-01-10,1981.0247,339.04,2.04,False
1981-01-11,1981.0274,339.06,1.56,False
1981-01-12,1981.0301,339.25,1.76,False
1981-01-13,1981.0329,339.62,1.87,False
1981-01-14,1981.0356,339.46,2.01,False
1981-01-15,1981.0384,339.17,1.63,False
1981-01-16,1981.0411,339.03,2.09,False
1981-01-17,1981.0438,339.15,,False
1981-01-18,1981.0466,339.87,1.98,False
1981-01-19,1981.0493,339.47,0.77,False
1981-01-20,1981.0521,339.23,1.06,False
1981-01-21,1981.0548,339.8,2.08,False
1981-01-22,1981.0575,339.64,0.14,False
1981-01-23,1981.0603,339.49,-0.15,False
1981-01-24,1981.063,339.36,0.72,False
1981-01-25,1981.0658,339.34,0.71,False
1981-01-27,1981.0712,339.37,1.2,False
1981-01-28,1981.074,340.09,1.72,False
1981-01-29,1981.0767,340.03,2.28,False
1981-01-31,1981.0822,339.54,1.98,False
1981-02-01,1981.0849,339.52,1.92,False
1981-02-02,1981.0877,339.5,1.64,False
1981-02-03,1981.0904,339.44,0.95,False
1981-02-04,1981.0932,339.67,1.27,False
1981-02-05,1981.0959,339.58,0.7,False
1981-02-06,1981.0986,340.79,2.65,False
1981-02-07,1981.1014,340.74,2.28,False
1981-02-08,1981.1041,340.51,,False
1981-02-09,1981.1068,341.73,,False
1981-02-10,1981.1096,341.35,4.15,False
1981-02-11,1981.1123,340.21,,False
1981-02-12,1981.1151,340.42,2.97,False
1981-02-13,1981.1178,339.99,1.45,False
1981-02-16,1981.126,339.97,1.21,False
1981-02-18,1981.1315,340.67,2.06,False
1981-02-19,1981.1342,340.37,1.73,False
1981-02-20,1981.137,340.22,1.89,False
1981-02-21,1981.1397,339.66,1.28,False
1981-02-22,1981.1425,340.32,2.44,False
1981-02-23,1981.1452,340.76,2.79,False
1981-02-24,1981.1479,341.25,3.24,False
1981-02-25,1981.1507,341.98,3.66,False
1981-02-26,1981.1534,341.64,1.98,False
1981-02-27,1981.1562,341.67,2.83,False
1981-02-28,1981.1589,341.78,3.28,False
1981-03-01,1981.1616,341.55,1.29,False
1981-03-02,1981.1644,341.33,1.08,False
1981-03-03,1981.1671,341.41,,False
1981-03-04,1981.1699,341.06,2.04,False
1981-03-06,1981.1753,341.2,,False
1981-03-07,1981.1781,340.81,,False
1981-03-08,1981.1808,341.16,2.14,False
1981-03-11,1981.189,340.89,1.02,False
1981-03-12,1981.1918,341.93,,False
1981-03-13,1981.1945,340.41,0.19,False
1981-03-14,1981.1973,340.44,0.2,False
1981-03-16,1981.2027,341.54,1.66,False
1981-03-17,1981.2055,341.51,2.02,False
1981-03-18,1981.2082,341.24,1.95,False
1981-03-19,1981.211,342.15,,False
1981-03-20,1981.2137,341.56,2.13,False
1981-03-21,1981.2164,341.66,1.45,False
1981-03-22,1981.2192,342.46,,True
1981-03-25,1981.2274,342.8,2.22,True
1981-03-26,1981.2301,342.69,1.5,False
1981-03-27,1981.2329,342.23,1.6,False
1981-03-28,1981.2356,342.25,,False
1981-03-29,1981.2384,342.39,1.09,False
1981-03-30,1981.2411,342.59,1.49,False
1981-03-31,1981.2438,341.92,1.48,False
1981-04-01,1981.2466,341.44,0.95,False
1981-04-02,1981.2493,342.61,2.17,False
1981-04-03,1981.2521,342.68,,False
1981-04-04,1981.2548,342.38,1.68,False
1981-04-05,1981.2575,342.29,,False
1981-04-08,1981.2658,342.57,1.6,False
1981-04-09,1981.2685,342.94,2.52,True
1981-04-10,1981.2712,342.75,,False
1981-04-11,1981.274,342.53,2.02,False
1981-04-12,1981.2767,342.59,1.34,False
1981-04-13,1981.2795,342.22,,False
1981-04-14,1981.2822,343.07,2.44,True
1981-04-15,1981.2849,342.48,0.65,False
1981-04-16,1981.2877,343.09,2.19,True
1981-04-17,1981.2904,343.96,2.94,True
1981-04-18,1981.2932,343.33,2.58,False
1981-04-19,1981.2959,342.51,1.74,False
1981-04-20,1981.2986,342.63,1.32,False
1981-04-21,1981.3014,342.52,1.76,False
1981-04-22,1981.3041,342.99,1.87,False
1981-04-23,1981.3068,342.46,0.99,False
1981-04-24,1981.3096,342.19,1.16,False
1981-04-25,1981.3123,342.49,1.48,False
1981-04-26,1981.3151,342.25,1.0,False
1981-04-29,1981.3233,342.14,0.98,False
1981-04-30,1981.326,342.35,,False
1981-05-01,1981.3288,343.4,2.07,False
1981-05-02,1981.3315,343.25,1.83,False
1981-05-03,1981.3342,343.36,1.71,False
1981-05-05,1981.3397,343.11,,False
1981-05-06,1981.3425,342.93,,False
1981-05-07,1981.3452,343.16,1.2,False
1981-05-08,1981.3479,342.93,1.52,False
1981-05-09,1981.3507,342.93,,False
1981-05-10,1981.3534,342.99,2.52,False
1981-05-11,1981.3562,342.99,2.01,False
1981-05-12,1981.3589,343.16,1.29,False
1981-05-13,1981.3616,342.89,0.52,False
1981-05-14,1981.3644,343.18,1.91,False
1981-05-15,1981.3671,343.15,1.73,False
1981-05-16,1981.3699,342.98,,False
1981-05-17,1981.3726,343.04,0.66,False
1981-05-18,1981.3753,342.95,1.31,False
1981-05-19,1981.3781,343.07,1.31,False
1981-05-20,1981.3808,342.93,1.43,False
1981-05-21,1981.3836,342.9,,False
1981-05-22,1981.3863,343.02,1.76,False
1981-05-23,1981.389,342.77,,False
1981-05-24,1981.3918,342.76,2.22,False
1981-05-25,1981.3945,342.89,2.28,False
1981-05-26,1981.3973,343.02,2.04,False
1981-05-27,1981.4,343.25,2.49,False
1981-05-28,1981.4027,343.15,,False
1981-05-29,1981.4055,343.06,1.11,False
1981-05-30,1981.4082,342.86,0.9,False
1981-05-31,1981.411,342.93,1.27,False
1981-06-01,1981.4137,342.38,0.46,False
1981-06-04,1981.4219,343.04,,False
1981-06-05,1981.4247,342.87,,False
1981-06-06,1981.4274,343.15,1.83,False
1981-06-07,1981.4301,343.01,1.39,False
1981-06-08,1981.4329,342.87,,False
1981-06-09,1981.4356,342.74,1.14,False
1981-06-10,1981.4384,342.83,0.62,False
1981-06-11,1981.4411,342.79,1.3,False
1981-06-12,1981.4438,342.81,,False
1981-06-13,1981.4466,342.77,1.28,False
1981-06-15,1981.4521,342.62,0.28,False
1981-06-16,1981.4548,342.81,0.83,False
1981-06-17,1981.4575,342.56,,False
1981-06-18,1981.4603,342.12,0.35,False
1981-06-19,1981.463,341.98,0.73,False
1981-06-20,1981.4658,342.37,1.41,False
1981-06-21,1981.4685,342.63,1.91,False
1981-06-22,1981.4712,342.12,1.48,False
1981-06-23,1981.474,342.25,,False
1981-06-24,1981.4767,342.18,0.94,False
1981-06-27,1981.4849,341.71,1.08,False
1981-06-28,1981.4877,342.55,,False
1981-06-29,1981.4904,342.49,,False
1981-06-30,1981.4932,341.44,,False
1981-07-01,1981.4959,341.19,0.64,False
1981-07-02,1981.4986,341.25,0.69,False
1981-07-04,1981.5041,341.39,0.94,False
1981-07-05,1981.5068,341.35,0.91,False
1981-07-06,1981.5096,341.52,1.25,False
1981-07-07,1981.5123,341.52,,False
1981-07-08,1981.5151,341.28,0.76,False
1981-07-09,1981.5178,341.21,1.07,False
1981-07-10,1981.5205,341.27,1.41,False
1981-07-11,1981.5233,340.92,1.94,False
1981-07-12,1981.526,341.4,,False
1981-07-14,1981.5315,340.87,0.77,False
1981-07-15,1981.5342,340.59,0.42,False
1981-07-16,1981.537,340.46,0.4,False
1981-07-18,1981.5425,339.4,0.67,False
1981-07-20,1981.5479,341.09,2.1,False
1981-07-22,1981.5534,340.6,1.78,False
1981-07-23,1981.5562,340.54,,False
1981-07-24,1981.5589,340.89,1.37,False
1981-07-25,1981.5616,340.48,1.11,False
1981-07-28,1981.5699,341.26,2.21,False
1981-07-29,1981.5726,340.46,1.58,False
1981-07-30,1981.5753,339.91,1.51,False
1981-07-31,1981.5781,339.73,,False
1981-08-01,1981.5808,339.69,1.08,False
1981-08-02,1981.5836,339.62,0.94,False
1981-08-03,1981.5863,339.74,2.38,False
1981-08-04,1981.589,338.89,2.08,False
1981-08-05,1981.5918,339.26,,False
1981-08-06,1981.5945,339.4,,False
1981-08-07,1981.5973,338.87,2.69,False
1981-08-08,1981.6,339.44,,False
1981-08-09,1981.6027,339.39,,False
1981-08-10,1981.6055,339.18,0.57,False
1981-08-11,1981.6082,338.42,,False
1981-08-12,1981.611,338.99,,False
1981-08-14,1981.6164,339.05,1.66,False
1981-08-15,1981.6192,338.96,1.27,False
1981-08-16,1981.6219,338.64,0.37,False
1981-08-17,1981.6247,338.58,,False
1981-08-18,1981.6274,338.42,,False
1981-08-19,1981.6301,338.15,0.18,False
1981-08-20,1981.6329,338.32,,False
1981-08-24,1981.6438,336.5,,False
1981-08-25,1981.6466,337.69,-0.06,False
1981-08-26,1981.6493,336.74,-1.45,False
1981-08-27,1981.6521,336.89,,False
1981-08-29,1981.6575,338.14,0.05,False
1981-08-31,1981.663,338.03,,False
1981-09-01,1981.6658,337.98,,False
1981-09-02,1981.6685,337.84,1.46,False
1981-09-03,1981.6712,337.04,,False
1981-09-04,1981.674,337.54,,False
1981-09-05,1981.6767,337.18,0.03,False
1981-09-06,1981.6795,337.25,0.08,False
1981-09-07,1981.6822,337.74,1.52,False
1981-09-08,1981.6849,337.02,1.4,False
1981-09-09,1981.6877,336.81,,False
1981-09-10,1981.6904,336.44,,False
1981-09-11,1981.6932,337.36,,False
1981-09-13,1981.6986,337.41,1.01,False
1981-09-14,1981.7014,336.78,-0.66,False
1981-09-16,1981.7068,336.21,,False
1981-09-17,1981.7096,336.42,0.28,False
1981-09-18,1981.7123,336.98,0.79,False
1981-09-19,1981.7151,337.71,2.54,False
1981-09-20,1981.7178,337.72,,False
1981-09-21,1981.7205,337.31,,False
1981-09-22,1981.7233,336.93,1.75,False
1981-09-23,1981.726,337.11,,False
1981-09-24,1981.7288,335.59,,False
1981-09-25,1981.7315,337.04,,False
1981-09-26,1981.7342,336.15,,False
1981-09-28,1981.7397,336.77,0.53,False
1981-09-29,1981.7425,335.85,,False
1981-09-30,1981.7452,335.75,,False
1981-10-01,1981.7479,335.62,0.2,False
1981-10-03,1981.7534,336.7,,False
1981-10-04,1981.7562,336.31,0.65,False
1981-10-05,1981.7589,336.51,0.81,False
1981-10-06,1981.7616,336.53,0.37,False
1981-10-08,1981.7671,336.74,1.0,False
1981-10-09,1981.7699,336.67,1.25,False
1981-10-10,1981.7726,337.11,1.5,False
1981-10-11,1981.7753,337.18,1.67,False
1981-10-12,1981.7781,336.76,0.74,False
1981-10-13,1981.7808,336.79,0.36,False
1981-10-14,1981.7836,336.97,1.09,False
1981-10-15,1981.7863,337.32,1.34,False
1981-10-16,1981.789,337.17,1.01,False
1981-10-17,1981.7918,337.38,1.02,False
1981-10-19,1981.7973,337.09,,False
1981-10-20,1981.8,337.55,1.33,False
1981-10-21,1981.8027,337.19,0.84,False
1981-10-22,1981.8055,337.81,1.28,False
1981-10-24,1981.811,336.46,0.05,False
1981-10-25,1981.8137,336.77,0.21,False
1981-10-26,1981.8164,337.74,1.05,False
1981-10-28,1981.8219,337.86,,False
1981-10-30,1981.8274,337.82,1.29,False
1981-10-31,1981.8301,337.97,0.79,False
1981-11-01,1981.8329,337.71,0.95,False
1981-11-02,1981.8356,337.87,1.33,False
1981-11-03,1981.8384,338.39,1.58,False
1981-11-04,1981.8411,338.46,1.74,False
1981-11-05,1981.8438,338.29,0.99,False
1981-11-06,1981.8466,338.2,1.13,False
1981-11-07,1981.8493,337.99,0.95,False
1981-11-08,1981.8521,338.25,1.44,False
1981-11-09,1981.8548,337.81,0.59,False
1981-11-10,1981.8575,337.72,0.79,False
1981-11-11,1981.8603,338.8,0.96,False
1981-11-12,1981.863,338.47,0.64,False
1981-11-13,1981.8658,338.67,1.06,False
1981-11-14,1981.8685,338.3,,False
1981-11-15,1981.8712,338.04,,False
1981-11-16,1981.874,338.07,0.91,False
1981-11-18,1981.8795,338.58,1.35,False
1981-11-19,1981.8822,338.78,1.58,False
1981-11-20,1981.8849,338.63,1.36,False
1981-11-21,1981.8877,338.63,1.37,False
1981-11-23,1981.8932,338.85,1.3,False
1981-11-25,1981.8986,339.43,1.73,False
1981-11-26,1981.9014,339.32,1.68,False
1981-11-27,1981.9041,339.29,1.58,False
1981-11-28,1981.9068,339.26,1.73,False
1981-11-30,1981.9123,339.71,,False
1981-12-03,1981.9205,339.58,,False
1981-12-04,1981.9233,339.9,,False
1981-12-05,1981.926,339.68,1.76,False
1981-12-06,1981.9288,339.45,1.28,False
1981-12-09,1981.937,340.19,2.13,False
1981-12-10,1981.9397,339.84,,False
1981-12-11,1981.9425,339.63,1.48,False
1981-12-12,1981.9452,339.39,1.33,False
1981-12-13,1981.9479,339.48,,False
1981-12-14,1981.9507,339.61,1.14,False
1981-12-16,1981.9562,339.63,0.83,False
1981-12-17,1981.9589,340.35,1.81,False
1981-12-18,1981.9616,339.76,1.0,False
1981-12-19,1981.9644,339.87,1.4,False
1981-12-21,1981.9699,339.88,2.01,False
1981-12-22,1981.9726,339.86,1.56,False
1981-12-23,1981.9753,339.95,1.35,False
1981-12-26,1981.9836,340.42,2.17,False
1981-12-27,1981.9863,340.64,1.94,False
1981-12-31,1981.9973,340.52,1.59,False
1982-01-01,1982.0,340.35,1.92,False
1982-01-02,1982.0027,340.18,1.83,False
1982-01-03,1982.0055,340.5,2.16,False
1982-01-04,1982.0082,340.5,2.35,False
1982-01-07,1982.0164,340.51,,False
1982-01-08,1982.0192,340.61,1.86,False
1982-01-09,1982.0219,340.72,1.6,False
1982-01-10,1982.0247,340.68,1.64,False
1982-01-11,1982.0274,340.62,1.56,False
1982-01-12,1982.0301,340.65,1.4,False
1982-01-13,1982.0329,340.77,1.15,False
1982-01-14,1982.0356,341.0,1.54,False
1982-01-15,1982.0384,340.55,1.38,False
1982-01-16,1982.0411,340.97,1.94,False
1982-01-17,1982.0438,340.79,1.64,False
1982-01-18,1982.0466,340.95,1.08,False
1982-01-19,1982.0493,340.85,1.38,False
1982-01-20,1982.0521,340.87,1.64,False
1982-01-21,1982.0548,340.56,0.76,False
1982-01-22,1982.0575,340.71,1.07,False
1982-01-24,1982.063,341.18,1.82,False
1982-01-25,1982.0658,341.77,2.43,False
1982-01-26,1982.0685,341.53,,False
1982-01-27,1982.0712,342.04,2.67,False
1982-01-28,1982.074,342.14,2.05,False
1982-01-29,1982.0767,341.51,1.48,False
1982-01-30,1982.0795,341.26,,False
1982-01-31,1982.0822,341.58,2.04,False
1982-02-01,1982.0849,341.31,1.79,False
1982-02-02,1982.0877,341.41,1.91,False
1982-02-03,1982.0904,341.92,2.48,False
1982-02-04,1982.0932,342.21,2.54,False
1982-02-06,1982.0986,342.05,1.26,False
1982-02-07,1982.1014,342.51,1.77,False
1982-02-08,1982.1041,341.96,1.45,False
1982-02-09,1982.1068,341.56,-0.17,False
1982-02-10,1982.1096,341.85,0.5,False
1982-02-11,1982.1123,341.09,0.88,False
1982-02-12,1982.1151,340.94,0.52,False
1982-02-13,1982.1178,341.07,1.08,False
1982-02-14,1982.1205,341.07,,False
1982-02-15,1982.1233,341.36,,False
1982-02-16,1982.126,341.99,2.02,False
1982-02-17,1982.1288,342.39,,False
1982-02-20,1982.137,341.17,0.95,False
1982-02-21,1982.1397,341.28,1.62,False
1982-02-23,1982.1452,341.91,1.15,False
1982-02-24,1982.1479,341.75,0.5,False
1982-02-25,1982.1507,342.36,0.38,False
1982-02-26,1982.1534,342.3,0.66,False
1982-02-27,1982.1562,342.08,0.41,False
1982-02-28,1982.1589,342.47,0.69,False
1982-03-03,1982.1671,342.49,1.08,False
1982-03-04,1982.1699,342.69,1.63,False
1982-03-05,1982.1726,343.02,,False
1982-03-06,1982.1753,342.8,1.6,False
1982-03-07,1982.1781,342.2,1.39,False
1982-03-08,1982.1808,341.79,0.63,False
1982-03-09,1982.1836,342.77,,False
1982-03-10,1982.1863,342.63,,False
1982-03-11,1982.189,343.0,2.11,False
1982-03-13,1982.1945,342.4,1.99,False
1982-03-14,1982.1973,342.05,1.61,False
1982-03-15,1982.2,342.16,,False
1982-03-16,1982.2027,342.66,1.12,False
1982-03-17,1982.2055,343.1,1.59,False
1982-03-18,1982.2082,342.97,1.73,False
1982-03-19,1982.211,343.3,1.15,False
1982-03-28,1982.2356,342.83,0.58,False
1982-04-04,1982.2548,343.57,1.19,False
1982-04-06,1982.2603,343.03,,False
1982-04-07,1982.263,343.05,,False
1982-04-09,1982.2685,343.52,0.58,False
1982-04-10,1982.2712,343.72,0.97,False
1982-04-29,1982.3233,345.23,3.09,True
1982-04-30,1982.326,345.13,2.78,False
1982-05-01,1982.3288,344.98,1.58,False
1982-05-02,1982.3315,344.73,1.48,False
1982-05-03,1982.3342,344.42,1.06,False
1982-05-04,1982.337,344.49,,False
1982-05-05,1982.3397,344.58,1.47,False
1982-05-06,1982.3425,343.82,0.89,False
1982-05-08,1982.3479,344.24,1.31,False
1982-05-09,1982.3507,345.02,2.09,False
1982-05-10,1982.3534,345.17,2.18,False
1982-05-11,1982.3562,344.97,1.98,False
1982-05-12,1982.3589,344.82,1.66,False
1982-05-13,1982.3616,345.07,2.18,False
1982-05-14,1982.3644,345.09,1.91,False
1982-05-15,1982.3671,344.26,1.11,False
1982-05-18,1982.3753,344.88,1.93,False
1982-05-19,1982.3781,344.8,1.73,False
1982-05-20,1982.3808,344.73,1.8,False
1982-05-21,1982.3836,344.71,1.81,False
1982-05-22,1982.3863,344.8,1.78,False
1982-05-23,1982.389,344.79,2.02,False
1982-05-24,1982.3918,344.95,2.19,False
1982-05-25,1982.3945,345.32,2.43,True
1982-05-26,1982.3973,345.13,2.11,False
1982-05-27,1982.4,344.89,1.64,False
1982-05-28,1982.4027,344.73,1.58,False
1982-05-29,1982.4055,345.01,1.95,False
1982-05-31,1982.411,344.33,1.4,False
1982-06-01,1982.4137,345.02,2.64,False
1982-06-02,1982.4164,344.37,,False
1982-06-03,1982.4192,344.26,,False
1982-06-04,1982.4219,343.74,0.7,False
1982-06-05,1982.4247,343.63,0.76,False
1982-06-06,1982.4274,344.06,0.91,False
1982-06-07,1982.4301,344.06,1.05,False
1982-06-08,1982.4329,344.22,1.35,False
1982-06-09,1982.4356,344.6,1.86,False
1982-06-10,1982.4384,343.54,0.71,False
1982-06-11,1982.4411,344.11,1.32,False
1982-06-12,1982.4438,343.89,1.08,False
1982-06-13,1982.4466,343.78,1.01,False
1982-06-14,1982.4493,344.18,,False
1982-06-15,1982.4521,344.42,1.8,False
1982-06-17,1982.4575,344.38,1.82,False
1982-06-18,1982.4603,344.13,2.01,False
1982-06-19,1982.463,344.18,2.2,False
1982-06-20,1982.4658,343.7,1.33,False
1982-06-21,1982.4685,343.35,0.72,False
1982-06-22,1982.4712,343.02,0.9,False
1982-06-23,1982.474,344.15,1.9,False
1982-06-24,1982.4767,343.54,1.36,False
1982-06-25,1982.4795,343.24,,False
1982-06-26,1982.4822,343.57,,False
1982-06-27,1982.4849,343.67,1.96,False
1982-06-30,1982.4932,343.25,1.81,False
1982-07-01,1982.4959,343.13,1.94,False
1982-07-02,1982.4986,343.43,2.18,False
1982-07-03,1982.5014,343.22,,False
1982-07-04,1982.5041,343.11,1.72,False
1982-07-05,1982.5068,343.1,1.75,False
1982-07-06,1982.5096,343.16,1.64,False
1982-07-07,1982.5123,343.09,1.57,False
1982-07-08,1982.5151,343.03,1.75,False
1982-07-09,1982.5178,342.84,1.63,False
1982-07-10,1982.5205,342.83,1.56,False
1982-07-11,1982.5233,342.9,1.98,False
1982-07-12,1982.526,342.03,0.63,False
1982-07-13,1982.5288,342.42,,False
1982-07-14,1982.5315,342.12,1.25,False
1982-07-15,1982.5342,342.85,2.26,False
1982-07-16,1982.537,342.36,1.9,False
1982-07-17,1982.5397,341.77,,False
1982-07-18,1982.5425,342.49,3.09,False
1982-07-20,1982.5479,342.31,1.22,False
1982-07-21,1982.5507,341.65,,False
1982-07-22,1982.5534,341.75,1.15,False
1982-07-23,1982.5562,342.76,2.22,False
1982-07-25,1982.5616,342.2,1.72,False
1982-07-26,1982.5644,342.24,,False
1982-07-27,1982.5671,341.86,,False
1982-07-28,1982.5699,341.04,-0.22,False
1982-07-30,1982.5753,342.0,2.09,False
1982-07-31,1982.5781,341.81,2.08,False
1982-08-01,1982.5808,340.87,1.18,False
1982-08-02,1982.5836,341.68,2.06,False
1982-08-03,1982.5863,341.25,1.51,False
1982-08-04,1982.589,341.41,2.52,False
1982-08-05,1982.5918,341.16,1.9,False
1982-08-06,1982.5945,340.69,1.29,False
1982-08-07,1982.5973,341.07,2.2,False
1982-08-08,1982.6,340.96,1.52,False
1982-08-09,1982.6027,341.01,1.62,False
1982-08-11,1982.6082,340.41,1.99,False
1982-08-13,1982.6137,340.75,,False
1982-08-14,1982.6164,340.39,1.34,False
1982-08-15,1982.6192,340.7,1.74,False
1982-08-16,1982.6219,340.57,1.93,False
1982-08-17,1982.6247,340.41,1.83,False
1982-08-19,1982.6301,340.72,2.57,False
1982-08-21,1982.6356,340.52,,False
1982-08-22,1982.6384,340.4,,False
1982-08-23,1982.6411,338.93,,False
1982-08-25,1982.6466,339.08,1.39,False
1982-08-26,1982.6493,338.59,1.85,False
1982-08-28,1982.6548,340.32,,False
1982-08-29,1982.6575,338.99,0.85,False
1982-08-30,1982.6603,337.32,,False
1982-08-31,1982.663,338.89,0.86,False
1982-09-02,1982.6685,339.62,1.78,False
1982-09-03,1982.6712,339.42,2.38,False
1982-09-04,1982.674,339.6,2.06,False
1982-09-05,1982.6767,338.85,1.67,False
1982-09-06,1982.6795,338.46,1.21,False
1982-09-08,1982.6849,339.1,2.08,False
1982-09-09,1982.6877,338.87,2.06,False
1982-09-10,1982.6904,338.67,2.23,False
1982-09-11,1982.6932,339.02,1.66,False
1982-09-14,1982.7014,338.89,2.11,False
1982-09-17,1982.7096,339.01,2.59,False
1982-09-18,1982.7123,339.37,2.39,False
1982-09-22,1982.7233,336.97,0.04,False
1982-09-23,1982.726,337.26,0.15,False
1982-09-24,1982.7288,337.37,1.78,False
1982-09-25,1982.7315,337.79,0.75,False
1982-09-26,1982.7342,337.6,1.45,False
1982-09-27,1982.737,337.76,,False
1982-09-28,1982.7397,336.81,0.04,False
1982-09-29,1982.7425,337.36,1.51,False
1982-09-30,1982.7452,337.61,1.86,False
1982-10-01,1982.7479,337.82,2.2,False
1982-10-02,1982.7507,338.35,,False
1982-10-04,1982.7562,337.48,1.17,False
1982-10-06,1982.7616,337.49,0.96,False
1982-10-08,1982.7671,338.4,1.66,False
1982-10-09,1982.7699,338.7,2.03,False
1982-10-10,1982.7726,338.31,1.2,False
1982-10-11,1982.7753,337.55,0.37,False
1982-10-12,1982.7781,338.67,1.91,False
1982-10-13,1982.7808,338.34,1.55,False
1982-10-14,1982.7836,337.73,0.76,False
1982-10-16,1982.789,337.76,0.59,False
1982-10-17,1982.7918,338.0,0.62,False
1982-10-18,1982.7945,338.37,,False
1982-10-19,1982.7973,338.31,1.22,False
1982-10-20,1982.8,338.25,0.7,False
1982-10-21,1982.8027,338.6,1.41,False
1982-10-22,1982.8055,338.46,0.65,False
1982-10-23,1982.8082,338.21,,False
1982-10-24,1982.811,338.05,1.59,False
1982-10-26,1982.8164,339.04,1.3,False
1982-10-27,1982.8192,339.57,,False
1982-10-28,1982.8219,339.53,1.67,False
1982-10-29,1982.8247,339.27,,False
1982-10-30,1982.8274,340.35,2.53,False
1982-10-31,1982.8301,338.81,0.84,False
1982-11-02,1982.8356,338.47,0.6,False
1982-11-03,1982.8384,338.56,0.17,False
1982-11-04,1982.8411,338.97,0.51,False
1982-11-05,1982.8438,339.28,0.99,False
1982-11-06,1982.8466,339.3,1.1,False
1982-11-07,1982.8493,339.01,1.02,False
1982-11-08,1982.8521,338.98,0.73,False
1982-11-09,1982.8548,338.74,0.93,False
1982-11-10,1982.8575,339.26,1.54,False
1982-11-11,1982.8603,339.19,0.39,False
1982-11-12,1982.863,339.23,0.76,False
1982-11-13,1982.8658,339.51,0.84,False
1982-11-14,1982.8685,339.56,1.26,False
1982-11-18,1982.8795,339.31,0.73,False
1982-11-20,1982.8849,339.43,0.8,False
1982-11-21,1982.8877,339.81,1.18,False
1982-11-23,1982.8932,340.44,1.59,False
1982-11-24,1982.8959,339.79,,False
1982-11-25,1982.8986,340.81,1.38,False
1982-11-26,1982.9014,340.51,1.19,False
1982-11-27,1982.9041,339.64,0.35,False
1982-11-28,1982.9068,339.61,0.35,False
1982-11-29,1982.9096,339.62,,False
1982-11-30,1982.9123,339.66,-0.05,False
1982-12-01,1982.9151,339.62,,False
1982-12-03,1982.9205,339.87,0.29,False
1982-12-04,1982.9233,339.84,-0.06,False
1982-12-05,1982.926,340.3,0.62,False
1982-12-06,1982.9288,340.22,0.77,False
1982-12-07,1982.9315,339.89,,False
1982-12-08,1982.9342,340.83,,False
1982-12-09,1982.937,340.79,0.6,False
1982-12-11,1982.9425,340.62,0.99,False
1982-12-13,1982.9479,340.54,1.06,False
1982-12-14,1982.9507,340.43,0.82,False
1982-12-15,1982.9534,340.5,,False
1982-12-16,1982.9562,341.0,1.37,False
1982-12-17,1982.9589,340.74,0.39,False
1982-12-18,1982.9616,340.95,1.19,False
1982-12-19,1982.9644,341.37,1.5,False
1982-12-20,1982.9671,340.98,,False
1982-12-21,1982.9699,341.37,1.49,False
1982-12-22,1982.9726,341.1,1.24,False
1982-12-23,1982.9753,340.8,0.85,False
1982-12-24,1982.9781,341.33,,False
1982-12-25,1982.9808,341.76,,False
1982-12-26,1982.9836,341.77,1.35,False
1982-12-28,1982.989,340.99,,False
1982-12-29,1982.9918,341.14,,False
1982-12-30,1982.9945,341.41,,False
1983-01-01,1983.0,341.23,0.88,False
1983-01-03,1983.0055,341.06,0.56,False
1983-01-04,1983.0082,341.12,0.62,False
1983-01-05,1983.011,342.29,,False
1983-01-06,1983.0137,341.78,,False
1983-01-07,1983.0164,341.55,1.04,False
1983-01-08,1983.0192,341.67,1.06,False
1983-01-11,1983.0274,341.75,1.13,False
1983-01-12,1983.0301,342.02,1.37,False
1983-01-13,1983.0329,341.85,1.08,False
1983-01-14,1983.0356,342.03,1.03,False
1983-01-15,1983.0384,342.68,2.13,False
1983-01-16,1983.0411,341.49,0.52,False
1983-01-17,1983.0438,341.32,0.53,False
1983-01-18,1983.0466,341.01,0.06,False
1983-01-19,1983.0493,340.84,-0.01,False
1983-01-20,1983.0521,341.44,0.57,False
1983-01-21,1983.0548,341.6,1.04,False
1983-01-22,1983.0575,341.53,0.82,False
1983-01-23,1983.0603,341.52,,False
1983-01-24,1983.063,341.12,-0.06,False
1983-01-25,1983.0658,341.11,-0.66,False
1983-01-26,1983.0685,341.89,0.36,False
1983-01-27,1983.0712,341.97,-0.07,False
1983-01-28,1983.074,342.25,0.11,False
1983-01-29,1983.0767,341.47,-0.04,False
1983-01-30,1983.0795,341.45,0.19,False
1983-01-31,1983.0822,341.47,-0.11,False
1983-02-01,1983.0849,342.19,0.88,False
1983-02-02,1983.0877,342.34,0.93,False
1983-02-04,1983.0932,342.38,0.17,False
1983-02-07,1983.1014,342.23,-0.28,False
1983-02-08,1983.1041,341.97,0.01,False
1983-02-10,1983.1096,343.2,1.35,False
1983-02-11,1983.1123,342.79,1.7,False
1983-02-12,1983.1151,343.13,2.19,False
1983-02-13,1983.1178,342.98,1.91,False
1983-02-14,1983.1205,342.84,1.77,False
1983-02-15,1983.1233,343.38,2.02,False
1983-02-16,1983.126,343.17,1.18,False
1983-02-17,1983.1288,342.49,0.1,False
1983-02-18,1983.1315,343.01,,False
1983-02-19,1983.1342,342.69,,False
1983-02-20,1983.137,342.74,1.57,False
1983-02-21,1983.1397,342.6,1.32,False
1983-02-22,1983.1425,342.3,,False
1983-02-23,1983.1452,343.25,1.34,False
1983-02-24,1983.1479,343.31,1.56,False
1983-02-25,1983.1507,342.56,0.2,False
1983-02-26,1983.1534,343.64,1.34,False
1983-02-27,1983.1562,343.49,1.41,False
1983-02-28,1983.1589,342.86,0.39,False
1983-03-01,1983.1616,342.01,,False
1983-03-02,1983.1644,342.93,,False
1983-03-03,1983.1671,342.69,0.2,False
1983-03-04,1983.1699,342.08,-0.61,False
1983-03-05,1983.1726,342.08,-0.94,False
1983-03-06,1983.1753,343.49,0.69,False
1983-03-07,1983.1781,342.88,0.68,False
1983-03-08,1983.1808,342.38,0.59,False
1983-03-09,1983.1836,342.59,-0.18,False
1983-03-10,1983.1863,342.09,-0.54,False
1983-03-11,1983.189,342.07,-0.93,False
1983-03-12,1983.1918,342.05,,False
1983-03-13,1983.1945,343.15,0.75,False
1983-03-14,1983.1973,343.57,1.52,False
1983-03-15,1983.2,343.88,1.72,False
1983-03-16,1983.2027,344.02,1.36,False
1983-03-18,1983.2082,343.46,0.49,False
1983-03-19,1983.211,343.56,0.26,False
1983-03-21,1983.2164,345.75,,True
1983-03-23,1983.2219,345.72,,False
1983-03-25,1983.2274,345.47,,False
1983-03-26,1983.2301,343.79,,False
1983-03-27,1983.2329,342.95,,False
1983-03-28,1983.2356,343.1,0.27,False
1983-03-29,1983.2384,344.06,,False
1983-03-30,1983.2411,344.84,,False
1983-03-31,1983.2438,343.57,,False
1983-04-02,1983.2493,344.99,,False
1983-04-04,1983.2548,344.96,1.39,False
1983-04-05,1983.2575,344.39,,False
1983-04-06,1983.2603,344.37,1.34,False
1983-04-07,1983.263,345.04,1.99,False
1983-04-08,1983.2658,345.04,,False
1983-04-09,1983.2685,345.55,2.03,False
1983-04-12,1983.2767,344.85,,False
1983-04-13,1983.2795,344.88,,False
1983-04-15,1983.2849,345.62,,False
1983-04-16,1983.2877,345.45,,False
1983-04-19,1983.2959,345.83,,True
1983-04-20,1983.2986,345.83,,False
1983-04-21,1983.3014,345.43,,False
1983-04-22,1983.3041,345.79,,False
1983-04-23,1983.3068,345.73,,False
1983-04-24,1983.3096,345.73,,False
1983-04-25,1983.3123,345.84,,True
1983-04-26,1983.3151,345.67,,False
1983-04-27,1983.3178,345.88,,True
1983-04-28,1983.3205,345.87,,False
1983-04-29,1983.3233,346.29,1.06,True
1983-04-30,1983.326,346.25,1.12,False
1983-05-01,1983.3288,346.3,1.32,True
1983-05-03,1983.3342,345.87,1.45,False
1983-05-05,1983.3397,344.06,-0.52,False
1983-05-06,1983.3425,346.32,2.5,True
1983-05-07,1983.3452,346.33,,True
1983-05-08,1983.3479,346.33,2.09,False
1983-05-09,1983.3507,346.03,1.01,False
1983-05-11,1983.3562,345.33,0.36,False
1983-05-12,1983.3589,346.44,1.62,True
1983-05-13,1983.3616,345.93,0.86,False
1983-05-14,1983.3644,346.26,1.17,False
1983-05-15,1983.3671,346.42,2.16,False
1983-05-16,1983.3699,346.44,,False
1983-05-17,1983.3726,346.53,,True
1983-05-18,1983.3753,346.55,1.67,True
1983-05-19,1983.3781,346.36,1.56,False
1983-05-20,1983.3808,346.37,1.64,False
1983-05-21,1983.3836,346.35,1.64,False
1983-05-22,1983.3863,346.59,1.79,True
1983-05-23,1983.389,345.94,1.15,False
1983-05-24,1983.3918,345.1,0.15,False
1983-05-25,1983.3945,346.42,1.1,False
1983-05-26,1983.3973,346.48,1.35,False
1983-05-27,1983.4,346.58,1.69,False
1983-05-28,1983.4027,346.14,1.41,False
1983-05-29,1983.4055,346.06,1.05,False
1983-05-30,1983.4082,346.0,,False
1983-05-31,1983.411,346.17,1.84,False
1983-06-01,1983.4137,346.21,1.19,False
1983-06-02,1983.4164,346.04,1.67,False
1983-06-03,1983.4192,345.87,1.61,False
1983-06-06,1983.4274,346.06,2.0,False
1983-06-07,1983.4301,346.16,2.1,False
1983-06-08,1983.4329,346.38,2.16,False
1983-06-09,1983.4356,346.2,1.6,False
1983-06-11,1983.4411,346.37,2.26,False
1983-06-12,1983.4438,345.86,1.97,False
1983-06-13,1983.4466,345.88,2.1,False
1983-06-15,1983.4521,346.15,1.73,False
1983-06-18,1983.4603,345.52,1.39,False
1983-06-19,1983.463,345.23,1.05,False
1983-06-23,1983.474,345.21,1.06,False
1983-06-24,1983.4767,345.74,2.2,False
1983-06-25,1983.4795,345.91,2.67,False
1983-06-26,1983.4822,345.26,1.69,False
1983-06-27,1983.4849,345.07,1.4,False
1983-06-29,1983.4904,344.69,,False
1983-06-30,1983.4932,345.56,2.31,False
1983-07-01,1983.4959,345.01,1.88,False
1983-07-03,1983.5014,345.05,1.83,False
1983-07-04,1983.5041,344.4,1.29,False
1983-07-05,1983.5068,345.33,2.23,False
1983-07-06,1983.5096,345.58,2.42,False
1983-07-07,1983.5123,345.42,2.33,False
1983-07-08,1983.5151,345.43,2.4,False
1983-07-09,1983.5178,344.98,2.14,False
1983-07-11,1983.5233,344.99,2.09,False
1983-07-13,1983.5288,343.82,1.4,False
1983-07-14,1983.5315,344.65,2.53,False
1983-07-15,1983.5342,343.04,0.19,False
1983-07-19,1983.5452,344.1,,False
1983-07-20,1983.5479,344.28,1.97,False
1983-07-21,1983.5507,344.56,2.91,False
1983-07-22,1983.5534,344.14,2.39,False
1983-07-24,1983.5589,344.34,,False
1983-07-25,1983.5616,344.21,2.01,False
1983-07-26,1983.5644,344.0,1.76,False
1983-07-29,1983.5726,342.91,,False
1983-07-30,1983.5753,343.16,1.16,False
1983-07-31,1983.5781,342.35,0.54,False
1983-08-01,1983.5808,343.74,2.87,False
1983-08-02,1983.5836,343.31,1.63,False
1983-08-03,1983.5863,341.73,0.48,False
1983-08-04,1983.589,343.32,1.91,False
1983-08-05,1983.5918,343.25,2.09,False
1983-08-06,1983.5945,344.01,3.32,False
1983-08-14,1983.6164,341.59,1.2,False
1983-08-15,1983.6192,342.48,1.78,False
1983-08-18,1983.6274,342.44,,False
1983-08-20,1983.6329,342.82,,False
1983-08-23,1983.6411,341.89,2.96,False
1983-08-24,1983.6438,342.39,,False
1983-08-25,1983.6466,342.71,3.63,False
1983-08-26,1983.6493,340.73,2.14,False
1983-08-27,1983.6521,342.53,,False
1983-08-28,1983.6548,342.24,1.92,False
1983-09-02,1983.6685,340.42,0.8,False
1983-09-03,1983.6712,340.28,0.86,False
1983-09-04,1983.674,340.76,1.16,False
1983-09-08,1983.6849,340.5,1.4,False
1983-09-09,1983.6877,340.29,1.42,False
1983-09-10,1983.6904,340.31,1.64,False
1983-09-16,1983.7068,340.87,,False
1983-09-17,1983.7096,339.87,0.86,False
1983-09-18,1983.7123,339.81,0.44,False
1983-09-19,1983.7151,340.25,,False
1983-09-22,1983.7233,340.26,3.29,False
1983-09-23,1983.726,340.62,3.36,False
1983-09-24,1983.7288,341.22,3.85,False
1983-09-29,1983.7425,340.95,3.59,False
1983-09-30,1983.7452,340.43,2.82,False
1983-10-01,1983.7479,340.03,2.21,False
1983-10-02,1983.7507,339.96,1.61,False
1983-10-03,1983.7534,340.39,,False
1983-10-05,1983.7589,340.0,,False
1983-10-06,1983.7616,340.04,2.55,False
1983-10-07,1983.7644,340.09,,False
1983-10-08,1983.7671,340.3,1.9,False
1983-10-09,1983.7699,340.34,1.64,False
1983-10-10,1983.7726,340.4,2.09,False
1983-10-11,1983.7753,340.22,2.67,False
1983-10-12,1983.7781,340.31,1.64,False
1983-10-14,1983.7836,340.24,2.51,False
1983-10-15,1983.7863,340.53,,False
1983-10-16,1983.789,340.65,2.89,False
1983-10-18,1983.7945,341.69,3.32,False
1983-10-22,1983.8055,340.55,2.09,False
1983-10-23,1983.8082,340.74,2.53,False
1983-10-25,1983.8137,341.01,,False
1983-10-28,1983.8219,340.72,1.19,False
1983-10-29,1983.8247,340.81,1.54,False
1983-11-02,1983.8356,341.01,2.54,False
1983-11-03,1983.8384,341.29,2.73,False
1983-11-04,1983.8411,341.27,2.3,False
1983-11-05,1983.8438,341.27,1.99,False
1983-11-06,1983.8466,341.32,2.02,False
1983-11-07,1983.8493,341.69,2.68,False
1983-11-08,1983.8521,341.68,2.7,False
1983-11-09,1983.8548,341.49,2.75,False
1983-11-10,1983.8575,341.49,2.23,False
1983-11-11,1983.8603,341.55,2.36,False
1983-11-12,1983.863,341.35,2.12,False
1983-11-13,1983.8658,342.26,2.75,False
1983-11-14,1983.8685,341.58,2.02,False
1983-11-15,1983.8712,341.62,,False
1983-11-16,1983.874,341.73,,False
1983-11-18,1983.8795,341.63,2.32,False
1983-11-19,1983.8822,341.97,,False
1983-11-20,1983.8849,341.73,2.3,False
1983-11-21,1983.8877,341.68,1.87,False
1983-11-22,1983.8904,341.5,,False
1983-11-23,1983.8932,341.93,1.49,False
1983-11-24,1983.8959,342.26,2.47,False
1983-11-25,1983.8986,343.32,2.51,False
1983-11-26,1983.9014,341.96,1.45,False
1983-11-27,1983.9041,342.07,2.43,False
1983-11-28,1983.9068,342.25,2.64,False
1983-11-29,1983.9096,342.73,3.11,False
1983-11-30,1983.9123,342.76,3.1,False
1983-12-01,1983.9151,342.52,2.9,False
1983-12-02,1983.9178,342.24,,False
1983-12-04,1983.9233,342.44,2.6,False
1983-12-08,1983.9342,342.79,1.96,False
1983-12-12,1983.9452,342.49,,False
1983-12-13,1983.9479,342.84,2.3,False
1983-12-14,1983.9507,342.9,2.47,False
1983-12-15,1983.9534,343.4,2.9,False
1983-12-17,1983.9589,343.24,2.5,False
1983-12-18,1983.9616,343.25,2.3,False
1983-12-19,1983.9644,343.34,1.97,False
1983-12-20,1983.9671,343.98,3.0,False
1983-12-21,1983.9699,343.53,2.16,False
1983-12-23,1983.9753,343.6,2.8,False
1983-12-25,1983.9808,343.29,1.53,False
1983-12-26,1983.9836,343.28,1.51,False
1983-12-27,1983.9863,343.73,,False
1983-12-28,1983.989,343.92,2.93,False
1983-12-29,1983.9918,344.09,2.95,False
1983-12-30,1983.9945,344.02,2.61,False
1983-12-31,1983.9973,344.0,,False
1984-01-01,1984.0,343.74,2.51,False
1984-01-02,1984.0027,343.86,,False
1984-01-03,1984.0055,343.8,2.74,False
1984-01-04,1984.0082,344.15,3.03,False
1984-01-07,1984.0164,345.38,3.83,False
1984-01-08,1984.0191,344.26,2.59,False
1984-01-09,1984.0219,344.21,,False
1984-01-11,1984.0273,343.95,2.2,False
1984-01-12,1984.0301,343.77,1.75,False
1984-01-13,1984.0328,343.62,1.77,False
1984-01-14,1984.0355,343.56,1.53,False
1984-01-15,1984.0383,343.84,1.16,False
1984-01-16,1984.041,344.42,2.93,False
1984-01-18,1984.0464,344.17,3.16,False
1984-01-21,1984.0546,343.94,2.34,False
1984-01-22,1984.0574,344.27,2.74,False
1984-01-24,1984.0628,344.37,3.25,False
1984-01-25,1984.0656,344.35,3.24,False
1984-01-26,1984.0683,344.33,2.44,False
1984-01-27,1984.071,344.84,2.87,False
1984-01-28,1984.0738,344.79,2.54,False
1984-01-29,1984.0765,344.58,3.11,False
1984-01-30,1984.0792,344.51,3.06,False
1984-02-01,1984.0847,344.79,2.6,False
1984-02-04,1984.0929,344.95,2.57,False
1984-02-05,1984.0956,344.95,,False
1984-02-06,1984.0984,344.94,,False
1984-02-09,1984.1066,345.13,,False
1984-02-10,1984.1093,345.13,1.93,False
1984-02-11,1984.112,344.78,1.99,False
1984-02-12,1984.1148,344.97,1.84,False
1984-02-13,1984.1175,344.89,1.91,False
1984-02-14,1984.1202,344.85,2.01,False
1984-02-15,1984.123,344.93,1.55,False
1984-02-16,1984.1257,344.72,1.55,False
1984-02-17,1984.1284,344.77,2.28,False
1984-02-18,1984.1311,344.31,1.3,False
1984-02-19,1984.1339,344.57,1.88,False
1984-02-20,1984.1366,344.91,2.17,False
1984-02-21,1984.1393,345.59,2.99,False
1984-02-22,1984.1421,345.33,3.03,False
1984-02-23,1984.1448,345.43,2.18,False
1984-02-24,1984.1475,345.29,1.98,False
1984-02-25,1984.1503,344.69,2.13,False
1984-02-26,1984.153,344.43,0.79,False
1984-02-27,1984.1557,345.21,1.72,False
1984-03-01,1984.1639,345.09,3.08,False
1984-03-02,1984.1667,345.17,2.24,False
1984-03-03,1984.1694,345.33,2.64,False
1984-03-06,1984.1776,345.28,1.79,False
1984-03-07,1984.1803,345.47,2.59,False
1984-03-08,1984.1831,345.55,3.17,False
1984-03-09,1984.1858,345.13,2.54,False
1984-03-13,1984.1967,345.27,2.12,False
1984-03-14,1984.1995,345.23,1.66,False
1984-03-15,1984.2022,346.23,2.35,False
1984-03-16,1984.2049,345.95,1.93,False
1984-03-18,1984.2104,345.29,1.83,False
1984-03-19,1984.2131,345.65,2.09,False
1984-03-20,1984.2158,345.74,,False
1984-03-21,1984.2186,346.2,0.45,False
1984-03-22,1984.2213,345.76,,False
1984-03-23,1984.224,345.79,0.07,False
1984-03-24,1984.2268,346.59,,False
1984-03-25,1984.2295,345.91,0.44,False
1984-04-29,1984.3251,347.44,1.15,True
1984-04-30,1984.3279,347.52,1.27,True
1984-05-01,1984.3306,347.73,1.43,True
1984-05-02,1984.3333,348.02,,True
1984-05-03,1984.3361,347.88,2.01,False
1984-05-04,1984.3388,348.0,,False
1984-05-08,1984.3497,347.55,1.22,False
1984-05-11,1984.3579,347.23,1.9,False
1984-05-12,1984.3607,347.02,0.58,False
1984-05-13,1984.3634,348.01,2.08,False
1984-05-15,1984.3689,348.27,1.85,True
1984-05-16,1984.3716,348.47,2.03,True
1984-05-17,1984.3743,348.31,1.78,False
1984-05-18,1984.377,347.57,1.02,False
1984-05-19,1984.3798,347.62,1.26,False
1984-05-20,1984.3825,348.44,2.07,False
1984-05-21,1984.3852,347.82,1.47,False
1984-05-22,1984.388,347.78,1.19,False
1984-05-23,1984.3907,347.48,1.54,False
1984-05-24,1984.3934,347.0,1.9,False
1984-05-29,1984.4071,347.54,1.48,False
1984-05-30,1984.4098,347.81,1.81,False
1984-06-03,1984.4208,347.08,1.21,False
1984-06-04,1984.4235,346.87,,False
1984-06-05,1984.4262,347.68,,False
1984-06-06,1984.429,347.68,1.62,False
1984-06-07,1984.4317,347.04,0.88,False
1984-06-09,1984.4372,347.51,1.31,False
1984-06-10,1984.4399,347.69,,False
1984-06-11,1984.4426,347.81,1.44,False
1984-06-12,1984.4454,347.46,1.6,False
1984-06-14,1984.4508,347.29,,False
1984-06-18,1984.4617,346.96,1.44,False
1984-06-20,1984.4672,347.51,,False
1984-06-21,1984.4699,347.49,,False
1984-06-22,1984.4727,346.81,,False
1984-06-23,1984.4754,346.77,1.56,False
1984-06-24,1984.4781,346.8,1.06,False
1984-06-25,1984.4809,346.64,0.73,False
1984-06-26,1984.4836,346.67,1.41,False
1984-06-27,1984.4863,346.67,1.6,False
1984-06-28,1984.4891,346.56,,False
1984-07-01,1984.4973,346.39,1.38,False
1984-07-03,1984.5027,346.64,1.59,False
1984-07-04,1984.5055,346.17,1.77,False
1984-07-07,1984.5137,346.65,1.23,False
1984-07-08,1984.5164,346.16,0.73,False
1984-07-10,1984.5219,346.0,,False
1984-07-11,1984.5246,346.57,1.58,False
1984-07-12,1984.5273,346.74,,False
1984-07-13,1984.5301,346.06,2.24,False
1984-07-16,1984.5383,345.5,,False
1984-07-17,1984.541,346.05,,False
1984-07-19,1984.5464,345.69,1.59,False
1984-07-22,1984.5546,345.21,1.07,False
1984-07-23,1984.5574,345.08,,False
1984-07-25,1984.5628,345.06,0.85,False
1984-07-28,1984.571,345.01,,False
1984-07-29,1984.5738,344.97,2.06,False
1984-07-30,1984.5765,344.91,1.75,False
1984-08-01,1984.582,345.24,1.5,False
1984-08-03,1984.5874,344.77,3.04,False
1984-08-05,1984.5929,344.3,1.05,False
1984-08-06,1984.5956,344.55,0.54,False
1984-08-09,1984.6038,344.75,,False
1984-08-18,1984.6284,344.37,1.93,False
1984-08-19,1984.6311,344.29,,False
1984-08-20,1984.6339,343.28,0.46,False
1984-08-21,1984.6366,342.68,,False
1984-08-24,1984.6448,342.73,0.34,False
1984-08-28,1984.6557,342.64,0.4,False
1984-08-29,1984.6585,341.99,,False
1984-09-04,1984.6749,342.16,1.4,False
1984-09-05,1984.6776,340.75,,False
1984-09-08,1984.6858,340.29,-0.21,False
1984-09-09,1984.6885,340.82,0.53,False
1984-09-12,1984.6967,341.77,,False
1984-09-16,1984.7077,342.51,1.64,False
1984-09-17,1984.7104,341.57,1.7,False
1984-09-18,1984.7131,341.93,2.12,False
1984-09-19,1984.7158,342.37,2.12,False
1984-09-21,1984.7213,341.97,,False
1984-09-23,1984.7268,341.56,0.94,False
1984-09-24,1984.7295,341.33,0.11,False
1984-09-25,1984.7322,341.74,,False
1984-09-29,1984.7432,341.09,0.14,False
1984-10-05,1984.7596,341.95,1.95,False
1984-10-07,1984.765,341.32,1.23,False
1984-10-08,1984.7678,341.41,1.11,False
1984-10-09,1984.7705,341.32,0.98,False
1984-10-10,1984.7732,341.37,0.97,False
1984-10-11,1984.776,341.33,1.11,False
1984-10-12,1984.7787,342.54,2.23,False
1984-10-16,1984.7896,342.19,1.54,False
1984-10-26,1984.8169,342.24,,False
1984-10-27,1984.8197,342.01,,False
1984-10-28,1984.8224,342.32,1.6,False
1984-10-29,1984.8251,342.24,1.43,False
1984-11-01,1984.8333,342.07,,False
1984-11-02,1984.8361,342.45,1.44,False
1984-11-03,1984.8388,342.24,0.95,False
1984-11-04,1984.8415,342.64,1.37,False
1984-11-05,1984.8443,342.44,1.17,False
1984-11-09,1984.8552,343.23,1.74,False
1984-11-10,1984.8579,342.98,1.49,False
1984-11-11,1984.8607,343.69,2.14,False
1984-11-13,1984.8661,343.05,0.79,False
1984-11-14,1984.8689,343.07,1.49,False
1984-11-15,1984.8716,343.89,2.27,False
1984-11-17,1984.877,342.88,,False
1984-11-18,1984.8798,343.51,1.88,False
1984-11-19,1984.8825,343.73,1.76,False
1984-11-21,1984.888,343.32,1.64,False
1984-11-22,1984.8907,343.35,1.85,False
1984-11-23,1984.8934,344.56,2.63,False
1984-11-25,1984.8989,344.18,0.86,False
1984-12-01,1984.9153,343.24,0.72,False
1984-12-05,1984.9262,344.07,,False
1984-12-07,1984.9317,344.41,,False
1984-12-10,1984.9399,345.2,,False
1984-12-11,1984.9426,344.7,,False
1984-12-14,1984.9508,344.64,1.74,False
1984-12-17,1984.959,344.9,1.66,False
1984-12-18,1984.9617,345.02,1.77,False
1984-12-19,1984.9645,345.43,2.09,False
1984-12-21,1984.9699,345.01,1.48,False
1984-12-26,1984.9836,346.54,3.26,False
1984-12-29,1984.9918,345.01,0.92,False
1984-12-30,1984.9945,345.93,1.91,False
1984-12-31,1984.9973,346.44,2.44,False
1985-01-01,1985.0,344.99,1.25,False
1985-01-02,1985.0027,344.98,1.12,False
1985-01-03,1985.0055,345.02,1.22,False
1985-01-04,1985.0082,345.69,1.54,False
1985-01-05,1985.011,346.41,,False
1985-01-06,1985.0137,345.27,,False
1985-01-08,1985.0192,345.97,1.71,False
1985-01-10,1985.0247,345.31,,False
1985-01-11,1985.0274,345.39,1.44,False
1985-01-12,1985.0301,345.9,2.13,False
1985-01-13,1985.0329,345.7,2.08,False
1985-01-14,1985.0356,345.17,1.61,False
1985-01-16,1985.0411,345.52,1.1,False
1985-01-17,1985.0438,345.21,,False
1985-01-18,1985.0466,345.22,1.05,False
1985-01-20,1985.0521,345.96,,False
1985-01-22,1985.0575,345.15,0.88,False
1985-01-23,1985.0603,345.49,,False
1985-01-24,1985.063,345.05,0.68,False
1985-01-26,1985.0685,345.09,0.76,False
1985-01-27,1985.0712,345.7,0.86,False
1985-01-28,1985.074,345.58,0.79,False
1985-01-29,1985.0767,345.48,0.9,False
1985-01-30,1985.0795,345.54,1.03,False
1985-01-31,1985.0822,346.2,,False
1985-02-02,1985.0877,346.51,,False
1985-02-03,1985.0904,346.38,,False
1985-02-09,1985.1068,345.94,0.81,False
1985-02-10,1985.1096,345.83,0.7,False
1985-02-12,1985.1151,345.89,0.92,False
1985-02-13,1985.1178,346.11,1.22,False
1985-02-14,1985.1205,345.91,1.06,False
1985-02-16,1985.126,346.28,1.56,False
1985-02-17,1985.1288,347.03,2.26,False
1985-02-18,1985.1315,346.63,2.32,False
1985-02-20,1985.137,346.54,1.63,False
1985-02-23,1985.1452,346.76,1.33,False
1985-02-24,1985.1479,347.28,1.99,False
1985-02-25,1985.1507,346.77,2.08,False
1985-02-27,1985.1562,346.67,1.46,False
1985-03-02,1985.1644,347.05,1.88,False
1985-03-03,1985.1671,347.3,1.97,False
1985-03-06,1985.1753,347.37,2.09,False
1985-03-07,1985.1781,347.78,2.31,False
1985-03-08,1985.1808,348.0,2.45,False
1985-03-09,1985.1836,346.97,1.84,False
1985-03-10,1985.1863,347.89,,False
1985-03-11,1985.189,348.25,,False
1985-03-12,1985.1918,347.42,,False
1985-03-13,1985.1945,347.98,2.71,False
1985-03-15,1985.2,347.66,1.43,False
1985-03-17,1985.2055,348.36,,False
1985-03-18,1985.2082,348.13,2.84,False
1985-03-20,1985.2137,348.07,2.33,False
1985-03-26,1985.2301,347.74,,False
1985-03-27,1985.2329,348.43,,False
1985-03-31,1985.2438,348.78,,True
1985-04-01,1985.2466,348.52,,False
1985-04-02,1985.2493,348.71,,False
1985-04-03,1985.2521,348.66,,False
1985-04-04,1985.2548,348.96,,True
1985-04-05,1985.2575,347.74,,False
1985-04-06,1985.2603,348.55,,False
1985-04-07,1985.263,348.69,,False
1985-04-08,1985.2658,348.43,,False
1985-04-11,1985.274,349.15,,True
1985-04-13,1985.2795,347.79,,False
1985-04-14,1985.2822,347.22,,False
1985-04-15,1985.2849,347.08,,False
1985-04-17,1985.2904,348.7,,False
1985-04-18,1985.2932,349.3,,True
1985-04-19,1985.2959,348.56,,False
1985-04-22,1985.3041,348.87,,False
1985-04-23,1985.3068,349.54,,True
1985-04-26,1985.3151,349.06,,False
1985-04-27,1985.3178,348.97,,False
1985-04-28,1985.3205,349.19,,False
1985-04-30,1985.326,349.18,1.66,False
1985-05-01,1985.3288,348.88,1.15,False
1985-05-03,1985.3342,349.33,1.45,False
1985-05-04,1985.337,349.45,1.45,False
1985-05-05,1985.3397,350.05,,True
1985-05-07,1985.3452,349.17,,False
1985-05-10,1985.3534,349.41,,False
1985-05-13,1985.3616,349.17,1.16,False
1985-05-14,1985.3644,349.06,,False
1985-05-15,1985.3671,349.27,1.0,False
1985-05-16,1985.3699,349.45,0.98,False
1985-05-17,1985.3726,349.29,0.98,False
1985-05-18,1985.3753,350.08,2.51,True
1985-05-19,1985.3781,349.71,2.09,False
1985-05-20,1985.3808,349.67,1.23,False
1985-05-21,1985.3836,349.78,1.96,False
1985-05-25,1985.3945,348.12,,False
1985-05-26,1985.3973,348.17,,False
1985-05-27,1985.4,349.44,,False
1985-05-28,1985.4027,348.71,,False
1985-05-29,1985.4055,349.35,1.81,False
1985-06-04,1985.4219,349.25,2.38,False
1985-06-05,1985.4247,349.3,1.62,False
1985-06-06,1985.4274,349.09,1.41,False
1985-06-07,1985.4301,348.96,1.92,False
1985-06-08,1985.4329,348.87,,False
1985-06-09,1985.4356,349.09,1.58,False
1985-06-10,1985.4384,348.76,1.07,False
1985-06-11,1985.4411,349.12,1.31,False
1985-06-13,1985.4466,349.13,,False
1985-06-17,1985.4575,348.61,,False
1985-06-18,1985.4603,348.71,1.75,False
1985-06-19,1985.463,348.84,,False
1985-06-21,1985.4685,348.52,1.03,False
1985-06-22,1985.4712,348.28,1.47,False
1985-06-23,1985.474,347.06,0.29,False
1985-06-24,1985.4767,348.48,1.68,False
1985-06-25,1985.4795,348.13,1.49,False
1985-06-26,1985.4822,348.21,1.54,False
1985-06-27,1985.4849,348.42,1.75,False
1985-06-28,1985.4877,347.86,1.3,False
1985-06-30,1985.4932,347.68,,False
1985-07-01,1985.4959,347.69,1.3,False
1985-07-02,1985.4986,347.81,,False
1985-07-03,1985.5014,347.33,0.69,False
1985-07-04,1985.5041,346.74,0.57,False
1985-07-05,1985.5068,347.55,,False
1985-07-06,1985.5096,347.38,,False
1985-07-09,1985.5178,347.31,,False
1985-07-14,1985.5315,347.33,,False
1985-07-15,1985.5342,347.31,,False
1985-07-18,1985.5425,346.95,,False
1985-07-19,1985.5452,346.84,1.15,False
1985-07-20,1985.5479,346.94,,False
1985-07-21,1985.5507,346.86,,False
1985-07-26,1985.5644,346.53,,False
1985-07-27,1985.5671,346.63,,False
1985-07-28,1985.5699,346.46,1.45,False
1985-07-30,1985.5753,345.38,0.47,False
1985-08-02,1985.5836,346.03,,False
1985-08-07,1985.5973,346.32,,False
1985-08-08,1985.6,345.36,,False
1985-08-09,1985.6027,344.86,0.11,False
1985-08-12,1985.611,344.35,,False
1985-08-19,1985.6301,345.02,0.73,False
1985-08-20,1985.6329,344.94,1.66,False
1985-08-21,1985.6356,344.69,2.01,False
1985-08-22,1985.6384,344.52,,False
1985-08-23,1985.6411,344.31,,False
1985-08-24,1985.6438,345.27,2.54,False
1985-08-25,1985.6466,344.77,,False
1985-08-27,1985.6521,345.39,,False
1985-08-28,1985.6548,345.23,2.59,False
1985-08-29,1985.6575,345.58,3.59,False
1985-08-31,1985.663,343.75,,False
1985-09-01,1985.6658,343.65,,False
1985-09-02,1985.6685,343.87,,False
1985-09-03,1985.6712,343.87,,False
1985-09-05,1985.6767,344.84,4.09,False
1985-09-06,1985.6795,345.02,,False
1985-09-07,1985.6822,344.74,,False
1985-09-09,1985.6877,344.62,3.8,False
1985-09-10,1985.6904,344.36,,False
1985-09-11,1985.6932,342.75,,False
1985-09-12,1985.6959,343.31,1.54,False
1985-09-13,1985.6986,343.9,,False
1985-09-15,1985.7041,343.84,,False
1985-09-16,1985.7068,343.96,1.45,False
1985-09-17,1985.7096,343.91,2.34,False
1985-09-18,1985.7123,343.42,1.49,False
1985-09-20,1985.7178,343.58,,False
1985-09-21,1985.7205,342.55,0.58,False
1985-09-22,1985.7233,342.64,,False
1985-09-23,1985.726,342.79,1.23,False
1985-09-24,1985.7288,342.25,0.92,False
1985-09-26,1985.7342,342.21,,False
1985-09-27,1985.737,342.49,,False
1985-09-29,1985.7425,342.37,1.28,False
1985-09-30,1985.7452,342.41,,False
1985-10-01,1985.7479,342.59,,False
1985-10-05,1985.7589,342.56,0.61,False
1985-10-06,1985.7616,342.89,,False
1985-10-07,1985.7644,342.92,1.6,False
1985-10-08,1985.7671,343.51,2.1,False
1985-10-10,1985.7726,342.96,1.59,False
1985-10-13,1985.7808,342.75,,False
1985-10-14,1985.7836,343.03,,False
1985-10-15,1985.7863,342.95,,False
1985-10-16,1985.789,342.74,0.55,False
1985-10-17,1985.7918,343.55,,False
1985-10-18,1985.7945,343.82,,False
1985-10-19,1985.7973,343.37,,False
1985-10-22,1985.8055,343.74,,False
1985-10-26,1985.8164,343.92,1.68,False
1985-10-27,1985.8192,343.66,1.65,False
1985-10-28,1985.8219,344.02,1.7,False
1985-10-29,1985.8247,343.88,1.64,False
1985-10-30,1985.8274,344.54,,False
1985-10-31,1985.8301,344.15,,False
1985-11-01,1985.8329,343.58,1.51,False
1985-11-03,1985.8384,343.83,1.59,False
1985-11-04,1985.8411,344.04,1.4,False
1985-11-05,1985.8438,344.01,1.57,False
1985-11-06,1985.8466,343.9,,False
1985-11-09,1985.8548,344.06,0.83,False
1985-11-11,1985.8603,344.58,0.89,False
1985-11-12,1985.863,344.49,,False
1985-11-13,1985.8658,344.35,1.3,False
1985-11-14,1985.8685,344.66,1.59,False
1985-11-16,1985.874,344.75,,False
1985-11-17,1985.8767,344.69,1.81,False
1985-11-19,1985.8822,344.98,1.25,False
1985-11-20,1985.8849,345.39,,False
1985-11-21,1985.8877,345.13,1.81,False
1985-11-25,1985.8986,344.74,0.56,False
1985-11-26,1985.9014,344.91,,False
1985-11-27,1985.9041,346.16,,False
1985-11-28,1985.9068,346.4,,False
1985-11-29,1985.9096,345.85,,False
1985-11-30,1985.9123,345.41,,False
1985-12-02,1985.9178,345.27,,False
1985-12-03,1985.9205,345.42,,False
1985-12-05,1985.926,345.85,1.78,False
1985-12-07,1985.9315,345.59,1.18,False
1985-12-08,1985.9342,346.05,,False
1985-12-09,1985.937,346.08,,False
1985-12-10,1985.9397,345.77,0.57,False
1985-12-11,1985.9425,345.44,0.74,False
1985-12-12,1985.9452,345.71,,False
1985-12-13,1985.9479,345.68,,False
1985-12-14,1985.9507,347.74,3.1,False
1985-12-15,1985.9534,347.16,,False
1985-12-16,1985.9562,346.05,,False
1985-12-17,1985.9589,346.37,1.47,False
1985-12-18,1985.9616,345.98,0.96,False
1985-12-19,1985.9644,345.59,0.16,False
1985-12-21,1985.9699,345.57,0.56,False
1985-12-22,1985.9726,345.63,,False
1985-12-24,1985.9781,345.6,,False
1985-12-25,1985.9808,347.31,,False
1985-12-26,1985.9836,346.97,0.43,False
1985-12-27,1985.9863,346.3,,False
1985-12-28,1985.989,345.87,,False
1985-12-29,1985.9918,346.26,1.25,False
1985-12-30,1985.9945,347.36,1.43,False
1985-12-31,1985.9973,347.37,0.93,False
1986-01-01,1986.0,347.18,2.19,False
1986-01-02,1986.0027,346.59,1.61,False
1986-01-03,1986.0055,346.84,1.82,False
1986-01-06,1986.0137,346.87,1.6,False
1986-01-07,1986.0164,347.39,,False
1986-01-08,1986.0192,346.73,0.76,False
1986-01-10,1986.0247,346.48,1.17,False
1986-01-11,1986.0274,346.6,1.21,False
1986-01-12,1986.0301,346.5,0.6,False
1986-01-13,1986.0329,346.48,0.78,False
1986-01-14,1986.0356,346.82,1.65,False
1986-01-15,1986.0384,346.8,,False
1986-01-17,1986.0438,346.72,1.51,False
1986-01-18,1986.0466,346.63,1.41,False
1986-01-19,1986.0493,346.72,,False
1986-01-20,1986.0521,346.77,0.81,False
1986-01-23,1986.0603,347.3,1.81,False
1986-01-24,1986.063,347.38,2.33,False
1986-01-25,1986.0658,346.74,,False
1986-01-26,1986.0685,346.77,1.68,False
1986-01-27,1986.0712,346.72,1.02,False
1986-01-28,1986.074,346.75,1.17,False
1986-01-29,1986.0767,346.64,1.16,False
1986-01-30,1986.0795,346.71,1.17,False
1986-01-31,1986.0822,346.76,0.56,False
1986-02-01,1986.0849,346.65,,False
1986-02-02,1986.0877,346.69,0.18,False
1986-02-03,1986.0904,347.4,1.02,False
1986-02-04,1986.0932,346.83,,False
1986-02-05,1986.0959,347.01,,False
1986-02-07,1986.1014,347.77,,False
1986-02-08,1986.1041,347.23,,False
1986-02-09,1986.1068,347.3,1.36,False
1986-02-10,1986.1096,347.88,2.05,False
1986-02-11,1986.1123,347.5,,False
1986-02-12,1986.1151,347.2,1.31,False
1986-02-14,1986.1205,347.72,1.81,False
1986-02-15,1986.1233,346.97,,False
1986-02-16,1986.126,347.87,1.59,False
1986-02-17,1986.1288,348.37,1.34,False
1986-02-18,1986.1315,348.15,1.52,False
1986-02-19,1986.1342,347.6,,False
1986-02-20,1986.137,347.48,0.94,False
1986-02-21,1986.1397,347.05,,False
1986-02-22,1986.1425,348.03,,False
1986-02-23,1986.1452,346.79,0.03,False
1986-02-25,1986.1507,348.13,1.36,False
1986-02-26,1986.1534,348.04,,False
1986-02-27,1986.1562,347.75,1.08,False
1986-02-28,1986.1589,347.54,,False
1986-03-01,1986.1616,347.45,,False
1986-03-02,1986.1644,347.16,0.11,False
1986-03-03,1986.1671,348.14,0.84,False
1986-03-04,1986.1699,346.81,,False
1986-03-05,1986.1726,346.8,,False
1986-03-08,1986.1808,347.03,-0.97,False
1986-03-09,1986.1836,347.28,0.31,False
1986-03-17,1986.2055,347.98,-0.38,False
1986-03-18,1986.2082,347.68,-0.45,False
1986-03-21,1986.2164,348.58,,False
1986-03-23,1986.2219,350.09,,True
1986-03-24,1986.2247,349.6,,False
1986-03-25,1986.2274,349.59,,False
1986-03-26,1986.2301,349.39,1.65,False
1986-03-27,1986.2329,349.04,0.61,False
1986-03-30,1986.2411,348.89,,False
1986-04-01,1986.2466,348.97,0.45,False
1986-04-04,1986.2548,349.23,0.27,False
1986-04-05,1986.2575,349.14,1.4,False
1986-04-06,1986.2603,349.9,1.35,False
1986-04-07,1986.263,349.57,0.88,False
1986-04-09,1986.2685,350.09,,False
1986-04-10,1986.2712,349.98,,False
1986-04-12,1986.2767,349.04,,False
1986-04-16,1986.2877,350.01,,False
1986-04-17,1986.2904,349.69,0.99,False
1986-04-19,1986.2959,349.85,1.29,False
1986-04-20,1986.2986,349.53,,False
1986-04-21,1986.3014,349.61,,False
1986-04-22,1986.3041,350.03,1.16,False
1986-04-23,1986.3068,350.24,0.7,True
1986-04-24,1986.3096,350.21,,False
1986-04-25,1986.3123,350.75,,True
1986-04-26,1986.3151,350.73,1.67,False
1986-04-28,1986.3205,350.83,1.64,True
1986-05-01,1986.3288,350.29,1.41,False
1986-05-02,1986.3315,351.2,,True
1986-05-06,1986.3425,350.66,,False
1986-05-07,1986.3452,350.1,0.93,False
1986-05-08,1986.3479,350.7,,False
1986-05-12,1986.3589,350.82,,False
1986-05-16,1986.3699,350.67,1.22,False
1986-05-17,1986.3726,350.64,1.35,False
1986-05-18,1986.3753,350.71,0.63,False
1986-05-19,1986.3781,350.8,1.09,False
1986-05-20,1986.3808,350.63,0.96,False
1986-05-21,1986.3836,350.71,0.93,False
1986-05-22,1986.3863,350.63,,False
1986-05-25,1986.3945,350.32,2.2,False
1986-05-26,1986.3973,350.23,2.06,False
1986-05-27,1986.4,349.84,0.4,False
1986-05-28,1986.4027,350.02,1.31,False
1986-05-29,1986.4055,350.38,1.03,False
1986-06-01,1986.4137,350.67,,False
1986-06-02,1986.4164,350.51,,False
1986-06-03,1986.4192,350.52,,False
1986-06-05,1986.4247,350.63,1.33,False
1986-06-06,1986.4274,349.83,0.74,False
1986-06-07,1986.4301,350.12,1.16,False
1986-06-08,1986.4329,350.47,1.6,False
1986-06-09,1986.4356,350.2,1.11,False
1986-06-20,1986.4658,350.05,,False
1986-06-21,1986.4685,350.2,1.68,False
1986-06-22,1986.4712,349.56,1.28,False
1986-06-23,1986.474,349.5,2.44,False
1986-06-24,1986.4767,349.96,1.48,False
1986-06-25,1986.4795,349.77,1.64,False
1986-06-26,1986.4822,349.59,1.38,False
1986-06-28,1986.4877,349.2,1.34,False
1986-06-30,1986.4932,349.1,1.42,False
1986-07-02,1986.4986,349.57,1.76,False
1986-07-03,1986.5014,349.09,1.76,False
1986-07-04,1986.5041,349.05,2.31,False
1986-07-05,1986.5068,348.87,1.32,False
1986-07-06,1986.5096,348.88,1.5,False
1986-07-07,1986.5123,348.89,,False
1986-07-08,1986.5151,348.98,,False
1986-07-09,1986.5178,348.81,1.5,False
1986-07-13,1986.5288,347.06,,False
1986-07-14,1986.5315,348.24,0.91,False
1986-07-15,1986.5342,347.9,0.59,False
1986-07-17,1986.5397,347.9,,False
1986-07-18,1986.5425,347.44,0.49,False
1986-07-22,1986.5534,347.83,,False
1986-07-23,1986.5562,347.84,,False
1986-07-25,1986.5616,348.0,,False
1986-07-26,1986.5644,348.12,1.59,False
1986-07-28,1986.5699,348.45,1.99,False
1986-07-30,1986.5753,347.4,2.02,False
1986-07-31,1986.5781,347.62,,False
1986-08-04,1986.589,347.24,,False
1986-08-05,1986.5918,346.56,,False
1986-08-06,1986.5945,346.69,,False
1986-08-07,1986.5973,346.78,0.46,False
1986-08-09,1986.6027,346.8,1.94,False
1986-08-10,1986.6055,346.1,,False
1986-08-11,1986.6082,346.0,,False
1986-08-12,1986.611,346.62,2.27,False
1986-08-13,1986.6137,346.62,,False
1986-08-14,1986.6164,346.08,,False
1986-08-17,1986.6247,345.68,,False
1986-08-18,1986.6274,344.92,,False
1986-08-21,1986.6356,346.67,1.98,False
1986-08-23,1986.6411,345.77,1.46,False
1986-08-26,1986.6493,346.1,,False
1986-08-27,1986.6521,346.44,1.05,False
1986-08-29,1986.6575,345.19,-0.39,False
1986-08-30,1986.6603,345.22,,False
1986-09-04,1986.674,345.66,,False
1986-09-05,1986.6767,345.93,1.09,False
1986-09-06,1986.6795,344.4,-0.62,False
1986-09-09,1986.6877,345.74,1.12,False
1986-09-14,1986.7014,346.13,,False
1986-09-15,1986.7041,345.9,2.06,False
1986-09-16,1986.7068,346.09,2.13,False
1986-09-18,1986.7123,346.14,2.72,False
1986-09-21,1986.7205,345.35,2.8,False
1986-09-22,1986.7233,344.46,1.82,False
1986-09-23,1986.726,344.61,1.82,False
1986-09-24,1986.7288,344.75,2.5,False
1986-09-25,1986.7315,344.69,,False
1986-09-27,1986.737,344.66,2.17,False
1986-09-28,1986.7397,346.19,,False
1986-09-29,1986.7425,345.52,3.15,False
1986-09-30,1986.7452,345.33,2.92,False
1986-10-01,1986.7479,345.4,2.81,False
1986-10-02,1986.7507,344.63,,False
1986-10-03,1986.7534,344.45,,False
1986-10-04,1986.7562,344.61,,False
1986-10-05,1986.7589,344.42,1.86,False
1986-10-06,1986.7616,344.41,1.52,False
1986-10-07,1986.7644,344.39,1.47,False
1986-10-08,1986.7671,344.11,0.6,False
1986-10-09,1986.7699,344.37,,False
1986-10-10,1986.7726,344.85,1.89,False
1986-10-11,1986.7753,344.69,,False
1986-10-12,1986.7781,344.67,,False
1986-10-13,1986.7808,345.07,2.32,False
1986-10-14,1986.7836,344.83,1.8,False
1986-10-15,1986.7863,344.49,1.54,False
1986-10-16,1986.789,344.38,1.64,False
1986-10-17,1986.7918,344.55,1.0,False
1986-10-20,1986.8,345.07,,False
1986-10-21,1986.8027,344.37,,False
1986-10-22,1986.8055,344.86,1.12,False
1986-10-23,1986.8082,344.92,,False
1986-10-25,1986.8137,344.54,,False
1986-10-26,1986.8164,345.34,1.42,False
1986-10-27,1986.8192,345.19,1.53,False
1986-10-28,1986.8219,345.62,1.6,False
1986-10-31,1986.8301,345.64,1.49,False
1986-11-01,1986.8329,345.95,2.37,False
1986-11-02,1986.8356,345.54,,False
1986-11-03,1986.8384,345.69,1.86,False
1986-11-04,1986.8411,345.95,1.91,False
1986-11-07,1986.8493,345.78,,False
1986-11-08,1986.8521,345.8,,False
1986-11-10,1986.8575,346.16,,False
1986-11-12,1986.863,346.36,1.87,False
1986-11-13,1986.8658,346.33,1.98,False
1986-11-14,1986.8685,346.33,1.67,False
1986-11-15,1986.8712,346.15,,False
1986-11-16,1986.874,345.94,1.19,False
1986-11-20,1986.8849,346.57,1.18,False
1986-11-21,1986.8877,346.14,1.01,False
1986-11-23,1986.8932,346.06,,False
1986-11-24,1986.8959,346.13,,False
1986-11-25,1986.8986,346.23,1.49,False
1986-11-26,1986.9014,346.85,1.94,False
1986-11-27,1986.9041,346.93,0.77,False
1986-11-28,1986.9068,346.78,0.38,False
1986-11-29,1986.9096,346.85,1.0,False
1986-11-30,1986.9123,347.16,1.75,False
1986-12-01,1986.9151,347.69,,False
1986-12-02,1986.9178,346.95,1.68,False
1986-12-03,1986.9205,347.68,2.26,False
1986-12-04,1986.9233,347.21,,False
1986-12-05,1986.926,347.27,1.42,False
1986-12-06,1986.9288,347.72,,False
1986-12-07,1986.9315,347.7,2.11,False
1986-12-08,1986.9342,347.09,1.04,False
1986-12-09,1986.937,346.95,0.87,False
1986-12-10,1986.9397,347.31,1.54,False
1986-12-11,1986.9425,347.37,1.93,False
1986-12-12,1986.9452,347.54,1.83,False
1986-12-13,1986.9479,347.31,1.63,False
1986-12-14,1986.9507,347.17,-0.57,False
1986-12-16,1986.9562,347.16,1.11,False
1986-12-17,1986.9589,347.34,0.97,False
1986-12-18,1986.9616,347.35,1.37,False
1986-12-19,1986.9644,347.76,2.17,False
1986-12-21,1986.9699,347.49,1.92,False
1986-12-22,1986.9726,347.44,1.81,False
1986-12-27,1986.9863,347.53,1.23,False
1986-12-28,1986.989,347.57,1.7,False
1986-12-29,1986.9918,347.64,1.38,False
1986-12-30,1986.9945,347.46,0.1,False
1987-01-01,1987.0,348.11,0.93,False
1987-01-02,1987.0027,348.23,1.64,False
1987-01-03,1987.0055,348.01,1.17,False
1987-01-04,1987.0082,347.89,,False
1987-01-05,1987.011,348.39,,False
1987-01-06,1987.0137,348.35,1.48,False
1987-01-07,1987.0164,348.09,0.7,False
1987-01-10,1987.0247,348.8,2.32,False
1987-01-11,1987.0274,349.34,2.74,False
1987-01-12,1987.0301,349.99,3.49,False
1987-01-13,1987.0329,348.81,2.33,False
1987-01-14,1987.0356,348.75,1.93,False
1987-01-15,1987.0384,348.89,2.09,False
1987-01-16,1987.0411,348.75,,False
1987-01-17,1987.0438,348.75,2.03,False
1987-01-18,1987.0466,348.56,1.93,False
1987-01-19,1987.0493,348.91,2.19,False
1987-01-20,1987.0521,349.02,2.25,False
1987-01-21,1987.0548,348.71,,False
1987-01-22,1987.0575,349.69,,False
1987-01-23,1987.0603,348.64,1.34,False
1987-01-24,1987.063,348.24,0.86,False
1987-01-25,1987.0658,348.41,1.67,False
1987-01-27,1987.0712,349.61,2.89,False
1987-01-31,1987.0822,348.42,1.66,False
1987-02-01,1987.0849,348.44,1.79,False
1987-02-02,1987.0877,348.82,2.13,False
1987-02-03,1987.0904,348.66,1.26,False
1987-02-04,1987.0932,348.23,1.4,False
1987-02-05,1987.0959,349.16,2.15,False
1987-02-06,1987.0986,348.68,,False
1987-02-07,1987.1014,348.54,0.77,False
1987-02-08,1987.1041,348.23,1.0,False
1987-02-09,1987.1068,348.3,1.0,False
1987-02-10,1987.1096,348.2,0.32,False
1987-02-11,1987.1123,348.17,0.67,False
1987-02-12,1987.1151,348.7,1.5,False
1987-02-13,1987.1178,348.59,,False
1987-02-14,1987.1205,348.76,1.04,False
1987-02-15,1987.1233,348.75,1.78,False
1987-02-18,1987.1315,349.28,1.13,False
1987-02-19,1987.1342,349.29,1.69,False
1987-02-20,1987.137,349.58,2.1,False
1987-02-21,1987.1397,348.75,1.7,False
1987-02-22,1987.1425,348.74,0.71,False
1987-02-23,1987.1452,348.9,2.11,False
1987-02-25,1987.1507,350.14,2.01,False
1987-02-26,1987.1534,350.6,2.56,False
1987-02-27,1987.1562,350.38,2.63,False
1987-02-28,1987.1589,348.9,1.36,False
1987-03-02,1987.1644,349.56,2.4,False
1987-03-03,1987.1671,349.54,1.4,False
1987-03-04,1987.1699,349.54,2.73,False
1987-03-05,1987.1726,348.7,1.9,False
1987-03-06,1987.1753,348.53,,False
1987-03-07,1987.1781,349.35,,False
1987-03-08,1987.1808,349.24,2.21,False
1987-03-10,1987.1863,349.25,,False
1987-03-12,1987.1918,349.0,,False
1987-03-13,1987.1945,350.08,,False
1987-03-14,1987.1973,349.3,,False
1987-03-19,1987.211,350.2,,False
1987-03-20,1987.2137,350.08,,False
1987-03-21,1987.2164,350.04,1.46,False
1987-03-22,1987.2192,350.13,,False
1987-03-25,1987.2274,350.43,0.84,False
1987-03-26,1987.2301,350.24,0.85,False
1987-03-27,1987.2329,350.69,1.65,False
1987-03-28,1987.2356,350.94,,False
1987-03-29,1987.2384,350.38,,False
1987-03-31,1987.2438,350.65,,False
1987-04-01,1987.2466,352.66,3.69,True
1987-04-03,1987.2521,351.52,,False
1987-04-04,1987.2548,350.72,1.49,False
1987-04-05,1987.2575,350.91,1.77,False
1987-04-06,1987.2603,351.8,1.9,False
1987-04-08,1987.2658,351.99,,False
1987-04-09,1987.2685,350.14,0.05,False
1987-04-10,1987.2712,349.56,-0.42,False
1987-04-11,1987.274,350.63,,False
1987-04-12,1987.2767,350.79,1.75,False
1987-04-14,1987.2822,351.24,,False
1987-04-15,1987.2849,350.59,,False
1987-04-16,1987.2877,351.75,1.74,False
1987-04-18,1987.2932,351.47,,False
1987-04-19,1987.2959,351.55,1.7,False
1987-04-20,1987.2986,351.89,2.36,False
1987-04-21,1987.3014,352.1,2.49,False
1987-04-22,1987.3041,351.84,1.81,False
1987-04-23,1987.3068,351.54,1.3,False
1987-04-24,1987.3096,351.77,1.56,False
1987-04-25,1987.3123,351.37,0.62,False
1987-04-26,1987.3151,351.52,0.79,False
1987-04-27,1987.3178,352.14,,False
1987-04-28,1987.3205,351.98,1.15,False
1987-04-29,1987.3233,351.49,,False
1987-04-30,1987.326,352.25,,False
1987-05-01,1987.3288,351.87,1.58,False
1987-05-02,1987.3315,351.4,0.2,False
1987-05-03,1987.3342,351.03,,False
1987-05-05,1987.3397,352.63,,False
1987-05-07,1987.3452,352.32,2.22,False
1987-05-08,1987.3479,352.53,1.83,False
1987-05-09,1987.3507,352.56,,False
1987-05-10,1987.3534,352.22,,False
1987-05-11,1987.3562,352.41,,False
1987-05-12,1987.3589,352.14,1.32,False
1987-05-13,1987.3616,351.55,,False
1987-05-14,1987.3644,352.25,,False
1987-05-15,1987.3671,352.06,,False
1987-05-16,1987.3699,352.29,1.62,False
1987-05-17,1987.3726,352.06,1.42,False
1987-05-18,1987.3753,351.95,1.24,False
1987-05-19,1987.3781,351.97,1.17,False
1987-05-20,1987.3808,352.56,1.93,False
1987-05-21,1987.3836,352.39,1.68,False
1987-05-22,1987.3863,351.69,1.06,False
1987-05-23,1987.389,352.13,,False
1987-05-24,1987.3918,352.7,,True
1987-05-25,1987.3945,352.22,1.9,False
1987-05-26,1987.3973,352.31,2.08,False
1987-05-27,1987.4,352.37,2.53,False
1987-05-28,1987.4027,352.34,2.32,False
1987-05-30,1987.4082,351.8,,False
1987-05-31,1987.411,352.45,,False
1987-06-01,1987.4137,352.35,1.68,False
1987-06-02,1987.4164,352.29,1.78,False
1987-06-03,1987.4192,352.22,1.7,False
1987-06-04,1987.4219,352.07,,False
1987-06-05,1987.4247,351.78,1.15,False
1987-06-06,1987.4274,352.22,2.39,False
1987-06-07,1987.4301,351.96,1.84,False
1987-06-09,1987.4356,351.98,1.78,False
1987-06-10,1987.4384,351.95,,False
1987-06-12,1987.4438,351.57,,False
1987-06-13,1987.4466,351.54,,False
1987-06-14,1987.4493,351.4,,False
1987-06-15,1987.4521,351.2,,False
1987-06-16,1987.4548,351.37,,False
1987-06-17,1987.4575,351.55,,False
1987-06-18,1987.4603,351.46,,False
1987-06-19,1987.463,351.53,,False
1987-06-21,1987.4685,351.1,0.9,False
1987-06-22,1987.4712,351.68,2.12,False
1987-06-25,1987.4795,351.21,1.44,False
1987-06-27,1987.4849,351.27,,False
1987-06-28,1987.4877,351.29,2.09,False
1987-07-01,1987.4959,351.02,,False
1987-07-02,1987.4986,350.42,0.85,False
1987-07-03,1987.5014,349.94,0.85,False
1987-07-06,1987.5096,351.08,2.2,False
1987-07-07,1987.5123,350.26,1.37,False
1987-07-09,1987.5178,351.04,2.23,False
1987-07-10,1987.5205,350.99,,False
1987-07-11,1987.5233,350.84,,False
1987-07-12,1987.526,350.76,,False
1987-07-14,1987.5315,348.0,-0.24,False
1987-07-17,1987.5397,350.61,2.71,False
1987-07-19,1987.5452,350.37,,False
1987-07-22,1987.5534,350.22,2.39,False
1987-07-23,1987.5562,350.07,2.23,False
1987-07-25,1987.5616,350.28,2.28,False
1987-07-27,1987.5671,350.14,,False
1987-07-31,1987.5781,349.83,2.21,False
1987-08-01,1987.5808,349.33,,False
1987-08-02,1987.5836,349.81,,False
1987-08-06,1987.5945,346.79,0.1,False
1987-08-07,1987.5973,347.4,0.62,False
1987-08-11,1987.6082,349.25,3.25,False
1987-08-12,1987.611,348.65,2.03,False
1987-08-15,1987.6192,348.72,,False
1987-08-16,1987.6219,348.84,,False
1987-08-20,1987.6329,348.2,,False
1987-08-22,1987.6384,348.05,,False
1987-08-23,1987.6411,348.21,2.44,False
1987-08-24,1987.6438,348.1,,False
1987-08-25,1987.6466,348.22,,False
1987-08-27,1987.6521,347.13,0.69,False
1987-08-30,1987.6603,346.26,1.04,False
1987-09-01,1987.6658,346.91,,False
1987-09-02,1987.6685,347.29,,False
1987-09-05,1987.6767,347.35,1.42,False
1987-09-06,1987.6795,346.69,2.29,False
1987-09-07,1987.6822,347.29,,False
1987-09-09,1987.6877,345.83,0.09,False
1987-09-12,1987.6959,346.99,,False
1987-09-13,1987.6986,346.56,,False
1987-09-15,1987.7041,346.99,1.09,False
1987-09-16,1987.7068,346.84,0.75,False
1987-09-17,1987.7096,347.02,,False
1987-09-18,1987.7123,347.07,0.93,False
1987-09-19,1987.7151,347.26,,False
1987-09-20,1987.7178,346.22,,False
1987-09-21,1987.7205,345.08,-0.27,False
1987-09-22,1987.7233,345.57,1.11,False
1987-09-23,1987.726,345.57,0.96,False
1987-09-25,1987.7315,346.85,2.16,False
1987-09-26,1987.7342,346.14,,False
1987-09-27,1987.737,346.15,1.49,False
1987-09-28,1987.7397,347.42,1.23,False
1987-09-29,1987.7425,347.0,1.48,False
1987-09-30,1987.7452,346.06,0.73,False
1987-10-01,1987.7479,346.2,0.8,False
1987-10-02,1987.7507,345.95,1.32,False
1987-10-03,1987.7534,345.76,1.31,False
1987-10-04,1987.7562,345.91,1.3,False
1987-10-08,1987.7671,346.91,2.8,False
1987-10-09,1987.7699,347.08,2.71,False
1987-10-10,1987.7726,346.09,1.24,False
1987-10-15,1987.7863,346.98,2.49,False
1987-10-17,1987.7918,346.41,1.86,False
1987-10-18,1987.7945,346.56,,False
1987-10-20,1987.8,347.54,2.47,False
1987-10-21,1987.8027,347.23,2.86,False
1987-10-22,1987.8055,347.08,2.22,False
1987-10-23,1987.8082,346.99,2.07,False
1987-10-24,1987.811,347.18,,False
1987-10-25,1987.8137,347.69,3.15,False
1987-10-26,1987.8164,346.89,1.55,False
1987-10-27,1987.8192,346.69,1.5,False
1987-10-28,1987.8219,346.89,1.27,False
1987-10-29,1987.8247,346.91,,False
1987-10-30,1987.8274,346.74,,False
1987-10-31,1987.8301,347.37,1.73,False
1987-11-01,1987.8329,347.33,1.38,False
1987-11-03,1987.8384,347.29,1.6,False
1987-11-04,1987.8411,347.36,1.41,False
1987-11-05,1987.8438,347.39,,False
1987-11-07,1987.8493,347.95,2.17,False
1987-11-08,1987.8521,348.14,2.34,False
1987-11-09,1987.8548,347.38,,False
1987-11-10,1987.8575,347.37,1.21,False
1987-11-12,1987.863,347.72,1.36,False
1987-11-13,1987.8658,347.58,1.25,False
1987-11-14,1987.8685,347.64,1.31,False
1987-11-15,1987.8712,347.7,1.55,False
1987-11-16,1987.874,348.33,2.39,False
1987-11-17,1987.8767,348.34,,False
1987-11-18,1987.8795,348.04,,False
1987-11-20,1987.8849,348.52,1.95,False
1987-11-23,1987.8932,348.42,2.36,False
1987-11-24,1987.8959,348.86,2.73,False
1987-11-25,1987.8986,348.22,1.99,False
1987-11-26,1987.9014,349.33,2.48,False
1987-11-27,1987.9041,349.12,2.19,False
1987-11-28,1987.9068,349.1,2.32,False
1987-11-29,1987.9096,348.62,1.77,False
1987-12-01,1987.9151,348.71,1.02,False
1987-12-02,1987.9178,349.12,2.17,False
1987-12-03,1987.9205,348.88,1.2,False
1987-12-05,1987.926,349.05,1.78,False
1987-12-06,1987.9288,348.56,0.84,False
1987-12-07,1987.9315,349.06,1.36,False
1987-12-08,1987.9342,348.74,1.65,False
1987-12-09,1987.937,348.68,1.73,False
1987-12-10,1987.9397,348.73,1.42,False
1987-12-12,1987.9452,349.4,1.86,False
1987-12-13,1987.9479,349.18,1.87,False
1987-12-15,1987.9534,349.42,,False
1987-12-16,1987.9562,349.34,2.18,False
1987-12-17,1987.9589,349.4,2.06,False
1987-12-18,1987.9616,349.2,1.85,False
1987-12-19,1987.9644,349.61,1.85,False
1987-12-20,1987.9671,349.46,,False
1987-12-21,1987.9699,349.39,1.9,False
1987-12-22,1987.9726,349.38,1.94,False
1987-12-23,1987.9753,349.57,,False
1987-12-24,1987.9781,349.54,,False
1987-12-25,1987.9808,349.48,,False
1987-12-26,1987.9836,349.68,,False
1987-12-27,1987.9863,350.02,2.49,False
1987-12-28,1987.989,349.39,1.82,False
1987-12-30,1987.9945,350.0,2.54,False
1987-12-31,1987.9973,349.92,,False
1988-01-01,1988.0,349.81,1.7,False
1988-01-02,1988.0027,350.17,1.94,False
1988-01-03,1988.0055,350.0,1.99,False
1988-01-04,1988.0082,350.0,2.11,False
1988-01-05,1988.0109,350.03,1.64,False
1988-01-06,1988.0137,350.22,1.87,False
1988-01-07,1988.0164,350.57,2.48,False
1988-01-08,1988.0191,350.45,,False
1988-01-09,1988.0219,350.58,,False
1988-01-10,1988.0246,350.56,1.76,False
1988-01-11,1988.0273,350.43,1.09,False
1988-01-12,1988.0301,350.26,0.27,False
1988-01-13,1988.0328,350.39,1.58,False
1988-01-15,1988.0383,350.28,1.39,False
1988-01-16,1988.041,350.54,1.79,False
1988-01-17,1988.0437,350.3,1.55,False
1988-01-18,1988.0464,350.27,1.71,False
1988-01-19,1988.0492,351.02,2.11,False
1988-01-20,1988.0519,350.72,1.7,False
1988-01-21,1988.0546,351.0,2.29,False
1988-01-23,1988.0601,350.68,2.04,False
1988-01-24,1988.0628,351.0,2.76,False
1988-01-25,1988.0656,350.61,2.2,False
1988-01-29,1988.0765,350.87,,False
1988-02-02,1988.0874,352.0,3.18,False
1988-02-03,1988.0902,351.63,2.97,False
1988-02-04,1988.0929,351.84,3.61,False
1988-02-05,1988.0956,351.67,2.51,False
1988-02-10,1988.1093,351.1,2.9,False
1988-02-11,1988.112,351.25,3.08,False
1988-02-12,1988.1148,351.24,2.54,False
1988-02-13,1988.1175,351.31,2.72,False
1988-02-14,1988.1202,351.22,2.46,False
1988-02-15,1988.123,350.99,2.24,False
1988-02-16,1988.1257,351.79,,False
1988-02-17,1988.1284,351.46,,False
1988-02-18,1988.1311,351.49,2.21,False
1988-02-19,1988.1339,351.04,1.75,False
1988-02-20,1988.1366,350.98,1.4,False
1988-02-21,1988.1393,351.8,3.05,False
1988-02-22,1988.1421,351.59,2.85,False
1988-02-23,1988.1448,352.17,3.27,False
1988-02-25,1988.1503,351.81,1.67,False
1988-02-26,1988.153,353.28,2.68,True
1988-02-27,1988.1557,352.74,2.36,False
1988-02-28,1988.1585,352.68,3.78,False
1988-02-29,1988.1612,352.88,,False
1988-03-01,1988.1639,353.78,,True
1988-03-02,1988.1667,353.55,3.99,False
1988-03-03,1988.1694,353.25,3.71,False
1988-03-04,1988.1721,353.09,3.55,False
1988-03-05,1988.1749,352.83,4.13,False
1988-03-06,1988.1776,352.91,4.38,False
1988-03-07,1988.1803,352.79,3.44,False
1988-03-09,1988.1858,352.83,,False
1988-03-10,1988.1885,352.64,3.39,False
1988-03-11,1988.1913,352.39,,False
1988-03-12,1988.194,351.47,2.47,False
1988-03-13,1988.1967,351.11,1.03,False
1988-03-14,1988.1995,351.36,2.06,False
1988-03-15,1988.2022,352.72,,False
1988-03-16,1988.2049,351.48,,False
1988-03-17,1988.2077,353.22,,False
1988-03-18,1988.2104,352.47,,False
1988-03-20,1988.2158,351.3,1.22,False
1988-03-21,1988.2186,351.63,1.59,False
1988-03-22,1988.2213,351.44,1.31,False
1988-03-25,1988.2295,352.33,1.9,False
1988-03-26,1988.2322,352.52,2.28,False
1988-03-27,1988.235,352.4,1.71,False
1988-03-30,1988.2432,352.75,,False
1988-03-31,1988.2459,353.15,2.5,False
1988-04-01,1988.2486,353.62,0.96,False
1988-04-02,1988.2514,353.28,,False
1988-04-04,1988.2568,353.07,2.35,False
1988-04-05,1988.2596,353.71,2.8,False
1988-04-06,1988.2623,353.22,1.42,False
1988-04-07,1988.265,353.13,,False
1988-04-08,1988.2678,353.43,1.44,False
1988-04-09,1988.2705,353.28,3.14,False
1988-04-10,1988.2732,353.71,4.15,False
1988-04-11,1988.276,354.24,3.61,True
1988-04-12,1988.2787,353.85,3.06,False
1988-04-13,1988.2814,353.33,,False
1988-04-14,1988.2842,353.04,1.8,False
1988-04-15,1988.2869,352.95,2.36,False
1988-04-16,1988.2896,352.95,1.2,False
1988-04-17,1988.2923,352.84,,False
1988-04-18,1988.2951,353.41,1.94,False
1988-04-19,1988.2978,353.28,1.73,False
1988-04-20,1988.3005,353.76,1.87,False
1988-04-21,1988.3033,353.95,1.85,False
1988-04-22,1988.306,354.24,2.4,False
1988-04-23,1988.3087,353.86,2.32,False
1988-04-24,1988.3115,353.94,2.17,False
1988-04-25,1988.3142,354.31,2.94,True
1988-04-28,1988.3224,355.07,3.09,True
1988-04-29,1988.3251,354.55,3.06,False
1988-04-30,1988.3279,354.85,2.6,False
1988-05-01,1988.3306,354.37,2.5,False
1988-05-02,1988.3333,354.36,2.96,False
1988-05-03,1988.3361,354.33,3.3,False
1988-05-04,1988.3388,353.98,,False
1988-05-05,1988.3415,353.67,1.04,False
1988-05-06,1988.3443,353.64,,False
1988-05-08,1988.3497,353.72,1.19,False
1988-05-09,1988.3525,354.18,1.62,False
1988-05-10,1988.3552,354.32,2.1,False
1988-05-11,1988.3579,354.44,2.03,False
1988-05-12,1988.3607,354.79,2.65,False
1988-05-13,1988.3634,354.5,2.95,False
1988-05-14,1988.3661,354.33,2.08,False
1988-05-16,1988.3716,354.4,2.11,False
1988-05-17,1988.3743,353.78,1.72,False
1988-05-18,1988.377,354.26,2.31,False
1988-05-19,1988.3798,354.5,2.53,False
1988-05-20,1988.3825,354.08,1.52,False
1988-05-21,1988.3852,354.92,2.53,False
1988-05-22,1988.388,354.81,3.12,False
1988-05-23,1988.3907,354.8,2.67,False
1988-05-24,1988.3934,354.83,2.13,False
1988-05-25,1988.3962,354.72,2.5,False
1988-05-26,1988.3989,354.77,2.46,False
1988-05-28,1988.4044,354.87,2.53,False
1988-05-29,1988.4071,354.5,,False
1988-05-30,1988.4098,353.86,2.06,False
1988-05-31,1988.4126,354.14,1.69,False
1988-06-03,1988.4208,353.86,1.64,False
1988-06-04,1988.4235,354.02,1.95,False
1988-06-05,1988.4262,353.89,2.11,False
1988-06-06,1988.429,354.44,2.22,False
1988-06-07,1988.4317,354.4,2.44,False
1988-06-08,1988.4344,354.53,,False
1988-06-09,1988.4372,354.69,2.71,False
1988-06-10,1988.4399,354.62,2.67,False
1988-06-11,1988.4426,354.43,,False
1988-06-12,1988.4454,353.6,2.03,False
1988-06-14,1988.4508,353.89,2.49,False
1988-06-15,1988.4536,354.1,2.9,False
1988-06-16,1988.4563,354.21,2.84,False
1988-06-17,1988.459,353.64,2.09,False
1988-06-18,1988.4617,353.72,2.26,False
1988-06-19,1988.4645,353.61,2.08,False
1988-06-20,1988.4672,353.52,,False
1988-06-21,1988.4699,353.52,2.42,False
1988-06-22,1988.4727,353.65,1.97,False
1988-06-23,1988.4754,353.25,,False
1988-06-24,1988.4781,353.37,,False
1988-06-25,1988.4809,353.3,2.09,False
1988-06-26,1988.4836,353.4,,False
1988-06-27,1988.4863,353.27,2.0,False
1988-06-28,1988.4891,353.46,2.17,False
1988-06-29,1988.4918,353.3,,False
1988-06-30,1988.4945,353.26,,False
1988-07-01,1988.4973,353.6,2.58,False
1988-07-02,1988.5,353.75,3.33,False
1988-07-04,1988.5055,353.27,,False
1988-07-05,1988.5082,353.23,,False
1988-07-06,1988.5109,353.28,2.2,False
1988-07-07,1988.5137,352.68,2.42,False
1988-07-08,1988.5164,352.73,,False
1988-07-09,1988.5191,352.53,1.49,False
1988-07-10,1988.5219,352.46,1.47,False
1988-07-11,1988.5246,352.89,2.05,False
1988-07-12,1988.5273,353.92,3.16,False
1988-07-13,1988.5301,352.99,,False
1988-07-16,1988.5383,353.27,,False
1988-07-17,1988.541,352.48,1.87,False
1988-07-18,1988.5437,352.81,,False
1988-07-19,1988.5464,353.75,3.38,False
1988-07-20,1988.5492,353.03,,False
1988-07-22,1988.5546,353.28,3.06,False
1988-07-23,1988.5574,352.77,2.7,False
1988-07-24,1988.5601,352.17,,False
1988-07-25,1988.5628,352.13,1.85,False
1988-07-26,1988.5656,351.56,,False
1988-07-27,1988.5683,351.73,1.59,False
1988-07-28,1988.571,352.14,,False
1988-07-29,1988.5738,352.71,,False
1988-07-30,1988.5765,352.26,,False
1988-07-31,1988.5792,351.31,1.48,False
1988-08-02,1988.5847,350.73,0.92,False
1988-08-04,1988.5902,351.37,,False
1988-08-05,1988.5929,351.26,,False
1988-08-06,1988.5956,350.22,3.43,False
1988-08-07,1988.5984,350.64,3.24,False
1988-08-08,1988.6011,350.98,,False
1988-08-09,1988.6038,351.03,,False
1988-08-10,1988.6066,351.22,,False
1988-08-11,1988.6093,350.94,1.69,False
1988-08-12,1988.612,350.75,2.1,False
1988-08-13,1988.6148,350.78,,False
1988-08-14,1988.6175,350.33,,False
1988-08-15,1988.6202,349.6,0.88,False
1988-08-18,1988.6284,350.54,,False
1988-08-19,1988.6311,350.65,,False
1988-08-20,1988.6339,350.05,1.85,False
1988-08-21,1988.6366,351.12,,False
1988-08-22,1988.6393,351.13,3.08,False
1988-08-23,1988.6421,350.66,2.45,False
1988-08-24,1988.6448,350.84,2.74,False
1988-08-26,1988.6503,348.79,,False
1988-08-27,1988.653,349.04,1.91,False
1988-08-28,1988.6557,349.05,,False
1988-08-29,1988.6585,350.36,,False
1988-08-30,1988.6612,350.05,3.79,False
1988-08-31,1988.6639,349.24,,False
1988-09-02,1988.6694,349.69,2.4,False
1988-09-03,1988.6721,349.26,,False
1988-09-04,1988.6749,349.79,,False
1988-09-05,1988.6776,348.82,1.47,False
1988-09-06,1988.6803,349.14,2.45,False
1988-09-07,1988.6831,348.6,1.31,False
1988-09-08,1988.6858,348.71,,False
1988-09-09,1988.6885,348.42,2.59,False
1988-09-10,1988.6913,348.94,,False
1988-09-11,1988.694,349.16,,False
1988-09-12,1988.6967,349.52,2.53,False
1988-09-13,1988.6995,349.38,2.82,False
1988-09-14,1988.7022,349.12,,False
1988-09-16,1988.7077,349.05,2.21,False
1988-09-17,1988.7104,349.0,1.98,False
1988-09-18,1988.7131,349.34,2.27,False
1988-09-19,1988.7158,349.56,2.3,False
1988-09-20,1988.7186,348.95,2.73,False
1988-09-21,1988.7213,348.39,3.31,False
1988-09-22,1988.724,347.96,2.39,False
1988-09-23,1988.7268,349.2,3.63,False
1988-09-25,1988.7322,347.86,1.01,False
1988-09-26,1988.735,348.42,2.28,False
1988-09-27,1988.7377,348.53,2.38,False
1988-09-29,1988.7432,349.61,2.61,False
1988-09-30,1988.7459,349.04,2.98,False
1988-10-01,1988.7486,349.61,3.41,False
1988-10-03,1988.7541,348.77,3.01,False
1988-10-05,1988.7596,349.43,,False
1988-10-06,1988.7623,349.32,,False
1988-10-07,1988.765,349.23,,False
1988-10-08,1988.7678,349.26,2.35,False
1988-10-09,1988.7705,348.74,1.66,False
1988-10-11,1988.776,348.93,,False
1988-10-12,1988.7787,349.22,,False
1988-10-13,1988.7814,348.79,,False
1988-10-14,1988.7842,349.2,,False
1988-10-15,1988.7869,348.81,1.83,False
1988-10-16,1988.7896,349.15,,False
1988-10-17,1988.7923,349.2,2.79,False
1988-10-18,1988.7951,349.76,3.2,False
1988-10-19,1988.7978,349.84,,False
1988-10-20,1988.8005,349.39,1.85,False
1988-10-21,1988.8033,349.71,2.48,False
1988-10-22,1988.806,349.73,2.65,False
1988-10-23,1988.8087,349.89,2.9,False
1988-10-24,1988.8115,349.61,2.43,False
1988-10-26,1988.8169,349.23,2.34,False
1988-10-28,1988.8224,350.13,3.24,False
1988-10-29,1988.8251,349.6,2.69,False
1988-10-30,1988.8279,349.87,3.13,False
1988-10-31,1988.8306,349.62,2.25,False
1988-11-01,1988.8333,349.92,2.59,False
1988-11-02,1988.8361,350.36,,False
1988-11-03,1988.8388,350.21,2.92,False
1988-11-04,1988.8415,350.11,2.75,False
1988-11-08,1988.8525,349.98,1.84,False
1988-11-09,1988.8552,349.97,2.59,False
1988-11-10,1988.8579,350.27,2.9,False
1988-11-11,1988.8607,350.18,,False
1988-11-12,1988.8634,350.11,2.39,False
1988-11-13,1988.8661,350.54,2.96,False
1988-11-14,1988.8689,350.38,2.74,False
1988-11-15,1988.8716,350.26,2.56,False
1988-11-17,1988.877,350.35,2.01,False
1988-11-18,1988.8798,350.38,2.34,False
1988-11-20,1988.8852,350.49,1.97,False
1988-11-21,1988.888,350.31,,False
1988-11-22,1988.8907,350.94,,False
1988-11-23,1988.8934,350.86,2.44,False
1988-11-24,1988.8962,350.81,1.95,False
1988-11-25,1988.8989,350.85,2.63,False
1988-11-26,1988.9016,351.22,1.89,False
1988-11-27,1988.9044,350.88,1.76,False
1988-11-28,1988.9071,350.96,1.86,False
1988-11-29,1988.9098,350.83,2.21,False
1988-11-30,1988.9126,350.62,,False
1988-12-01,1988.9153,351.06,2.35,False
1988-12-02,1988.918,350.82,1.7,False
1988-12-03,1988.9208,350.62,1.74,False
1988-12-04,1988.9235,350.92,,False
1988-12-05,1988.9262,351.18,2.13,False
1988-12-06,1988.929,351.21,2.65,False
1988-12-08,1988.9344,351.36,2.62,False
1988-12-09,1988.9372,351.08,2.4,False
1988-12-10,1988.9399,350.94,2.21,False
1988-12-11,1988.9426,350.97,,False
1988-12-12,1988.9454,351.44,2.04,False
1988-12-13,1988.9481,351.6,2.42,False
1988-12-14,1988.9508,351.93,,False
1988-12-15,1988.9536,351.94,2.52,False
1988-12-16,1988.9563,351.76,2.42,False
1988-12-17,1988.959,351.92,2.52,False
1988-12-18,1988.9617,352.34,3.14,False
1988-12-20,1988.9672,351.63,2.17,False
1988-12-21,1988.9699,351.6,2.21,False
1988-12-22,1988.9727,351.73,2.35,False
1988-12-23,1988.9754,351.67,2.1,False
1988-12-24,1988.9781,351.69,2.15,False
1988-12-25,1988.9809,351.49,2.01,False
1988-12-26,1988.9836,352.02,2.34,False
1988-12-27,1988.9863,351.66,1.64,False
1988-12-28,1988.9891,352.47,3.08,False
1988-12-29,1988.9918,352.56,,False
1988-12-31,1988.9973,353.43,3.51,False
1989-01-01,1989.0,352.29,2.48,False
1989-01-02,1989.0027,352.69,2.52,False
1989-01-03,1989.0055,352.5,2.5,False
1989-01-04,1989.0082,352.75,2.75,False
1989-01-05,1989.011,352.87,2.84,False
1989-01-06,1989.0137,352.64,2.42,False
1989-01-07,1989.0164,352.95,2.38,False
1989-01-08,1989.0192,353.33,2.88,False
1989-01-09,1989.0219,353.76,3.18,False
1989-01-10,1989.0247,353.77,3.21,False
1989-01-11,1989.0274,353.39,2.96,False
1989-01-12,1989.0301,353.11,2.85,False
1989-01-13,1989.0329,352.93,2.54,False
1989-01-14,1989.0356,352.72,,False
1989-01-17,1989.0438,353.58,3.28,False
1989-01-18,1989.0466,353.46,3.19,False
1989-01-19,1989.0493,352.96,1.94,False
1989-01-20,1989.0521,352.92,2.2,False
1989-01-21,1989.0548,352.94,1.94,False
1989-01-22,1989.0575,352.68,,False
1989-01-23,1989.0603,352.62,1.94,False
1989-01-24,1989.063,352.47,1.47,False
1989-01-25,1989.0658,352.49,1.88,False
1989-01-26,1989.0685,353.47,,False
1989-01-27,1989.0712,353.2,,False
1989-01-29,1989.0767,353.33,2.46,False
1989-01-30,1989.0795,354.31,,False
1989-01-31,1989.0822,353.6,,False
1989-02-01,1989.0849,353.43,,False
1989-02-02,1989.0877,353.02,1.02,False
1989-02-03,1989.0904,353.13,1.5,False
1989-02-04,1989.0932,353.49,1.65,False
1989-02-05,1989.0959,352.96,1.29,False
1989-02-06,1989.0986,353.03,,False
1989-02-07,1989.1014,353.31,,False
1989-02-08,1989.1041,352.98,,False
1989-02-09,1989.1068,352.94,,False
1989-02-10,1989.1096,352.6,1.5,False
1989-02-11,1989.1123,352.92,1.67,False
1989-02-12,1989.1151,353.93,2.69,False
1989-02-14,1989.1205,353.14,1.92,False
1989-02-15,1989.1233,353.51,2.52,False
1989-02-16,1989.126,353.32,1.53,False
1989-02-17,1989.1288,353.47,2.01,False
1989-02-18,1989.1315,353.51,2.02,False
1989-02-19,1989.1342,353.46,2.42,False
1989-02-20,1989.137,353.81,2.83,False
1989-02-23,1989.1452,353.1,0.93,False
1989-02-24,1989.1479,354.09,,False
1989-02-25,1989.1507,354.34,2.53,False
1989-02-26,1989.1534,354.34,1.06,False
1989-02-27,1989.1562,353.83,1.09,False
1989-02-28,1989.1589,353.81,1.13,False
1989-03-01,1989.1616,354.51,0.73,False
1989-03-02,1989.1644,353.78,0.23,False
1989-03-03,1989.1671,353.88,0.63,False
1989-03-04,1989.1699,353.21,0.12,False
1989-03-05,1989.1726,352.64,-0.19,False
1989-03-06,1989.1753,353.33,0.42,False
1989-03-07,1989.1781,353.46,0.67,False
1989-03-08,1989.1808,355.24,,True
1989-03-09,1989.1836,353.71,0.88,False
1989-03-10,1989.1863,353.57,0.93,False
1989-03-11,1989.189,354.43,2.04,False
1989-03-12,1989.1918,353.73,2.26,False
1989-03-13,1989.1945,353.64,2.53,False
1989-03-14,1989.1973,353.92,2.56,False
1989-03-15,1989.2,353.4,0.68,False
1989-03-16,1989.2027,353.36,1.88,False
1989-03-18,1989.2082,354.24,1.77,False
1989-03-19,1989.211,353.58,,False
1989-03-21,1989.2164,353.66,2.03,False
1989-03-22,1989.2192,354.52,3.08,False
1989-03-23,1989.2219,354.61,,False
1989-03-24,1989.2247,354.41,,False
1989-03-25,1989.2274,354.35,2.02,False
1989-03-26,1989.2301,355.26,2.74,True
1989-03-27,1989.2329,355.02,2.62,False
1989-03-28,1989.2356,354.94,,False
1989-03-29,1989.2384,354.36,,False
1989-03-30,1989.2411,354.48,1.73,False
1989-03-31,1989.2438,354.85,1.7,False
1989-04-01,1989.2466,355.02,1.4,False
1989-04-02,1989.2493,355.02,1.74,False
1989-04-03,1989.2521,355.08,,False
1989-04-04,1989.2548,354.78,1.71,False
1989-04-05,1989.2575,354.71,1.0,False
1989-04-06,1989.2603,354.94,1.72,False
1989-04-07,1989.263,354.13,1.0,False
1989-04-08,1989.2658,355.0,1.57,False
1989-04-09,1989.2685,355.97,2.69,True
1989-04-10,1989.2712,355.74,2.03,False
1989-04-11,1989.274,355.55,1.31,False
1989-04-13,1989.2795,354.9,1.57,False
1989-04-14,1989.2822,355.01,1.97,False
1989-04-15,1989.2849,355.88,2.93,False
1989-04-16,1989.2877,356.04,3.09,True
1989-04-18,1989.2932,355.63,2.22,False
1989-04-19,1989.2959,355.74,2.46,False
1989-04-20,1989.2986,356.44,2.68,True
1989-04-21,1989.3014,356.26,2.31,False
1989-04-22,1989.3041,356.79,2.55,True
1989-04-23,1989.3068,356.75,2.89,False
1989-04-24,1989.3096,356.5,2.56,False
1989-04-25,1989.3123,356.11,1.8,False
1989-04-26,1989.3151,356.18,,False
1989-04-27,1989.3178,355.92,,False
1989-04-28,1989.3205,356.71,1.64,False
1989-04-29,1989.3233,356.57,2.02,False
1989-04-30,1989.326,356.8,1.95,True
1989-05-01,1989.3288,356.21,1.84,False
1989-05-02,1989.3315,355.75,1.39,False
1989-05-03,1989.3342,355.1,0.77,False
1989-05-04,1989.337,355.58,1.6,False
1989-05-05,1989.3397,355.62,1.95,False
1989-05-06,1989.3425,355.77,2.13,False
1989-05-07,1989.3452,355.59,,False
1989-05-08,1989.3479,354.93,1.21,False
1989-05-10,1989.3534,355.26,0.94,False
1989-05-12,1989.3589,356.18,1.39,False
1989-05-13,1989.3616,356.41,1.91,False
1989-05-14,1989.3644,356.42,2.09,False
1989-05-15,1989.3671,356.59,,False
1989-05-17,1989.3726,356.1,2.32,False
1989-05-18,1989.3753,356.01,1.75,False
1989-05-19,1989.3781,355.99,1.49,False
1989-05-20,1989.3808,355.99,1.91,False
1989-05-22,1989.3863,355.86,1.05,False
1989-05-23,1989.389,355.51,0.71,False
1989-05-24,1989.3918,356.16,1.33,False
1989-05-25,1989.3945,356.63,1.91,False
1989-05-26,1989.3973,356.36,1.59,False
1989-05-27,1989.4,355.86,,False
1989-05-28,1989.4027,356.36,1.49,False
1989-05-29,1989.4055,355.5,1.0,False
1989-05-30,1989.4082,356.7,2.84,False
1989-05-31,1989.411,356.26,2.12,False
1989-06-01,1989.4137,356.24,,False
1989-06-02,1989.4164,356.05,,False
1989-06-03,1989.4192,356.36,2.5,False
1989-06-04,1989.4219,356.05,2.03,False
1989-06-05,1989.4247,355.85,1.96,False
1989-06-07,1989.4301,355.57,1.17,False
1989-06-10,1989.4384,355.08,0.46,False
1989-06-11,1989.4411,355.55,1.12,False
1989-06-12,1989.4438,354.91,1.31,False
1989-06-13,1989.4466,355.42,,False
1989-06-14,1989.4493,354.98,1.09,False
1989-06-15,1989.4521,355.17,1.07,False
1989-06-16,1989.4548,356.26,2.05,False
1989-06-17,1989.4575,356.42,2.78,False
1989-06-18,1989.4603,354.73,1.01,False
1989-06-19,1989.463,354.88,1.27,False
1989-06-20,1989.4658,354.82,1.3,False
1989-06-21,1989.4685,355.0,1.48,False
1989-06-22,1989.4712,355.36,1.71,False
1989-06-23,1989.474,355.29,2.04,False
1989-06-24,1989.4767,355.26,1.89,False
1989-06-25,1989.4795,355.3,2.0,False
1989-06-26,1989.4822,355.2,1.8,False
1989-06-28,1989.4877,355.0,1.54,False
1989-06-29,1989.4904,355.14,1.84,False
1989-06-30,1989.4932,355.0,1.74,False
1989-07-01,1989.4959,354.82,1.22,False
1989-07-02,1989.4986,354.36,0.61,False
1989-07-03,1989.5014,354.55,,False
1989-07-05,1989.5068,354.85,1.62,False
1989-07-06,1989.5096,354.94,1.66,False
1989-07-08,1989.5151,355.16,2.43,False
1989-07-09,1989.5178,355.3,2.77,False
1989-07-10,1989.5205,354.54,2.08,False
1989-07-11,1989.5233,355.09,2.2,False
1989-07-12,1989.526,354.83,0.91,False
1989-07-13,1989.5288,353.92,0.93,False
1989-07-14,1989.5315,353.79,,False
1989-07-15,1989.5342,353.88,,False
1989-07-16,1989.537,353.93,0.66,False
1989-07-18,1989.5425,354.03,1.22,False
1989-07-19,1989.5452,354.11,0.36,False
1989-07-20,1989.5479,353.21,0.18,False
1989-07-21,1989.5507,353.29,,False
1989-07-22,1989.5534,353.18,-0.1,False
1989-07-24,1989.5589,353.15,0.98,False
1989-07-25,1989.5616,353.57,1.44,False
1989-07-26,1989.5644,353.38,1.82,False
1989-07-27,1989.5671,353.25,1.52,False
1989-07-28,1989.5699,353.3,1.16,False
1989-07-29,1989.5726,353.34,0.63,False
1989-07-30,1989.5753,353.65,1.39,False
1989-08-01,1989.5808,353.29,,False
1989-08-02,1989.5836,353.09,2.36,False
1989-08-03,1989.5863,353.35,,False
1989-08-04,1989.589,353.1,1.73,False
1989-08-05,1989.5918,353.31,2.05,False
1989-08-06,1989.5945,352.38,2.16,False
1989-08-07,1989.5973,352.48,1.84,False
1989-08-09,1989.6027,352.74,1.71,False
1989-08-10,1989.6055,352.58,1.36,False
1989-08-11,1989.6082,353.25,2.31,False
1989-08-13,1989.6137,351.6,0.82,False
1989-08-14,1989.6164,352.64,2.31,False
1989-08-15,1989.6192,352.16,2.56,False
1989-08-16,1989.6219,352.19,,False
1989-08-17,1989.6247,351.48,,False
1989-08-20,1989.6329,350.65,0.6,False
1989-08-21,1989.6356,351.27,0.15,False
1989-08-22,1989.6384,351.02,-0.11,False
1989-08-23,1989.6411,351.02,0.36,False
1989-08-24,1989.6438,350.26,-0.58,False
1989-08-25,1989.6466,350.35,,False
1989-08-26,1989.6493,350.61,1.82,False
1989-08-29,1989.6575,351.27,0.91,False
1989-08-30,1989.6603,350.29,0.24,False
1989-08-31,1989.663,350.7,1.46,False
1989-09-02,1989.6685,350.95,1.26,False
1989-09-03,1989.6712,351.36,2.1,False
1989-09-04,1989.674,351.81,2.02,False
1989-09-05,1989.6767,350.56,1.74,False
1989-09-06,1989.6795,350.69,1.55,False
1989-09-07,1989.6822,351.33,2.73,False
1989-09-08,1989.6849,351.72,3.01,False
1989-09-09,1989.6877,349.77,1.35,False
1989-09-10,1989.6904,349.18,0.24,False
1989-09-11,1989.6932,349.32,0.16,False
1989-09-14,1989.7014,349.4,0.28,False
1989-09-15,1989.7041,349.93,,False
1989-09-16,1989.7068,349.37,0.32,False
1989-09-17,1989.7096,349.6,0.6,False
1989-09-18,1989.7123,349.91,0.57,False
1989-09-19,1989.7151,349.77,0.21,False
1989-09-20,1989.7178,349.7,0.75,False
1989-09-21,1989.7205,349.53,1.14,False
1989-09-22,1989.7233,349.47,1.51,False
1989-09-23,1989.726,349.46,0.26,False
1989-09-24,1989.7288,349.49,,False
1989-09-25,1989.7315,349.76,1.9,False
1989-09-26,1989.7342,349.74,1.32,False
1989-09-28,1989.7397,350.94,,False
1989-10-01,1989.7479,350.22,0.61,False
1989-10-03,1989.7534,350.63,1.86,False
1989-10-05,1989.7589,350.61,1.18,False
1989-10-08,1989.7671,349.99,0.73,False
1989-10-09,1989.7699,350.22,1.48,False
1989-10-10,1989.7726,349.94,,False
1989-10-11,1989.7753,349.95,1.02,False
1989-10-12,1989.7781,349.84,0.62,False
1989-10-13,1989.7808,349.69,0.9,False
1989-10-14,1989.7836,349.96,0.76,False
1989-10-15,1989.7863,350.52,1.71,False
1989-10-16,1989.789,350.33,1.18,False
1989-10-17,1989.7918,349.97,0.77,False
1989-10-18,1989.7945,350.28,0.52,False
1989-10-19,1989.7973,350.87,1.03,False
1989-10-20,1989.8,350.51,1.12,False
1989-10-21,1989.8027,350.39,0.68,False
1989-10-23,1989.8082,350.88,0.99,False
1989-10-25,1989.8137,350.42,,False
1989-10-26,1989.8164,350.73,1.5,False
1989-10-27,1989.8192,351.04,,False
1989-10-28,1989.8219,350.81,0.68,False
1989-10-29,1989.8247,350.68,1.08,False
1989-10-30,1989.8274,350.61,0.74,False
1989-10-31,1989.8301,350.0,0.38,False
1989-11-01,1989.8329,350.94,1.02,False
1989-11-02,1989.8356,350.4,0.04,False
1989-11-03,1989.8384,350.46,0.25,False
1989-11-05,1989.8438,351.36,,False
1989-11-06,1989.8466,351.35,,False
1989-11-07,1989.8493,351.24,,False
1989-11-08,1989.8521,351.16,1.18,False
1989-11-09,1989.8548,351.81,1.84,False
1989-11-10,1989.8575,351.3,1.03,False
1989-11-11,1989.8603,351.51,1.33,False
1989-11-13,1989.8658,351.36,0.82,False
1989-11-14,1989.8685,351.6,1.22,False
1989-11-16,1989.874,351.66,,False
1989-11-17,1989.8767,351.84,1.49,False
1989-11-18,1989.8795,352.08,1.7,False
1989-11-19,1989.8822,352.19,,False
1989-11-20,1989.8849,351.66,1.17,False
1989-11-21,1989.8877,351.45,1.14,False
1989-11-22,1989.8904,351.54,0.6,False
1989-11-23,1989.8932,352.82,1.96,False
1989-11-24,1989.8959,351.96,1.15,False
1989-11-25,1989.8986,351.71,0.86,False
1989-11-26,1989.9014,351.76,0.54,False
1989-11-27,1989.9041,352.16,1.28,False
1989-11-28,1989.9068,351.66,0.7,False
1989-11-29,1989.9096,351.65,0.82,False
1989-11-30,1989.9123,352.07,1.45,False
1989-12-01,1989.9151,352.92,1.86,False
1989-12-02,1989.9178,352.58,1.76,False
1989-12-03,1989.9205,352.39,1.77,False
1989-12-04,1989.9233,352.52,1.6,False
1989-12-05,1989.926,352.55,1.37,False
1989-12-06,1989.9288,352.16,0.95,False
1989-12-08,1989.9342,352.25,0.89,False
1989-12-09,1989.937,352.28,1.2,False
1989-12-10,1989.9397,353.24,2.3,False
1989-12-11,1989.9425,354.06,3.09,False
1989-12-12,1989.9452,352.73,1.29,False
1989-12-13,1989.9479,352.33,0.73,False
1989-12-14,1989.9507,353.86,1.93,False
1989-12-15,1989.9534,352.74,0.8,False
1989-12-16,1989.9562,352.99,1.23,False
1989-12-17,1989.9589,353.59,1.67,False
1989-12-18,1989.9616,352.85,0.51,False
1989-12-19,1989.9644,352.54,,False
1989-12-20,1989.9671,353.27,1.64,False
1989-12-21,1989.9699,353.2,1.6,False
1989-12-22,1989.9726,352.7,0.97,False
1989-12-23,1989.9753,352.53,0.86,False
1989-12-25,1989.9808,352.71,1.22,False
1989-12-26,1989.9836,352.62,0.6,False
1989-12-27,1989.9863,353.13,1.47,False
1989-12-28,1989.989,353.67,1.2,False
1989-12-29,1989.9918,353.02,0.46,False
1990-01-03,1990.0055,353.65,1.15,False
1990-01-04,1990.0082,353.69,0.94,False
1990-01-05,1990.011,353.8,0.93,False
1990-01-06,1990.0137,353.76,1.12,False
1990-01-07,1990.0164,353.31,0.36,False
1990-01-08,1990.0192,353.45,0.12,False
1990-01-09,1990.0219,354.48,0.72,False
1990-01-10,1990.0247,353.83,0.06,False
1990-01-11,1990.0274,353.11,-0.28,False
1990-01-13,1990.0329,353.33,0.4,False
1990-01-14,1990.0356,353.6,0.88,False
1990-01-15,1990.0384,353.76,,False
1990-01-16,1990.0411,354.15,,False
1990-01-17,1990.0438,354.08,0.5,False
1990-01-18,1990.0466,354.26,0.8,False
1990-01-19,1990.0493,354.13,1.17,False
1990-01-20,1990.0521,353.94,1.02,False
1990-01-21,1990.0548,354.07,1.13,False
1990-01-23,1990.0603,353.74,1.12,False
1990-01-26,1990.0685,354.08,0.61,False
1990-01-27,1990.0712,353.8,0.6,False
1990-01-28,1990.074,353.88,,False
1990-01-29,1990.0767,354.08,0.75,False
1990-01-30,1990.0795,354.33,0.02,False
1990-01-31,1990.0822,354.42,0.82,False
1990-02-01,1990.0849,354.75,1.32,False
1990-02-02,1990.0877,354.61,1.59,False
1990-02-03,1990.0904,354.69,1.56,False
1990-02-04,1990.0932,354.06,0.57,False
1990-02-05,1990.0959,353.91,0.95,False
1990-02-06,1990.0986,354.04,1.01,False
1990-02-07,1990.1014,356.27,2.96,False
1990-02-08,1990.1041,356.1,3.12,False
1990-02-09,1990.1068,356.0,3.06,False
1990-02-10,1990.1096,354.91,2.31,False
1990-02-11,1990.1123,354.8,1.88,False
1990-02-12,1990.1151,355.61,1.68,False
1990-02-13,1990.1178,356.12,,False
1990-02-14,1990.1205,355.28,2.14,False
1990-02-15,1990.1233,354.82,1.31,False
1990-02-16,1990.126,354.53,1.21,False
1990-02-17,1990.1288,354.47,1.0,False
1990-02-18,1990.1315,355.63,2.12,False
1990-02-19,1990.1342,356.09,2.63,False
1990-02-20,1990.137,355.49,1.68,False
1990-02-21,1990.1397,355.34,,False
1990-02-22,1990.1425,355.25,,False
1990-02-23,1990.1452,355.23,2.13,False
1990-02-24,1990.1479,354.94,0.85,False
1990-02-25,1990.1507,354.38,0.04,False
1990-02-26,1990.1534,354.71,0.37,False
1990-02-27,1990.1562,354.97,1.14,False
1990-02-28,1990.1589,355.67,1.86,False
1990-03-02,1990.1644,355.83,2.05,False
1990-03-03,1990.1671,355.5,1.62,False
1990-03-04,1990.1699,355.68,2.47,False
1990-03-05,1990.1726,356.13,3.49,False
1990-03-06,1990.1753,355.45,2.12,False
1990-03-07,1990.1781,355.66,2.2,False
1990-03-09,1990.1836,355.54,1.83,False
1990-03-10,1990.1863,355.08,1.51,False
1990-03-11,1990.189,354.96,0.53,False
1990-03-12,1990.1918,355.57,1.84,False
1990-03-13,1990.1945,355.46,1.82,False
1990-03-14,1990.1973,355.77,1.85,False
1990-03-16,1990.2027,356.47,3.11,False
1990-03-17,1990.2055,356.49,,False
1990-03-18,1990.2082,355.69,1.45,False
1990-03-19,1990.211,356.08,2.5,False
1990-03-20,1990.2137,355.72,,False
1990-03-21,1990.2164,355.3,1.64,False
1990-03-22,1990.2192,355.18,0.66,False
1990-03-23,1990.2219,355.26,0.65,False
1990-03-25,1990.2274,355.04,0.69,False
1990-03-26,1990.2301,355.13,-0.13,False
1990-03-27,1990.2329,356.71,1.69,False
1990-03-28,1990.2356,356.35,1.41,False
1990-03-29,1990.2384,356.75,2.39,False
1990-03-30,1990.2411,357.38,2.9,True
1990-03-31,1990.2438,355.56,0.71,False
1990-04-01,1990.2466,355.78,0.76,False
1990-04-02,1990.2493,356.16,1.14,False
1990-04-03,1990.2521,355.81,0.73,False
1990-04-04,1990.2548,355.79,1.01,False
1990-04-05,1990.2575,357.53,2.82,True
1990-04-06,1990.2603,356.59,1.65,False
1990-04-07,1990.263,356.23,2.1,False
1990-04-08,1990.2658,356.59,1.59,False
1990-04-09,1990.2685,355.99,0.02,False
1990-04-11,1990.274,356.37,0.82,False
1990-04-12,1990.2767,355.77,,False
1990-04-13,1990.2795,356.15,1.25,False
1990-04-14,1990.2822,356.16,1.15,False
1990-04-15,1990.2849,356.36,0.48,False
1990-04-16,1990.2877,356.37,0.33,False
1990-04-17,1990.2904,355.29,,False
1990-04-18,1990.2932,356.2,0.57,False
1990-04-19,1990.2959,355.95,0.21,False
1990-04-20,1990.2986,356.68,0.24,False
1990-04-21,1990.3014,356.74,0.48,False
1990-04-22,1990.3041,357.02,0.23,False
1990-04-23,1990.3068,357.07,0.32,False
1990-04-24,1990.3096,356.99,0.49,False
1990-04-26,1990.3151,357.76,1.58,True
1990-04-27,1990.3178,356.44,0.52,False
1990-04-28,1990.3205,355.92,-0.79,False
1990-04-29,1990.3233,356.07,-0.5,False
1990-04-30,1990.326,356.65,-0.15,False
1990-05-01,1990.3288,357.42,1.21,False
1990-05-02,1990.3315,356.74,0.99,False
1990-05-04,1990.337,357.41,1.83,False
1990-05-05,1990.3397,357.48,1.86,False
1990-05-06,1990.3425,358.15,2.38,True
1990-05-07,1990.3452,357.91,2.32,False
1990-05-08,1990.3479,357.78,2.85,False
1990-05-09,1990.3507,357.49,,False
1990-05-11,1990.3562,357.29,,False
1990-05-12,1990.3589,357.61,1.43,False
1990-05-13,1990.3616,357.46,1.05,False
1990-05-14,1990.3644,357.41,0.99,False
1990-05-15,1990.3671,357.11,0.52,False
1990-05-16,1990.3699,357.24,,False
1990-05-17,1990.3726,357.08,0.98,False
1990-05-18,1990.3753,357.1,1.09,False
1990-05-19,1990.3781,357.37,1.38,False
1990-05-20,1990.3808,357.37,1.38,False
1990-05-21,1990.3836,357.33,,False
1990-05-22,1990.3863,357.07,1.21,False
1990-05-23,1990.389,357.38,1.87,False
1990-05-24,1990.3918,357.31,1.15,False
1990-05-26,1990.3973,357.51,1.15,False
1990-05-27,1990.4,357.38,1.52,False
1990-05-28,1990.4027,357.31,0.95,False
1990-05-29,1990.4055,357.31,1.81,False
1990-05-30,1990.4082,357.5,0.8,False
1990-05-31,1990.411,357.0,0.74,False
1990-06-01,1990.4137,357.64,1.4,False
1990-06-02,1990.4164,357.55,1.5,False
1990-06-03,1990.4192,357.36,1.0,False
1990-06-04,1990.4219,357.49,1.44,False
1990-06-05,1990.4247,356.96,1.11,False
1990-06-06,1990.4274,357.0,,False
1990-06-07,1990.4301,356.49,0.92,False
1990-06-08,1990.4329,356.88,,False
1990-06-09,1990.4356,356.71,,False
1990-06-10,1990.4384,356.54,1.46,False
1990-06-11,1990.4411,356.91,1.36,False
1990-06-12,1990.4438,356.89,1.98,False
1990-06-13,1990.4466,355.45,0.03,False
1990-06-14,1990.4493,355.55,0.57,False
1990-06-15,1990.4521,356.1,0.93,False
1990-06-16,1990.4548,356.32,0.06,False
1990-06-17,1990.4575,356.33,-0.09,False
1990-06-18,1990.4603,356.46,1.73,False
1990-06-19,1990.463,356.7,1.82,False
1990-06-20,1990.4658,356.15,1.33,False
1990-06-21,1990.4685,355.69,0.69,False
1990-06-22,1990.4712,355.98,0.62,False
1990-06-23,1990.474,355.93,0.64,False
1990-06-24,1990.4767,355.76,0.5,False
1990-06-25,1990.4795,355.59,0.29,False
1990-06-26,1990.4822,355.81,0.61,False
1990-06-28,1990.4877,355.9,0.9,False
1990-06-29,1990.4904,355.78,0.64,False
1990-06-30,1990.4932,355.92,0.92,False
1990-07-01,1990.4959,356.85,2.03,False
1990-07-02,1990.4986,356.18,1.82,False
1990-07-03,1990.5014,356.35,1.8,False
1990-07-04,1990.5041,356.07,,False
1990-07-05,1990.5068,356.42,1.57,False
1990-07-06,1990.5096,356.31,1.37,False
1990-07-07,1990.5123,355.34,,False
1990-07-08,1990.5151,355.4,0.24,False
1990-07-09,1990.5178,355.48,0.18,False
1990-07-10,1990.5205,355.56,1.02,False
1990-07-11,1990.5233,355.54,0.45,False
1990-07-12,1990.526,355.19,0.36,False
1990-07-13,1990.5288,354.43,0.51,False
1990-07-14,1990.5315,353.34,-0.45,False
1990-07-15,1990.5342,354.31,0.43,False
1990-07-16,1990.537,353.97,0.04,False
1990-07-17,1990.5397,354.19,,False
1990-07-18,1990.5425,354.61,0.58,False
1990-07-19,1990.5452,354.46,0.35,False
1990-07-20,1990.5479,354.11,0.9,False
1990-07-21,1990.5507,354.37,1.08,False
1990-07-22,1990.5534,354.92,1.74,False
1990-07-24,1990.5589,351.11,-2.04,False
1990-07-25,1990.5616,355.13,1.56,False
1990-07-26,1990.5644,355.28,1.9,False
1990-07-27,1990.5671,354.9,1.65,False
1990-07-28,1990.5699,354.86,1.56,False
1990-07-29,1990.5726,354.77,1.43,False
1990-07-30,1990.5753,353.48,-0.17,False
1990-07-31,1990.5781,354.14,,False
1990-08-02,1990.5836,354.11,1.02,False
1990-08-03,1990.5863,353.74,0.39,False
1990-08-04,1990.589,353.7,0.6,False
1990-08-06,1990.5945,352.71,0.33,False
1990-08-07,1990.5973,354.03,1.55,False
1990-08-08,1990.6,354.3,,False
1990-08-11,1990.6082,351.63,-1.62,False
1990-08-13,1990.6137,353.09,1.49,False
1990-08-14,1990.6164,353.6,0.96,False
1990-08-15,1990.6192,353.39,1.23,False
1990-08-16,1990.6219,353.48,1.29,False
1990-08-17,1990.6247,353.75,2.27,False
1990-08-18,1990.6274,353.48,,False
1990-08-19,1990.6301,353.6,,False
1990-08-20,1990.6329,352.81,2.16,False
1990-08-22,1990.6384,353.23,2.21,False
1990-08-25,1990.6466,352.66,2.31,False
1990-08-26,1990.6493,352.7,2.09,False
1990-08-27,1990.6521,351.82,,False
1990-08-28,1990.6548,351.78,,False
1990-08-29,1990.6575,351.73,0.46,False
1990-08-31,1990.663,351.43,0.73,False
1990-09-01,1990.6658,351.33,,False
1990-09-02,1990.6685,351.14,0.19,False
1990-09-03,1990.6712,351.37,0.01,False
1990-09-04,1990.674,351.11,-0.7,False
1990-09-05,1990.6767,351.05,0.49,False
1990-09-06,1990.6795,350.49,-0.2,False
1990-09-07,1990.6822,351.53,0.2,False
1990-09-08,1990.6849,351.4,-0.32,False
1990-09-10,1990.6904,348.52,-0.66,False
1990-09-12,1990.6959,351.53,,False
1990-09-14,1990.7014,351.69,2.29,False
1990-09-15,1990.7041,351.7,1.77,False
1990-09-16,1990.7068,351.85,2.48,False
1990-09-17,1990.7096,351.83,2.23,False
1990-09-18,1990.7123,351.65,1.74,False
1990-09-19,1990.7151,351.67,1.9,False
1990-09-20,1990.7178,351.27,1.57,False
1990-09-21,1990.7205,352.17,2.64,False
1990-09-22,1990.7233,351.82,2.35,False
1990-09-23,1990.726,351.21,1.75,False
1990-09-24,1990.7288,351.86,2.37,False
1990-09-25,1990.7315,351.29,1.53,False
1990-09-26,1990.7342,351.48,1.74,False
1990-09-27,1990.737,351.99,,False
1990-09-28,1990.7397,351.18,0.24,False
1990-09-29,1990.7425,351.22,,False
1990-09-30,1990.7452,351.45,,False
1990-10-01,1990.7479,351.27,1.05,False
1990-10-03,1990.7534,351.71,1.08,False
1990-10-04,1990.7562,351.29,,False
1990-10-05,1990.7589,351.39,0.78,False
1990-10-06,1990.7616,351.29,,False
1990-10-07,1990.7644,351.34,,False
1990-10-08,1990.7671,351.95,1.96,False
1990-10-09,1990.7699,351.71,1.49,False
1990-10-10,1990.7726,351.58,1.64,False
1990-10-11,1990.7753,351.6,1.65,False
1990-10-12,1990.7781,351.38,1.54,False
1990-10-13,1990.7808,351.25,1.56,False
1990-10-14,1990.7836,351.51,1.55,False
1990-10-15,1990.7863,351.42,0.9,False
1990-10-16,1990.789,351.43,1.1,False
1990-10-18,1990.7945,351.49,1.21,False
1990-10-20,1990.8,351.99,1.48,False
1990-10-21,1990.8027,351.76,1.37,False
1990-10-22,1990.8055,351.31,,False
1990-10-23,1990.8082,351.87,0.99,False
1990-10-24,1990.811,351.88,,False
1990-10-25,1990.8137,351.81,1.39,False
1990-10-26,1990.8164,351.69,0.96,False
1990-10-27,1990.8192,351.76,0.72,False
1990-10-28,1990.8219,352.71,1.9,False
1990-10-29,1990.8247,352.94,2.26,False
1990-10-30,1990.8274,352.36,1.75,False
1990-10-31,1990.8301,351.95,1.95,False
1990-11-02,1990.8356,352.25,1.85,False
1990-11-03,1990.8384,352.17,1.71,False
1990-11-04,1990.8411,352.44,,False
1990-11-05,1990.8438,352.35,0.99,False
1990-11-06,1990.8466,352.77,1.42,False
1990-11-07,1990.8493,353.15,1.91,False
1990-11-08,1990.8521,352.8,1.64,False
1990-11-09,1990.8548,352.63,0.82,False
1990-11-10,1990.8575,352.84,1.54,False
1990-11-11,1990.8603,352.65,1.14,False
1990-11-12,1990.863,353.03,,False
1990-11-13,1990.8658,353.13,1.77,False
1990-11-14,1990.8685,353.49,1.89,False
1990-11-15,1990.8712,353.39,,False
1990-11-16,1990.874,353.18,1.52,False
1990-11-19,1990.8822,353.33,1.14,False
1990-11-20,1990.8849,353.49,1.83,False
1990-11-22,1990.8904,353.3,1.76,False
1990-11-23,1990.8932,353.4,0.58,False
1990-11-24,1990.8959,353.74,1.78,False
1990-11-25,1990.8986,353.86,2.15,False
1990-11-26,1990.9014,353.5,1.74,False
1990-11-27,1990.9041,353.57,1.41,False
1990-11-28,1990.9068,353.7,2.04,False
1990-12-01,1990.9151,353.8,0.88,False
1990-12-02,1990.9178,353.8,1.22,False
1990-12-03,1990.9205,354.21,1.82,False
1990-12-04,1990.9233,354.02,1.5,False
1990-12-05,1990.926,353.79,1.24,False
1990-12-06,1990.9288,354.03,1.87,False
1990-12-07,1990.9315,353.77,,False
1990-12-08,1990.9342,353.71,1.46,False
1990-12-11,1990.9425,354.2,0.14,False
1990-12-12,1990.9452,353.96,1.23,False
1990-12-13,1990.9479,355.91,3.58,False
1990-12-15,1990.9534,353.81,1.07,False
1990-12-16,1990.9562,353.74,0.75,False
1990-12-17,1990.9589,354.38,0.79,False
1990-12-18,1990.9616,354.12,1.27,False
1990-12-19,1990.9644,354.25,1.71,False
1990-12-20,1990.9671,354.66,1.39,False
1990-12-21,1990.9699,354.78,1.58,False
1990-12-22,1990.9726,354.46,1.76,False
1990-12-23,1990.9753,354.43,1.9,False
1990-12-24,1990.9781,354.32,,False
1990-12-25,1990.9808,354.87,2.16,False
1990-12-26,1990.9836,354.73,2.11,False
1990-12-27,1990.9863,354.43,1.3,False
1990-12-28,1990.989,355.22,1.55,False
1990-12-29,1990.9918,355.84,2.82,False
1990-12-30,1990.9945,355.02,,False
1990-12-31,1990.9973,355.82,,False
1991-01-01,1991.0,355.04,,False
1991-01-02,1991.0027,354.81,,False
1991-01-03,1991.0055,354.3,0.65,False
1991-01-04,1991.0082,354.19,0.5,False
1991-01-05,1991.011,354.41,0.61,False
1991-01-06,1991.0137,354.3,0.54,False
1991-01-08,1991.0192,354.33,0.88,False
1991-01-09,1991.0219,354.26,-0.22,False
1991-01-10,1991.0247,354.47,0.64,False
1991-01-11,1991.0274,354.93,1.82,False
1991-01-12,1991.0301,355.26,,False
1991-01-14,1991.0356,354.74,1.14,False
1991-01-15,1991.0384,354.92,1.16,False
1991-01-16,1991.0411,355.19,1.04,False
1991-01-17,1991.0438,355.07,0.99,False
1991-01-18,1991.0466,354.88,0.62,False
1991-01-19,1991.0493,355.33,1.2,False
1991-01-20,1991.0521,356.44,2.5,False
1991-01-21,1991.0548,355.31,1.24,False
1991-01-22,1991.0575,354.17,,False
1991-01-23,1991.0603,354.83,1.09,False
1991-01-24,1991.063,354.66,,False
1991-01-25,1991.0658,354.49,,False
1991-01-26,1991.0685,354.69,0.61,False
1991-01-27,1991.0712,355.82,2.02,False
1991-01-29,1991.0767,355.7,1.62,False
1991-01-30,1991.0795,355.68,1.35,False
1991-01-31,1991.0822,355.8,1.38,False
1991-02-01,1991.0849,355.58,0.83,False
1991-02-02,1991.0877,355.04,0.43,False
1991-02-03,1991.0904,354.83,0.14,False
1991-02-04,1991.0932,355.18,1.12,False
1991-02-05,1991.0959,355.48,1.57,False
1991-02-06,1991.0986,355.59,1.55,False
1991-02-07,1991.1014,355.58,-0.69,False
1991-02-08,1991.1041,355.41,-0.69,False
1991-02-09,1991.1068,355.25,-0.75,False
1991-02-10,1991.1096,355.57,0.66,False
1991-02-12,1991.1151,355.25,-0.36,False
1991-02-13,1991.1178,355.24,-0.88,False
1991-02-14,1991.1205,356.48,1.2,False
1991-02-15,1991.1233,356.6,1.78,False
1991-02-16,1991.126,356.18,1.65,False
1991-02-17,1991.1288,357.06,2.59,False
1991-02-18,1991.1315,357.22,1.59,False
1991-02-20,1991.137,356.08,0.59,False
1991-02-21,1991.1397,356.17,0.83,False
1991-02-22,1991.1425,356.64,1.39,False
1991-02-23,1991.1452,356.1,0.87,False
1991-02-24,1991.1479,355.97,1.03,False
1991-02-25,1991.1507,355.85,1.47,False
1991-02-26,1991.1534,355.58,0.87,False
1991-02-27,1991.1562,355.95,0.98,False
1991-02-28,1991.1589,355.52,-0.15,False
1991-03-01,1991.1616,355.27,,False
1991-03-02,1991.1644,356.71,0.88,False
1991-03-03,1991.1671,358.21,2.71,True
1991-03-04,1991.1699,356.25,0.57,False
1991-03-05,1991.1726,357.29,1.16,False
1991-03-06,1991.1753,357.16,1.71,False
1991-03-08,1991.1808,356.75,,False
1991-03-09,1991.1836,357.5,1.96,False
1991-03-10,1991.1863,357.63,2.55,False
1991-03-11,1991.189,357.55,2.59,False
1991-03-12,1991.1918,356.88,1.31,False
1991-03-13,1991.1945,357.71,2.25,False
1991-03-14,1991.1973,358.3,2.53,True
1991-03-15,1991.2,358.36,,True
1991-03-16,1991.2027,357.96,1.49,False
1991-03-17,1991.2055,358.18,1.69,False
1991-03-18,1991.2082,356.97,1.28,False
1991-03-19,1991.211,357.79,1.71,False
1991-03-20,1991.2137,356.67,0.95,False
1991-03-21,1991.2164,356.9,1.6,False
1991-03-22,1991.2192,357.16,1.98,False
1991-03-23,1991.2219,357.22,1.96,False
1991-03-24,1991.2247,356.59,,False
1991-03-25,1991.2274,356.64,1.6,False
1991-03-26,1991.2301,357.4,2.27,False
1991-03-27,1991.2329,356.95,0.24,False
1991-03-28,1991.2356,358.83,2.48,True
1991-03-29,1991.2384,358.32,1.57,False
1991-03-30,1991.2411,357.7,0.32,False
1991-03-31,1991.2438,357.46,1.9,False
1991-04-01,1991.2466,357.67,1.89,False
1991-04-02,1991.2493,359.22,3.06,True
1991-04-03,1991.2521,359.28,3.47,True
1991-04-04,1991.2548,359.25,3.46,False
1991-04-05,1991.2575,357.88,0.35,False
1991-04-06,1991.2603,358.47,1.88,False
1991-04-07,1991.263,358.85,2.62,False
1991-04-08,1991.2658,358.48,1.89,False
1991-04-09,1991.2685,357.68,1.69,False
1991-04-10,1991.2712,357.43,,False
1991-04-11,1991.274,358.7,2.33,False
1991-04-12,1991.2767,357.59,1.82,False
1991-04-13,1991.2795,357.78,1.63,False
1991-04-14,1991.2822,357.46,1.3,False
1991-04-15,1991.2849,358.3,1.94,False
1991-04-16,1991.2877,358.6,2.23,False
1991-04-17,1991.2904,358.59,3.3,False
1991-04-18,1991.2932,358.67,2.47,False
1991-04-19,1991.2959,360.04,4.09,True
1991-04-20,1991.2986,359.56,2.88,False
1991-04-21,1991.3014,359.23,2.49,False
1991-04-22,1991.3041,359.29,2.27,False
1991-04-23,1991.3068,359.32,2.25,False
1991-04-24,1991.3096,360.03,3.04,False
1991-04-25,1991.3123,359.64,,False
1991-04-26,1991.3151,359.3,1.54,False
1991-04-27,1991.3178,358.74,2.3,False
1991-04-28,1991.3205,359.01,3.09,False
1991-04-29,1991.3233,359.41,3.34,False
1991-04-30,1991.326,359.55,2.9,False
1991-05-01,1991.3288,359.12,1.7,False
1991-05-02,1991.3315,359.24,2.5,False
1991-05-03,1991.3342,359.59,,False
1991-05-04,1991.337,359.13,1.72,False
1991-05-05,1991.3397,358.87,1.39,False
1991-05-06,1991.3425,358.93,0.78,False
1991-05-07,1991.3452,359.32,1.41,False
1991-05-08,1991.3479,359.17,1.39,False
1991-05-09,1991.3507,358.96,1.47,False
1991-05-10,1991.3534,358.89,,False
1991-05-11,1991.3562,358.62,1.33,False
1991-05-12,1991.3589,358.68,1.07,False
1991-05-13,1991.3616,359.15,1.69,False
1991-05-14,1991.3644,358.84,1.43,False
1991-05-15,1991.3671,359.06,1.95,False
1991-05-16,1991.3699,360.57,3.33,True
1991-05-17,1991.3726,360.07,2.99,False
1991-05-18,1991.3753,359.76,2.66,False
1991-05-19,1991.3781,360.1,2.73,False
1991-05-20,1991.3808,359.66,2.29,False
1991-05-21,1991.3836,360.27,2.94,False
1991-05-22,1991.3863,359.7,2.63,False
1991-05-23,1991.389,359.08,1.7,False
1991-05-26,1991.3973,359.01,1.5,False
1991-05-27,1991.4,358.97,1.59,False
1991-05-28,1991.4027,358.77,1.46,False
1991-05-29,1991.4055,358.38,1.07,False
1991-05-30,1991.4082,359.06,1.56,False
1991-05-31,1991.411,358.86,1.86,False
1991-06-01,1991.4137,358.8,1.16,False
1991-06-02,1991.4164,358.23,0.68,False
1991-06-03,1991.4192,358.26,0.9,False
1991-06-04,1991.4219,358.15,0.66,False
1991-06-05,1991.4247,358.63,1.67,False
1991-06-06,1991.4274,358.3,1.3,False
1991-06-07,1991.4301,358.56,2.07,False
1991-06-08,1991.4329,358.52,1.64,False
1991-06-09,1991.4356,358.52,1.81,False
1991-06-10,1991.4384,358.59,2.05,False
1991-06-11,1991.4411,358.33,1.42,False
1991-06-12,1991.4438,358.77,1.88,False
1991-06-13,1991.4466,358.61,3.16,False
1991-06-14,1991.4493,358.78,3.23,False
1991-06-15,1991.4521,358.28,2.18,False
1991-06-16,1991.4548,358.11,1.79,False
1991-06-17,1991.4575,358.12,1.79,False
1991-06-18,1991.4603,358.05,1.59,False
1991-06-19,1991.463,358.16,1.46,False
1991-06-21,1991.4685,358.4,2.71,False
1991-06-22,1991.4712,358.17,2.19,False
1991-06-23,1991.474,358.2,2.27,False
1991-06-24,1991.4767,358.41,2.65,False
1991-06-25,1991.4795,357.51,1.92,False
1991-06-26,1991.4822,358.17,2.36,False
1991-06-27,1991.4849,358.07,,False
1991-06-28,1991.4877,357.69,1.79,False
1991-06-29,1991.4904,357.23,1.45,False
1991-06-30,1991.4932,357.16,1.24,False
1991-07-01,1991.4959,357.55,0.7,False
1991-07-02,1991.4986,357.8,1.62,False
1991-07-03,1991.5014,357.83,1.48,False
1991-07-04,1991.5041,356.45,0.38,False
1991-07-05,1991.5068,357.79,1.37,False
1991-07-06,1991.5096,356.63,0.32,False
1991-07-07,1991.5123,357.14,1.8,False
1991-07-08,1991.5151,357.17,1.77,False
1991-07-09,1991.5178,357.15,1.67,False
1991-07-10,1991.5205,355.62,0.06,False
1991-07-14,1991.5315,356.8,3.46,False
1991-07-15,1991.5342,356.66,2.35,False
1991-07-16,1991.537,356.56,2.59,False
1991-07-17,1991.5397,356.71,2.52,False
1991-07-18,1991.5425,355.64,1.03,False
1991-07-19,1991.5452,355.55,1.09,False
1991-07-20,1991.5479,355.71,1.6,False
1991-07-21,1991.5507,355.27,0.9,False
1991-07-23,1991.5562,355.16,,False
1991-07-25,1991.5616,355.39,0.26,False
1991-07-26,1991.5644,355.11,-0.17,False
1991-07-27,1991.5671,355.35,0.45,False
1991-07-29,1991.5726,355.29,0.52,False
1991-07-30,1991.5753,355.76,2.28,False
1991-07-31,1991.5781,355.6,1.46,False
1991-08-05,1991.5918,354.98,,False
1991-08-06,1991.5945,354.75,2.04,False
1991-08-07,1991.5973,354.3,0.27,False
1991-08-08,1991.6,354.33,0.03,False
1991-08-09,1991.6027,354.95,,False
1991-08-10,1991.6055,354.24,,False
1991-08-11,1991.6082,355.01,3.38,False
1991-08-12,1991.611,353.97,,False
1991-08-13,1991.6137,354.33,1.24,False
1991-08-14,1991.6164,354.5,0.9,False
1991-08-15,1991.6192,354.13,0.74,False
1991-08-16,1991.6219,354.45,0.97,False
1991-08-18,1991.6274,353.14,-0.34,False
1991-08-19,1991.6301,353.81,0.21,False
1991-08-21,1991.6356,352.88,,False
1991-08-22,1991.6384,352.94,-0.29,False
1991-08-23,1991.6411,353.22,,False
1991-08-24,1991.6438,353.31,,False
1991-08-25,1991.6466,353.27,0.61,False
1991-08-26,1991.6493,352.86,0.16,False
1991-08-27,1991.6521,352.74,0.92,False
1991-08-28,1991.6548,353.08,1.3,False
1991-08-30,1991.6603,353.46,,False
1991-08-31,1991.663,353.22,1.79,False
1991-09-01,1991.6658,353.23,1.9,False
1991-09-02,1991.6685,353.32,2.18,False
1991-09-03,1991.6712,353.39,2.02,False
1991-09-04,1991.674,352.89,1.78,False
1991-09-05,1991.6767,353.32,2.27,False
1991-09-07,1991.6822,352.63,1.1,False
1991-09-08,1991.6849,352.87,1.47,False
1991-09-09,1991.6877,353.21,,False
1991-09-10,1991.6904,352.88,4.36,False
1991-09-11,1991.6932,352.75,,False
1991-09-12,1991.6959,351.72,0.19,False
1991-09-14,1991.7014,352.15,0.46,False
1991-09-15,1991.7041,351.76,0.06,False
1991-09-16,1991.7068,352.06,0.21,False
1991-09-17,1991.7096,352.46,0.63,False
1991-09-18,1991.7123,352.03,0.38,False
1991-09-19,1991.7151,351.44,-0.23,False
1991-09-20,1991.7178,351.95,0.68,False
1991-09-22,1991.7233,352.03,0.21,False
1991-09-23,1991.726,352.15,0.94,False
1991-09-24,1991.7288,352.03,0.17,False
1991-09-25,1991.7315,351.87,0.58,False
1991-09-26,1991.7342,351.57,0.09,False
1991-09-27,1991.737,351.94,-0.05,False
1991-09-28,1991.7397,352.14,0.96,False
1991-09-29,1991.7425,352.0,0.78,False
1991-09-30,1991.7452,351.14,-0.31,False
1991-10-01,1991.7479,351.65,0.38,False
1991-10-02,1991.7507,351.82,,False
1991-10-03,1991.7534,351.68,-0.03,False
1991-10-04,1991.7562,351.94,0.65,False
1991-10-05,1991.7589,351.89,0.5,False
1991-10-06,1991.7616,352.05,0.76,False
1991-10-07,1991.7644,352.16,0.82,False
1991-10-09,1991.7699,351.92,0.21,False
1991-10-10,1991.7726,352.3,0.72,False
1991-10-11,1991.7753,352.29,0.69,False
1991-10-12,1991.7781,352.11,0.73,False
1991-10-13,1991.7808,352.42,1.17,False
1991-10-14,1991.7836,352.43,0.92,False
1991-10-15,1991.7863,353.07,1.65,False
1991-10-17,1991.7918,352.81,,False
1991-10-18,1991.7945,352.36,0.87,False
1991-10-19,1991.7973,352.52,,False
1991-10-20,1991.8,352.52,0.53,False
1991-10-21,1991.8027,352.56,0.8,False
1991-10-22,1991.8055,352.68,1.37,False
1991-10-23,1991.8082,352.73,0.86,False
1991-10-24,1991.811,352.79,0.91,False
1991-10-25,1991.8137,353.0,1.19,False
1991-10-26,1991.8164,353.12,1.43,False
1991-10-28,1991.8219,352.36,-0.35,False
1991-10-29,1991.8247,352.96,0.02,False
1991-10-30,1991.8274,353.0,0.64,False
1991-11-01,1991.8329,353.39,,False
1991-11-02,1991.8356,353.38,1.13,False
1991-11-03,1991.8384,353.77,1.6,False
1991-11-04,1991.8411,353.45,1.01,False
1991-11-06,1991.8466,354.11,1.34,False
1991-11-07,1991.8493,354.25,1.1,False
1991-11-08,1991.8521,353.7,0.9,False
1991-11-09,1991.8548,353.74,1.11,False
1991-11-10,1991.8575,353.81,0.97,False
1991-11-11,1991.8603,353.86,1.21,False
1991-11-12,1991.863,353.86,0.83,False
1991-11-13,1991.8658,354.04,0.91,False
1991-11-14,1991.8685,353.6,0.11,False
1991-11-15,1991.8712,353.69,0.3,False
1991-11-16,1991.874,353.75,0.57,False
1991-11-17,1991.8767,353.79,,False
1991-11-18,1991.8795,353.66,,False
1991-11-19,1991.8822,353.64,0.31,False
1991-11-20,1991.8849,354.02,0.53,False
1991-11-21,1991.8877,354.22,,False
1991-11-22,1991.8904,354.09,0.79,False
1991-11-23,1991.8932,354.0,0.6,False
1991-11-24,1991.8959,354.0,0.26,False
1991-11-25,1991.8986,353.89,0.03,False
1991-11-26,1991.9014,353.85,0.35,False
1991-11-28,1991.9068,354.35,0.65,False
1991-11-29,1991.9096,354.56,,False
1991-11-30,1991.9123,354.52,,False
1991-12-01,1991.9151,354.52,0.72,False
1991-12-02,1991.9178,354.76,0.96,False
1991-12-03,1991.9205,354.62,0.41,False
1991-12-05,1991.926,354.65,0.86,False
1991-12-06,1991.9288,354.7,0.67,False
1991-12-07,1991.9315,354.69,0.92,False
1991-12-08,1991.9342,354.88,1.17,False
1991-12-09,1991.937,354.96,,False
1991-12-10,1991.9397,354.86,,False
1991-12-11,1991.9425,355.65,1.45,False
1991-12-12,1991.9452,354.88,0.92,False
1991-12-13,1991.9479,354.9,-1.01,False
1991-12-14,1991.9507,354.83,,False
1991-12-15,1991.9534,354.87,1.06,False
1991-12-16,1991.9562,355.03,1.29,False
1991-12-17,1991.9589,355.61,1.23,False
1991-12-18,1991.9616,355.9,1.78,False
1991-12-19,1991.9644,355.1,0.85,False
1991-12-20,1991.9671,355.06,0.4,False
1991-12-21,1991.9699,355.05,0.27,False
1991-12-22,1991.9726,355.38,0.92,False
1991-12-23,1991.9753,355.54,1.11,False
1991-12-24,1991.9781,355.5,1.18,False
1991-12-25,1991.9808,355.29,0.42,False
1991-12-26,1991.9836,355.65,0.92,False
1991-12-27,1991.9863,356.08,1.65,False
1991-12-28,1991.989,355.72,0.5,False
1991-12-29,1991.9918,355.77,-0.07,False
1991-12-30,1991.9945,355.46,0.44,False
1991-12-31,1991.9973,356.92,1.1,False
1992-01-01,1992.0,356.73,1.69,False
1992-01-02,1992.0027,356.98,2.17,False
1992-01-03,1992.0055,357.3,3.0,False
1992-01-04,1992.0082,356.68,2.49,False
1992-01-05,1992.0109,355.4,0.99,False
1992-01-06,1992.0137,355.89,1.59,False
1992-01-07,1992.0164,356.36,,False
1992-01-08,1992.0191,355.73,1.4,False
1992-01-09,1992.0219,356.57,2.31,False
1992-01-10,1992.0246,356.48,2.01,False
1992-01-11,1992.0273,356.99,2.06,False
1992-01-12,1992.0301,355.88,0.62,False
1992-01-13,1992.0328,355.79,,False
1992-01-14,1992.0355,356.44,1.7,False
1992-01-15,1992.0383,356.67,1.75,False
1992-01-16,1992.041,356.41,1.22,False
1992-01-17,1992.0437,356.59,1.52,False
1992-01-18,1992.0464,356.62,1.74,False
1992-01-19,1992.0492,357.7,2.37,False
1992-01-20,1992.0519,356.35,-0.09,False
1992-01-21,1992.0546,355.91,0.6,False
1992-01-22,1992.0574,355.61,1.44,False
1992-01-23,1992.0601,355.62,0.79,False
1992-01-24,1992.0628,356.9,2.24,False
1992-01-25,1992.0656,356.61,2.12,False
1992-01-26,1992.0683,356.28,1.59,False
1992-01-27,1992.071,355.94,0.12,False
1992-01-28,1992.0738,356.38,,False
1992-01-29,1992.0765,356.11,0.41,False
1992-01-30,1992.0792,355.93,0.25,False
1992-01-31,1992.082,355.8,0.0,False
1992-02-01,1992.0847,356.83,1.25,False
1992-02-02,1992.0874,357.26,2.22,False
1992-02-03,1992.0902,356.9,2.07,False
1992-02-04,1992.0929,356.66,1.48,False
1992-02-05,1992.0956,356.35,0.87,False
1992-02-06,1992.0984,357.55,1.96,False
1992-02-07,1992.1011,356.51,0.93,False
1992-02-08,1992.1038,357.65,2.24,False
1992-02-09,1992.1066,357.98,2.73,False
1992-02-10,1992.1093,356.66,1.09,False
1992-02-11,1992.112,356.57,,False
1992-02-12,1992.1148,357.25,2.0,False
1992-02-13,1992.1175,357.53,2.29,False
1992-02-14,1992.1202,357.39,0.91,False
1992-02-15,1992.123,357.25,0.65,False
1992-02-16,1992.1257,358.04,1.86,False
1992-02-17,1992.1284,357.6,0.54,False
1992-02-18,1992.1311,356.96,-0.26,False
1992-02-21,1992.1393,356.7,0.53,False
1992-02-22,1992.1421,357.64,1.0,False
1992-02-23,1992.1448,357.6,1.5,False
1992-02-24,1992.1475,357.37,1.4,False
1992-02-25,1992.1503,358.05,2.2,False
1992-02-26,1992.153,358.37,2.79,False
1992-02-27,1992.1557,357.18,1.23,False
1992-02-28,1992.1585,356.76,1.24,False
1992-02-29,1992.1612,356.2,,False
1992-03-01,1992.1639,356.34,1.07,False
1992-03-02,1992.1667,356.5,-0.21,False
1992-03-03,1992.1694,356.31,-1.9,False
1992-03-04,1992.1721,356.1,-0.15,False
1992-03-06,1992.1776,357.38,0.22,False
1992-03-07,1992.1803,357.71,,False
1992-03-08,1992.1831,357.57,0.82,False
1992-03-09,1992.1858,357.55,0.05,False
1992-03-10,1992.1885,357.81,0.18,False
1992-03-11,1992.1913,358.49,0.94,False
1992-03-13,1992.1967,358.46,0.75,False
1992-03-14,1992.1995,358.01,-0.29,False
1992-03-17,1992.2077,358.25,0.07,False
1992-03-18,1992.2104,359.29,2.32,False
1992-03-19,1992.2131,358.64,0.85,False
1992-03-20,1992.2158,358.2,1.53,False
1992-03-21,1992.2186,357.68,0.78,False
1992-03-22,1992.2213,358.39,1.23,False
1992-03-23,1992.224,358.78,1.56,False
1992-03-24,1992.2268,359.24,2.65,False
1992-03-26,1992.2322,358.51,1.11,False
1992-03-28,1992.2377,359.48,0.65,False
1992-03-30,1992.2432,358.87,1.17,False
1992-03-31,1992.2459,357.23,-0.23,False
1992-04-01,1992.2486,357.3,-0.37,False
1992-04-02,1992.2514,358.37,-0.85,False
1992-04-04,1992.2568,358.61,-0.64,False
1992-04-05,1992.2596,358.96,1.08,False
1992-04-06,1992.2623,359.22,0.75,False
1992-04-07,1992.265,359.28,0.43,False
1992-04-08,1992.2678,359.12,0.64,False
1992-04-09,1992.2705,359.97,2.29,False
1992-04-10,1992.2732,359.54,2.11,False
1992-04-11,1992.276,358.79,0.09,False
1992-04-12,1992.2787,358.91,1.32,False
1992-04-13,1992.2814,358.79,1.01,False
1992-04-14,1992.2842,359.15,1.69,False
1992-04-16,1992.2896,359.26,0.66,False
1992-04-17,1992.2923,359.67,1.08,False
1992-04-18,1992.2951,359.86,1.19,False
1992-04-19,1992.2978,360.28,0.24,False
1992-04-20,1992.3005,359.82,0.26,False
1992-04-22,1992.306,359.6,0.31,False
1992-04-23,1992.3087,360.11,0.79,False
1992-04-24,1992.3115,359.53,-0.5,False
1992-04-25,1992.3142,359.27,-0.37,False
1992-04-26,1992.3169,359.16,-0.14,False
1992-04-27,1992.3197,359.17,0.43,False
1992-04-28,1992.3224,359.16,0.15,False
1992-04-29,1992.3251,358.43,-0.98,False
1992-04-30,1992.3279,359.78,0.23,False
1992-05-02,1992.3333,360.61,1.37,True
1992-05-03,1992.3361,359.99,0.4,False
1992-05-04,1992.3388,359.62,0.49,False
1992-05-05,1992.3415,360.01,1.14,False
1992-05-06,1992.3443,359.73,0.8,False
1992-05-07,1992.347,359.79,0.47,False
1992-05-08,1992.3497,359.8,0.63,False
1992-05-09,1992.3525,359.75,0.79,False
1992-05-10,1992.3552,360.13,1.24,False
1992-05-11,1992.3579,359.66,1.04,False
1992-05-12,1992.3607,359.52,0.84,False
1992-05-14,1992.3661,358.23,-0.61,False
1992-05-15,1992.3689,358.51,-0.55,False
1992-05-16,1992.3716,358.31,-2.26,False
1992-05-17,1992.3743,358.58,-1.49,False
1992-05-19,1992.3798,359.41,-0.69,False
1992-05-20,1992.3825,358.84,-0.82,False
1992-05-21,1992.3852,359.19,-1.08,False
1992-05-22,1992.388,359.06,-0.64,False
1992-05-23,1992.3907,360.46,1.38,False
1992-05-24,1992.3934,360.46,,False
1992-05-26,1992.3989,360.48,1.47,False
1992-05-28,1992.4044,360.39,1.62,False
1992-05-29,1992.4071,360.64,2.26,True
1992-05-30,1992.4098,360.64,1.58,False
1992-05-31,1992.4126,360.73,1.87,True
1992-06-01,1992.4153,360.69,1.89,False
1992-06-02,1992.418,360.69,2.46,False
1992-06-03,1992.4208,360.44,2.18,False
1992-06-04,1992.4235,360.44,2.29,False
1992-06-05,1992.4262,360.48,1.85,False
1992-06-06,1992.429,360.52,2.22,False
1992-06-07,1992.4317,360.34,1.78,False
1992-06-08,1992.4344,360.08,1.56,False
1992-06-09,1992.4372,359.99,1.47,False
1992-06-10,1992.4399,359.89,1.3,False
1992-06-11,1992.4426,360.05,1.72,False
1992-06-12,1992.4454,360.0,1.23,False
1992-06-13,1992.4481,358.77,0.16,False
1992-06-14,1992.4508,358.64,-0.14,False
1992-06-15,1992.4536,358.84,0.56,False
1992-06-16,1992.4563,358.84,0.73,False
1992-06-17,1992.459,359.11,0.99,False
1992-06-18,1992.4617,359.49,1.44,False
1992-06-19,1992.4645,359.15,0.99,False
1992-06-20,1992.4672,358.81,,False
1992-06-21,1992.4699,358.62,0.22,False
1992-06-22,1992.4727,359.03,0.86,False
1992-06-23,1992.4754,358.88,0.68,False
1992-06-24,1992.4781,358.85,0.44,False
1992-06-25,1992.4809,358.69,1.18,False
1992-06-26,1992.4836,358.65,0.48,False
1992-06-27,1992.4863,358.51,0.44,False
1992-06-28,1992.4891,359.04,1.35,False
1992-06-29,1992.4918,358.8,1.57,False
1992-06-30,1992.4945,358.72,1.56,False
1992-07-01,1992.4973,358.68,1.13,False
1992-07-02,1992.5,359.08,1.28,False
1992-07-03,1992.5027,358.86,1.03,False
1992-07-04,1992.5055,358.93,2.48,False
1992-07-05,1992.5082,358.62,0.83,False
1992-07-06,1992.5109,358.5,1.87,False
1992-07-08,1992.5164,358.05,0.88,False
1992-07-09,1992.5191,357.09,-0.06,False
1992-07-10,1992.5219,356.66,1.04,False
1992-07-12,1992.5273,357.69,,False
1992-07-13,1992.5301,358.19,,False
1992-07-15,1992.5355,357.05,0.39,False
1992-07-16,1992.5383,356.76,0.2,False
1992-07-17,1992.541,356.47,-0.24,False
1992-07-18,1992.5437,356.03,0.39,False
1992-07-20,1992.5492,355.75,0.04,False
1992-07-21,1992.5519,356.67,1.4,False
1992-07-24,1992.5601,357.08,,False
1992-07-25,1992.5628,356.99,1.6,False
1992-07-26,1992.5656,356.7,1.59,False
1992-07-27,1992.5683,356.54,1.19,False
1992-07-28,1992.571,356.56,,False
1992-07-29,1992.5738,354.95,-0.34,False
1992-07-30,1992.5765,355.46,-0.3,False
1992-07-31,1992.5792,355.37,-0.23,False
1992-08-01,1992.582,354.42,,False
1992-08-02,1992.5847,354.94,,False
1992-08-03,1992.5874,355.75,,False
1992-08-04,1992.5902,355.23,,False
1992-08-05,1992.5929,354.31,-0.67,False
1992-08-06,1992.5956,354.79,0.04,False
1992-08-07,1992.5984,355.66,1.36,False
1992-08-08,1992.6011,355.91,1.58,False
1992-08-09,1992.6038,356.08,1.13,False
1992-08-10,1992.6066,355.8,1.56,False
1992-08-12,1992.612,355.62,1.65,False
1992-08-13,1992.6148,355.81,1.48,False
1992-08-14,1992.6175,355.73,1.23,False
1992-08-15,1992.6202,355.34,1.21,False
1992-08-17,1992.6257,355.53,,False
1992-08-18,1992.6284,355.54,2.4,False
1992-08-22,1992.6393,355.25,2.31,False
1992-08-23,1992.6421,354.82,1.6,False
1992-08-24,1992.6448,354.57,1.26,False
1992-08-25,1992.6475,354.15,0.88,False
1992-08-27,1992.653,353.84,1.1,False
1992-08-28,1992.6557,354.82,1.74,False
1992-08-30,1992.6612,354.16,0.7,False
1992-08-31,1992.6639,353.77,0.55,False
1992-09-01,1992.6667,352.2,-1.03,False
1992-09-02,1992.6694,351.25,-2.07,False
1992-09-05,1992.6776,353.6,0.28,False
1992-09-06,1992.6803,353.79,,False
1992-09-07,1992.6831,354.07,1.44,False
1992-09-09,1992.6885,353.67,0.46,False
1992-09-10,1992.6913,354.43,1.55,False
1992-09-11,1992.694,354.64,1.89,False
1992-09-12,1992.6967,354.48,2.76,False
1992-09-13,1992.6995,354.31,,False
1992-09-14,1992.7022,352.49,0.34,False
1992-09-15,1992.7049,352.64,0.88,False
1992-09-16,1992.7077,352.82,0.76,False
1992-09-17,1992.7104,353.1,0.64,False
1992-09-18,1992.7131,353.33,1.3,False
1992-09-19,1992.7158,352.02,0.58,False
1992-09-20,1992.7186,352.27,0.32,False
1992-09-21,1992.7213,351.92,,False
1992-09-22,1992.724,351.73,-0.3,False
1992-09-25,1992.7322,353.8,1.93,False
1992-09-26,1992.735,352.73,1.16,False
1992-09-27,1992.7377,352.86,0.92,False
1992-09-28,1992.7404,351.84,-0.3,False
1992-09-29,1992.7432,352.0,0.0,False
1992-09-30,1992.7459,352.79,1.65,False
1992-10-02,1992.7514,354.24,2.42,False
1992-10-03,1992.7541,353.9,2.22,False
1992-10-04,1992.7568,353.95,2.01,False
1992-10-06,1992.7623,353.5,1.45,False
1992-10-07,1992.765,352.44,0.28,False
1992-10-08,1992.7678,353.61,,False
1992-10-09,1992.7705,352.98,1.06,False
1992-10-10,1992.7732,353.45,1.15,False
1992-10-11,1992.776,353.4,1.11,False
1992-10-12,1992.7787,353.48,1.37,False
1992-10-13,1992.7814,354.06,1.64,False
1992-10-14,1992.7842,353.49,1.06,False
1992-10-15,1992.7869,354.01,0.94,False
1992-10-16,1992.7896,353.83,,False
1992-10-17,1992.7923,353.39,0.58,False
1992-10-18,1992.7951,352.92,0.56,False
1992-10-19,1992.7978,353.28,0.76,False
1992-10-20,1992.8005,352.8,0.28,False
1992-10-21,1992.8033,353.04,0.48,False
1992-10-22,1992.806,354.06,1.38,False
1992-10-23,1992.8087,352.74,0.01,False
1992-10-24,1992.8115,354.12,1.33,False
1992-10-25,1992.8142,353.51,0.51,False
1992-10-26,1992.8169,353.14,0.02,False
1992-10-27,1992.8197,353.06,,False
1992-10-28,1992.8224,353.31,0.95,False
1992-10-29,1992.8251,353.31,0.35,False
1992-10-30,1992.8279,353.21,0.21,False
1992-10-31,1992.8306,353.27,,False
1992-11-01,1992.8333,354.24,0.85,False
1992-11-02,1992.8361,353.99,0.61,False
1992-11-03,1992.8388,354.16,0.39,False
1992-11-04,1992.8415,354.65,1.2,False
1992-11-05,1992.8443,354.72,,False
1992-11-06,1992.847,354.42,0.31,False
1992-11-07,1992.8497,354.25,0.0,False
1992-11-08,1992.8525,353.67,-0.03,False
1992-11-09,1992.8552,353.87,0.13,False
1992-11-10,1992.8579,353.75,-0.06,False
1992-11-11,1992.8607,354.15,0.29,False
1992-11-12,1992.8634,354.14,0.28,False
1992-11-13,1992.8661,354.54,0.5,False
1992-11-14,1992.8689,354.18,0.58,False
1992-11-15,1992.8716,353.8,0.11,False
1992-11-16,1992.8743,353.94,0.19,False
1992-11-17,1992.877,353.83,0.04,False
1992-11-18,1992.8798,354.37,0.71,False
1992-11-19,1992.8825,354.54,0.9,False
1992-11-20,1992.8852,354.64,0.62,False
1992-11-21,1992.888,354.66,0.44,False
1992-11-22,1992.8907,354.82,0.73,False
1992-11-23,1992.8934,354.68,0.68,False
1992-11-24,1992.8962,355.24,1.24,False
1992-11-25,1992.8989,354.58,0.69,False
1992-11-27,1992.9044,354.68,,False
1992-11-28,1992.9071,354.93,0.58,False
1992-11-29,1992.9098,355.03,0.47,False
1992-11-30,1992.9126,355.13,0.61,False
1992-12-01,1992.9153,354.78,0.26,False
1992-12-02,1992.918,354.86,0.1,False
1992-12-03,1992.9208,354.89,0.27,False
1992-12-04,1992.9235,354.91,,False
1992-12-05,1992.9262,355.01,0.36,False
1992-12-06,1992.929,355.14,0.44,False
1992-12-07,1992.9317,355.19,0.5,False
1992-12-08,1992.9344,354.9,0.02,False
1992-12-09,1992.9372,355.06,0.1,False
1992-12-10,1992.9399,355.27,0.41,False
1992-12-11,1992.9426,356.45,0.8,False
1992-12-12,1992.9454,355.7,0.82,False
1992-12-13,1992.9481,355.5,0.6,False
1992-12-14,1992.9508,355.52,0.69,False
1992-12-15,1992.9536,355.76,0.89,False
1992-12-16,1992.9563,355.66,0.63,False
1992-12-17,1992.959,355.67,0.06,False
1992-12-18,1992.9617,355.41,-0.49,False
1992-12-19,1992.9645,355.36,0.26,False
1992-12-20,1992.9672,355.51,0.45,False
1992-12-21,1992.9699,355.47,0.42,False
1992-12-22,1992.9727,356.31,0.93,False
1992-12-23,1992.9754,356.66,1.12,False
1992-12-24,1992.9781,356.65,1.15,False
1992-12-25,1992.9809,356.15,0.86,False
1992-12-26,1992.9836,356.01,0.36,False
1992-12-27,1992.9863,355.98,-0.1,False
1992-12-28,1992.9891,356.55,0.83,False
1992-12-29,1992.9918,356.32,0.55,False
1992-12-30,1992.9945,356.71,1.25,False
1992-12-31,1992.9973,356.6,-0.32,False
1993-01-01,1993.0,356.14,-0.59,False
1993-01-02,1993.0027,356.48,-0.5,False
1993-01-05,1993.011,356.72,1.32,False
1993-01-06,1993.0137,357.83,1.94,False
1993-01-07,1993.0164,357.28,0.92,False
1993-01-08,1993.0192,356.85,1.12,False
1993-01-09,1993.0219,356.57,0.0,False
1993-01-10,1993.0247,357.95,1.47,False
1993-01-11,1993.0274,357.4,0.41,False
1993-01-12,1993.0301,357.04,1.16,False
1993-01-13,1993.0329,357.02,1.23,False
1993-01-14,1993.0356,357.08,0.64,False
1993-01-15,1993.0384,357.75,1.08,False
1993-01-16,1993.0411,357.03,0.62,False
1993-01-17,1993.0438,356.97,0.38,False
1993-01-18,1993.0466,356.87,0.25,False
1993-01-19,1993.0493,357.18,-0.52,False
1993-01-20,1993.0521,357.34,0.99,False
1993-01-21,1993.0548,356.84,0.93,False
1993-01-22,1993.0575,356.6,0.99,False
1993-01-23,1993.0603,356.89,1.27,False
1993-01-24,1993.063,356.86,-0.04,False
1993-01-25,1993.0658,356.59,-0.02,False
1993-01-26,1993.0685,356.72,0.44,False
1993-01-27,1993.0712,358.24,2.3,False
1993-01-28,1993.074,356.23,-0.15,False
1993-01-30,1993.0795,358.27,2.34,False
1993-01-31,1993.0822,358.45,2.65,False
1993-02-01,1993.0849,357.74,0.91,False
1993-02-02,1993.0877,357.65,0.39,False
1993-02-03,1993.0904,357.7,0.8,False
1993-02-04,1993.0932,356.43,-0.23,False
1993-02-05,1993.0959,356.85,0.5,False
1993-02-06,1993.0986,356.86,-0.69,False
1993-02-07,1993.1014,356.52,0.01,False
1993-02-08,1993.1041,356.58,-1.07,False
1993-02-09,1993.1068,357.19,-0.79,False
1993-02-10,1993.1096,357.63,0.97,False
1993-02-11,1993.1123,357.46,0.89,False
1993-02-12,1993.1151,356.99,-0.26,False
1993-02-13,1993.1178,357.29,-0.24,False
1993-02-14,1993.1205,358.02,0.63,False
1993-02-15,1993.1233,357.56,0.31,False
1993-02-16,1993.126,357.29,-0.75,False
1993-02-17,1993.1288,357.19,-0.41,False
1993-02-18,1993.1315,356.84,-0.12,False
1993-02-19,1993.1342,356.85,,False
1993-02-20,1993.137,357.15,,False
1993-02-21,1993.1397,358.69,1.99,False
1993-02-22,1993.1425,357.88,0.24,False
1993-02-23,1993.1452,357.85,0.25,False
1993-02-24,1993.1479,358.12,0.75,False
1993-02-25,1993.1507,357.51,-0.54,False
1993-02-26,1993.1534,357.36,-1.01,False
1993-02-27,1993.1562,357.89,0.71,False
1993-02-28,1993.1589,358.54,1.78,False
1993-03-01,1993.1616,358.28,1.94,False
1993-03-03,1993.1671,359.57,3.26,False
1993-03-04,1993.1699,358.62,2.52,False
1993-03-05,1993.1726,358.89,,False
1993-03-06,1993.1753,358.19,0.81,False
1993-03-07,1993.1781,358.09,0.38,False
1993-03-08,1993.1808,358.19,0.62,False
1993-03-09,1993.1836,358.25,0.7,False
1993-03-10,1993.1863,358.45,0.64,False
1993-03-11,1993.189,358.59,0.1,False
1993-03-12,1993.1918,358.63,,False
1993-03-13,1993.1945,358.78,0.32,False
1993-03-14,1993.1973,360.3,2.29,False
1993-03-15,1993.2,359.46,,False
1993-03-16,1993.2027,358.42,,False
1993-03-17,1993.2055,358.42,0.17,False
1993-03-18,1993.2082,358.28,-1.01,False
1993-03-19,1993.211,358.14,-0.5,False
1993-03-20,1993.2137,358.49,0.29,False
1993-03-21,1993.2164,357.5,-0.18,False
1993-03-22,1993.2192,357.43,-0.96,False
1993-03-23,1993.2219,358.61,-0.17,False
1993-03-24,1993.2247,358.17,-1.07,False
1993-03-25,1993.2274,358.01,,False
1993-03-26,1993.2301,357.9,-0.61,False
1993-03-27,1993.2329,358.04,,False
1993-03-28,1993.2356,359.91,0.43,False
1993-03-29,1993.2384,359.98,,False
1993-03-30,1993.2411,359.19,0.32,False
1993-03-31,1993.2438,359.31,2.08,False
1993-04-01,1993.2466,359.33,2.03,False
1993-04-02,1993.2493,358.46,0.09,False
1993-04-03,1993.2521,359.0,,False
1993-04-04,1993.2548,359.85,1.24,False
1993-04-05,1993.2575,359.48,0.52,False
1993-04-06,1993.2603,359.18,-0.04,False
1993-04-08,1993.2658,358.75,-0.37,False
1993-04-09,1993.2685,358.44,-1.53,False
1993-04-10,1993.2712,357.99,-1.55,False
1993-04-12,1993.2767,358.43,-0.48,False
1993-04-13,1993.2795,359.94,1.15,False
1993-04-15,1993.2849,359.79,,False
1993-04-16,1993.2877,359.48,0.22,False
1993-04-17,1993.2904,358.46,-1.21,False
1993-04-20,1993.2986,358.87,-0.95,False
1993-04-21,1993.3014,360.2,,False
1993-04-22,1993.3041,359.99,0.39,False
1993-04-23,1993.3068,359.91,-0.2,False
1993-04-24,1993.3096,359.75,0.22,False
1993-04-25,1993.3123,360.0,0.73,False
1993-04-26,1993.3151,359.9,0.74,False
1993-04-27,1993.3178,359.9,0.73,False
1993-04-28,1993.3205,359.91,0.75,False
1993-04-29,1993.3233,359.8,1.37,False
1993-04-30,1993.326,360.18,0.4,False
1993-05-01,1993.3288,359.4,,False
1993-05-02,1993.3315,359.77,-0.84,False
1993-05-03,1993.3342,359.29,-0.7,False
1993-05-04,1993.337,359.28,-0.34,False
1993-05-05,1993.3397,359.26,-0.75,False
1993-05-06,1993.3425,359.96,0.23,False
1993-05-07,1993.3452,359.99,0.2,False
1993-05-08,1993.3479,359.58,-0.22,False
1993-05-09,1993.3507,359.68,-0.07,False
1993-05-10,1993.3534,359.86,-0.27,False
1993-05-11,1993.3562,360.03,0.37,False
1993-05-12,1993.3589,359.54,0.02,False
1993-05-13,1993.3616,360.57,,False
1993-05-14,1993.3644,361.12,2.89,True
1993-05-15,1993.3671,360.84,2.33,False
1993-05-16,1993.3699,360.98,2.67,False
1993-05-17,1993.3726,360.69,2.11,False
1993-05-18,1993.3753,360.77,,False
1993-05-20,1993.3808,360.44,1.6,False
1993-05-21,1993.3836,360.41,1.22,False
1993-05-22,1993.3863,360.7,1.64,False
1993-05-23,1993.389,361.26,0.8,True
1993-05-24,1993.3918,361.08,0.62,False
1993-05-25,1993.3945,361.24,,False
1993-05-26,1993.3973,360.65,0.17,False
1993-05-27,1993.4,360.51,,False
1993-05-28,1993.4027,360.64,0.25,False
1993-05-29,1993.4055,360.69,0.05,False
1993-05-30,1993.4082,360.62,-0.02,False
1993-05-31,1993.411,360.3,-0.43,False
1993-06-01,1993.4137,360.2,-0.49,False
1993-06-02,1993.4164,360.36,-0.33,False
1993-06-03,1993.4192,360.09,-0.35,False
1993-06-04,1993.4219,359.73,-0.71,False
1993-06-05,1993.4247,359.44,-1.04,False
1993-06-06,1993.4274,359.59,-0.93,False
1993-06-07,1993.4301,359.75,-0.59,False
1993-06-08,1993.4329,359.65,-0.43,False
1993-06-09,1993.4356,360.01,0.02,False
1993-06-10,1993.4384,360.05,0.16,False
1993-06-11,1993.4411,360.1,0.05,False
1993-06-12,1993.4438,360.11,0.11,False
1993-06-13,1993.4466,360.09,1.32,False
1993-06-15,1993.4521,359.94,1.1,False
1993-06-16,1993.4548,359.81,0.97,False
1993-06-17,1993.4575,359.89,0.78,False
1993-06-18,1993.4603,359.8,0.31,False
1993-06-19,1993.463,359.1,-0.05,False
1993-06-21,1993.4685,359.68,1.06,False
1993-06-22,1993.4712,359.12,0.09,False
1993-06-23,1993.474,359.07,0.19,False
1993-06-24,1993.4767,359.26,0.41,False
1993-06-25,1993.4795,359.41,0.72,False
1993-06-26,1993.4822,359.25,0.6,False
1993-06-27,1993.4849,359.35,0.84,False
1993-06-28,1993.4877,359.24,0.2,False
1993-06-29,1993.4904,359.11,0.31,False
1993-06-30,1993.4932,358.79,0.07,False
1993-07-01,1993.4959,358.97,0.29,False
1993-07-02,1993.4986,358.72,-0.36,False
1993-07-03,1993.5014,357.46,-1.4,False
1993-07-04,1993.5041,357.58,-1.35,False
1993-07-05,1993.5068,357.32,-1.3,False
1993-07-06,1993.5096,357.74,-0.76,False
1993-07-07,1993.5123,357.3,,False
1993-07-08,1993.5151,357.6,-0.45,False
1993-07-09,1993.5178,358.61,1.52,False
1993-07-10,1993.5205,358.72,2.06,False
1993-07-11,1993.5233,358.0,,False
1993-07-14,1993.5315,358.51,,False
1993-07-15,1993.5342,358.58,1.53,False
1993-07-17,1993.5397,356.27,-0.2,False
1993-07-18,1993.5425,358.73,2.7,False
1993-07-19,1993.5452,357.89,,False
1993-07-22,1993.5534,355.68,,False
1993-07-23,1993.5562,357.69,,False
1993-07-24,1993.5589,356.09,-0.99,False
1993-07-25,1993.5616,357.22,0.23,False
1993-07-26,1993.5644,356.59,-0.11,False
1993-07-27,1993.5671,356.66,0.12,False
1993-07-29,1993.5726,357.26,2.31,False
1993-07-30,1993.5753,356.52,1.06,False
1993-07-31,1993.5781,355.64,0.27,False
1993-08-01,1993.5808,356.68,2.26,False
1993-08-02,1993.5836,356.69,1.75,False
1993-08-03,1993.5863,356.1,0.35,False
1993-08-04,1993.589,356.46,1.23,False
1993-08-05,1993.5918,356.61,2.3,False
1993-08-06,1993.5945,356.36,1.57,False
1993-08-07,1993.5973,356.98,1.32,False
1993-08-08,1993.6,356.41,0.5,False
1993-08-09,1993.6027,354.82,-1.26,False
1993-08-10,1993.6055,355.57,-0.23,False
1993-08-12,1993.611,356.45,0.83,False
1993-08-13,1993.6137,356.1,0.29,False
1993-08-14,1993.6164,355.97,0.24,False
1993-08-15,1993.6192,356.42,1.08,False
1993-08-17,1993.6247,355.38,-0.15,False
1993-08-18,1993.6274,354.92,-0.62,False
1993-08-20,1993.6329,354.78,,False
1993-08-21,1993.6356,356.11,,False
1993-08-22,1993.6384,355.77,0.52,False
1993-08-23,1993.6411,354.53,-0.29,False
1993-08-25,1993.6466,354.72,0.57,False
1993-08-26,1993.6493,354.55,,False
1993-08-27,1993.6521,354.73,0.89,False
1993-08-28,1993.6548,355.32,0.5,False
1993-08-29,1993.6575,356.14,,False
1993-08-30,1993.6603,355.72,1.56,False
1993-08-31,1993.663,355.73,1.96,False
1993-09-02,1993.6685,353.99,2.74,False
1993-09-03,1993.6712,352.96,,False
1993-09-05,1993.6767,353.1,-0.5,False
1993-09-06,1993.6795,355.19,1.4,False
1993-09-07,1993.6822,355.34,1.27,False
1993-09-08,1993.6849,354.19,,False
1993-09-09,1993.6877,353.63,-0.04,False
1993-09-12,1993.6959,352.82,-1.66,False
1993-09-13,1993.6986,353.56,-0.75,False
1993-09-14,1993.7014,354.52,2.03,False
1993-09-15,1993.7041,354.28,1.64,False
1993-09-16,1993.7068,354.56,1.74,False
1993-09-19,1993.7151,354.47,2.45,False
1993-09-20,1993.7178,354.09,1.82,False
1993-09-21,1993.7205,353.18,1.26,False
1993-09-22,1993.7233,353.9,2.17,False
1993-09-23,1993.726,353.8,,False
1993-09-24,1993.7288,354.69,,False
1993-09-25,1993.7315,354.55,0.75,False
1993-09-26,1993.7342,354.02,1.29,False
1993-09-27,1993.737,354.15,1.29,False
1993-09-29,1993.7425,355.1,3.1,False
1993-09-30,1993.7452,354.53,1.74,False
1993-10-01,1993.7479,353.56,,False
1993-10-05,1993.7589,354.17,,False
1993-10-06,1993.7616,354.46,0.96,False
1993-10-07,1993.7644,354.37,1.93,False
1993-10-08,1993.7671,353.75,0.14,False
1993-10-09,1993.7699,354.09,1.11,False
1993-10-10,1993.7726,354.08,0.63,False
1993-10-11,1993.7753,353.88,0.48,False
1993-10-12,1993.7781,353.99,0.51,False
1993-10-13,1993.7808,353.95,-0.11,False
1993-10-14,1993.7836,353.89,0.4,False
1993-10-15,1993.7863,353.88,-0.13,False
1993-10-16,1993.789,354.27,0.44,False
1993-10-17,1993.7918,354.21,0.82,False
1993-10-18,1993.7945,354.39,1.47,False
1993-10-19,1993.7973,354.1,0.82,False
1993-10-20,1993.8,354.58,1.78,False
1993-10-21,1993.8027,354.8,1.76,False
1993-10-22,1993.8055,354.38,0.32,False
1993-10-23,1993.8082,354.74,2.0,False
1993-10-24,1993.811,354.76,0.64,False
1993-10-25,1993.8137,354.68,1.17,False
1993-10-26,1993.8164,354.76,1.62,False
1993-10-27,1993.8192,354.34,1.28,False
1993-10-28,1993.8219,354.5,1.19,False
1993-10-29,1993.8247,354.07,0.76,False
1993-10-30,1993.8274,354.03,0.82,False
1993-10-31,1993.8301,354.76,1.49,False
1993-11-01,1993.8329,354.71,0.47,False
1993-11-02,1993.8356,354.61,0.62,False
1993-11-03,1993.8384,354.67,0.51,False
1993-11-04,1993.8411,354.57,-0.08,False
1993-11-05,1993.8438,354.83,0.11,False
1993-11-06,1993.8466,355.02,0.6,False
1993-11-07,1993.8493,354.95,0.7,False
1993-11-08,1993.8521,355.0,1.33,False
1993-11-09,1993.8548,354.99,1.12,False
1993-11-10,1993.8575,355.21,1.46,False
1993-11-11,1993.8603,355.35,1.2,False
1993-11-12,1993.863,355.16,1.02,False
1993-11-13,1993.8658,355.19,0.65,False
1993-11-14,1993.8685,355.25,1.07,False
1993-11-15,1993.8712,355.4,1.6,False
1993-11-16,1993.874,355.6,1.66,False
1993-11-18,1993.8795,355.81,1.44,False
1993-11-19,1993.8822,356.54,2.0,False
1993-11-20,1993.8849,355.8,1.16,False
1993-11-21,1993.8877,355.73,1.07,False
1993-11-22,1993.8904,355.73,0.91,False
1993-11-23,1993.8932,355.76,1.08,False
1993-11-24,1993.8959,356.7,1.46,False
1993-11-25,1993.8986,356.42,1.84,False
1993-11-26,1993.9014,356.32,,False
1993-11-27,1993.9041,356.04,1.36,False
1993-11-28,1993.9068,356.11,1.18,False
1993-11-29,1993.9096,356.29,1.26,False
1993-11-30,1993.9123,356.43,1.3,False
1993-12-01,1993.9151,356.27,1.49,False
1993-12-02,1993.9178,356.04,1.18,False
1993-12-03,1993.9205,356.14,1.25,False
1993-12-04,1993.9233,356.47,1.56,False
1993-12-05,1993.926,356.48,1.47,False
1993-12-06,1993.9288,356.48,1.34,False
1993-12-07,1993.9315,357.03,1.84,False
1993-12-08,1993.9342,356.63,1.73,False
1993-12-09,1993.937,356.64,1.58,False
1993-12-10,1993.9397,356.52,1.25,False
1993-12-11,1993.9425,356.67,0.22,False
1993-12-12,1993.9452,356.7,1.0,False
1993-12-14,1993.9507,356.43,0.91,False
1993-12-16,1993.9562,356.5,0.84,False
1993-12-17,1993.9589,356.77,1.1,False
1993-12-18,1993.9616,357.2,1.79,False
1993-12-19,1993.9644,358.0,2.64,False
1993-12-20,1993.9671,357.52,2.01,False
1993-12-21,1993.9699,357.28,1.81,False
1993-12-22,1993.9726,357.49,1.18,False
1993-12-23,1993.9753,357.6,0.94,False
1993-12-24,1993.9781,357.73,1.08,False
1993-12-25,1993.9808,357.84,1.69,False
1993-12-26,1993.9836,357.52,1.51,False
1993-12-27,1993.9863,357.55,1.57,False
1993-12-28,1993.989,357.65,1.1,False
1993-12-29,1993.9918,357.57,1.25,False
1993-12-30,1993.9945,357.74,1.03,False
1993-12-31,1993.9973,357.44,0.84,False
1994-01-01,1994.0,357.68,1.54,False
1994-01-02,1994.0027,357.55,1.07,False
1994-01-03,1994.0055,358.78,,False
1994-01-04,1994.0082,358.75,,False
1994-01-05,1994.011,358.61,1.89,False
1994-01-06,1994.0137,357.91,0.08,False
1994-01-07,1994.0164,357.76,0.48,False
1994-01-08,1994.0192,358.24,1.39,False
1994-01-09,1994.0219,358.1,1.53,False
1994-01-10,1994.0247,358.16,0.21,False
1994-01-11,1994.0274,358.38,0.98,False
1994-01-12,1994.0301,358.11,1.07,False
1994-01-13,1994.0329,358.3,1.28,False
1994-01-14,1994.0356,358.41,1.33,False
1994-01-15,1994.0384,358.21,0.46,False
1994-01-16,1994.0411,358.61,1.58,False
1994-01-17,1994.0438,358.89,1.92,False
1994-01-18,1994.0466,358.19,1.32,False
1994-01-19,1994.0493,358.4,1.22,False
1994-01-20,1994.0521,358.79,1.45,False
1994-01-21,1994.0548,358.39,1.55,False
1994-01-22,1994.0575,358.37,1.77,False
1994-01-23,1994.0603,358.16,1.27,False
1994-01-24,1994.063,358.0,1.14,False
1994-01-25,1994.0658,358.65,2.06,False
1994-01-26,1994.0685,358.63,1.91,False
1994-01-27,1994.0712,358.35,0.11,False
1994-02-02,1994.0877,357.92,0.27,False
1994-02-03,1994.0904,358.8,1.1,False
1994-02-04,1994.0932,358.69,2.26,False
1994-02-05,1994.0959,358.17,1.32,False
1994-02-06,1994.0986,358.14,1.28,False
1994-02-07,1994.1014,359.78,3.26,False
1994-02-08,1994.1041,359.61,3.03,False
1994-02-10,1994.1096,359.08,1.45,False
1994-02-12,1994.1151,358.57,1.58,False
1994-02-13,1994.1178,358.39,1.1,False
1994-02-14,1994.1205,358.52,0.5,False
1994-02-15,1994.1233,358.87,1.31,False
1994-02-16,1994.126,358.53,1.24,False
1994-02-17,1994.1288,359.03,1.84,False
1994-02-18,1994.1315,358.97,2.13,False
1994-02-19,1994.1342,359.01,2.16,False
1994-02-20,1994.137,359.56,2.41,False
1994-02-21,1994.1397,359.45,0.76,False
1994-02-22,1994.1425,359.55,1.67,False
1994-02-23,1994.1452,359.32,1.47,False
1994-02-24,1994.1479,359.78,1.66,False
1994-02-25,1994.1507,360.2,2.69,False
1994-02-26,1994.1534,358.75,1.39,False
1994-02-27,1994.1562,359.76,1.87,False
1994-02-28,1994.1589,360.1,1.56,False
1994-03-01,1994.1616,360.1,1.82,False
1994-03-02,1994.1644,358.34,,False
1994-03-03,1994.1671,358.3,-1.27,False
1994-03-04,1994.1699,358.27,-0.35,False
1994-03-05,1994.1726,358.14,-0.75,False
1994-03-06,1994.1753,358.46,0.27,False
1994-03-07,1994.1781,360.56,2.47,False
1994-03-08,1994.1808,359.12,0.93,False
1994-03-09,1994.1836,359.24,0.99,False
1994-03-10,1994.1863,358.46,0.01,False
1994-03-11,1994.189,358.91,0.32,False
1994-03-12,1994.1918,361.48,2.85,True
1994-03-13,1994.1945,360.69,1.91,False
1994-03-14,1994.1973,360.59,0.29,False
1994-03-15,1994.2,360.6,1.14,False
1994-03-17,1994.2055,360.85,2.43,False
1994-03-18,1994.2082,360.51,2.23,False
1994-03-19,1994.211,360.3,2.16,False
1994-03-20,1994.2137,360.88,2.39,False
1994-03-21,1994.2164,360.58,3.08,False
1994-03-22,1994.2192,360.61,3.18,False
1994-03-23,1994.2219,361.09,2.48,False
1994-03-24,1994.2247,360.59,2.42,False
1994-03-25,1994.2274,360.66,2.65,False
1994-03-27,1994.2329,361.94,3.9,True
1994-03-28,1994.2356,361.71,1.8,False
1994-03-29,1994.2384,360.39,0.41,False
1994-03-30,1994.2411,360.79,1.6,False
1994-03-31,1994.2438,360.65,1.34,False
1994-04-01,1994.2466,360.39,1.06,False
1994-04-02,1994.2493,360.74,2.28,False
1994-04-05,1994.2575,361.21,1.73,False
1994-04-06,1994.2603,361.13,1.95,False
1994-04-07,1994.263,361.22,,False
1994-04-08,1994.2658,361.12,2.37,False
1994-04-09,1994.2685,361.43,2.99,False
1994-04-10,1994.2712,361.28,3.29,False
1994-04-11,1994.274,360.9,,False
1994-04-12,1994.2767,361.04,2.61,False
1994-04-13,1994.2795,361.34,1.4,False
1994-04-14,1994.2822,361.26,,False
1994-04-15,1994.2849,361.22,1.43,False
1994-04-16,1994.2877,360.95,1.47,False
1994-04-17,1994.2904,361.42,2.96,False
1994-04-18,1994.2932,360.98,,False
1994-04-19,1994.2959,361.15,,False
1994-04-20,1994.2986,362.08,3.21,True
1994-04-21,1994.3014,361.31,1.11,False
1994-04-22,1994.3041,361.75,1.76,False
1994-04-23,1994.3068,361.3,1.39,False
1994-04-24,1994.3096,360.13,0.38,False
1994-04-25,1994.3123,361.7,1.7,False
1994-04-26,1994.3151,361.86,1.96,False
1994-04-27,1994.3178,362.17,2.27,True
1994-04-28,1994.3205,362.61,2.7,True
1994-04-29,1994.3233,362.3,2.5,False
1994-04-30,1994.326,362.86,2.68,True
1994-05-01,1994.3288,362.87,3.47,True
1994-05-02,1994.3315,362.3,2.53,False
1994-05-03,1994.3342,361.94,2.65,False
1994-05-04,1994.337,362.14,2.86,False
1994-05-05,1994.3397,362.33,3.07,False
1994-05-06,1994.3425,361.69,1.73,False
1994-05-07,1994.3452,361.54,1.55,False
1994-05-08,1994.3479,361.66,2.08,False
1994-05-09,1994.3507,361.51,1.83,False
1994-05-10,1994.3534,361.54,1.68,False
1994-05-11,1994.3562,361.25,1.22,False
1994-05-12,1994.3589,361.33,1.79,False
1994-05-13,1994.3616,361.92,1.35,False
1994-05-14,1994.3644,361.38,0.26,False
1994-05-15,1994.3671,361.21,0.37,False
1994-05-16,1994.3699,361.64,0.66,False
1994-05-17,1994.3726,361.64,0.95,False
1994-05-18,1994.3753,362.07,1.3,False
1994-05-19,1994.3781,362.48,,False
1994-05-20,1994.3808,362.05,1.61,False
1994-05-21,1994.3836,361.72,1.31,False
1994-05-23,1994.389,361.42,0.16,False
1994-05-24,1994.3918,360.94,-0.14,False
1994-05-25,1994.3945,361.74,0.5,False
1994-05-26,1994.3973,362.21,1.56,False
1994-05-27,1994.4,361.48,0.97,False
1994-05-28,1994.4027,362.07,1.43,False
1994-05-29,1994.4055,362.09,1.4,False
1994-05-30,1994.4082,361.32,0.7,False
1994-05-31,1994.411,362.01,1.71,False
1994-06-01,1994.4137,361.75,1.55,False
1994-06-02,1994.4164,361.4,1.04,False
1994-06-03,1994.4192,361.36,1.27,False
1994-06-04,1994.4219,360.86,1.13,False
1994-06-05,1994.4247,360.58,1.14,False
1994-06-06,1994.4274,361.22,1.63,False
1994-06-07,1994.4301,361.1,1.35,False
1994-06-08,1994.4329,360.43,0.78,False
1994-06-09,1994.4356,361.45,1.44,False
1994-06-10,1994.4384,361.43,1.38,False
1994-06-11,1994.4411,360.96,0.86,False
1994-06-12,1994.4438,361.12,1.01,False
1994-06-13,1994.4466,361.17,1.08,False
1994-06-14,1994.4493,361.07,,False
1994-06-16,1994.4548,360.85,1.04,False
1994-06-17,1994.4575,360.95,1.06,False
1994-06-18,1994.4603,361.02,1.22,False
1994-06-19,1994.463,361.28,2.18,False
1994-06-20,1994.4658,360.94,,False
1994-06-21,1994.4685,360.79,1.11,False
1994-06-23,1994.474,360.99,1.92,False
1994-06-25,1994.4795,360.75,1.34,False
1994-06-26,1994.4822,360.64,1.39,False
1994-06-27,1994.4849,360.72,1.37,False
1994-06-28,1994.4877,360.6,1.36,False
1994-06-29,1994.4904,360.44,1.33,False
1994-06-30,1994.4932,360.23,1.44,False
1994-07-01,1994.4959,359.15,0.18,False
1994-07-02,1994.4986,359.31,0.59,False
1994-07-03,1994.5014,360.1,2.64,False
1994-07-04,1994.5041,360.91,3.33,False
1994-07-05,1994.5068,360.08,2.76,False
1994-07-06,1994.5096,359.87,2.13,False
1994-07-07,1994.5123,359.9,2.6,False
1994-07-08,1994.5151,359.67,2.07,False
1994-07-09,1994.5178,360.07,1.46,False
1994-07-10,1994.5205,359.7,0.98,False
1994-07-11,1994.5233,359.83,1.83,False
1994-07-12,1994.526,360.35,,False
1994-07-13,1994.5288,360.2,,False
1994-07-14,1994.5315,359.73,1.22,False
1994-07-15,1994.5342,359.05,0.47,False
1994-07-16,1994.537,359.53,,False
1994-07-17,1994.5397,359.41,3.14,False
1994-07-18,1994.5425,359.03,0.3,False
1994-07-19,1994.5452,359.62,1.73,False
1994-07-20,1994.5479,359.67,,False
1994-07-21,1994.5507,359.19,,False
1994-07-22,1994.5534,359.06,3.38,False
1994-07-23,1994.5562,359.42,1.73,False
1994-07-24,1994.5589,358.7,2.61,False
1994-07-25,1994.5616,358.84,1.62,False
1994-07-26,1994.5644,359.09,2.5,False
1994-07-27,1994.5671,359.17,2.51,False
1994-07-28,1994.5699,359.02,,False
1994-07-29,1994.5726,359.12,1.86,False
1994-07-30,1994.5753,358.79,2.27,False
1994-07-31,1994.5781,359.34,3.7,False
1994-08-01,1994.5808,358.96,2.28,False
1994-08-02,1994.5836,358.89,2.2,False
1994-08-03,1994.5863,358.45,2.35,False
1994-08-04,1994.589,358.04,1.58,False
1994-08-05,1994.5918,358.64,2.03,False
1994-08-06,1994.5945,357.9,1.54,False
1994-08-07,1994.5973,357.81,0.83,False
1994-08-08,1994.6,358.49,2.08,False
1994-08-12,1994.611,357.76,1.31,False
1994-08-13,1994.6137,357.96,1.86,False
1994-08-14,1994.6164,358.05,2.08,False
1994-08-15,1994.6192,357.96,1.54,False
1994-08-17,1994.6247,358.16,2.78,False
1994-08-18,1994.6274,357.6,2.68,False
1994-08-19,1994.6301,357.62,,False
1994-08-20,1994.6329,357.55,2.77,False
1994-08-21,1994.6356,357.66,1.55,False
1994-08-22,1994.6384,357.76,1.99,False
1994-08-24,1994.6438,356.87,,False
1994-08-25,1994.6466,355.77,1.05,False
1994-08-27,1994.6521,356.91,2.18,False
1994-08-28,1994.6548,356.07,0.75,False
1994-08-29,1994.6575,356.1,-0.04,False
1994-08-30,1994.6603,356.28,0.56,False
1994-09-01,1994.6658,356.73,,False
1994-09-02,1994.6685,356.39,2.4,False
1994-09-03,1994.6712,356.33,3.37,False
1994-09-04,1994.674,356.21,,False
1994-09-05,1994.6767,356.56,3.46,False
1994-09-06,1994.6795,356.7,1.51,False
1994-09-08,1994.6849,356.74,2.55,False
1994-09-10,1994.6904,356.86,,False
1994-09-11,1994.6932,356.61,,False
1994-09-12,1994.6959,356.14,3.32,False
1994-09-13,1994.6986,355.46,1.9,False
1994-09-14,1994.7014,355.6,1.08,False
1994-09-15,1994.7041,354.41,0.13,False
1994-09-16,1994.7068,354.12,-0.44,False
1994-09-19,1994.7151,356.27,1.8,False
1994-09-20,1994.7178,356.1,2.01,False
1994-09-21,1994.7205,355.9,2.72,False
1994-09-22,1994.7233,355.35,1.45,False
1994-09-23,1994.726,355.41,1.61,False
1994-09-25,1994.7315,355.53,0.98,False
1994-09-26,1994.7342,355.33,1.31,False
1994-09-27,1994.737,355.35,1.2,False
1994-09-29,1994.7425,355.34,0.24,False
1994-09-30,1994.7452,355.49,0.96,False
1994-10-01,1994.7479,355.82,2.26,False
1994-10-02,1994.7507,355.72,,False
1994-10-03,1994.7534,355.62,,False
1994-10-04,1994.7562,355.74,,False
1994-10-05,1994.7589,355.69,1.52,False
1994-10-06,1994.7616,355.79,1.33,False
1994-10-07,1994.7644,356.28,1.91,False
1994-10-08,1994.7671,356.0,2.25,False
1994-10-09,1994.7699,355.73,1.64,False
1994-10-10,1994.7726,356.0,1.92,False
1994-10-11,1994.7753,355.98,2.1,False
1994-10-12,1994.7781,356.03,2.04,False
1994-10-13,1994.7808,355.9,1.95,False
1994-10-14,1994.7836,356.22,2.33,False
1994-10-15,1994.7863,356.05,2.17,False
1994-10-16,1994.789,356.19,1.92,False
1994-10-17,1994.7918,356.41,2.2,False
1994-10-18,1994.7945,356.31,1.92,False
1994-10-19,1994.7973,356.37,2.27,False
1994-10-20,1994.8,356.12,1.54,False
1994-10-21,1994.8027,355.41,0.61,False
1994-10-22,1994.8055,357.07,2.69,False
1994-10-23,1994.8082,356.97,2.23,False
1994-10-24,1994.811,356.74,1.98,False
1994-10-25,1994.8137,356.55,1.87,False
1994-10-26,1994.8164,356.57,1.81,False
1994-10-27,1994.8192,356.81,2.47,False
1994-10-28,1994.8219,356.51,2.01,False
1994-11-01,1994.8329,356.66,1.95,False
1994-11-02,1994.8356,356.62,2.01,False
1994-11-03,1994.8384,356.87,2.2,False
1994-11-04,1994.8411,356.83,2.26,False
1994-11-05,1994.8438,357.08,2.25,False
1994-11-06,1994.8466,357.03,2.01,False
1994-11-07,1994.8493,357.17,2.22,False
1994-11-08,1994.8521,357.31,2.31,False
1994-11-09,1994.8548,356.53,1.54,False
1994-11-11,1994.8603,357.44,2.09,False
1994-11-13,1994.8658,357.47,2.28,False
1994-11-14,1994.8685,357.43,2.18,False
1994-11-15,1994.8712,358.93,3.53,False
1994-11-16,1994.874,358.92,3.32,False
1994-11-17,1994.8767,358.44,,False
1994-11-18,1994.8795,359.02,3.21,False
1994-11-19,1994.8822,357.67,1.13,False
1994-11-20,1994.8849,357.72,1.92,False
1994-11-21,1994.8877,357.58,1.85,False
1994-11-22,1994.8904,357.88,2.15,False
1994-11-23,1994.8932,357.59,1.83,False
1994-11-24,1994.8959,357.8,1.1,False
1994-11-25,1994.8986,358.1,1.68,False
1994-11-26,1994.9014,357.73,1.41,False
1994-11-27,1994.9041,358.15,2.11,False
1994-11-28,1994.9068,358.08,1.97,False
1994-11-29,1994.9096,358.56,2.27,False
1994-11-30,1994.9123,358.13,1.7,False
1994-12-01,1994.9151,358.36,2.09,False
1994-12-02,1994.9178,357.99,1.95,False
1994-12-03,1994.9205,358.04,1.9,False
1994-12-04,1994.9233,358.86,2.39,False
1994-12-05,1994.926,359.26,2.78,False
1994-12-06,1994.9288,358.36,1.88,False
1994-12-07,1994.9315,358.21,1.18,False
1994-12-08,1994.9342,358.5,1.87,False
1994-12-09,1994.937,359.2,2.56,False
1994-12-10,1994.9397,359.66,3.14,False
1994-12-11,1994.9425,359.42,2.75,False
1994-12-12,1994.9452,359.39,2.69,False
1994-12-13,1994.9479,360.0,,False
1994-12-14,1994.9507,359.29,2.86,False
1994-12-15,1994.9534,359.18,,False
1994-12-16,1994.9562,359.53,3.03,False
1994-12-17,1994.9589,359.66,2.89,False
1994-12-18,1994.9616,359.34,2.14,False
1994-12-19,1994.9644,358.99,0.99,False
1994-12-20,1994.9671,358.85,1.33,False
1994-12-21,1994.9699,358.88,1.6,False
1994-12-23,1994.9753,358.77,1.17,False
1994-12-24,1994.9781,358.82,1.09,False
1994-12-26,1994.9836,359.64,2.12,False
1994-12-28,1994.989,359.06,1.41,False
1994-12-29,1994.9918,359.22,1.65,False
1994-12-30,1994.9945,359.75,2.01,False
1994-12-31,1994.9973,359.67,2.23,False
1995-01-01,1995.0,359.38,1.7,False
1995-01-02,1995.0027,359.8,2.25,False
1995-01-03,1995.0055,359.5,0.72,False
1995-01-04,1995.0082,359.79,1.04,False
1995-01-05,1995.011,359.9,1.29,False
1995-01-06,1995.0137,360.94,3.03,False
1995-01-07,1995.0164,359.42,1.66,False
1995-01-08,1995.0192,359.39,1.15,False
1995-01-09,1995.0219,359.6,1.5,False
1995-01-10,1995.0247,359.81,1.65,False
1995-01-12,1995.0301,359.78,1.67,False
1995-01-13,1995.0329,359.51,1.21,False
1995-01-14,1995.0356,359.87,1.46,False
1995-01-15,1995.0384,361.29,3.08,False
1995-01-16,1995.0411,361.31,2.7,False
1995-01-17,1995.0438,360.28,1.39,False
1995-01-18,1995.0466,360.23,2.04,False
1995-01-19,1995.0493,360.21,1.81,False
1995-01-20,1995.0521,360.07,1.28,False
1995-01-21,1995.0548,360.05,1.66,False
1995-01-22,1995.0575,360.32,1.95,False
1995-01-23,1995.0603,360.42,2.26,False
1995-01-24,1995.063,360.11,2.11,False
1995-01-25,1995.0658,360.04,1.39,False
1995-01-26,1995.0685,360.1,1.47,False
1995-01-27,1995.0712,360.03,1.68,False
1995-01-28,1995.074,360.01,,False
1995-01-29,1995.0767,360.05,,False
1995-01-30,1995.0795,360.12,,False
1995-01-31,1995.0822,360.12,,False
1995-02-01,1995.0849,360.22,,False
1995-02-02,1995.0877,360.82,2.9,False
1995-02-03,1995.0904,360.37,1.57,False
1995-02-04,1995.0932,360.18,1.49,False
1995-02-05,1995.0959,360.1,1.93,False
1995-02-06,1995.0986,360.07,1.93,False
1995-02-07,1995.1014,361.78,2.0,False
1995-02-08,1995.1041,361.25,1.64,False
1995-02-09,1995.1068,360.22,,False
1995-02-10,1995.1096,360.45,1.37,False
1995-02-11,1995.1123,362.29,,False
1995-02-12,1995.1151,361.26,2.69,False
1995-02-13,1995.1178,361.75,3.36,False
1995-02-14,1995.1205,361.2,2.68,False
1995-02-15,1995.1233,360.89,2.02,False
1995-02-16,1995.126,360.99,2.46,False
1995-02-17,1995.1288,361.1,2.07,False
1995-02-18,1995.1315,361.07,2.1,False
1995-02-19,1995.1342,360.92,1.91,False
1995-02-20,1995.137,360.69,1.13,False
1995-02-21,1995.1397,360.82,1.37,False
1995-02-22,1995.1425,360.8,1.25,False
1995-02-23,1995.1452,361.16,1.84,False
1995-02-24,1995.1479,361.68,1.9,False
1995-02-25,1995.1507,362.02,1.82,False
1995-02-26,1995.1534,360.78,2.03,False
1995-02-27,1995.1562,361.36,1.6,False
1995-02-28,1995.1589,361.67,1.57,False
1995-03-01,1995.1616,362.84,2.74,False
1995-03-02,1995.1644,361.95,3.61,False
1995-03-03,1995.1671,361.72,3.42,False
1995-03-04,1995.1699,362.42,4.15,False
1995-03-05,1995.1726,362.71,4.57,False
1995-03-06,1995.1753,362.25,3.79,False
1995-03-07,1995.1781,362.81,2.25,False
1995-03-08,1995.1808,361.67,2.55,False
1995-03-09,1995.1836,361.02,1.78,False
1995-03-10,1995.1863,361.39,2.93,False
1995-03-11,1995.189,361.59,2.68,False
1995-03-12,1995.1918,361.23,-0.25,False
1995-03-13,1995.1945,361.24,0.55,False
1995-03-14,1995.1973,361.4,0.81,False
1995-03-15,1995.2,362.22,1.62,False
1995-03-16,1995.2027,360.72,,False
1995-03-17,1995.2055,360.85,0.0,False
1995-03-18,1995.2082,361.06,0.55,False
1995-03-20,1995.2137,361.72,0.84,False
1995-03-21,1995.2164,361.34,0.76,False
1995-03-22,1995.2192,361.35,0.74,False
1995-03-23,1995.2219,362.56,1.47,False
1995-03-24,1995.2247,362.26,1.67,False
1995-03-25,1995.2274,362.21,1.55,False
1995-03-26,1995.2301,361.75,,False
1995-03-27,1995.2329,361.95,0.01,False
1995-03-28,1995.2356,362.85,1.14,False
1995-03-30,1995.2411,364.16,3.37,True
1995-03-31,1995.2438,363.55,2.9,False
1995-04-01,1995.2466,363.67,3.28,False
1995-04-02,1995.2493,364.31,3.57,True
1995-04-03,1995.2521,363.69,,False
1995-04-04,1995.2548,363.36,,False
1995-04-05,1995.2575,363.97,2.76,False
1995-04-06,1995.2603,364.21,3.08,False
1995-04-07,1995.263,364.05,2.83,False
1995-04-08,1995.2658,363.73,2.61,False
1995-04-09,1995.2685,362.88,1.45,False
1995-04-10,1995.2712,362.98,1.7,False
1995-04-11,1995.274,363.06,2.16,False
1995-04-12,1995.2767,362.58,1.54,False
1995-04-13,1995.2795,362.7,1.36,False
1995-04-14,1995.2822,362.9,1.64,False
1995-04-15,1995.2849,363.61,2.39,False
1995-04-16,1995.2877,364.01,3.06,False
1995-04-17,1995.2904,363.41,1.99,False
1995-04-18,1995.2932,363.75,2.77,False
1995-04-19,1995.2959,363.47,2.32,False
1995-04-20,1995.2986,362.75,0.67,False
1995-04-21,1995.3014,362.29,0.98,False
1995-04-22,1995.3041,362.42,0.67,False
1995-04-23,1995.3068,363.83,2.53,False
1995-04-24,1995.3096,364.07,3.94,False
1995-04-25,1995.3123,362.99,1.29,False
1995-04-26,1995.3151,363.21,1.35,False
1995-04-27,1995.3178,363.66,1.49,False
1995-04-28,1995.3205,363.7,1.09,False
1995-04-29,1995.3233,363.94,1.64,False
1995-05-01,1995.3288,363.97,1.1,False
1995-05-02,1995.3315,362.2,-0.1,False
1995-05-03,1995.3342,363.56,1.62,False
1995-05-05,1995.3397,363.04,0.71,False
1995-05-06,1995.3425,362.02,0.33,False
1995-05-08,1995.3479,364.78,3.12,True
1995-05-09,1995.3507,364.0,2.49,False
1995-05-10,1995.3534,363.57,2.03,False
1995-05-11,1995.3562,363.27,2.02,False
1995-05-12,1995.3589,363.98,2.65,False
1995-05-13,1995.3616,364.4,2.48,False
1995-05-14,1995.3644,364.23,2.85,False
1995-05-15,1995.3671,364.47,3.26,False
1995-05-16,1995.3699,364.84,3.2,True
1995-05-17,1995.3726,364.7,3.06,False
1995-05-18,1995.3753,364.81,2.74,False
1995-05-19,1995.3781,364.68,2.2,False
1995-05-20,1995.3808,364.15,2.1,False
1995-05-21,1995.3836,363.77,2.05,False
1995-05-22,1995.3863,364.15,,False
1995-05-23,1995.389,364.07,2.65,False
1995-05-24,1995.3918,364.02,3.08,False
1995-05-25,1995.3945,363.76,2.02,False
1995-05-26,1995.3973,363.83,1.62,False
1995-05-27,1995.4,363.11,1.63,False
1995-05-28,1995.4027,363.15,1.08,False
1995-05-29,1995.4055,363.51,1.42,False
1995-05-30,1995.4082,363.6,2.28,False
1995-05-31,1995.411,363.4,1.39,False
1995-06-01,1995.4137,364.12,2.37,False
1995-06-02,1995.4164,365.18,3.78,True
1995-06-04,1995.4219,364.33,3.47,False
1995-06-05,1995.4247,364.14,3.56,False
1995-06-06,1995.4274,363.79,2.57,False
1995-06-07,1995.4301,363.88,2.78,False
1995-06-08,1995.4329,363.98,3.55,False
1995-06-09,1995.4356,363.59,2.14,False
1995-06-10,1995.4384,363.77,2.34,False
1995-06-11,1995.4411,363.61,2.65,False
1995-06-12,1995.4438,363.05,1.93,False
1995-06-13,1995.4466,362.79,1.62,False
1995-06-14,1995.4493,363.02,1.95,False
1995-06-15,1995.4521,363.51,,False
1995-06-16,1995.4548,363.35,2.5,False
1995-06-17,1995.4575,362.99,2.04,False
1995-06-18,1995.4603,362.87,1.85,False
1995-06-19,1995.463,362.74,1.46,False
1995-06-20,1995.4658,363.29,2.35,False
1995-06-21,1995.4685,363.23,2.44,False
1995-06-22,1995.4712,363.19,,False
1995-06-23,1995.474,362.97,1.98,False
1995-06-25,1995.4795,362.67,1.92,False
1995-06-26,1995.4822,362.49,1.85,False
1995-06-27,1995.4849,362.52,1.8,False
1995-06-29,1995.4904,362.44,2.0,False
1995-06-30,1995.4932,362.66,2.43,False
1995-07-01,1995.4959,362.66,3.51,False
1995-07-02,1995.4986,362.6,3.29,False
1995-07-03,1995.5014,362.47,2.37,False
1995-07-04,1995.5041,362.5,1.59,False
1995-07-08,1995.5151,362.21,2.54,False
1995-07-09,1995.5178,362.4,2.33,False
1995-07-10,1995.5205,362.48,2.78,False
1995-07-11,1995.5233,362.39,2.56,False
1995-07-12,1995.526,362.15,1.8,False
1995-07-13,1995.5288,361.92,1.72,False
1995-07-14,1995.5315,362.21,2.48,False
1995-07-15,1995.5342,362.1,3.05,False
1995-07-16,1995.537,362.07,2.54,False
1995-07-17,1995.5397,362.06,2.65,False
1995-07-18,1995.5425,362.03,3.0,False
1995-07-19,1995.5452,361.9,2.28,False
1995-07-20,1995.5479,361.82,2.15,False
1995-07-21,1995.5507,360.47,1.28,False
1995-07-22,1995.5534,360.62,1.56,False
1995-07-23,1995.5562,361.36,1.94,False
1995-07-24,1995.5589,361.27,2.57,False
1995-07-25,1995.5616,361.24,2.4,False
1995-07-26,1995.5644,361.27,2.18,False
1995-07-27,1995.5671,361.27,2.1,False
1995-07-28,1995.5699,361.33,2.31,False
1995-07-29,1995.5726,360.12,1.0,False
1995-07-30,1995.5753,360.05,1.26,False
1995-07-31,1995.5781,360.84,1.5,False
1995-08-01,1995.5808,360.72,1.76,False
1995-08-02,1995.5836,360.68,1.79,False
1995-08-03,1995.5863,358.8,0.35,False
1995-08-05,1995.5918,360.58,1.94,False
1995-08-06,1995.5945,360.4,2.5,False
1995-08-07,1995.5973,360.44,2.63,False
1995-08-08,1995.6,360.38,1.89,False
1995-08-09,1995.6027,359.35,,False
1995-08-10,1995.6055,359.4,,False
1995-08-11,1995.6082,359.42,,False
1995-08-14,1995.6164,359.12,1.07,False
1995-08-15,1995.6192,359.39,1.43,False
1995-08-18,1995.6274,358.93,1.33,False
1995-08-19,1995.6301,358.11,0.49,False
1995-08-20,1995.6329,358.53,0.98,False
1995-08-21,1995.6356,359.25,1.59,False
1995-08-22,1995.6384,358.64,0.88,False
1995-08-24,1995.6438,357.84,0.97,False
1995-08-25,1995.6466,358.81,3.04,False
1995-08-26,1995.6493,359.67,,False
1995-08-27,1995.6521,359.52,2.61,False
1995-08-28,1995.6548,359.6,3.53,False
1995-08-29,1995.6575,359.52,3.42,False
1995-08-30,1995.6603,357.09,0.81,False
1995-09-01,1995.6658,356.78,0.05,False
1995-09-02,1995.6685,357.03,0.64,False
1995-09-04,1995.674,357.66,1.45,False
1995-09-07,1995.6822,358.6,,False
1995-09-08,1995.6849,358.98,2.24,False
1995-09-09,1995.6877,358.6,,False
1995-09-10,1995.6904,358.37,1.51,False
1995-09-11,1995.6932,358.69,2.08,False
1995-09-12,1995.6959,358.79,2.65,False
1995-09-13,1995.6986,358.69,3.23,False
1995-09-14,1995.7014,358.76,3.16,False
1995-09-16,1995.7068,359.05,4.93,False
1995-09-18,1995.7123,358.96,,False
1995-09-20,1995.7178,358.96,2.86,False
1995-09-21,1995.7205,358.82,2.92,False
1995-09-22,1995.7233,358.97,3.62,False
1995-09-23,1995.726,358.86,3.45,False
1995-09-24,1995.7288,358.16,,False
1995-09-25,1995.7315,358.33,2.8,False
1995-09-26,1995.7342,357.37,2.04,False
1995-09-27,1995.737,357.3,1.95,False
1995-09-28,1995.7397,357.52,,False
1995-09-29,1995.7425,357.57,2.23,False
1995-09-30,1995.7452,358.04,2.55,False
1995-10-01,1995.7479,358.14,2.32,False
1995-10-02,1995.7507,357.91,2.19,False
1995-10-03,1995.7534,357.87,2.25,False
1995-10-04,1995.7562,358.17,2.43,False
1995-10-06,1995.7616,357.81,2.02,False
1995-10-07,1995.7644,357.81,1.53,False
1995-10-08,1995.7671,358.03,2.03,False
1995-10-09,1995.7699,357.75,2.02,False
1995-10-10,1995.7726,358.58,2.58,False
1995-10-11,1995.7753,357.32,1.34,False
1995-10-12,1995.7781,357.99,1.96,False
1995-10-13,1995.7808,357.89,1.99,False
1995-10-14,1995.7836,357.54,1.32,False
1995-10-15,1995.7863,357.81,1.76,False
1995-10-16,1995.789,357.72,1.53,False
1995-10-17,1995.7918,357.86,1.45,False
1995-10-18,1995.7945,357.94,1.63,False
1995-10-19,1995.7973,358.34,1.97,False
1995-10-20,1995.8,358.79,2.67,False
1995-10-21,1995.8027,358.49,3.08,False
1995-10-22,1995.8055,358.33,1.26,False
1995-10-23,1995.8082,358.28,1.31,False
1995-10-24,1995.811,358.21,1.47,False
1995-10-25,1995.8137,358.28,1.73,False
1995-10-26,1995.8164,358.52,1.95,False
1995-10-27,1995.8192,358.42,1.61,False
1995-10-28,1995.8219,358.56,2.05,False
1995-10-29,1995.8247,358.83,,False
1995-10-30,1995.8274,358.75,,False
1995-11-01,1995.8329,358.65,1.99,False
1995-11-02,1995.8356,359.21,2.59,False
1995-11-03,1995.8384,359.23,2.36,False
1995-11-04,1995.8411,359.25,2.42,False
1995-11-05,1995.8438,359.02,1.94,False
1995-11-06,1995.8466,359.09,2.06,False
1995-11-07,1995.8493,359.21,2.04,False
1995-11-08,1995.8521,359.43,2.12,False
1995-11-11,1995.8603,359.42,1.98,False
1995-11-12,1995.863,359.34,,False
1995-11-13,1995.8658,359.29,1.82,False
1995-11-14,1995.8685,360.39,2.96,False
1995-11-17,1995.8767,359.88,1.44,False
1995-11-18,1995.8795,359.63,0.61,False
1995-11-19,1995.8822,359.58,1.91,False
1995-11-20,1995.8849,360.08,2.36,False
1995-11-21,1995.8877,360.18,2.6,False
1995-11-22,1995.8904,360.18,2.3,False
1995-11-23,1995.8932,360.0,2.41,False
1995-11-24,1995.8959,359.87,2.07,False
1995-11-25,1995.8986,359.72,1.62,False
1995-11-26,1995.9014,359.82,2.09,False
1995-11-27,1995.9041,359.95,1.8,False
1995-11-28,1995.9068,359.88,1.8,False
1995-11-29,1995.9096,360.0,1.44,False
1995-11-30,1995.9123,360.13,2.0,False
1995-12-02,1995.9178,360.02,2.03,False
1995-12-03,1995.9205,360.08,2.04,False
1995-12-04,1995.9233,360.22,1.36,False
1995-12-05,1995.926,360.42,1.16,False
1995-12-06,1995.9288,360.61,2.25,False
1995-12-07,1995.9315,360.3,2.09,False
1995-12-08,1995.9342,360.42,1.92,False
1995-12-09,1995.937,360.45,1.25,False
1995-12-10,1995.9397,360.59,0.93,False
1995-12-11,1995.9425,360.55,1.13,False
1995-12-12,1995.9452,360.45,1.06,False
1995-12-13,1995.9479,360.48,0.48,False
1995-12-14,1995.9507,360.44,1.15,False
1995-12-15,1995.9534,360.59,1.41,False
1995-12-16,1995.9562,361.76,2.23,False
1995-12-17,1995.9589,360.72,1.06,False
1995-12-18,1995.9616,360.46,1.12,False
1995-12-19,1995.9644,360.44,1.45,False
1995-12-20,1995.9671,360.68,1.83,False
1995-12-21,1995.9699,361.45,2.57,False
1995-12-22,1995.9726,360.79,,False
1995-12-23,1995.9753,360.84,2.07,False
1995-12-24,1995.9781,360.93,2.11,False
1995-12-25,1995.9808,360.84,,False
1995-12-26,1995.9836,361.21,1.57,False
1995-12-27,1995.9863,361.87,,False
1995-12-28,1995.989,362.38,3.32,False
1995-12-29,1995.9918,361.64,2.42,False
1995-12-30,1995.9945,361.92,2.17,False
1995-12-31,1995.9973,361.7,2.03,False
1996-01-01,1996.0,362.6,3.22,False
1996-01-02,1996.0027,362.43,2.63,False
1996-01-03,1996.0055,362.04,2.54,False
1996-01-04,1996.0082,361.81,2.02,False
1996-01-05,1996.0109,361.54,1.64,False
1996-01-06,1996.0137,361.76,0.82,False
1996-01-07,1996.0164,361.65,2.23,False
1996-01-08,1996.0191,362.02,2.63,False
1996-01-09,1996.0219,363.07,3.47,False
1996-01-10,1996.0246,362.42,2.61,False
1996-01-11,1996.0273,362.11,,False
1996-01-12,1996.0301,362.59,2.81,False
1996-01-13,1996.0328,362.44,2.93,False
1996-01-14,1996.0355,361.94,2.07,False
1996-01-15,1996.0383,361.9,0.61,False
1996-01-16,1996.041,361.99,0.68,False
1996-01-17,1996.0437,362.13,1.85,False
1996-01-18,1996.0464,362.16,1.93,False
1996-01-19,1996.0492,362.14,1.93,False
1996-01-20,1996.0519,361.99,1.92,False
1996-01-21,1996.0546,362.1,2.05,False
1996-01-23,1996.0601,362.56,2.14,False
1996-01-25,1996.0656,362.36,2.32,False
1996-01-26,1996.0683,362.3,2.2,False
1996-01-27,1996.071,362.33,2.3,False
1996-01-28,1996.0738,362.32,2.31,False
1996-01-29,1996.0765,362.25,2.2,False
1996-01-30,1996.0792,362.31,2.19,False
1996-01-31,1996.082,362.31,2.19,False
1996-02-01,1996.0847,363.0,2.78,False
1996-02-02,1996.0874,363.13,2.31,False
1996-02-03,1996.0902,362.45,2.08,False
1996-02-04,1996.0929,362.22,2.04,False
1996-02-05,1996.0956,363.22,3.12,False
1996-02-06,1996.0984,363.07,3.0,False
1996-02-07,1996.1011,363.53,1.75,False
1996-02-08,1996.1038,363.25,2.0,False
1996-02-10,1996.1093,362.96,2.51,False
1996-02-11,1996.112,364.61,2.32,False
1996-02-12,1996.1148,363.27,2.01,False
1996-02-13,1996.1175,362.75,1.0,False
1996-02-14,1996.1202,362.74,1.54,False
1996-02-15,1996.123,362.73,1.84,False
1996-02-16,1996.1257,362.77,1.78,False
1996-02-17,1996.1284,363.21,2.11,False
1996-02-18,1996.1311,362.93,1.86,False
1996-02-19,1996.1339,363.61,2.69,False
1996-02-20,1996.1366,363.79,3.1,False
1996-02-21,1996.1393,363.09,2.27,False
1996-02-22,1996.1421,363.59,2.79,False
1996-02-23,1996.1448,364.36,3.2,False
1996-02-24,1996.1475,364.49,2.81,False
1996-02-25,1996.1503,364.51,2.49,False
1996-02-26,1996.153,364.32,3.54,False
1996-02-27,1996.1557,364.35,2.99,False
1996-02-28,1996.1585,363.41,1.74,False
1996-02-29,1996.1612,363.12,,False
1996-03-01,1996.1639,363.69,0.85,False
1996-03-02,1996.1667,364.99,3.04,False
1996-03-03,1996.1694,363.45,1.73,False
1996-03-04,1996.1721,363.79,1.37,False
1996-03-05,1996.1749,364.75,2.04,False
1996-03-06,1996.1776,364.2,1.95,False
1996-03-07,1996.1803,364.97,2.16,False
1996-03-08,1996.1831,364.02,2.35,False
1996-03-09,1996.1858,363.55,2.53,False
1996-03-10,1996.1885,362.89,1.5,False
1996-03-11,1996.1913,363.73,2.14,False
1996-03-12,1996.194,363.82,2.59,False
1996-03-13,1996.1967,363.53,2.29,False
1996-03-14,1996.1995,364.26,2.86,False
1996-03-15,1996.2022,363.27,1.05,False
1996-03-16,1996.2049,365.22,4.5,True
1996-03-18,1996.2104,363.81,2.75,False
1996-03-19,1996.2131,363.77,,False
1996-03-21,1996.2186,364.72,3.38,False
1996-03-22,1996.2213,365.26,3.91,True
1996-03-23,1996.224,365.33,2.77,True
1996-03-24,1996.2268,365.33,3.07,False
1996-03-25,1996.2295,364.21,2.0,False
1996-03-26,1996.2322,365.04,3.29,False
1996-03-27,1996.235,364.25,2.3,False
1996-03-28,1996.2377,363.95,1.1,False
1996-03-29,1996.2404,364.14,,False
1996-03-30,1996.2432,365.34,1.18,True
1996-04-01,1996.2486,364.27,0.6,False
1996-04-02,1996.2514,364.25,-0.06,False
1996-04-03,1996.2541,364.05,0.36,False
1996-04-05,1996.2596,364.67,0.7,False
1996-04-06,1996.2623,364.66,0.45,False
1996-04-07,1996.265,365.76,1.71,True
1996-04-08,1996.2678,365.46,1.73,False
1996-04-09,1996.2705,362.6,-0.28,False
1996-04-10,1996.2732,364.27,1.29,False
1996-04-11,1996.276,365.06,2.0,False
1996-04-12,1996.2787,365.15,2.57,False
1996-04-13,1996.2814,364.83,2.13,False
1996-04-14,1996.2842,364.56,1.66,False
1996-04-15,1996.2869,365.59,1.98,False
1996-04-16,1996.2896,365.14,1.13,False
1996-04-17,1996.2923,364.67,1.26,False
1996-04-18,1996.2951,364.61,0.86,False
1996-04-19,1996.2978,364.43,0.96,False
1996-04-20,1996.3005,364.82,2.07,False
1996-04-21,1996.3033,364.02,1.73,False
1996-04-22,1996.306,364.32,1.9,False
1996-04-23,1996.3087,364.75,0.92,False
1996-04-24,1996.3115,364.33,0.26,False
1996-04-25,1996.3142,364.78,1.79,False
1996-04-26,1996.3169,365.29,2.08,False
1996-04-27,1996.3197,365.06,1.4,False
1996-04-28,1996.3224,365.42,1.72,False
1996-04-29,1996.3251,364.96,1.02,False
1996-04-30,1996.3279,364.73,,False
1996-05-01,1996.3306,365.81,1.84,True
1996-05-02,1996.3333,365.1,2.9,False
1996-05-03,1996.3361,365.03,1.47,False
1996-05-04,1996.3388,364.99,,False
1996-05-05,1996.3415,365.54,2.5,False
1996-05-06,1996.3443,363.84,1.82,False
1996-05-07,1996.347,364.31,,False
1996-05-08,1996.3497,364.17,-0.61,False
1996-05-09,1996.3525,364.23,0.23,False
1996-05-10,1996.3552,365.72,2.15,False
1996-05-11,1996.3579,365.94,2.67,True
1996-05-12,1996.3607,365.76,1.78,False
1996-05-14,1996.3661,364.79,0.56,False
1996-05-15,1996.3689,365.56,1.09,False
1996-05-16,1996.3716,365.71,0.87,False
1996-05-17,1996.3743,366.0,1.3,True
1996-05-18,1996.377,365.77,0.96,False
1996-05-19,1996.3798,365.22,0.54,False
1996-05-20,1996.3825,364.84,0.69,False
1996-05-21,1996.3852,366.02,2.25,True
1996-05-22,1996.388,366.08,1.93,True
1996-05-23,1996.3907,365.31,1.24,False
1996-05-24,1996.3934,364.96,0.94,False
1996-05-25,1996.3962,365.4,1.64,False
1996-05-26,1996.3989,365.15,1.32,False
1996-05-27,1996.4016,365.67,2.56,False
1996-05-28,1996.4044,365.71,2.56,False
1996-05-29,1996.4071,365.03,1.52,False
1996-05-30,1996.4098,365.19,1.59,False
1996-05-31,1996.4126,364.76,1.36,False
1996-06-01,1996.4153,364.7,0.58,False
1996-06-02,1996.418,364.93,-0.25,False
1996-06-03,1996.4208,364.93,,False
1996-06-04,1996.4235,364.95,0.62,False
1996-06-05,1996.4262,365.27,1.13,False
1996-06-06,1996.429,365.53,1.74,False
1996-06-07,1996.4317,365.04,1.16,False
1996-06-08,1996.4344,365.04,1.06,False
1996-06-09,1996.4372,366.14,2.55,True
1996-06-10,1996.4399,365.68,1.91,False
1996-06-11,1996.4426,365.59,1.98,False
1996-06-12,1996.4454,365.31,2.26,False
1996-06-13,1996.4481,365.16,2.37,False
1996-06-14,1996.4508,365.17,2.15,False
1996-06-15,1996.4536,364.88,1.37,False
1996-06-16,1996.4563,364.77,1.42,False
1996-06-17,1996.459,365.43,2.44,False
1996-06-18,1996.4617,365.4,2.53,False
1996-06-19,1996.4645,365.49,2.75,False
1996-06-20,1996.4672,365.4,2.11,False
1996-06-21,1996.4699,365.34,2.11,False
1996-06-22,1996.4727,364.62,1.43,False
1996-06-23,1996.4754,365.24,2.27,False
1996-06-24,1996.4781,365.22,,False
1996-06-25,1996.4809,364.36,1.69,False
1996-06-26,1996.4836,364.53,2.04,False
1996-06-27,1996.4863,364.32,1.8,False
1996-06-28,1996.4891,364.22,,False
1996-06-29,1996.4918,364.57,2.13,False
1996-06-30,1996.4945,364.48,1.82,False
1996-07-01,1996.4973,364.18,1.52,False
1996-07-02,1996.5,364.34,1.74,False
1996-07-03,1996.5027,364.39,1.92,False
1996-07-04,1996.5055,365.1,2.6,False
1996-07-05,1996.5082,364.98,,False
1996-07-06,1996.5109,364.42,,False
1996-07-07,1996.5137,364.04,,False
1996-07-08,1996.5164,363.84,1.63,False
1996-07-09,1996.5191,363.69,1.29,False
1996-07-10,1996.5219,363.88,1.4,False
1996-07-11,1996.5246,364.17,1.78,False
1996-07-12,1996.5273,364.06,1.91,False
1996-07-13,1996.5301,363.97,2.05,False
1996-07-14,1996.5328,363.02,0.81,False
1996-07-15,1996.5355,363.67,1.57,False
1996-07-16,1996.5383,363.8,1.73,False
1996-07-17,1996.541,363.88,1.82,False
1996-07-18,1996.5437,363.87,1.84,False
1996-07-19,1996.5464,363.61,1.71,False
1996-07-20,1996.5492,363.65,1.83,False
1996-07-21,1996.5519,362.98,2.51,False
1996-07-22,1996.5546,363.65,3.03,False
1996-07-23,1996.5574,363.49,2.13,False
1996-07-24,1996.5601,363.17,1.9,False
1996-07-25,1996.5628,363.33,2.09,False
1996-07-26,1996.5656,363.36,2.09,False
1996-07-27,1996.5683,362.84,1.57,False
1996-07-28,1996.571,362.91,1.58,False
1996-07-29,1996.5738,362.82,2.7,False
1996-07-30,1996.5765,362.79,2.74,False
1996-07-31,1996.5792,362.38,1.54,False
1996-08-01,1996.582,362.38,1.66,False
1996-08-02,1996.5847,361.44,0.76,False
1996-08-03,1996.5874,361.05,2.25,False
1996-08-04,1996.5902,361.81,,False
1996-08-05,1996.5929,361.75,1.17,False
1996-08-06,1996.5956,361.72,1.32,False
1996-08-07,1996.5984,362.4,1.96,False
1996-08-08,1996.6011,362.75,2.37,False
1996-08-09,1996.6038,362.45,3.1,False
1996-08-10,1996.6066,362.25,2.85,False
1996-08-11,1996.6093,362.0,2.58,False
1996-08-12,1996.612,362.33,,False
1996-08-13,1996.6148,361.51,,False
1996-08-14,1996.6175,362.03,2.91,False
1996-08-17,1996.6257,361.75,,False
1996-08-18,1996.6284,361.23,2.3,False
1996-08-19,1996.6311,361.21,3.1,False
1996-08-20,1996.6339,360.99,2.46,False
1996-08-21,1996.6366,360.97,1.72,False
1996-08-22,1996.6393,361.22,2.58,False
1996-08-23,1996.6421,361.29,,False
1996-08-24,1996.6448,361.11,3.27,False
1996-08-25,1996.6475,361.12,2.31,False
1996-08-27,1996.653,360.38,0.86,False
1996-08-28,1996.6557,361.11,1.51,False
1996-08-29,1996.6585,361.27,1.75,False
1996-08-30,1996.6612,360.94,3.85,False
1996-08-31,1996.6639,361.21,,False
1996-09-01,1996.6667,361.03,4.25,False
1996-09-02,1996.6694,360.65,3.62,False
1996-09-03,1996.6721,360.02,,False
1996-09-05,1996.6776,360.2,,False
1996-09-06,1996.6803,360.77,,False
1996-09-07,1996.6831,358.69,0.09,False
1996-09-08,1996.6858,360.21,1.23,False
1996-09-09,1996.6885,359.99,1.39,False
1996-09-10,1996.6913,359.96,1.59,False
1996-09-11,1996.694,360.36,1.67,False
1996-09-12,1996.6967,360.69,1.9,False
1996-09-13,1996.6995,360.73,2.04,False
1996-09-14,1996.7022,358.64,-0.12,False
1996-09-15,1996.7049,361.21,,False
1996-09-17,1996.7104,357.81,,False
1996-09-18,1996.7131,358.69,-0.27,False
1996-09-19,1996.7158,358.97,,False
1996-09-20,1996.7186,358.95,-0.01,False
1996-09-21,1996.7213,359.29,0.47,False
1996-09-22,1996.724,359.54,0.57,False
1996-09-23,1996.7268,359.46,0.6,False
1996-09-24,1996.7295,359.72,1.56,False
1996-09-25,1996.7322,359.65,1.32,False
1996-09-26,1996.735,359.2,1.83,False
1996-09-27,1996.7377,358.63,1.33,False
1996-10-01,1996.7486,359.27,1.13,False
1996-10-04,1996.7568,359.78,1.61,False
1996-10-05,1996.7596,359.23,,False
1996-10-06,1996.7623,359.28,1.47,False
1996-10-07,1996.765,359.39,1.58,False
1996-10-08,1996.7678,360.15,2.12,False
1996-10-09,1996.7705,359.88,2.13,False
1996-10-10,1996.7732,359.52,0.94,False
1996-10-11,1996.776,359.38,2.06,False
1996-10-12,1996.7787,359.48,1.49,False
1996-10-13,1996.7814,359.47,1.58,False
1996-10-14,1996.7842,360.34,2.8,False
1996-10-15,1996.7869,360.1,2.29,False
1996-10-16,1996.7896,359.78,2.06,False
1996-10-17,1996.7923,359.82,1.96,False
1996-10-18,1996.7951,359.83,1.89,False
1996-10-19,1996.7978,359.95,1.61,False
1996-10-20,1996.8005,359.81,1.02,False
1996-10-21,1996.8033,359.8,1.31,False
1996-10-22,1996.806,359.55,1.22,False
1996-10-23,1996.8087,359.42,1.14,False
1996-10-24,1996.8115,359.55,1.34,False
1996-10-25,1996.8142,359.73,1.45,False
1996-10-26,1996.8169,359.78,1.26,False
1996-10-27,1996.8197,360.23,1.81,False
1996-10-28,1996.8224,360.43,1.87,False
1996-10-29,1996.8251,359.97,1.14,False
1996-10-30,1996.8279,359.81,1.06,False
1996-10-31,1996.8306,359.86,,False
1996-11-01,1996.8333,360.37,1.72,False
1996-11-02,1996.8361,360.23,1.02,False
1996-11-03,1996.8388,360.31,1.08,False
1996-11-04,1996.8415,360.35,1.1,False
1996-11-05,1996.8443,360.33,1.31,False
1996-11-06,1996.847,360.12,1.03,False
1996-11-08,1996.8525,360.66,1.23,False
1996-11-09,1996.8552,360.72,,False
1996-11-10,1996.8579,360.81,,False
1996-11-11,1996.8607,360.96,1.54,False
1996-11-12,1996.8634,361.19,1.85,False
1996-11-13,1996.8661,361.01,1.72,False
1996-11-14,1996.8689,360.98,0.59,False
1996-11-15,1996.8716,361.03,,False
1996-11-16,1996.8743,361.05,,False
1996-11-17,1996.877,361.08,1.2,False
1996-11-18,1996.8798,361.22,1.59,False
1996-11-19,1996.8825,362.15,2.57,False
1996-11-20,1996.8852,361.75,1.67,False
1996-11-21,1996.888,361.73,1.55,False
1996-11-22,1996.8907,361.43,1.25,False
1996-11-23,1996.8934,361.27,1.27,False
1996-11-24,1996.8962,361.54,1.67,False
1996-11-25,1996.8989,361.3,1.58,False
1996-11-26,1996.9016,361.14,1.32,False
1996-11-27,1996.9044,361.17,1.22,False
1996-11-28,1996.9071,361.6,1.72,False
1996-11-29,1996.9098,361.38,1.38,False
1996-11-30,1996.9126,361.65,1.52,False
1996-12-01,1996.9153,361.5,,False
1996-12-02,1996.918,361.8,1.78,False
1996-12-03,1996.9208,361.7,1.62,False
1996-12-05,1996.9262,361.94,1.52,False
1996-12-06,1996.929,361.94,1.33,False
1996-12-08,1996.9344,363.13,2.71,False
1996-12-09,1996.9372,362.63,2.18,False
1996-12-10,1996.9399,362.06,1.47,False
1996-12-11,1996.9426,362.42,1.87,False
1996-12-12,1996.9454,362.06,1.61,False
1996-12-13,1996.9481,362.08,1.6,False
1996-12-14,1996.9508,362.26,1.82,False
1996-12-15,1996.9536,362.32,1.73,False
1996-12-16,1996.9563,362.29,0.53,False
1996-12-17,1996.959,363.5,2.78,False
1996-12-18,1996.9617,362.97,2.51,False
1996-12-19,1996.9645,362.35,1.91,False
1996-12-20,1996.9672,362.46,1.78,False
1996-12-21,1996.9699,362.51,1.06,False
1996-12-22,1996.9727,362.48,1.69,False
1996-12-23,1996.9754,362.61,1.77,False
1996-12-24,1996.9781,362.35,1.42,False
1996-12-25,1996.9809,362.43,1.59,False
1996-12-26,1996.9836,362.38,1.17,False
1996-12-27,1996.9863,362.46,0.59,False
1996-12-28,1996.9891,362.59,0.21,False
1996-12-29,1996.9918,362.77,1.13,False
1996-12-30,1996.9945,363.28,1.36,False
1996-12-31,1996.9973,362.93,1.23,False
1997-01-01,1997.0,362.83,0.23,False
1997-01-02,1997.0027,362.77,0.34,False
1997-01-03,1997.0055,363.01,0.97,False
1997-01-04,1997.0082,362.83,1.02,False
1997-01-05,1997.011,362.97,1.43,False
1997-01-06,1997.0137,363.02,1.26,False
1997-01-07,1997.0164,363.12,1.47,False
1997-01-08,1997.0192,363.87,1.85,False
1997-01-09,1997.0219,363.05,-0.02,False
1997-01-10,1997.0247,362.65,0.23,False
1997-01-11,1997.0274,363.11,1.0,False
1997-01-12,1997.0301,363.11,0.52,False
1997-01-13,1997.0329,362.77,0.33,False
1997-01-14,1997.0356,363.3,1.36,False
1997-01-15,1997.0384,363.15,1.25,False
1997-01-16,1997.0411,362.76,0.77,False
1997-01-17,1997.0438,362.89,0.76,False
1997-01-18,1997.0466,363.88,1.72,False
1997-01-19,1997.0493,363.62,1.48,False
1997-01-20,1997.0521,363.18,1.19,False
1997-01-21,1997.0548,363.26,1.16,False
1997-01-22,1997.0575,363.3,,False
1997-01-23,1997.0603,364.62,2.06,False
1997-01-24,1997.063,364.27,,False
1997-01-25,1997.0658,363.33,0.97,False
1997-01-26,1997.0685,363.36,1.06,False
1997-01-27,1997.0712,363.06,0.73,False
1997-01-28,1997.074,363.37,1.05,False
1997-01-29,1997.0767,363.5,1.25,False
1997-01-30,1997.0795,363.28,0.97,False
1997-01-31,1997.0822,363.15,0.84,False
1997-02-01,1997.0849,363.63,0.63,False
1997-02-02,1997.0877,363.72,0.59,False
1997-02-03,1997.0904,363.81,1.36,False
1997-02-04,1997.0932,363.49,1.27,False
1997-02-05,1997.0959,363.05,-0.17,False
1997-02-06,1997.0986,363.55,0.48,False
1997-02-07,1997.1014,363.85,0.32,False
1997-02-08,1997.1041,364.38,1.13,False
1997-02-09,1997.1068,364.53,,False
1997-02-10,1997.1096,364.68,1.72,False
1997-02-11,1997.1123,364.6,-0.01,False
1997-02-12,1997.1151,364.41,1.14,False
1997-02-13,1997.1178,364.19,1.44,False
1997-02-14,1997.1205,364.22,1.48,False
1997-02-15,1997.1233,364.39,1.66,False
1997-02-16,1997.126,364.15,1.38,False
1997-02-17,1997.1288,363.72,0.51,False
1997-02-18,1997.1315,363.56,0.63,False
1997-02-19,1997.1342,363.82,0.21,False
1997-02-20,1997.137,363.41,-0.38,False
1997-02-21,1997.1397,363.38,0.29,False
1997-02-22,1997.1425,364.45,0.86,False
1997-02-23,1997.1452,364.4,0.04,False
1997-02-24,1997.1479,365.41,0.92,False
1997-02-25,1997.1507,365.32,0.81,False
1997-02-26,1997.1534,365.95,1.63,False
1997-02-27,1997.1562,365.09,0.74,False
1997-02-28,1997.1589,364.61,1.2,False
1997-03-01,1997.1616,363.91,0.22,False
1997-03-02,1997.1644,364.07,-0.92,False
1997-03-03,1997.1671,363.78,0.33,False
1997-03-04,1997.1699,363.92,0.13,False
1997-03-05,1997.1726,363.81,-0.94,False
1997-03-06,1997.1753,364.35,0.15,False
1997-03-07,1997.1781,364.01,-0.96,False
1997-03-08,1997.1808,364.13,0.11,False
1997-03-09,1997.1836,363.91,0.36,False
1997-03-10,1997.1863,364.3,1.41,False
1997-03-11,1997.189,364.69,0.96,False
1997-03-12,1997.1918,364.38,0.56,False
1997-03-13,1997.1945,364.41,0.88,False
1997-03-14,1997.1973,364.24,-0.02,False
1997-03-15,1997.2,364.16,0.89,False
1997-03-16,1997.2027,364.21,-1.01,False
1997-03-17,1997.2055,364.15,,False
1997-03-18,1997.2082,364.39,0.58,False
1997-03-19,1997.211,364.8,1.03,False
1997-03-20,1997.2137,366.19,,True
1997-03-21,1997.2164,364.79,0.07,False
1997-03-22,1997.2192,364.89,-0.37,False
1997-03-23,1997.2219,364.85,-0.48,False
1997-03-24,1997.2247,364.53,-0.8,False
1997-03-25,1997.2274,365.03,0.82,False
1997-03-26,1997.2301,365.87,0.83,False
1997-03-27,1997.2329,365.69,1.44,False
1997-03-28,1997.2356,365.55,1.6,False
1997-03-29,1997.2384,365.77,1.63,False
1997-03-30,1997.2411,365.35,0.01,False
1997-03-31,1997.2438,365.89,,False
1997-04-02,1997.2493,365.81,1.56,False
1997-04-03,1997.2521,366.18,2.13,False
1997-04-04,1997.2548,366.05,,False
1997-04-05,1997.2575,365.98,1.31,False
1997-04-09,1997.2685,366.39,3.79,True
1997-04-10,1997.2712,365.98,1.71,False
1997-04-12,1997.2767,365.92,0.77,False
1997-04-13,1997.2795,366.25,1.42,False
1997-04-14,1997.2822,366.39,1.83,False
1997-04-15,1997.2849,366.34,0.75,False
1997-04-16,1997.2877,366.21,1.07,False
1997-04-17,1997.2904,365.93,1.26,False
1997-04-18,1997.2932,367.16,2.55,True
1997-04-19,1997.2959,368.16,3.73,True
1997-04-22,1997.3041,366.88,2.56,False
1997-04-25,1997.3123,367.01,2.23,False
1997-04-26,1997.3151,366.63,1.34,False
1997-04-27,1997.3178,367.3,2.24,False
1997-04-28,1997.3205,366.63,1.21,False
1997-04-29,1997.3233,366.44,1.48,False
1997-04-30,1997.326,367.18,2.45,False
1997-05-01,1997.3288,367.25,1.44,False
1997-05-02,1997.3315,366.15,1.05,False
1997-05-03,1997.3342,366.3,1.27,False
1997-05-04,1997.337,365.81,0.82,False
1997-05-05,1997.3397,365.99,0.45,False
1997-05-06,1997.3425,367.31,3.47,False
1997-05-07,1997.3452,366.77,2.46,False
1997-05-08,1997.3479,367.09,2.92,False
1997-05-09,1997.3507,366.9,2.67,False
1997-05-10,1997.3534,366.35,0.63,False
1997-05-11,1997.3562,367.12,1.18,False
1997-05-12,1997.3589,366.73,0.97,False
1997-05-13,1997.3616,366.81,,False
1997-05-14,1997.3644,366.96,2.17,False
1997-05-15,1997.3671,366.92,1.36,False
1997-05-16,1997.3699,366.79,1.08,False
1997-05-17,1997.3726,367.39,1.39,False
1997-05-18,1997.3753,367.42,1.65,False
1997-05-19,1997.3781,366.93,1.71,False
1997-05-20,1997.3808,366.86,2.02,False
1997-05-21,1997.3836,367.51,1.49,False
1997-05-22,1997.3863,367.25,1.17,False
1997-05-23,1997.389,367.2,1.89,False
1997-05-24,1997.3918,366.86,1.9,False
1997-05-25,1997.3945,365.32,-0.08,False
1997-05-28,1997.4027,366.62,0.91,False
1997-05-29,1997.4055,366.43,1.4,False
1997-05-30,1997.4082,366.88,1.69,False
1997-05-31,1997.411,366.53,1.77,False
1997-06-03,1997.4192,366.2,1.27,False
1997-06-04,1997.4219,366.59,1.64,False
1997-06-05,1997.4247,365.88,0.61,False
1997-06-06,1997.4274,365.88,0.35,False
1997-06-07,1997.4301,366.49,1.45,False
1997-06-09,1997.4356,365.79,-0.35,False
1997-06-10,1997.4384,365.87,0.19,False
1997-06-11,1997.4411,365.8,0.21,False
1997-06-12,1997.4438,365.92,0.61,False
1997-06-13,1997.4466,366.13,0.97,False
1997-06-14,1997.4493,365.85,0.68,False
1997-06-15,1997.4521,365.71,0.83,False
1997-06-16,1997.4548,365.42,0.65,False
1997-06-17,1997.4575,365.86,0.43,False
1997-06-18,1997.4603,365.14,-0.26,False
1997-06-19,1997.463,365.04,-0.45,False
1997-06-20,1997.4658,365.55,0.15,False
1997-06-21,1997.4685,365.75,0.41,False
1997-06-22,1997.4712,365.45,0.83,False
1997-06-23,1997.474,365.44,0.2,False
1997-06-24,1997.4767,365.45,0.23,False
1997-06-25,1997.4795,365.31,0.95,False
1997-06-26,1997.4822,365.18,0.65,False
1997-06-27,1997.4849,365.34,1.02,False
1997-06-28,1997.4877,365.36,1.14,False
1997-06-29,1997.4904,365.38,0.81,False
1997-06-30,1997.4932,365.32,0.84,False
1997-07-01,1997.4959,365.7,1.52,False
1997-07-02,1997.4986,365.55,1.21,False
1997-07-03,1997.5014,365.09,0.7,False
1997-07-04,1997.5041,365.09,-0.01,False
1997-07-05,1997.5068,364.62,-0.36,False
1997-07-06,1997.5096,364.29,-0.13,False
1997-07-08,1997.5151,365.46,1.62,False
1997-07-11,1997.5233,364.97,0.8,False
1997-07-12,1997.526,365.0,0.94,False
1997-07-13,1997.5288,364.88,0.91,False
1997-07-14,1997.5315,364.99,1.97,False
1997-07-15,1997.5342,364.29,0.62,False
1997-07-17,1997.5397,364.52,0.64,False
1997-07-18,1997.5425,364.56,0.69,False
1997-07-19,1997.5452,364.48,0.87,False
1997-07-20,1997.5479,362.69,-0.96,False
1997-07-21,1997.5507,364.09,1.11,False
1997-07-22,1997.5534,363.94,0.29,False
1997-07-23,1997.5562,363.85,0.36,False
1997-07-25,1997.5616,363.74,0.41,False
1997-07-26,1997.5644,364.22,0.86,False
1997-07-27,1997.5671,364.22,1.38,False
1997-07-28,1997.5699,364.21,1.3,False
1997-07-31,1997.5781,363.48,1.1,False
1997-08-01,1997.5808,363.31,0.93,False
1997-08-02,1997.5836,363.41,1.97,False
1997-08-03,1997.5863,363.38,2.33,False
1997-08-05,1997.5918,362.87,1.12,False
1997-08-06,1997.5945,363.28,1.56,False
1997-08-07,1997.5973,363.49,1.09,False
1997-08-08,1997.6,363.5,0.75,False
1997-08-09,1997.6027,363.48,1.03,False
1997-08-10,1997.6055,363.5,1.25,False
1997-08-11,1997.6082,363.47,1.47,False
1997-08-13,1997.6137,362.27,0.76,False
1997-08-14,1997.6164,361.82,-0.21,False
1997-08-15,1997.6192,363.16,,False
1997-08-16,1997.6219,362.48,,False
1997-08-17,1997.6247,361.41,-0.34,False
1997-08-21,1997.6356,361.2,0.23,False
1997-08-22,1997.6384,361.41,0.19,False
1997-08-23,1997.6411,361.31,0.02,False
1997-08-24,1997.6438,361.35,0.24,False
1997-08-25,1997.6466,362.74,1.62,False
1997-08-26,1997.6493,361.35,,False
1997-08-27,1997.6521,362.71,2.33,False
1997-08-28,1997.6548,361.34,0.23,False
1997-08-29,1997.6575,361.12,-0.15,False
1997-08-30,1997.6603,361.25,0.31,False
1997-09-02,1997.6685,362.06,1.41,False
1997-09-03,1997.6712,362.04,2.02,False
1997-09-04,1997.674,362.06,,False
1997-09-05,1997.6767,360.83,0.63,False
1997-09-06,1997.6795,360.97,0.2,False
1997-09-07,1997.6822,361.24,2.55,False
1997-09-08,1997.6849,359.68,-0.53,False
1997-09-09,1997.6877,359.98,-0.01,False
1997-09-10,1997.6904,359.92,-0.04,False
1997-09-11,1997.6932,359.75,-0.61,False
1997-09-12,1997.6959,360.49,-0.2,False
1997-09-13,1997.6986,360.54,-0.19,False
1997-09-14,1997.7014,360.18,1.54,False
1997-09-15,1997.7041,360.61,-0.6,False
1997-09-16,1997.7068,361.28,,False
1997-09-17,1997.7096,360.93,3.12,False
1997-09-18,1997.7123,360.66,1.97,False
1997-09-19,1997.7151,359.83,0.86,False
1997-09-20,1997.7178,359.86,0.91,False
1997-09-21,1997.7205,360.0,0.71,False
1997-09-23,1997.726,360.34,0.88,False
1997-09-25,1997.7315,360.24,0.59,False
1997-09-26,1997.7342,359.66,0.46,False
1997-09-27,1997.737,359.9,1.27,False
1997-09-28,1997.7397,359.85,,False
1997-09-30,1997.7452,359.06,,False
1997-10-01,1997.7479,360.33,1.06,False
1997-10-02,1997.7507,361.03,,False
1997-10-04,1997.7562,360.43,0.65,False
1997-10-05,1997.7589,360.2,0.97,False
1997-10-06,1997.7616,361.06,1.78,False
1997-10-07,1997.7644,360.7,1.31,False
1997-10-10,1997.7726,360.84,1.32,False
1997-10-11,1997.7753,360.62,1.24,False
1997-10-12,1997.7781,360.69,1.21,False
1997-10-13,1997.7808,360.58,1.11,False
1997-10-14,1997.7836,360.62,0.28,False
1997-10-15,1997.7863,360.72,0.62,False
1997-10-16,1997.789,360.76,0.98,False
1997-10-17,1997.7918,360.78,0.96,False
1997-10-18,1997.7945,361.94,2.11,False
1997-10-19,1997.7973,360.89,0.94,False
1997-10-20,1997.8,360.92,1.11,False
1997-10-21,1997.8027,361.26,1.46,False
1997-10-22,1997.8055,361.36,1.81,False
1997-10-23,1997.8082,361.35,1.93,False
1997-10-24,1997.811,361.16,1.61,False
1997-10-25,1997.8137,361.28,1.55,False
1997-10-26,1997.8164,361.08,1.3,False
1997-10-27,1997.8192,361.15,0.92,False
1997-10-28,1997.8219,361.23,0.8,False
1997-10-30,1997.8274,361.86,2.05,False
1997-10-31,1997.8301,361.91,2.05,False
1997-11-01,1997.8329,361.46,1.09,False
1997-11-02,1997.8356,361.73,1.5,False
1997-11-03,1997.8384,362.17,1.86,False
1997-11-04,1997.8411,362.25,1.9,False
1997-11-05,1997.8438,362.1,1.77,False
1997-11-06,1997.8466,362.26,2.14,False
1997-11-07,1997.8493,362.31,,False
1997-11-08,1997.8521,362.62,1.96,False
1997-11-09,1997.8548,362.27,1.55,False
1997-11-10,1997.8575,362.26,1.45,False
1997-11-11,1997.8603,362.49,1.53,False
1997-11-12,1997.863,362.48,1.29,False
1997-11-13,1997.8658,362.29,1.28,False
1997-11-14,1997.8685,362.03,1.05,False
1997-11-15,1997.8712,362.24,1.21,False
1997-11-16,1997.874,362.34,1.29,False
1997-11-17,1997.8767,362.17,1.09,False
1997-11-18,1997.8795,362.64,1.42,False
1997-11-19,1997.8822,362.57,0.42,False
1997-11-20,1997.8849,362.56,0.81,False
1997-11-21,1997.8877,363.36,1.63,False
1997-11-22,1997.8904,363.13,1.7,False
1997-11-23,1997.8932,363.15,1.88,False
1997-11-24,1997.8959,363.36,1.82,False
1997-11-25,1997.8986,363.62,2.32,False
1997-11-26,1997.9014,363.43,2.29,False
1997-11-27,1997.9041,363.06,1.89,False
1997-11-28,1997.9068,363.1,1.5,False
1997-11-29,1997.9096,364.25,2.87,False
1997-11-30,1997.9123,363.75,2.1,False
1997-12-01,1997.9151,363.55,2.05,False
1997-12-02,1997.9178,364.35,2.55,False
1997-12-03,1997.9205,364.95,3.25,False
1997-12-04,1997.9233,364.45,,False
1997-12-05,1997.926,363.8,1.86,False
1997-12-06,1997.9288,363.92,1.98,False
1997-12-07,1997.9315,364.11,,False
1997-12-08,1997.9342,363.98,0.85,False
1997-12-09,1997.937,364.14,1.51,False
1997-12-10,1997.9397,364.07,2.01,False
1997-12-11,1997.9425,364.34,1.92,False
1997-12-12,1997.9452,364.12,2.06,False
1997-12-13,1997.9479,364.59,2.51,False
1997-12-15,1997.9534,364.86,2.54,False
1997-12-16,1997.9562,364.43,2.14,False
1997-12-17,1997.9589,364.38,0.88,False
1997-12-18,1997.9616,364.43,1.46,False
1997-12-19,1997.9644,364.24,1.89,False
1997-12-20,1997.9671,364.34,1.88,False
1997-12-21,1997.9699,364.41,1.9,False
1997-12-22,1997.9726,364.45,1.97,False
1997-12-23,1997.9753,364.54,1.93,False
1997-12-24,1997.9781,364.37,2.02,False
1997-12-25,1997.9808,365.61,3.18,False
1997-12-26,1997.9836,365.55,3.17,False
1997-12-27,1997.9863,365.16,2.7,False
1997-12-28,1997.989,364.87,2.28,False
1997-12-29,1997.9918,365.08,2.31,False
1997-12-30,1997.9945,364.69,1.41,False
1997-12-31,1997.9973,365.72,2.79,False
1998-01-01,1998.0,365.33,2.5,False
1998-01-02,1998.0027,365.37,2.6,False
1998-01-03,1998.0055,364.98,1.97,False
1998-01-04,1998.0082,365.53,2.7,False
1998-01-05,1998.011,365.16,2.19,False
1998-01-06,1998.0137,366.27,3.25,False
1998-01-07,1998.0164,366.09,2.97,False
1998-01-08,1998.0192,365.04,1.17,False
1998-01-09,1998.0219,364.8,1.75,False
1998-01-10,1998.0247,365.12,2.47,False
1998-01-11,1998.0274,366.07,2.96,False
1998-01-12,1998.0301,365.58,2.47,False
1998-01-13,1998.0329,365.12,2.35,False
1998-01-14,1998.0356,364.96,1.66,False
1998-01-15,1998.0384,365.36,2.21,False
1998-01-16,1998.0411,365.4,2.64,False
1998-01-17,1998.0438,365.53,2.64,False
1998-01-18,1998.0466,365.2,1.32,False
1998-01-20,1998.0521,365.29,2.11,False
1998-01-21,1998.0548,364.86,1.6,False
1998-01-22,1998.0575,365.42,2.12,False
1998-01-23,1998.0603,365.21,0.59,False
1998-01-24,1998.063,365.33,1.06,False
1998-01-25,1998.0658,365.46,2.13,False
1998-01-26,1998.0685,366.29,2.93,False
1998-01-27,1998.0712,365.21,2.15,False
1998-01-28,1998.074,365.14,1.77,False
1998-01-29,1998.0767,365.11,1.61,False
1998-01-30,1998.0795,366.22,2.94,False
1998-01-31,1998.0822,365.06,1.91,False
1998-02-01,1998.0849,364.9,1.27,False
1998-02-02,1998.0877,365.93,2.21,False
1998-02-03,1998.0904,365.95,2.14,False
1998-02-04,1998.0932,366.5,3.01,False
1998-02-05,1998.0959,367.05,4.0,False
1998-02-06,1998.0986,366.44,2.89,False
1998-02-07,1998.1014,365.84,1.99,False
1998-02-08,1998.1041,365.64,1.26,False
1998-02-09,1998.1068,365.55,1.02,False
1998-02-10,1998.1096,366.72,2.04,False
1998-02-11,1998.1123,365.67,1.07,False
1998-02-12,1998.1151,365.67,1.26,False
1998-02-13,1998.1178,365.46,1.27,False
1998-02-14,1998.1205,365.48,1.26,False
1998-02-15,1998.1233,365.13,0.74,False
1998-02-16,1998.126,365.47,1.32,False
1998-02-17,1998.1288,365.6,1.88,False
1998-02-18,1998.1315,365.49,1.93,False
1998-02-19,1998.1342,365.72,1.9,False
1998-02-20,1998.137,366.67,3.26,False
1998-02-21,1998.1397,366.49,3.11,False
1998-02-22,1998.1425,365.96,1.51,False
1998-02-23,1998.1452,367.74,3.34,False
1998-02-24,1998.1479,366.78,1.37,False
1998-02-25,1998.1507,367.27,1.95,False
1998-02-26,1998.1534,366.82,0.87,False
1998-02-27,1998.1562,366.43,1.34,False
1998-02-28,1998.1589,366.56,1.95,False
1998-03-01,1998.1616,367.57,3.66,False
1998-03-02,1998.1644,368.71,4.64,True
1998-03-03,1998.1671,367.0,3.22,False
1998-03-04,1998.1699,367.7,3.78,False
1998-03-05,1998.1726,367.1,3.29,False
1998-03-06,1998.1753,366.75,2.4,False
1998-03-07,1998.1781,365.82,1.81,False
1998-03-08,1998.1808,368.39,4.26,False
1998-03-09,1998.1836,366.5,2.59,False
1998-03-10,1998.1863,366.45,2.15,False
1998-03-11,1998.189,366.5,1.81,False
1998-03-12,1998.1918,366.5,2.12,False
1998-03-13,1998.1945,366.27,1.86,False
1998-03-14,1998.1973,366.91,2.67,False
1998-03-15,1998.2,367.22,3.06,False
1998-03-16,1998.2027,366.23,2.02,False
1998-03-17,1998.2055,366.46,2.31,False
1998-03-18,1998.2082,367.41,3.02,False
1998-03-19,1998.211,367.78,2.98,False
1998-03-20,1998.2137,367.38,1.19,False
1998-03-21,1998.2164,366.21,1.42,False
1998-03-22,1998.2192,366.91,2.02,False
1998-03-23,1998.2219,367.17,2.32,False
1998-03-24,1998.2247,367.75,3.22,False
1998-03-25,1998.2274,368.66,3.63,False
1998-03-26,1998.2301,369.2,3.33,True
1998-03-27,1998.2329,367.87,2.18,False
1998-03-28,1998.2356,367.72,2.17,False
1998-03-29,1998.2384,368.29,2.52,False
1998-03-30,1998.2411,368.7,3.35,False
1998-03-31,1998.2438,369.14,3.25,False
1998-04-01,1998.2466,368.93,,False
1998-04-02,1998.2493,368.91,3.1,False
1998-04-03,1998.2521,368.76,2.58,False
1998-04-04,1998.2548,369.89,3.84,True
1998-04-05,1998.2575,368.8,2.82,False
1998-04-06,1998.2603,368.12,,False
1998-04-07,1998.263,368.1,,False
1998-04-08,1998.2658,368.05,,False
1998-04-09,1998.2685,368.39,2.0,False
1998-04-10,1998.2712,368.71,2.73,False
1998-04-11,1998.274,369.11,,False
1998-04-12,1998.2767,368.81,2.89,False
1998-04-13,1998.2795,368.81,2.56,False
1998-04-14,1998.2822,368.69,2.3,False
1998-04-15,1998.2849,368.75,2.41,False
1998-04-16,1998.2877,368.66,2.45,False
1998-04-18,1998.2932,367.91,0.75,False
1998-04-19,1998.2959,367.92,-0.24,False
1998-04-20,1998.2986,367.62,,False
1998-04-21,1998.3014,368.66,,False
1998-04-22,1998.3041,368.67,1.79,False
1998-04-23,1998.3068,368.83,,False
1998-04-24,1998.3096,368.81,,False
1998-04-25,1998.3123,368.88,1.87,False
1998-04-26,1998.3151,369.01,2.38,False
1998-04-27,1998.3178,368.94,1.64,False
1998-04-28,1998.3205,370.17,3.54,True
1998-04-29,1998.3233,370.35,3.91,True
1998-04-30,1998.326,369.59,2.41,False
1998-05-01,1998.3288,370.05,2.8,False
1998-05-02,1998.3315,369.69,3.54,False
1998-05-03,1998.3342,370.25,3.95,False
1998-05-04,1998.337,370.1,4.29,False
1998-05-05,1998.3397,369.95,3.96,False
1998-05-06,1998.3425,370.12,2.81,False
1998-05-07,1998.3452,369.95,3.18,False
1998-05-08,1998.3479,369.9,2.81,False
1998-05-09,1998.3507,368.75,1.85,False
1998-05-10,1998.3534,368.75,2.4,False
1998-05-11,1998.3562,367.61,0.49,False
1998-05-12,1998.3589,368.36,1.63,False
1998-05-13,1998.3616,368.59,1.78,False
1998-05-14,1998.3644,368.27,1.31,False
1998-05-15,1998.3671,368.28,1.36,False
1998-05-16,1998.3699,369.3,2.51,False
1998-05-17,1998.3726,369.25,1.86,False
1998-05-18,1998.3753,368.79,1.37,False
1998-05-19,1998.3781,369.85,2.92,False
1998-05-20,1998.3808,370.76,3.9,True
1998-05-22,1998.3863,369.84,2.59,False
1998-05-23,1998.389,369.81,2.61,False
1998-05-24,1998.3918,369.67,2.81,False
1998-05-25,1998.3945,370.19,4.87,False
1998-05-26,1998.3973,370.03,,False
1998-05-27,1998.4,370.17,,False
1998-05-28,1998.4027,370.3,3.68,False
1998-05-29,1998.4055,370.19,3.76,False
1998-05-30,1998.4082,370.02,3.14,False
1998-05-31,1998.411,369.93,3.4,False
1998-06-01,1998.4137,369.85,,False
1998-06-03,1998.4192,369.96,3.76,False
1998-06-04,1998.4219,369.46,2.87,False
1998-06-05,1998.4247,369.56,3.68,False
1998-06-06,1998.4274,369.68,3.8,False
1998-06-07,1998.4301,369.21,2.72,False
1998-06-08,1998.4329,369.08,,False
1998-06-09,1998.4356,369.26,3.47,False
1998-06-10,1998.4384,369.81,3.94,False
1998-06-11,1998.4411,369.21,3.41,False
1998-06-12,1998.4438,368.81,2.89,False
1998-06-13,1998.4466,369.51,3.38,False
1998-06-14,1998.4493,369.08,3.23,False
1998-06-15,1998.4521,368.92,3.21,False
1998-06-16,1998.4548,369.38,3.96,False
1998-06-17,1998.4575,368.98,3.12,False
1998-06-19,1998.463,368.62,3.58,False
1998-06-20,1998.4658,368.65,3.1,False
1998-06-21,1998.4685,368.93,3.18,False
1998-06-22,1998.4712,369.02,3.57,False
1998-06-23,1998.474,369.0,3.56,False
1998-06-24,1998.4767,369.09,3.64,False
1998-06-25,1998.4795,368.81,3.5,False
1998-06-26,1998.4822,368.87,3.69,False
1998-06-27,1998.4849,368.63,3.29,False
1998-06-28,1998.4877,368.56,3.2,False
1998-06-29,1998.4904,368.63,3.25,False
1998-06-30,1998.4932,368.58,3.26,False
1998-07-01,1998.4959,368.33,2.63,False
1998-07-02,1998.4986,368.16,2.61,False
1998-07-03,1998.5014,367.77,2.68,False
1998-07-05,1998.5068,367.83,3.21,False
1998-07-06,1998.5096,369.4,5.11,False
1998-07-09,1998.5178,368.11,,False
1998-07-10,1998.5205,368.1,,False
1998-07-11,1998.5233,369.44,4.47,False
1998-07-12,1998.526,369.33,4.33,False
1998-07-13,1998.5288,367.65,2.77,False
1998-07-14,1998.5315,368.05,3.06,False
1998-07-15,1998.5342,366.6,2.31,False
1998-07-18,1998.5425,367.82,3.26,False
1998-07-19,1998.5452,368.51,4.03,False
1998-07-20,1998.5479,368.33,5.64,False
1998-07-21,1998.5507,367.86,3.77,False
1998-07-22,1998.5534,368.17,4.23,False
1998-07-24,1998.5589,368.08,,False
1998-07-25,1998.5616,367.38,3.64,False
1998-07-26,1998.5644,366.64,2.42,False
1998-07-28,1998.5699,367.45,3.24,False
1998-07-29,1998.5726,367.24,,False
1998-07-30,1998.5753,367.58,,False
1998-08-01,1998.5808,367.35,4.04,False
1998-08-02,1998.5836,367.37,3.96,False
1998-08-03,1998.5863,367.27,3.89,False
1998-08-04,1998.589,367.2,,False
1998-08-05,1998.5918,367.1,4.23,False
1998-08-06,1998.5945,366.9,3.62,False
1998-08-07,1998.5973,366.87,3.38,False
1998-08-08,1998.6,366.66,3.16,False
1998-08-09,1998.6027,366.13,2.65,False
1998-08-10,1998.6055,366.46,2.96,False
1998-08-11,1998.6082,366.63,3.16,False
1998-08-12,1998.611,366.34,,False
1998-08-13,1998.6137,366.44,4.17,False
1998-08-14,1998.6164,366.29,4.47,False
1998-08-15,1998.6192,366.36,3.2,False
1998-08-16,1998.6219,365.72,3.24,False
1998-08-17,1998.6247,365.48,4.07,False
1998-08-18,1998.6274,365.44,,False
1998-08-19,1998.6301,365.54,,False
1998-08-20,1998.6329,365.93,,False
1998-08-21,1998.6356,365.95,4.75,False
1998-08-22,1998.6384,365.75,4.34,False
1998-08-23,1998.6411,365.36,4.05,False
1998-08-24,1998.6438,365.47,4.12,False
1998-08-25,1998.6466,365.64,2.9,False
1998-08-26,1998.6493,365.71,4.36,False
1998-08-27,1998.6521,365.8,3.09,False
1998-08-28,1998.6548,365.52,4.18,False
1998-08-29,1998.6575,364.91,3.79,False
1998-08-31,1998.663,364.34,,False
1998-09-01,1998.6658,365.09,,False
1998-09-02,1998.6685,364.76,2.7,False
1998-09-03,1998.6712,364.91,2.87,False
1998-09-04,1998.674,365.3,3.24,False
1998-09-05,1998.6767,364.92,4.09,False
1998-09-06,1998.6795,364.63,3.66,False
1998-09-07,1998.6822,364.5,3.26,False
1998-09-08,1998.6849,365.09,5.41,False
1998-09-09,1998.6877,364.78,4.8,False
1998-09-10,1998.6904,364.13,4.21,False
1998-09-11,1998.6932,364.83,5.08,False
1998-09-12,1998.6959,363.21,2.72,False
1998-09-13,1998.6986,363.49,2.95,False
1998-09-14,1998.7014,363.81,3.63,False
1998-09-16,1998.7068,363.87,2.59,False
1998-09-17,1998.7096,364.17,3.24,False
1998-09-18,1998.7123,363.81,3.15,False
1998-09-19,1998.7151,363.56,3.73,False
1998-09-20,1998.7178,363.46,3.6,False
1998-09-21,1998.7205,363.62,3.62,False
1998-09-22,1998.7233,363.47,,False
1998-09-23,1998.726,363.42,3.08,False
1998-09-24,1998.7288,363.87,,False
1998-09-25,1998.7315,363.79,3.55,False
1998-09-26,1998.7342,363.92,4.26,False
1998-09-27,1998.737,364.08,4.18,False
1998-09-29,1998.7425,364.07,,False
1998-09-30,1998.7452,364.2,5.14,False
1998-10-01,1998.7479,363.85,3.52,False
1998-10-02,1998.7507,364.12,3.09,False
1998-10-03,1998.7534,364.84,,False
1998-10-04,1998.7562,364.46,4.03,False
1998-10-05,1998.7589,364.13,3.93,False
1998-10-06,1998.7616,364.32,3.26,False
1998-10-07,1998.7644,364.1,3.4,False
1998-10-08,1998.7671,363.98,,False
1998-10-09,1998.7699,364.02,,False
1998-10-10,1998.7726,364.64,3.8,False
1998-10-11,1998.7753,364.26,3.64,False
1998-10-12,1998.7781,364.5,3.81,False
1998-10-13,1998.7808,364.34,3.76,False
1998-10-14,1998.7836,364.39,3.77,False
1998-10-15,1998.7863,364.45,3.73,False
1998-10-16,1998.789,364.44,3.68,False
1998-10-17,1998.7918,364.69,3.91,False
1998-10-19,1998.7973,364.58,3.69,False
1998-10-20,1998.8,364.7,3.78,False
1998-10-21,1998.8027,364.34,3.08,False
1998-10-22,1998.8055,364.84,3.48,False
1998-10-23,1998.8082,364.76,3.41,False
1998-10-24,1998.811,364.81,3.65,False
1998-10-25,1998.8137,364.64,3.36,False
1998-10-26,1998.8164,364.57,3.49,False
1998-10-27,1998.8192,365.59,4.44,False
1998-10-28,1998.8219,365.23,4.0,False
1998-10-29,1998.8247,364.92,,False
1998-10-30,1998.8274,364.79,2.93,False
1998-10-31,1998.8301,364.82,2.91,False
1998-11-01,1998.8329,364.89,3.43,False
1998-11-02,1998.8356,365.22,3.49,False
1998-11-03,1998.8384,364.9,2.73,False
1998-11-04,1998.8411,365.04,2.79,False
1998-11-05,1998.8438,365.17,3.07,False
1998-11-06,1998.8466,365.13,2.87,False
1998-11-07,1998.8493,365.23,2.92,False
1998-11-08,1998.8521,365.28,2.66,False
1998-11-09,1998.8548,365.45,3.18,False
1998-11-10,1998.8575,365.61,3.35,False
1998-11-11,1998.8603,365.73,3.24,False
1998-11-12,1998.863,365.61,3.13,False
1998-11-17,1998.8767,366.02,3.85,False
1998-11-18,1998.8795,365.97,3.33,False
1998-11-21,1998.8877,366.31,2.95,False
1998-11-22,1998.8904,366.09,2.96,False
1998-11-23,1998.8932,365.93,2.78,False
1998-11-25,1998.8986,365.96,2.34,False
1998-11-26,1998.9014,365.59,2.16,False
1998-11-27,1998.9041,366.1,3.04,False
1998-11-28,1998.9068,366.16,3.06,False
1998-11-29,1998.9096,366.34,2.09,False
1998-11-30,1998.9123,366.02,2.27,False
1998-12-01,1998.9151,366.56,3.01,False
1998-12-02,1998.9178,367.16,2.81,False
1998-12-03,1998.9205,367.64,2.69,False
1998-12-08,1998.9342,366.79,2.81,False
1998-12-09,1998.937,366.64,2.5,False
1998-12-10,1998.9397,367.22,3.15,False
1998-12-11,1998.9425,367.22,2.88,False
1998-12-12,1998.9452,367.0,2.88,False
1998-12-13,1998.9479,366.86,2.27,False
1998-12-14,1998.9507,366.95,,False
1998-12-15,1998.9534,367.39,2.53,False
1998-12-16,1998.9562,366.92,2.49,False
1998-12-17,1998.9589,368.1,3.72,False
1998-12-19,1998.9644,367.68,3.44,False
1998-12-20,1998.9671,367.88,3.54,False
1998-12-21,1998.9699,367.29,2.88,False
1998-12-22,1998.9726,366.95,2.5,False
1998-12-23,1998.9753,367.48,2.94,False
1998-12-24,1998.9781,367.58,3.21,False
1998-12-25,1998.9808,367.5,1.89,False
1998-12-26,1998.9836,367.4,1.85,False
1998-12-27,1998.9863,367.95,2.79,False
1998-12-28,1998.989,368.12,3.25,False
1998-12-29,1998.9918,367.81,2.73,False
1998-12-30,1998.9945,367.6,2.91,False
1998-12-31,1998.9973,367.49,1.77,False
1999-01-01,1999.0,367.6,2.27,False
1999-01-02,1999.0027,367.96,2.59,False
1999-01-03,1999.0055,367.88,2.9,False
1999-01-04,1999.0082,368.38,2.85,False
1999-01-05,1999.011,368.11,2.95,False
1999-01-06,1999.0137,367.88,1.61,False
1999-01-07,1999.0164,367.86,1.77,False
1999-01-08,1999.0192,367.85,2.81,False
1999-01-09,1999.0219,367.81,3.01,False
1999-01-10,1999.0247,369.04,3.92,False
1999-01-11,1999.0274,368.47,2.4,False
1999-01-12,1999.0301,368.11,2.53,False
1999-01-13,1999.0329,367.98,2.86,False
1999-01-14,1999.0356,368.11,3.15,False
1999-01-15,1999.0384,368.09,2.73,False
1999-01-16,1999.0411,368.09,2.69,False
1999-01-17,1999.0438,367.95,2.42,False
1999-01-20,1999.0521,367.88,2.59,False
1999-01-21,1999.0548,367.94,3.08,False
1999-01-22,1999.0575,367.99,2.57,False
1999-01-23,1999.0603,368.11,2.9,False
1999-01-24,1999.063,368.35,3.02,False
1999-01-25,1999.0658,369.23,3.77,False
1999-01-26,1999.0685,369.91,3.62,False
1999-01-27,1999.0712,369.39,4.18,False
1999-01-28,1999.074,369.4,4.26,False
1999-01-29,1999.0767,369.28,4.17,False
1999-02-02,1999.0877,370.09,4.16,False
1999-02-03,1999.0904,369.53,3.58,False
1999-02-04,1999.0932,369.46,2.96,False
1999-02-05,1999.0959,369.12,2.07,False
1999-02-06,1999.0986,368.94,2.5,False
1999-02-07,1999.1014,369.11,3.27,False
1999-02-08,1999.1041,369.42,3.78,False
1999-02-09,1999.1068,369.93,4.38,False
1999-02-10,1999.1096,369.31,2.59,False
1999-02-11,1999.1123,368.98,3.31,False
1999-02-12,1999.1151,368.64,2.97,False
1999-02-13,1999.1178,369.53,4.07,False
1999-02-14,1999.1205,369.72,4.24,False
1999-02-17,1999.1288,368.63,3.03,False
1999-02-18,1999.1315,368.25,2.76,False
1999-02-20,1999.137,368.54,1.87,False
1999-02-21,1999.1397,369.29,2.8,False
1999-02-22,1999.1425,369.9,3.94,False
1999-02-23,1999.1452,369.92,2.18,False
1999-02-24,1999.1479,368.92,2.14,False
1999-02-25,1999.1507,368.69,1.42,False
1999-02-26,1999.1534,368.74,1.92,False
1999-03-02,1999.1644,368.49,-0.22,False
1999-03-03,1999.1671,368.39,1.39,False
1999-03-05,1999.1726,367.68,0.58,False
1999-03-06,1999.1753,368.21,1.46,False
1999-03-07,1999.1781,368.46,2.64,False
1999-03-08,1999.1808,368.6,0.21,False
1999-03-09,1999.1836,369.64,3.14,False
1999-03-10,1999.1863,368.79,2.34,False
1999-03-11,1999.189,368.97,2.47,False
1999-03-12,1999.1918,370.73,4.23,False
1999-03-13,1999.1945,370.57,4.3,False
1999-03-16,1999.2027,371.67,5.44,True
1999-03-17,1999.2055,370.3,3.84,False
1999-03-18,1999.2082,369.95,2.54,False
1999-03-19,1999.211,369.33,1.55,False
1999-03-20,1999.2137,370.45,3.07,False
1999-03-23,1999.2219,370.91,3.74,False
1999-03-24,1999.2247,370.46,2.71,False
1999-03-25,1999.2274,370.31,1.65,False
1999-03-26,1999.2301,370.29,1.09,False
1999-03-27,1999.2329,371.67,3.8,False
1999-03-28,1999.2356,371.93,4.21,True
1999-03-29,1999.2384,369.57,1.28,False
1999-03-30,1999.2411,370.26,1.56,False
1999-03-31,1999.2438,371.02,1.88,False
1999-04-01,1999.2466,370.98,2.05,False
1999-04-02,1999.2493,370.9,1.99,False
1999-04-03,1999.2521,371.13,2.37,False
1999-04-05,1999.2575,372.19,3.39,True
1999-04-06,1999.2603,371.6,3.48,False
1999-04-07,1999.263,371.43,3.33,False
1999-04-08,1999.2658,371.95,3.9,False
1999-04-09,1999.2685,371.81,3.42,False
1999-04-10,1999.2712,372.39,3.68,True
1999-04-11,1999.274,372.28,3.17,False
1999-04-12,1999.2767,371.94,3.13,False
1999-04-13,1999.2795,371.45,2.64,False
1999-04-14,1999.2822,371.53,2.84,False
1999-04-15,1999.2849,371.36,2.61,False
1999-04-16,1999.2877,371.29,2.63,False
1999-04-17,1999.2904,371.86,,False
1999-04-18,1999.2932,371.35,3.44,False
1999-04-19,1999.2959,370.81,2.89,False
1999-04-20,1999.2986,371.09,3.47,False
1999-04-21,1999.3014,370.12,1.46,False
1999-04-22,1999.3041,369.57,0.9,False
1999-04-23,1999.3068,369.42,0.59,False
1999-04-24,1999.3096,370.81,2.0,False
1999-04-25,1999.3123,371.14,2.26,False
1999-04-26,1999.3151,371.31,2.3,False
1999-04-27,1999.3178,370.83,1.89,False
1999-04-28,1999.3205,370.46,0.29,False
1999-04-29,1999.3233,370.24,-0.11,False
1999-04-30,1999.326,370.61,1.02,False
1999-05-03,1999.3342,371.55,1.3,False
1999-05-04,1999.337,371.69,1.59,False
1999-05-05,1999.3397,371.87,1.92,False
1999-05-06,1999.3425,371.68,1.56,False
1999-05-07,1999.3452,371.58,1.63,False
1999-05-08,1999.3479,371.76,1.86,False
1999-05-09,1999.3507,371.47,2.72,False
1999-05-10,1999.3534,371.35,2.6,False
1999-05-11,1999.3562,371.3,3.69,False
1999-05-12,1999.3589,371.4,3.04,False
1999-05-13,1999.3616,371.0,2.41,False
1999-05-14,1999.3644,370.95,2.68,False
1999-05-15,1999.3671,371.19,2.91,False
1999-05-16,1999.3699,371.39,2.09,False
1999-05-17,1999.3726,371.5,2.25,False
1999-05-19,1999.3781,369.99,0.14,False
1999-05-20,1999.3808,370.3,-0.46,False
1999-05-22,1999.3863,370.52,0.68,False
1999-05-23,1999.389,370.11,0.3,False
1999-05-25,1999.3945,371.62,1.43,False
1999-05-26,1999.3973,370.24,0.21,False
1999-05-27,1999.4,372.25,2.08,False
1999-05-28,1999.4027,370.57,0.27,False
1999-05-29,1999.4055,370.52,0.33,False
1999-05-30,1999.4082,370.35,0.33,False
1999-05-31,1999.411,370.99,1.06,False
1999-06-01,1999.4137,370.92,1.07,False
1999-06-02,1999.4164,370.85,,False
1999-06-03,1999.4192,371.19,1.23,False
1999-06-04,1999.4219,371.2,1.74,False
1999-06-05,1999.4247,370.66,1.1,False
1999-06-06,1999.4274,370.86,1.18,False
1999-06-07,1999.4301,371.49,2.28,False
1999-06-09,1999.4356,369.71,0.45,False
1999-06-10,1999.4384,371.2,1.39,False
1999-06-11,1999.4411,370.0,0.79,False
1999-06-12,1999.4438,370.04,1.23,False
1999-06-13,1999.4466,370.34,0.83,False
1999-06-14,1999.4493,371.26,2.18,False
1999-06-15,1999.4521,370.92,2.0,False
1999-06-16,1999.4548,370.25,0.87,False
1999-06-17,1999.4575,370.56,1.58,False
1999-06-18,1999.4603,370.46,,False
1999-06-19,1999.463,370.27,1.65,False
1999-06-20,1999.4658,370.43,1.78,False
1999-06-22,1999.4712,369.43,0.41,False
1999-06-24,1999.4767,370.11,1.02,False
1999-06-25,1999.4795,370.12,1.31,False
1999-06-26,1999.4822,370.17,1.3,False
1999-06-27,1999.4849,370.2,1.57,False
1999-06-29,1999.4904,370.18,1.55,False
1999-06-30,1999.4932,370.05,1.47,False
1999-07-02,1999.4986,369.33,1.17,False
1999-07-04,1999.5041,369.15,,False
1999-07-05,1999.5068,369.49,1.66,False
1999-07-06,1999.5096,370.56,1.16,False
1999-07-08,1999.5151,370.82,,False
1999-07-09,1999.5178,370.58,2.47,False
1999-07-10,1999.5205,370.69,2.59,False
1999-07-11,1999.5233,370.3,0.86,False
1999-07-12,1999.526,370.69,1.36,False
1999-07-13,1999.5288,370.88,3.23,False
1999-07-14,1999.5315,369.98,1.93,False
1999-07-15,1999.5342,369.53,2.93,False
1999-07-16,1999.537,371.09,,False
1999-07-17,1999.5397,369.55,,False
1999-07-18,1999.5425,370.04,2.22,False
1999-07-19,1999.5452,369.19,0.68,False
1999-07-20,1999.5479,369.54,1.21,False
1999-07-21,1999.5507,368.96,1.1,False
1999-07-22,1999.5534,368.81,0.64,False
1999-07-23,1999.5562,369.19,,False
1999-07-24,1999.5589,368.99,0.91,False
1999-07-25,1999.5616,368.96,1.58,False
1999-07-26,1999.5644,368.41,1.77,False
1999-07-27,1999.5671,368.41,,False
1999-07-28,1999.5699,369.06,1.61,False
1999-07-29,1999.5726,368.27,1.03,False
1999-07-30,1999.5753,367.44,-0.14,False
1999-08-03,1999.5863,367.82,0.55,False
1999-08-04,1999.589,367.78,0.58,False
1999-08-05,1999.5918,367.49,0.39,False
1999-08-06,1999.5945,367.81,0.91,False
1999-08-07,1999.5973,368.37,1.5,False
1999-08-09,1999.6027,367.7,1.57,False
1999-08-10,1999.6055,367.78,1.32,False
1999-08-11,1999.6082,367.72,1.09,False
1999-08-12,1999.611,367.6,1.26,False
1999-08-13,1999.6137,367.11,0.67,False
1999-08-14,1999.6164,367.12,0.83,False
1999-08-15,1999.6192,366.9,0.54,False
1999-08-16,1999.6219,366.54,0.82,False
1999-08-17,1999.6247,367.06,1.58,False
1999-08-18,1999.6274,366.92,1.48,False
1999-08-19,1999.6301,366.53,0.99,False
1999-08-20,1999.6329,366.68,0.75,False
1999-08-21,1999.6356,366.63,0.68,False
1999-08-22,1999.6384,366.54,0.79,False
1999-08-23,1999.6411,366.41,1.05,False
1999-08-24,1999.6438,365.83,0.36,False
1999-08-25,1999.6466,366.18,0.54,False
1999-08-26,1999.6493,367.12,1.41,False
1999-08-30,1999.6603,366.69,,False
1999-08-31,1999.663,366.01,1.67,False
1999-09-01,1999.6658,366.47,1.38,False
1999-09-02,1999.6685,365.82,1.06,False
1999-09-03,1999.6712,363.36,-1.55,False
1999-09-04,1999.674,363.58,-1.72,False
1999-09-05,1999.6767,364.31,-0.61,False
1999-09-07,1999.6822,363.9,-0.6,False
1999-09-08,1999.6849,364.49,-0.6,False
1999-09-09,1999.6877,364.53,-0.25,False
1999-09-10,1999.6904,364.79,0.66,False
1999-09-11,1999.6932,364.86,0.03,False
1999-09-12,1999.6959,365.6,2.39,False
1999-09-13,1999.6986,364.91,1.42,False
1999-09-14,1999.7014,365.32,1.51,False
1999-09-16,1999.7068,364.94,1.07,False
1999-09-17,1999.7096,365.32,1.15,False
1999-09-18,1999.7123,365.76,1.95,False
1999-09-19,1999.7151,365.6,2.04,False
1999-09-20,1999.7178,365.38,1.92,False
1999-09-21,1999.7205,365.17,1.55,False
1999-09-22,1999.7233,365.62,2.15,False
1999-09-23,1999.726,364.97,1.55,False
1999-09-24,1999.7288,364.83,0.96,False
1999-09-25,1999.7315,364.82,1.03,False
1999-09-26,1999.7342,364.65,0.73,False
1999-09-27,1999.737,364.89,0.81,False
1999-09-28,1999.7397,364.9,,False
1999-09-29,1999.7425,364.73,0.66,False
1999-09-30,1999.7452,364.85,0.65,False
1999-10-01,1999.7479,364.77,0.92,False
1999-10-02,1999.7507,364.97,0.85,False
1999-10-03,1999.7534,364.81,-0.03,False
1999-10-04,1999.7562,364.94,0.48,False
1999-10-05,1999.7589,365.16,1.03,False
1999-10-06,1999.7616,365.73,1.41,False
1999-10-07,1999.7644,365.47,1.37,False
1999-10-08,1999.7671,365.45,1.47,False
1999-10-09,1999.7699,365.54,1.52,False
1999-10-10,1999.7726,365.09,0.45,False
1999-10-11,1999.7753,365.45,1.19,False
1999-10-12,1999.7781,365.73,1.23,False
1999-10-13,1999.7808,365.45,1.11,False
1999-10-14,1999.7836,365.24,0.85,False
1999-10-15,1999.7863,365.28,0.83,False
1999-10-16,1999.789,365.12,0.68,False
1999-10-17,1999.7918,365.28,0.59,False
1999-10-18,1999.7945,365.68,,False
1999-10-19,1999.7973,365.23,0.65,False
1999-10-20,1999.8,366.16,1.46,False
1999-10-21,1999.8027,365.83,1.49,False
1999-10-22,1999.8055,365.95,1.11,False
1999-10-23,1999.8082,366.11,1.35,False
1999-10-24,1999.811,366.15,1.34,False
1999-10-25,1999.8137,365.63,0.99,False
1999-10-26,1999.8164,365.41,0.84,False
1999-10-27,1999.8192,365.51,-0.08,False
1999-10-28,1999.8219,365.87,0.64,False
1999-10-29,1999.8247,365.96,1.04,False
1999-10-30,1999.8274,366.06,1.27,False
1999-10-31,1999.8301,366.04,1.22,False
1999-11-01,1999.8329,365.94,1.05,False
1999-11-02,1999.8356,366.06,0.84,False
1999-11-03,1999.8384,366.16,1.26,False
1999-11-04,1999.8411,366.41,1.37,False
1999-11-05,1999.8438,366.06,0.89,False
1999-11-06,1999.8466,366.25,1.12,False
1999-11-07,1999.8493,366.32,1.09,False
1999-11-08,1999.8521,366.95,1.67,False
1999-11-09,1999.8548,366.75,1.3,False
1999-11-10,1999.8575,366.42,0.81,False
1999-11-11,1999.8603,367.06,1.33,False
1999-11-12,1999.863,367.3,1.69,False
1999-11-13,1999.8658,366.81,,False
1999-11-14,1999.8685,366.7,,False
1999-11-15,1999.8712,367.16,,False
1999-11-16,1999.874,366.74,,False
1999-11-17,1999.8767,366.79,0.77,False
1999-11-18,1999.8795,367.16,1.19,False
1999-11-21,1999.8877,367.44,1.13,False
1999-11-22,1999.8904,367.19,1.1,False
1999-11-23,1999.8932,367.03,1.1,False
1999-11-24,1999.8959,366.91,,False
1999-11-25,1999.8986,367.63,1.67,False
1999-11-26,1999.9014,367.14,1.55,False
1999-11-27,1999.9041,367.32,1.22,False
1999-11-28,1999.9068,367.27,1.11,False
1999-11-29,1999.9096,367.59,1.25,False
1999-11-30,1999.9123,367.57,1.55,False
1999-12-01,1999.9151,368.08,1.52,False
1999-12-04,1999.9233,367.48,,False
1999-12-05,1999.926,367.47,,False
1999-12-06,1999.9288,368.09,,False
1999-12-07,1999.9315,367.82,,False
1999-12-08,1999.9342,367.91,1.12,False
1999-12-09,1999.937,368.33,1.69,False
1999-12-10,1999.9397,368.42,1.2,False
1999-12-11,1999.9425,368.16,0.94,False
1999-12-12,1999.9452,368.44,1.44,False
1999-12-13,1999.9479,368.3,1.44,False
1999-12-14,1999.9507,367.84,0.89,False
1999-12-15,1999.9534,367.95,0.56,False
1999-12-16,1999.9562,367.88,0.96,False
1999-12-17,1999.9589,367.88,-0.22,False
1999-12-19,1999.9644,368.21,0.53,False
1999-12-20,1999.9671,368.08,0.2,False
1999-12-21,1999.9699,368.57,1.28,False
1999-12-22,1999.9726,368.53,1.58,False
1999-12-23,1999.9753,368.63,1.15,False
1999-12-24,1999.9781,368.54,0.96,False
1999-12-26,1999.9836,368.12,0.72,False
1999-12-28,1999.989,368.95,0.83,False
1999-12-29,1999.9918,368.96,1.15,False
1999-12-30,1999.9945,369.21,1.61,False
1999-12-31,1999.9973,369.14,1.65,False
2000-01-01,2000.0,368.99,1.39,False
2000-01-02,2000.0027,368.98,1.02,False
2000-01-03,2000.0055,368.91,1.03,False
2000-01-04,2000.0082,368.98,0.6,False
2000-01-05,2000.0109,368.82,0.71,False
2000-01-06,2000.0137,368.62,0.74,False
2000-01-07,2000.0164,368.8,0.94,False
2000-01-08,2000.0191,369.15,1.3,False
2000-01-09,2000.0219,368.99,1.18,False
2000-01-10,2000.0246,368.95,-0.09,False
2000-01-11,2000.0273,369.12,0.65,False
2000-01-12,2000.0301,368.86,0.75,False
2000-01-13,2000.0328,369.3,1.32,False
2000-01-14,2000.0355,369.0,0.89,False
2000-01-15,2000.0383,368.98,0.89,False
2000-01-16,2000.041,370.18,2.09,False
2000-01-20,2000.0519,369.79,1.91,False
2000-01-21,2000.0546,369.99,2.05,False
2000-01-22,2000.0574,370.81,2.82,False
2000-01-23,2000.0601,370.03,1.92,False
2000-01-24,2000.0628,369.73,1.38,False
2000-01-27,2000.071,370.75,1.36,False
2000-01-28,2000.0738,370.79,1.39,False
2000-01-29,2000.0765,369.92,0.64,False
2000-01-30,2000.0792,369.5,,False
2000-01-31,2000.082,369.15,,False
2000-02-01,2000.0847,369.57,,False
2000-02-04,2000.0929,369.55,0.09,False
2000-02-05,2000.0956,369.3,0.18,False
2000-02-06,2000.0984,369.54,0.6,False
2000-02-10,2000.1093,369.68,0.37,False
2000-02-12,2000.1148,370.08,1.44,False
2000-02-14,2000.1202,369.98,0.26,False
2000-02-15,2000.123,369.98,,False
2000-02-17,2000.1284,369.68,1.05,False
2000-02-19,2000.1339,370.92,,False
2000-02-21,2000.1393,369.3,0.01,False
2000-02-22,2000.1421,369.17,-0.73,False
2000-02-23,2000.1448,369.06,-0.86,False
2000-02-24,2000.1475,369.17,0.25,False
2000-02-25,2000.1503,370.4,1.71,False
2000-02-26,2000.153,370.0,1.26,False
2000-02-27,2000.1557,370.43,,False
2000-02-28,2000.1585,369.66,,False
2000-02-29,2000.1612,370.02,,False
2000-03-01,2000.1639,369.9,,False
2000-03-02,2000.1667,370.11,1.62,False
2000-03-03,2000.1694,370.96,2.57,False
2000-03-04,2000.1721,370.82,,False
2000-03-05,2000.1749,371.45,3.77,False
2000-03-06,2000.1776,370.01,1.8,False
2000-03-07,2000.1803,369.8,1.34,False
2000-03-08,2000.1831,370.02,1.42,False
2000-03-09,2000.1858,369.74,0.1,False
2000-03-10,2000.1885,369.83,1.04,False
2000-03-11,2000.1913,370.8,1.83,False
2000-03-12,2000.194,370.44,-0.29,False
2000-03-13,2000.1967,370.6,0.03,False
2000-03-14,2000.1995,370.19,,False
2000-03-15,2000.2022,371.03,,False
2000-03-16,2000.2049,370.93,-0.74,False
2000-03-17,2000.2077,370.99,0.69,False
2000-03-18,2000.2104,371.45,1.5,False
2000-03-19,2000.2131,371.63,2.3,False
2000-03-20,2000.2158,371.2,0.75,False
2000-03-21,2000.2186,371.01,,False
2000-03-23,2000.224,370.87,-0.04,False
2000-03-24,2000.2268,371.11,0.65,False
2000-03-25,2000.2295,370.49,0.18,False
2000-03-26,2000.2322,371.23,0.94,False
2000-03-27,2000.235,371.38,-0.29,False
2000-03-28,2000.2377,371.34,-0.59,False
2000-03-29,2000.2404,370.95,1.38,False
2000-03-30,2000.2432,370.9,0.64,False
2000-03-31,2000.2459,371.17,0.15,False
2000-04-01,2000.2486,372.08,1.1,False
2000-04-02,2000.2514,370.81,-0.09,False
2000-04-03,2000.2541,371.64,0.51,False
2000-04-04,2000.2568,370.88,,False
2000-04-05,2000.2596,370.37,-1.82,False
2000-04-06,2000.2623,371.91,0.31,False
2000-04-07,2000.265,371.29,-0.14,False
2000-04-08,2000.2678,371.68,-0.27,False
2000-04-09,2000.2705,372.45,0.64,True
2000-04-10,2000.2732,371.78,-0.61,False
2000-04-12,2000.2787,371.65,-0.29,False
2000-04-13,2000.2814,372.23,0.78,False
2000-04-14,2000.2842,371.65,0.12,False
2000-04-15,2000.2869,373.28,1.92,True
2000-04-16,2000.2896,372.58,1.29,False
2000-04-17,2000.2923,372.42,0.56,False
2000-04-18,2000.2951,372.29,0.94,False
2000-04-20,2000.3005,373.51,2.42,True
2000-04-21,2000.3033,372.18,2.06,False
2000-04-22,2000.306,372.01,2.44,False
2000-04-23,2000.3087,372.14,2.72,False
2000-04-24,2000.3115,372.03,1.22,False
2000-04-25,2000.3142,372.09,0.95,False
2000-04-26,2000.3169,372.11,0.8,False
2000-04-27,2000.3197,372.13,1.3,False
2000-04-28,2000.3224,371.99,1.53,False
2000-04-30,2000.3279,371.86,1.25,False
2000-05-01,2000.3306,371.06,,False
2000-05-02,2000.3333,370.83,,False
2000-05-03,2000.3361,370.76,-0.79,False
2000-05-04,2000.3388,370.96,-0.73,False
2000-05-05,2000.3415,370.92,-0.95,False
2000-05-06,2000.3443,371.08,-0.6,False
2000-05-07,2000.347,372.36,0.78,False
2000-05-09,2000.3525,371.99,0.52,False
2000-05-10,2000.3552,372.1,0.75,False
2000-05-11,2000.3579,372.28,0.98,False
2000-05-12,2000.3607,371.94,0.54,False
2000-05-13,2000.3634,371.56,0.56,False
2000-05-14,2000.3661,371.52,0.57,False
2000-05-15,2000.3689,371.72,0.53,False
2000-05-16,2000.3716,371.54,0.15,False
2000-05-17,2000.3743,371.66,0.16,False
2000-05-18,2000.377,371.61,,False
2000-05-19,2000.3798,371.49,1.5,False
2000-05-20,2000.3825,372.14,1.84,False
2000-05-21,2000.3852,372.53,,False
2000-05-22,2000.388,372.41,1.89,False
2000-05-23,2000.3907,372.45,2.34,False
2000-05-24,2000.3934,372.43,,False
2000-05-25,2000.3962,371.91,0.29,False
2000-05-26,2000.3989,372.2,1.96,False
2000-05-27,2000.4016,371.75,-0.5,False
2000-05-28,2000.4044,371.43,0.86,False
2000-05-31,2000.4126,372.31,1.32,False
2000-06-01,2000.4153,372.26,1.34,False
2000-06-02,2000.418,372.17,1.32,False
2000-06-03,2000.4208,372.02,0.83,False
2000-06-05,2000.4262,372.43,1.77,False
2000-06-06,2000.429,372.24,1.38,False
2000-06-07,2000.4317,371.79,0.3,False
2000-06-08,2000.4344,371.82,,False
2000-06-09,2000.4372,372.05,2.34,False
2000-06-10,2000.4399,372.16,0.96,False
2000-06-11,2000.4426,371.29,1.29,False
2000-06-12,2000.4454,371.97,1.93,False
2000-06-13,2000.4481,371.75,1.41,False
2000-06-14,2000.4508,372.05,0.79,False
2000-06-15,2000.4536,371.87,0.95,False
2000-06-16,2000.4563,371.83,1.58,False
2000-06-17,2000.459,372.05,1.49,False
2000-06-18,2000.4617,372.25,1.79,False
2000-06-19,2000.4645,372.17,1.9,False
2000-06-20,2000.4672,371.92,1.49,False
2000-06-21,2000.4699,371.82,,False
2000-06-22,2000.4727,371.73,2.3,False
2000-06-24,2000.4781,371.81,1.7,False
2000-06-25,2000.4809,371.79,1.67,False
2000-06-26,2000.4836,371.48,1.31,False
2000-06-27,2000.4863,371.42,1.22,False
2000-06-28,2000.4891,371.29,,False
2000-06-29,2000.4918,371.44,1.26,False
2000-06-30,2000.4945,371.21,1.16,False
2000-07-01,2000.4973,371.22,,False
2000-07-02,2000.5,370.93,1.6,False
2000-07-04,2000.5055,370.28,1.13,False
2000-07-05,2000.5082,370.06,0.57,False
2000-07-06,2000.5109,370.47,-0.09,False
2000-07-07,2000.5137,369.97,,False
2000-07-08,2000.5164,370.6,-0.22,False
2000-07-09,2000.5191,370.07,-0.51,False
2000-07-10,2000.5219,370.4,-0.29,False
2000-07-11,2000.5246,370.19,-0.11,False
2000-07-12,2000.5273,370.52,-0.17,False
2000-07-13,2000.5301,370.44,-0.44,False
2000-07-14,2000.5328,370.37,0.39,False
2000-07-15,2000.5355,370.19,0.66,False
2000-07-16,2000.5383,370.27,-0.82,False
2000-07-17,2000.541,370.17,0.62,False
2000-07-19,2000.5464,370.13,0.94,False
2000-07-21,2000.5519,369.98,1.02,False
2000-07-22,2000.5546,369.95,1.14,False
2000-07-23,2000.5574,370.07,0.88,False
2000-07-27,2000.5683,369.22,0.81,False
2000-07-28,2000.571,369.08,0.02,False
2000-07-29,2000.5738,369.02,0.75,False
2000-07-30,2000.5765,369.04,1.6,False
2000-07-31,2000.5792,369.17,,False
2000-08-01,2000.582,369.48,,False
2000-08-02,2000.5847,369.34,,False
2000-08-03,2000.5874,369.22,1.4,False
2000-08-04,2000.5902,368.81,1.03,False
2000-08-05,2000.5929,368.49,1.0,False
2000-08-06,2000.5956,368.74,0.93,False
2000-08-07,2000.5984,368.64,0.27,False
2000-08-08,2000.6011,369.32,,False
2000-08-09,2000.6038,369.12,1.42,False
2000-08-10,2000.6066,368.66,0.88,False
2000-08-11,2000.6093,367.81,0.09,False
2000-08-12,2000.612,368.07,0.47,False
2000-08-13,2000.6148,368.59,1.48,False
2000-08-14,2000.6175,369.07,1.95,False
2000-08-15,2000.6202,368.61,1.71,False
2000-08-16,2000.623,368.87,2.33,False
2000-08-17,2000.6257,367.25,0.19,False
2000-08-18,2000.6284,368.16,1.24,False
2000-08-19,2000.6311,368.24,1.71,False
2000-08-22,2000.6393,368.31,1.77,False
2000-08-23,2000.6421,367.4,0.99,False
2000-08-24,2000.6448,367.39,1.56,False
2000-08-25,2000.6475,368.01,1.83,False
2000-08-26,2000.6503,367.28,0.16,False
2000-08-27,2000.653,367.69,,False
2000-08-30,2000.6612,367.57,0.88,False
2000-08-31,2000.6639,367.71,1.7,False
2000-09-01,2000.6667,367.89,1.42,False
2000-09-02,2000.6694,367.66,1.84,False
2000-09-03,2000.6721,367.5,4.14,False
2000-09-04,2000.6749,367.51,3.93,False
2000-09-05,2000.6776,367.88,3.57,False
2000-09-07,2000.6831,366.74,2.84,False
2000-09-08,2000.6858,367.18,2.69,False
2000-09-09,2000.6885,367.11,2.58,False
2000-09-10,2000.6913,366.45,1.66,False
2000-09-12,2000.6967,367.98,2.38,False
2000-09-13,2000.6995,367.89,2.98,False
2000-09-14,2000.7022,367.39,2.07,False
2000-09-15,2000.7049,367.18,,False
2000-09-16,2000.7077,367.09,2.15,False
2000-09-17,2000.7104,367.31,1.99,False
2000-09-18,2000.7131,367.01,1.25,False
2000-09-19,2000.7158,366.54,0.94,False
2000-09-20,2000.7186,366.65,1.27,False
2000-09-21,2000.7213,366.8,1.63,False
2000-09-22,2000.724,366.82,1.2,False
2000-09-23,2000.7268,366.91,1.94,False
2000-09-24,2000.7295,366.81,1.98,False
2000-09-25,2000.7322,366.61,1.79,False
2000-09-28,2000.7404,367.26,2.36,False
2000-09-29,2000.7432,366.76,2.03,False
2000-09-30,2000.7459,366.84,1.99,False
2000-10-01,2000.7486,366.86,2.09,False
2000-10-02,2000.7514,366.7,1.73,False
2000-10-03,2000.7541,366.78,1.97,False
2000-10-04,2000.7568,366.84,1.9,False
2000-10-05,2000.7596,367.05,1.89,False
2000-10-06,2000.7623,366.75,1.02,False
2000-10-07,2000.765,366.48,1.01,False
2000-10-08,2000.7678,366.37,0.92,False
2000-10-09,2000.7705,366.59,1.05,False
2000-10-10,2000.7732,366.81,1.72,False
2000-10-11,2000.776,366.84,1.39,False
2000-10-12,2000.7787,367.24,1.51,False
2000-10-13,2000.7814,367.11,1.66,False
2000-10-14,2000.7842,367.17,1.93,False
2000-10-15,2000.7869,367.33,2.05,False
2000-10-17,2000.7923,367.13,1.85,False
2000-10-18,2000.7951,366.51,0.83,False
2000-10-19,2000.7978,367.37,2.14,False
2000-10-20,2000.8005,367.48,1.32,False
2000-10-21,2000.8033,366.99,1.16,False
2000-10-22,2000.806,367.4,1.45,False
2000-10-23,2000.8087,367.49,1.38,False
2000-10-24,2000.8115,366.91,0.76,False
2000-10-25,2000.8142,368.03,2.4,False
2000-10-26,2000.8169,367.79,2.38,False
2000-10-27,2000.8197,367.97,2.46,False
2000-10-28,2000.8224,367.75,1.88,False
2000-10-29,2000.8251,367.79,1.83,False
2000-10-30,2000.8279,367.92,1.86,False
2000-10-31,2000.8306,367.86,1.82,False
2000-11-01,2000.8333,367.87,1.93,False
2000-11-02,2000.8361,368.23,2.17,False
2000-11-03,2000.8388,368.15,1.99,False
2000-11-04,2000.8415,368.17,1.76,False
2000-11-05,2000.8443,368.12,2.06,False
2000-11-07,2000.8497,368.24,1.92,False
2000-11-08,2000.8525,368.13,1.18,False
2000-11-10,2000.8579,368.39,1.97,False
2000-11-11,2000.8607,368.12,1.06,False
2000-11-12,2000.8634,368.45,1.15,False
2000-11-13,2000.8661,368.43,1.62,False
2000-11-14,2000.8689,369.0,2.3,False
2000-11-15,2000.8716,368.73,1.57,False
2000-11-16,2000.8743,369.32,2.58,False
2000-11-17,2000.877,368.58,1.79,False
2000-11-18,2000.8798,368.75,1.59,False
2000-11-19,2000.8825,368.92,,False
2000-11-23,2000.8934,368.5,1.47,False
2000-11-24,2000.8962,368.45,1.54,False
2000-11-25,2000.8989,368.68,1.05,False
2000-11-26,2000.9016,368.47,1.33,False
2000-11-27,2000.9044,368.85,1.53,False
2000-11-28,2000.9071,368.81,1.54,False
2000-11-29,2000.9098,368.98,1.39,False
2000-11-30,2000.9126,368.87,1.3,False
2000-12-02,2000.918,369.15,,False
2000-12-03,2000.9208,370.74,,False
2000-12-04,2000.9235,369.68,2.2,False
2000-12-05,2000.9262,369.54,2.07,False
2000-12-06,2000.929,369.28,1.19,False
2000-12-07,2000.9317,369.25,1.43,False
2000-12-08,2000.9344,370.21,2.3,False
2000-12-09,2000.9372,370.19,1.86,False
2000-12-10,2000.9399,370.55,2.13,False
2000-12-11,2000.9426,369.87,1.71,False
2000-12-12,2000.9454,369.82,1.38,False
2000-12-13,2000.9481,369.5,1.2,False
2000-12-14,2000.9508,369.65,1.81,False
2000-12-15,2000.9536,369.72,1.77,False
2000-12-16,2000.9563,369.67,1.79,False
2000-12-17,2000.959,369.72,1.84,False
2000-12-18,2000.9617,369.65,,False
2000-12-19,2000.9645,369.77,1.56,False
2000-12-20,2000.9672,369.68,1.6,False
2000-12-21,2000.9699,369.98,1.41,False
2000-12-22,2000.9727,369.94,1.41,False
2000-12-23,2000.9754,369.94,1.31,False
2000-12-24,2000.9781,369.99,1.45,False
2000-12-25,2000.9809,369.88,,False
2000-12-26,2000.9836,370.06,1.94,False
2000-12-27,2000.9863,370.14,,False
2000-12-28,2000.9891,369.8,0.85,False
2000-12-29,2000.9918,370.33,1.37,False
2000-12-30,2000.9945,369.94,0.73,False
2000-12-31,2000.9973,369.91,0.77,False
2001-01-01,2001.0,369.96,0.97,False
2001-01-02,2001.0027,370.3,1.32,False
2001-01-03,2001.0055,370.99,2.08,False
2001-01-04,2001.0082,370.49,1.51,False
2001-01-05,2001.011,370.21,1.39,False
2001-01-06,2001.0137,370.53,1.91,False
2001-01-07,2001.0164,370.3,1.5,False
2001-01-08,2001.0192,370.32,1.17,False
2001-01-09,2001.0219,370.27,1.28,False
2001-01-10,2001.0247,370.33,1.38,False
2001-01-11,2001.0274,370.42,1.3,False
2001-01-12,2001.0301,370.34,1.48,False
2001-01-13,2001.0329,371.26,1.96,False
2001-01-14,2001.0356,371.72,2.72,False
2001-01-15,2001.0384,370.5,1.52,False
2001-01-17,2001.0438,370.59,,False
2001-01-18,2001.0466,370.82,,False
2001-01-19,2001.0493,371.15,,False
2001-01-20,2001.0521,370.28,0.49,False
2001-01-21,2001.0548,370.3,0.31,False
2001-01-22,2001.0575,370.38,-0.43,False
2001-01-23,2001.0603,370.1,0.07,False
2001-01-24,2001.063,370.11,0.38,False
2001-01-25,2001.0658,370.1,,False
2001-01-26,2001.0685,372.36,,False
2001-01-27,2001.0712,371.48,0.73,False
2001-01-28,2001.074,371.7,0.91,False
2001-01-29,2001.0767,371.44,1.52,False
2001-01-30,2001.0795,371.95,2.45,False
2001-01-31,2001.0822,371.96,2.81,False
2001-02-01,2001.0849,371.37,1.8,False
2001-02-02,2001.0877,371.13,,False
2001-02-03,2001.0904,371.19,,False
2001-02-04,2001.0932,372.69,3.14,False
2001-02-06,2001.0986,372.56,3.02,False
2001-02-07,2001.1014,372.16,,False
2001-02-08,2001.1041,371.65,,False
2001-02-09,2001.1068,370.69,,False
2001-02-10,2001.1096,370.79,1.11,False
2001-02-12,2001.1151,371.81,1.73,False
2001-02-13,2001.1178,371.72,,False
2001-02-14,2001.1205,372.14,2.16,False
2001-02-15,2001.1233,372.23,2.25,False
2001-02-16,2001.126,372.3,,False
2001-02-17,2001.1288,372.65,2.97,False
2001-02-18,2001.1315,371.84,,False
2001-02-19,2001.1342,371.81,0.89,False
2001-02-20,2001.137,371.52,,False
2001-02-21,2001.1397,371.33,2.03,False
2001-02-22,2001.1425,371.73,2.56,False
2001-02-23,2001.1452,371.76,2.7,False
2001-02-24,2001.1479,371.61,2.44,False
2001-02-25,2001.1507,371.08,0.68,False
2001-02-26,2001.1534,370.93,0.93,False
2001-02-27,2001.1562,371.29,0.86,False
2001-02-28,2001.1589,372.23,2.57,False
2001-03-01,2001.1616,372.01,2.11,False
2001-03-02,2001.1644,372.53,2.42,False
2001-03-03,2001.1671,373.25,2.29,False
2001-03-05,2001.1726,372.74,1.29,False
2001-03-06,2001.1753,372.23,2.22,False
2001-03-07,2001.1781,371.74,1.94,False
2001-03-08,2001.1808,372.61,2.59,False
2001-03-10,2001.1863,372.53,2.7,False
2001-03-11,2001.189,372.68,1.88,False
2001-03-12,2001.1918,372.28,1.84,False
2001-03-13,2001.1945,372.49,1.89,False
2001-03-14,2001.1973,373.03,2.84,False
2001-03-15,2001.2,373.12,2.09,False
2001-03-16,2001.2027,372.71,1.78,False
2001-03-17,2001.2055,372.35,1.36,False
2001-03-18,2001.2082,372.92,1.47,False
2001-03-19,2001.211,372.98,1.35,False
2001-03-20,2001.2137,372.61,1.41,False
2001-03-21,2001.2164,372.65,1.64,False
2001-03-22,2001.2192,372.57,,False
2001-03-23,2001.2219,372.73,1.86,False
2001-03-24,2001.2247,372.59,1.48,False
2001-03-25,2001.2274,372.9,2.41,False
2001-03-26,2001.2301,372.5,1.27,False
2001-03-27,2001.2329,371.25,-0.13,False
2001-03-29,2001.2384,373.02,2.07,False
2001-03-31,2001.2438,373.21,2.04,False
2001-04-01,2001.2466,372.67,0.59,False
2001-04-02,2001.2493,372.27,1.46,False
2001-04-03,2001.2521,372.54,0.9,False
2001-04-04,2001.2548,372.68,1.8,False
2001-04-05,2001.2575,372.86,2.49,False
2001-04-06,2001.2603,372.85,0.94,False
2001-04-07,2001.263,372.57,1.28,False
2001-04-08,2001.2658,372.78,1.1,False
2001-04-09,2001.2685,373.04,0.59,False
2001-04-10,2001.2712,373.97,2.19,True
2001-04-11,2001.274,375.55,,True
2001-04-12,2001.2767,374.25,2.6,False
2001-04-13,2001.2795,373.66,1.43,False
2001-04-14,2001.2822,373.28,1.63,False
2001-04-15,2001.2849,373.52,0.24,False
2001-04-16,2001.2877,373.84,1.26,False
2001-04-17,2001.2904,373.69,1.27,False
2001-04-18,2001.2932,373.75,1.46,False
2001-04-19,2001.2959,374.1,,False
2001-04-20,2001.2986,374.17,0.66,False
2001-04-21,2001.3014,374.21,2.03,False
2001-04-22,2001.3041,374.06,2.05,False
2001-04-23,2001.3068,373.64,1.5,False
2001-04-24,2001.3096,373.59,1.56,False
2001-04-25,2001.3123,374.09,2.0,False
2001-04-26,2001.3151,373.79,1.68,False
2001-04-27,2001.3178,373.59,1.46,False
2001-04-28,2001.3205,373.77,1.78,False
2001-04-30,2001.326,373.82,1.96,False
2001-05-01,2001.3288,372.69,1.63,False
2001-05-02,2001.3315,374.33,3.5,False
2001-05-03,2001.3342,373.94,3.18,False
2001-05-04,2001.337,373.87,2.91,False
2001-05-08,2001.3479,374.07,,False
2001-05-09,2001.3507,374.11,2.12,False
2001-05-10,2001.3534,374.02,1.92,False
2001-05-11,2001.3562,374.27,1.99,False
2001-05-15,2001.3671,374.23,2.51,False
2001-05-16,2001.3699,373.18,1.64,False
2001-05-17,2001.3726,373.99,2.33,False
2001-05-18,2001.3753,374.12,2.51,False
2001-05-20,2001.3808,373.7,1.56,False
2001-05-21,2001.3836,373.75,1.22,False
2001-05-22,2001.3863,374.24,1.83,False
2001-05-23,2001.389,374.43,1.98,False
2001-05-24,2001.3918,374.08,1.65,False
2001-05-25,2001.3945,373.99,2.08,False
2001-05-26,2001.3973,374.43,2.23,False
2001-05-27,2001.4,374.24,2.49,False
2001-05-28,2001.4027,374.41,2.98,False
2001-05-29,2001.4055,374.42,,False
2001-05-30,2001.4082,374.07,,False
2001-05-31,2001.411,374.04,1.73,False
2001-06-01,2001.4137,373.45,1.19,False
2001-06-02,2001.4164,373.86,1.69,False
2001-06-05,2001.4247,374.08,1.65,False
2001-06-06,2001.4274,374.34,2.1,False
2001-06-07,2001.4301,373.39,1.6,False
2001-06-08,2001.4329,373.31,1.49,False
2001-06-09,2001.4356,373.13,1.08,False
2001-06-10,2001.4384,373.18,1.02,False
2001-06-11,2001.4411,373.71,2.42,False
2001-06-12,2001.4438,373.2,1.23,False
2001-06-13,2001.4466,373.04,1.29,False
2001-06-16,2001.4548,373.04,1.21,False
2001-06-17,2001.4575,372.97,0.92,False
2001-06-18,2001.4603,372.87,0.62,False
2001-06-19,2001.463,373.73,1.56,False
2001-06-20,2001.4658,373.52,1.6,False
2001-06-21,2001.4685,373.31,1.49,False
2001-06-22,2001.4712,373.43,1.7,False
2001-06-23,2001.474,373.24,,False
2001-06-24,2001.4767,373.42,1.61,False
2001-06-25,2001.4795,373.2,1.41,False
2001-06-26,2001.4822,373.23,1.75,False
2001-06-27,2001.4849,373.3,1.88,False
2001-06-28,2001.4877,373.31,2.02,False
2001-06-29,2001.4904,373.1,1.66,False
2001-06-30,2001.4932,372.83,1.62,False
2001-07-01,2001.4959,372.82,1.6,False
2001-07-02,2001.4986,372.89,1.96,False
2001-07-03,2001.5014,372.89,,False
2001-07-04,2001.5041,372.78,2.5,False
2001-07-05,2001.5068,372.88,2.82,False
2001-07-06,2001.5096,372.53,2.06,False
2001-07-07,2001.5123,371.84,1.87,False
2001-07-09,2001.5178,371.85,1.78,False
2001-07-11,2001.5233,371.15,0.96,False
2001-07-12,2001.526,371.26,0.74,False
2001-07-13,2001.5288,371.8,1.36,False
2001-07-15,2001.5342,371.98,1.79,False
2001-07-16,2001.537,372.09,1.82,False
2001-07-17,2001.5397,372.23,2.06,False
2001-07-18,2001.5425,371.24,,False
2001-07-19,2001.5452,369.38,-0.75,False
2001-07-20,2001.5479,371.84,,False
2001-07-21,2001.5507,371.58,1.6,False
2001-07-24,2001.5589,370.74,,False
2001-07-25,2001.5616,371.71,,False
2001-07-26,2001.5644,370.42,,False
2001-07-27,2001.5671,370.95,1.73,False
2001-07-28,2001.5699,371.4,2.32,False
2001-07-29,2001.5726,371.25,2.23,False
2001-07-30,2001.5753,371.38,2.34,False
2001-08-04,2001.589,370.55,1.74,False
2001-08-05,2001.5918,370.63,2.14,False
2001-08-06,2001.5945,370.67,1.93,False
2001-08-07,2001.5973,369.63,0.99,False
2001-08-08,2001.6,369.93,0.61,False
2001-08-09,2001.6027,370.14,1.02,False
2001-08-10,2001.6055,370.1,1.44,False
2001-08-11,2001.6082,369.54,1.73,False
2001-08-12,2001.611,369.08,1.01,False
2001-08-13,2001.6137,367.47,-1.12,False
2001-08-15,2001.6192,370.2,1.59,False
2001-08-16,2001.6219,369.94,1.07,False
2001-08-17,2001.6247,369.6,2.35,False
2001-08-18,2001.6274,369.89,1.73,False
2001-08-19,2001.6301,369.27,1.03,False
2001-08-20,2001.6329,369.54,,False
2001-08-21,2001.6356,369.4,,False
2001-08-22,2001.6384,369.55,1.24,False
2001-08-23,2001.6411,369.0,1.6,False
2001-08-24,2001.6438,369.87,2.48,False
2001-08-25,2001.6466,369.75,1.74,False
2001-08-26,2001.6493,369.89,2.61,False
2001-08-27,2001.6521,369.38,1.69,False
2001-08-28,2001.6548,369.65,,False
2001-08-29,2001.6575,369.44,,False
2001-08-30,2001.6603,369.23,1.66,False
2001-08-31,2001.663,369.5,1.79,False
2001-09-01,2001.6658,369.07,1.18,False
2001-09-02,2001.6685,369.37,1.71,False
2001-09-03,2001.6712,369.0,1.5,False
2001-09-04,2001.674,368.36,0.85,False
2001-09-05,2001.6767,368.42,0.54,False
2001-09-06,2001.6795,368.49,,False
2001-09-07,2001.6822,367.12,0.38,False
2001-09-08,2001.6849,368.71,1.53,False
2001-09-10,2001.6904,368.63,2.18,False
2001-09-11,2001.6932,368.59,,False
2001-09-12,2001.6959,369.14,1.16,False
2001-09-13,2001.6986,368.44,0.55,False
2001-09-14,2001.7014,368.4,1.01,False
2001-09-15,2001.7041,369.1,1.92,False
2001-09-16,2001.7068,368.97,1.88,False
2001-09-17,2001.7096,368.61,1.3,False
2001-09-18,2001.7123,368.04,1.03,False
2001-09-19,2001.7151,367.9,1.36,False
2001-09-20,2001.7178,367.99,1.34,False
2001-09-21,2001.7205,367.96,1.16,False
2001-09-22,2001.7233,367.99,1.17,False
2001-09-23,2001.726,368.59,1.68,False
2001-09-24,2001.7288,368.67,1.86,False
2001-09-25,2001.7315,367.54,0.93,False
2001-09-26,2001.7342,367.44,,False
2001-09-27,2001.737,367.54,,False
2001-09-28,2001.7397,368.03,0.77,False
2001-09-30,2001.7452,367.69,0.85,False
2001-10-01,2001.7479,367.99,1.13,False
2001-10-02,2001.7507,368.12,1.42,False
2001-10-03,2001.7534,368.33,1.55,False
2001-10-04,2001.7562,368.27,1.43,False
2001-10-05,2001.7589,368.4,1.35,False
2001-10-06,2001.7616,368.64,1.89,False
2001-10-07,2001.7644,368.34,1.86,False
2001-10-08,2001.7671,368.49,2.12,False
2001-10-09,2001.7699,368.52,1.93,False
2001-10-10,2001.7726,368.26,1.45,False
2001-10-11,2001.7753,368.26,1.42,False
2001-10-12,2001.7781,368.65,1.41,False
2001-10-13,2001.7808,368.69,1.58,False
2001-10-14,2001.7836,368.01,0.84,False
2001-10-15,2001.7863,367.73,0.4,False
2001-10-16,2001.789,367.6,,False
2001-10-17,2001.7918,369.22,2.09,False
2001-10-18,2001.7945,368.59,2.08,False
2001-10-19,2001.7973,368.35,0.98,False
2001-10-20,2001.8,368.8,1.32,False
2001-10-21,2001.8027,368.7,1.71,False
2001-10-22,2001.8055,368.7,1.3,False
2001-10-23,2001.8082,368.66,1.17,False
2001-10-24,2001.811,368.97,2.06,False
2001-10-25,2001.8137,369.34,1.31,False
2001-10-26,2001.8164,368.72,0.93,False
2001-10-27,2001.8192,369.01,1.04,False
2001-10-28,2001.8219,369.42,1.67,False
2001-10-29,2001.8247,369.36,1.57,False
2001-10-30,2001.8274,369.45,1.53,False
2001-10-31,2001.8301,369.34,1.48,False
2001-11-01,2001.8329,369.34,1.47,False
2001-11-02,2001.8356,369.02,0.79,False
2001-11-03,2001.8384,369.13,0.98,False
2001-11-04,2001.8411,369.2,1.03,False
2001-11-05,2001.8438,369.47,1.35,False
2001-11-06,2001.8466,369.31,,False
2001-11-07,2001.8493,369.21,0.97,False
2001-11-08,2001.8521,369.24,1.11,False
2001-11-09,2001.8548,369.28,,False
2001-11-15,2001.8712,369.99,1.26,False
2001-11-16,2001.874,369.88,0.56,False
2001-11-17,2001.8767,370.16,1.58,False
2001-11-18,2001.8795,370.1,1.35,False
2001-11-20,2001.8849,370.24,,False
2001-11-21,2001.8877,370.68,,False
2001-11-22,2001.8904,370.8,,False
2001-11-23,2001.8932,370.06,1.56,False
2001-11-24,2001.8959,370.49,2.04,False
2001-11-25,2001.8986,370.74,2.06,False
2001-11-26,2001.9014,370.59,2.12,False
2001-11-27,2001.9041,370.69,1.84,False
2001-11-28,2001.9068,370.78,1.97,False
2001-11-29,2001.9096,370.39,1.41,False
2001-11-30,2001.9123,370.38,1.51,False
2001-12-01,2001.9151,370.71,,False
2001-12-02,2001.9178,370.87,1.72,False
2001-12-03,2001.9205,371.07,0.33,False
2001-12-04,2001.9233,370.65,0.97,False
2001-12-05,2001.926,370.81,1.27,False
2001-12-06,2001.9288,371.31,2.03,False
2001-12-07,2001.9315,371.11,1.86,False
2001-12-08,2001.9342,370.92,0.71,False
2001-12-09,2001.937,370.81,0.62,False
2001-12-10,2001.9397,370.84,0.29,False
2001-12-11,2001.9425,371.23,1.36,False
2001-12-12,2001.9452,372.49,2.67,False
2001-12-13,2001.9479,371.73,2.23,False
2001-12-15,2001.9534,371.31,1.59,False
2001-12-16,2001.9562,371.44,1.77,False
2001-12-17,2001.9589,371.43,1.71,False
2001-12-18,2001.9616,371.24,1.59,False
2001-12-19,2001.9644,371.2,1.43,False
2001-12-20,2001.9671,371.54,1.86,False
2001-12-21,2001.9699,371.52,1.54,False
2001-12-22,2001.9726,371.68,1.74,False
2001-12-23,2001.9753,371.56,1.62,False
2001-12-25,2001.9808,371.75,1.87,False
2001-12-26,2001.9836,371.43,1.37,False
2001-12-27,2001.9863,373.09,2.95,False
2001-12-28,2001.989,371.8,2.0,False
2001-12-29,2001.9918,371.58,1.25,False
2001-12-30,2001.9945,371.76,1.82,False
2001-12-31,2001.9973,371.97,2.06,False
2002-01-01,2002.0,373.49,3.53,False
2002-01-02,2002.0027,371.92,1.62,False
2002-01-03,2002.0055,372.3,1.31,False
2002-01-04,2002.0082,372.93,2.44,False
2002-01-05,2002.011,372.27,2.06,False
2002-01-06,2002.0137,372.4,1.87,False
2002-01-07,2002.0164,372.12,1.82,False
2002-01-08,2002.0192,372.07,1.75,False
2002-01-09,2002.0219,371.98,1.71,False
2002-01-10,2002.0247,372.14,1.81,False
2002-01-11,2002.0274,372.97,2.55,False
2002-01-12,2002.0301,372.97,2.63,False
2002-01-13,2002.0329,372.78,1.52,False
2002-01-14,2002.0356,372.65,0.93,False
2002-01-15,2002.0384,372.35,1.85,False
2002-01-16,2002.0411,372.58,,False
2002-01-17,2002.0438,372.46,1.87,False
2002-01-18,2002.0466,374.08,3.26,False
2002-01-19,2002.0493,373.47,2.32,False
2002-01-20,2002.0521,373.21,2.93,False
2002-01-21,2002.0548,373.19,2.89,False
2002-01-22,2002.0575,372.88,2.5,False
2002-01-23,2002.0603,372.85,2.75,False
2002-01-24,2002.063,372.73,2.62,False
2002-01-25,2002.0658,372.14,2.04,False
2002-01-26,2002.0685,372.28,-0.08,False
2002-01-29,2002.0767,373.2,1.76,False
2002-01-30,2002.0795,372.41,0.46,False
2002-02-01,2002.0849,373.21,1.84,False
2002-02-02,2002.0877,373.13,2.0,False
2002-02-03,2002.0904,372.68,1.49,False
2002-02-04,2002.0932,373.3,0.61,False
2002-02-05,2002.0959,374.4,,False
2002-02-06,2002.0986,372.48,-0.08,False
2002-02-07,2002.1014,372.49,0.33,False
2002-02-08,2002.1041,372.62,0.97,False
2002-02-09,2002.1068,373.92,3.23,False
2002-02-10,2002.1096,374.33,3.54,False
2002-02-11,2002.1123,373.35,,False
2002-02-12,2002.1151,373.19,1.38,False
2002-02-13,2002.1178,373.11,1.39,False
2002-02-14,2002.1205,372.76,0.62,False
2002-02-15,2002.1233,372.68,0.45,False
2002-02-16,2002.126,372.81,0.51,False
2002-02-17,2002.1288,373.11,0.46,False
2002-02-18,2002.1315,373.05,1.21,False
2002-02-19,2002.1342,372.81,1.0,False
2002-02-20,2002.137,372.77,1.25,False
2002-02-21,2002.1397,374.63,3.3,False
2002-02-22,2002.1425,373.38,1.65,False
2002-02-23,2002.1452,373.04,1.28,False
2002-02-24,2002.1479,373.05,1.44,False
2002-02-25,2002.1507,373.93,2.85,False
2002-02-26,2002.1534,374.39,3.46,False
2002-02-27,2002.1562,374.75,3.46,False
2002-02-28,2002.1589,375.01,2.78,False
2002-03-01,2002.1616,373.36,1.35,False
2002-03-02,2002.1644,372.9,0.37,False
2002-03-03,2002.1671,375.38,2.13,False
2002-03-05,2002.1726,374.14,1.4,False
2002-03-06,2002.1753,373.35,1.12,False
2002-03-07,2002.1781,373.67,1.93,False
2002-03-08,2002.1808,374.12,1.51,False
2002-03-09,2002.1836,373.68,,False
2002-03-10,2002.1863,374.79,2.26,False
2002-03-11,2002.189,374.48,1.8,False
2002-03-12,2002.1918,374.32,2.04,False
2002-03-13,2002.1945,374.25,1.76,False
2002-03-14,2002.1973,374.25,1.22,False
2002-03-15,2002.2,374.21,1.09,False
2002-03-16,2002.2027,373.85,1.14,False
2002-03-17,2002.2055,374.2,1.85,False
2002-03-18,2002.2082,375.75,2.83,True
2002-03-20,2002.2137,374.12,1.51,False
2002-03-21,2002.2164,374.74,2.09,False
2002-03-22,2002.2192,375.24,2.67,False
2002-03-28,2002.2356,374.58,,False
2002-03-29,2002.2384,374.02,1.0,False
2002-03-30,2002.2411,374.76,,False
2002-03-31,2002.2438,373.71,0.5,False
2002-04-01,2002.2466,373.7,1.03,False
2002-04-02,2002.2493,373.55,1.28,False
2002-04-03,2002.2521,374.83,2.29,False
2002-04-04,2002.2548,375.56,2.88,False
2002-04-05,2002.2575,375.28,2.42,False
2002-04-06,2002.2603,374.41,1.56,False
2002-04-07,2002.263,375.51,2.94,False
2002-04-08,2002.2658,375.05,2.27,False
2002-04-09,2002.2685,374.95,1.91,False
2002-04-10,2002.2712,374.74,0.77,False
2002-04-11,2002.274,374.29,-1.26,False
2002-04-12,2002.2767,374.13,-0.12,False
2002-04-13,2002.2795,374.2,0.54,False
2002-04-14,2002.2822,375.57,2.29,False
2002-04-15,2002.2849,375.47,1.95,False
2002-04-16,2002.2877,375.0,1.16,False
2002-04-17,2002.2904,375.35,1.66,False
2002-04-19,2002.2959,375.67,1.57,False
2002-04-20,2002.2986,375.35,1.18,False
2002-04-21,2002.3014,375.65,1.44,False
2002-04-22,2002.3041,375.18,1.12,False
2002-04-23,2002.3068,375.11,1.47,False
2002-04-24,2002.3096,375.27,1.68,False
2002-04-25,2002.3123,375.94,1.85,True
2002-04-26,2002.3151,376.03,2.24,True
2002-04-27,2002.3178,375.93,2.34,False
2002-04-28,2002.3205,376.17,2.4,True
2002-04-29,2002.3233,376.15,,False
2002-04-30,2002.326,376.36,2.54,True
2002-05-01,2002.3288,376.23,3.54,False
2002-05-02,2002.3315,376.41,2.08,True
2002-05-03,2002.3342,376.35,2.41,False
2002-05-04,2002.337,375.91,2.04,False
2002-05-05,2002.3397,375.61,,False
2002-05-06,2002.3425,376.01,,False
2002-05-07,2002.3452,376.41,,False
2002-05-08,2002.3479,376.49,2.42,True
2002-05-09,2002.3507,375.15,1.04,False
2002-05-10,2002.3534,374.9,0.88,False
2002-05-12,2002.3589,374.8,,False
2002-05-13,2002.3616,375.08,,False
2002-05-14,2002.3644,375.58,,False
2002-05-15,2002.3671,375.04,0.81,False
2002-05-16,2002.3699,375.16,1.98,False
2002-05-17,2002.3726,375.75,1.76,False
2002-05-19,2002.3781,376.19,,False
2002-05-20,2002.3808,375.27,1.57,False
2002-05-21,2002.3836,376.1,2.35,False
2002-05-22,2002.3863,376.26,2.02,False
2002-05-23,2002.389,376.31,1.88,False
2002-05-24,2002.3918,376.29,2.21,False
2002-05-25,2002.3945,376.25,2.26,False
2002-05-26,2002.3973,376.09,1.66,False
2002-05-27,2002.4,376.75,2.51,True
2002-05-28,2002.4027,376.28,1.87,False
2002-05-29,2002.4055,376.31,1.89,False
2002-05-30,2002.4082,376.37,2.3,False
2002-05-31,2002.411,376.69,2.65,False
2002-06-01,2002.4137,376.39,2.94,False
2002-06-02,2002.4164,376.11,2.25,False
2002-06-03,2002.4192,375.84,,False
2002-06-04,2002.4219,375.84,,False
2002-06-05,2002.4247,376.15,2.07,False
2002-06-06,2002.4274,376.3,1.96,False
2002-06-07,2002.4301,376.17,2.78,False
2002-06-08,2002.4329,376.08,2.77,False
2002-06-09,2002.4356,375.81,2.68,False
2002-06-10,2002.4384,375.82,2.64,False
2002-06-11,2002.4411,375.4,1.69,False
2002-06-12,2002.4438,375.63,2.43,False
2002-06-13,2002.4466,375.75,2.71,False
2002-06-14,2002.4493,375.6,,False
2002-06-15,2002.4521,375.32,,False
2002-06-16,2002.4548,375.53,2.49,False
2002-06-17,2002.4575,375.68,2.71,False
2002-06-18,2002.4603,375.17,2.3,False
2002-06-19,2002.463,375.37,1.64,False
2002-06-20,2002.4658,375.23,1.71,False
2002-06-23,2002.474,376.41,3.17,False
2002-06-24,2002.4767,376.69,3.27,False
2002-06-25,2002.4795,376.54,3.34,False
2002-06-26,2002.4822,375.12,1.89,False
2002-06-27,2002.4849,374.86,1.56,False
2002-06-28,2002.4877,375.03,1.72,False
2002-06-29,2002.4904,374.94,1.84,False
2002-06-30,2002.4932,375.0,2.17,False
2002-07-01,2002.4959,374.73,1.91,False
2002-07-02,2002.4986,375.33,2.44,False
2002-07-03,2002.5014,374.74,1.85,False
2002-07-04,2002.5041,374.96,2.18,False
2002-07-05,2002.5068,375.03,2.15,False
2002-07-06,2002.5096,375.11,2.58,False
2002-07-07,2002.5123,374.94,3.1,False
2002-07-08,2002.5151,375.13,,False
2002-07-09,2002.5178,374.71,2.86,False
2002-07-10,2002.5205,374.11,,False
2002-07-11,2002.5233,374.24,3.09,False
2002-07-12,2002.526,374.61,3.35,False
2002-07-13,2002.5288,374.7,2.9,False
2002-07-16,2002.537,374.12,2.03,False
2002-07-18,2002.5425,374.04,2.8,False
2002-07-19,2002.5452,374.02,4.64,False
2002-07-20,2002.5479,374.17,2.33,False
2002-07-21,2002.5507,374.11,2.53,False
2002-07-22,2002.5534,374.01,,False
2002-07-23,2002.5562,374.02,,False
2002-07-24,2002.5589,373.81,3.07,False
2002-07-27,2002.5671,371.58,0.63,False
2002-07-29,2002.5726,372.75,1.5,False
2002-07-30,2002.5753,373.65,2.27,False
2002-07-31,2002.5781,373.46,,False
2002-08-01,2002.5808,373.68,,False
2002-08-02,2002.5836,374.12,,False
2002-08-03,2002.5863,373.31,,False
2002-08-04,2002.589,373.62,3.07,False
2002-08-05,2002.5918,373.11,2.48,False
2002-08-06,2002.5945,372.7,2.03,False
2002-08-07,2002.5973,372.36,2.73,False
2002-08-09,2002.6027,371.92,1.78,False
2002-08-10,2002.6055,372.79,2.69,False
2002-08-11,2002.6082,372.81,3.27,False
2002-08-13,2002.6137,371.89,4.42,False
2002-08-14,2002.6164,371.98,,False
2002-08-15,2002.6192,371.97,1.77,False
2002-08-16,2002.6219,372.62,2.68,False
2002-08-17,2002.6247,370.62,1.02,False
2002-08-18,2002.6274,370.73,0.84,False
2002-08-19,2002.6301,372.19,2.92,False
2002-08-20,2002.6329,372.25,2.71,False
2002-08-21,2002.6356,372.04,2.64,False
2002-08-22,2002.6384,371.53,1.98,False
2002-08-23,2002.6411,370.72,1.72,False
2002-08-24,2002.6438,371.06,1.19,False
2002-08-25,2002.6466,371.57,1.82,False
2002-08-26,2002.6493,371.91,2.02,False
2002-08-28,2002.6548,370.57,0.92,False
2002-08-29,2002.6575,369.95,0.51,False
2002-08-30,2002.6603,370.82,1.59,False
2002-08-31,2002.663,371.82,2.32,False
2002-09-01,2002.6658,370.61,1.54,False
2002-09-02,2002.6685,369.8,0.43,False
2002-09-03,2002.6712,369.6,0.6,False
2002-09-06,2002.6795,371.4,2.91,False
2002-09-07,2002.6822,370.75,3.63,False
2002-09-09,2002.6877,371.62,,False
2002-09-10,2002.6904,372.11,3.48,False
2002-09-12,2002.6959,371.88,2.74,False
2002-09-13,2002.6986,371.49,3.05,False
2002-09-14,2002.7014,371.95,3.55,False
2002-09-16,2002.7068,372.18,3.21,False
2002-09-17,2002.7096,370.29,1.68,False
2002-09-18,2002.7123,370.73,2.69,False
2002-09-19,2002.7151,370.79,2.89,False
2002-09-20,2002.7178,371.06,3.07,False
2002-09-21,2002.7205,371.0,3.04,False
2002-09-22,2002.7233,370.46,2.47,False
2002-09-25,2002.7315,370.47,2.93,False
2002-09-26,2002.7342,370.56,3.12,False
2002-09-27,2002.737,370.87,3.33,False
2002-09-28,2002.7397,371.01,2.98,False
2002-09-29,2002.7425,370.52,,False
2002-09-30,2002.7452,369.55,1.86,False
2002-10-01,2002.7479,369.95,1.96,False
2002-10-02,2002.7507,369.86,1.74,False
2002-10-03,2002.7534,369.97,1.64,False
2002-10-04,2002.7562,369.84,1.57,False
2002-10-05,2002.7589,370.66,2.26,False
2002-10-06,2002.7616,370.18,1.54,False
2002-10-07,2002.7644,369.66,1.32,False
2002-10-08,2002.7671,369.87,1.38,False
2002-10-09,2002.7699,369.96,1.44,False
2002-10-10,2002.7726,370.07,1.81,False
2002-10-11,2002.7753,370.33,2.07,False
2002-10-12,2002.7781,370.47,1.82,False
2002-10-13,2002.7808,371.72,3.03,False
2002-10-14,2002.7836,370.83,2.82,False
2002-10-15,2002.7863,370.87,3.14,False
2002-10-16,2002.789,371.13,3.53,False
2002-10-17,2002.7918,371.86,2.64,False
2002-10-18,2002.7945,371.77,3.18,False
2002-10-19,2002.7973,371.71,3.36,False
2002-10-20,2002.8,371.65,2.85,False
2002-10-21,2002.8027,371.34,2.64,False
2002-10-22,2002.8055,371.19,2.49,False
2002-10-23,2002.8082,370.7,2.04,False
2002-10-24,2002.811,370.33,1.36,False
2002-10-25,2002.8137,370.45,1.11,False
2002-10-26,2002.8164,370.45,1.73,False
2002-10-27,2002.8192,370.27,1.26,False
2002-10-28,2002.8219,371.04,1.62,False
2002-10-29,2002.8247,371.4,2.04,False
2002-10-30,2002.8274,371.76,2.31,False
2002-10-31,2002.8301,371.38,2.04,False
2002-11-01,2002.8329,371.37,2.03,False
2002-11-02,2002.8356,371.43,2.41,False
2002-11-03,2002.8384,371.99,2.86,False
2002-11-04,2002.8411,372.89,3.69,False
2002-11-05,2002.8438,372.85,3.38,False
2002-11-06,2002.8466,371.87,2.56,False
2002-11-07,2002.8493,371.76,2.55,False
2002-11-08,2002.8521,371.88,2.64,False
2002-11-09,2002.8548,371.77,2.49,False
2002-11-10,2002.8575,372.11,,False
2002-11-11,2002.8603,371.84,,False
2002-11-12,2002.863,371.94,,False
2002-11-13,2002.8658,372.14,,False
2002-11-14,2002.8685,372.21,,False
2002-11-15,2002.8712,372.07,2.08,False
2002-11-16,2002.874,371.97,2.09,False
2002-11-17,2002.8767,372.21,2.05,False
2002-11-18,2002.8795,373.77,3.67,False
2002-11-19,2002.8822,372.9,,False
2002-11-20,2002.8849,372.98,2.74,False
2002-11-21,2002.8877,373.01,2.33,False
2002-11-22,2002.8904,372.56,1.76,False
2002-11-23,2002.8932,372.92,2.86,False
2002-11-24,2002.8959,373.06,2.57,False
2002-11-26,2002.9014,372.82,2.23,False
2002-11-27,2002.9041,372.94,2.25,False
2002-11-28,2002.9068,373.03,2.25,False
2002-11-29,2002.9096,372.83,2.44,False
2002-11-30,2002.9123,372.99,2.61,False
2002-12-01,2002.9151,372.7,1.99,False
2002-12-02,2002.9178,372.81,1.94,False
2002-12-03,2002.9205,373.49,2.42,False
2002-12-04,2002.9233,373.59,2.94,False
2002-12-05,2002.926,373.05,2.24,False
2002-12-06,2002.9288,373.2,1.89,False
2002-12-07,2002.9315,373.74,2.63,False
2002-12-08,2002.9342,374.28,3.36,False
2002-12-09,2002.937,373.03,2.22,False
2002-12-10,2002.9397,373.69,2.85,False
2002-12-11,2002.9425,374.17,2.94,False
2002-12-12,2002.9452,373.68,1.19,False
2002-12-13,2002.9479,373.94,2.21,False
2002-12-14,2002.9507,373.62,,False
2002-12-15,2002.9534,373.62,2.31,False
2002-12-16,2002.9562,374.08,2.64,False
2002-12-17,2002.9589,373.71,2.28,False
2002-12-18,2002.9616,373.86,2.62,False
2002-12-19,2002.9644,373.62,2.42,False
2002-12-20,2002.9671,373.83,2.29,False
2002-12-21,2002.9699,373.56,2.04,False
2002-12-22,2002.9726,374.66,2.98,False
2002-12-23,2002.9753,374.82,3.26,False
2002-12-24,2002.9781,375.66,,False
2002-12-25,2002.9808,374.36,2.61,False
2002-12-26,2002.9836,374.02,2.59,False
2002-12-27,2002.9863,374.22,1.13,False
2002-12-28,2002.989,374.86,3.06,False
2002-12-29,2002.9918,374.7,3.12,False
2002-12-30,2002.9945,375.14,3.38,False
2002-12-31,2002.9973,375.59,3.62,False
2003-01-01,2003.0,375.62,2.13,False
2003-01-02,2003.0027,374.22,2.3,False
2003-01-03,2003.0055,374.34,2.04,False
2003-01-04,2003.0082,374.52,1.59,False
2003-01-05,2003.011,374.4,2.13,False
2003-01-06,2003.0137,375.66,3.26,False
2003-01-07,2003.0164,375.11,2.99,False
2003-01-08,2003.0192,374.06,1.99,False
2003-01-09,2003.0219,374.53,2.55,False
2003-01-10,2003.0247,374.39,2.25,False
2003-01-11,2003.0274,374.98,2.01,False
2003-01-12,2003.0301,374.99,2.02,False
2003-01-13,2003.0329,374.94,2.16,False
2003-01-14,2003.0356,374.97,2.32,False
2003-01-15,2003.0384,374.67,2.32,False
2003-01-16,2003.0411,376.37,3.79,False
2003-01-17,2003.0438,375.27,2.81,False
2003-01-18,2003.0466,375.24,1.16,False
2003-01-19,2003.0493,374.82,1.35,False
2003-01-20,2003.0521,374.81,1.6,False
2003-01-22,2003.0575,375.84,2.96,False
2003-01-23,2003.0603,375.27,2.42,False
2003-01-24,2003.063,375.08,2.35,False
2003-01-25,2003.0658,374.81,2.67,False
2003-01-26,2003.0685,375.18,2.9,False
2003-01-27,2003.0712,375.77,,False
2003-01-28,2003.074,375.02,,False
2003-01-29,2003.0767,375.46,2.26,False
2003-01-30,2003.0795,375.14,2.73,False
2003-01-31,2003.0822,376.36,,False
2003-02-01,2003.0849,375.44,2.23,False
2003-02-02,2003.0877,375.66,2.53,False
2003-02-03,2003.0904,375.4,2.72,False
2003-02-04,2003.0932,375.24,1.94,False
2003-02-05,2003.0959,375.19,0.79,False
2003-02-06,2003.0986,374.9,2.42,False
2003-02-07,2003.1014,375.34,2.85,False
2003-02-08,2003.1041,375.73,3.11,False
2003-02-09,2003.1068,375.5,1.58,False
2003-02-10,2003.1096,374.93,0.6,False
2003-02-11,2003.1123,375.2,1.85,False
2003-02-12,2003.1151,374.99,1.8,False
2003-02-13,2003.1178,375.13,2.02,False
2003-02-14,2003.1205,375.12,2.36,False
2003-02-15,2003.1233,376.2,3.52,False
2003-02-16,2003.126,376.57,3.76,False
2003-02-17,2003.1288,376.44,3.33,False
2003-02-18,2003.1315,376.83,3.78,True
2003-02-19,2003.1342,376.58,3.77,False
2003-02-20,2003.137,376.56,3.79,False
2003-02-21,2003.1397,376.41,1.78,False
2003-02-22,2003.1425,376.57,3.19,False
2003-02-23,2003.1452,376.71,3.67,False
2003-02-24,2003.1479,377.48,4.43,True
2003-02-26,2003.1534,375.79,1.4,False
2003-02-27,2003.1562,375.7,0.95,False
2003-02-28,2003.1589,375.35,0.34,False
2003-03-01,2003.1616,376.16,2.8,False
2003-03-02,2003.1644,376.13,3.23,False
2003-03-03,2003.1671,376.31,0.93,False
2003-03-04,2003.1699,377.57,,True
2003-03-05,2003.1726,376.73,2.59,False
2003-03-06,2003.1753,376.05,2.7,False
2003-03-07,2003.1781,376.25,2.58,False
2003-03-08,2003.1808,376.36,2.24,False
2003-03-09,2003.1836,376.06,2.38,False
2003-03-10,2003.1863,376.45,1.66,False
2003-03-11,2003.189,377.98,3.5,True
2003-03-12,2003.1918,377.66,3.34,False
2003-03-13,2003.1945,375.64,1.39,False
2003-03-14,2003.1973,375.51,1.26,False
2003-03-16,2003.2027,375.43,1.58,False
2003-03-17,2003.2055,376.35,2.15,False
2003-03-18,2003.2082,375.81,0.06,False
2003-03-19,2003.211,376.47,,False
2003-03-20,2003.2137,376.67,2.55,False
2003-03-23,2003.2219,376.62,,False
2003-03-24,2003.2247,376.86,,False
2003-03-25,2003.2274,377.26,,False
2003-03-26,2003.2301,377.31,,False
2003-03-27,2003.2329,377.5,,False
2003-03-28,2003.2356,377.14,2.56,False
2003-03-29,2003.2384,377.59,3.57,False
2003-03-30,2003.2411,377.11,2.35,False
2003-03-31,2003.2438,376.61,2.9,False
2003-04-01,2003.2466,376.41,2.71,False
2003-04-02,2003.2493,376.71,3.16,False
2003-04-03,2003.2521,377.66,2.83,False
2003-04-04,2003.2548,377.35,1.79,False
2003-04-05,2003.2575,377.39,2.11,False
2003-04-06,2003.2603,377.05,2.64,False
2003-04-07,2003.263,376.68,1.17,False
2003-04-08,2003.2658,377.28,2.23,False
2003-04-09,2003.2685,377.39,2.44,False
2003-04-10,2003.2712,377.64,2.9,False
2003-04-11,2003.274,377.94,3.65,False
2003-04-12,2003.2767,377.26,3.13,False
2003-04-13,2003.2795,377.41,3.21,False
2003-04-14,2003.2822,377.91,2.34,False
2003-04-15,2003.2849,378.17,2.7,True
2003-04-19,2003.2959,378.41,2.74,True
2003-04-20,2003.2986,378.55,3.2,True
2003-04-21,2003.3014,378.28,2.63,False
2003-04-22,2003.3041,378.47,3.29,False
2003-04-23,2003.3068,378.57,3.46,True
2003-04-24,2003.3096,378.56,3.29,False
2003-04-25,2003.3123,378.52,2.58,False
2003-04-26,2003.3151,378.83,2.8,True
2003-04-27,2003.3178,379.14,3.21,True
2003-04-28,2003.3205,378.5,2.33,False
2003-04-29,2003.3233,378.49,2.34,False
2003-04-30,2003.326,379.17,2.81,True
2003-05-01,2003.3288,379.02,2.79,False
2003-05-02,2003.3315,378.57,2.16,False
2003-05-03,2003.3342,378.79,2.44,False
2003-05-04,2003.337,378.53,2.62,False
2003-05-05,2003.3397,377.69,2.08,False
2003-05-07,2003.3452,379.46,3.05,True
2003-05-08,2003.3479,377.91,1.42,False
2003-05-09,2003.3507,377.68,2.53,False
2003-05-10,2003.3534,378.25,3.35,False
2003-05-11,2003.3562,377.93,,False
2003-05-12,2003.3589,377.59,2.79,False
2003-05-13,2003.3616,377.67,2.59,False
2003-05-14,2003.3644,377.72,2.14,False
2003-05-15,2003.3671,377.72,2.68,False
2003-05-16,2003.3699,379.25,4.09,False
2003-05-17,2003.3726,379.88,4.13,True
2003-05-18,2003.3753,380.36,,True
2003-05-19,2003.3781,380.18,3.99,False
2003-05-20,2003.3808,379.29,4.02,False
2003-05-21,2003.3836,379.79,3.69,False
2003-05-22,2003.3863,379.47,3.21,False
2003-05-23,2003.389,379.12,2.81,False
2003-05-24,2003.3918,379.15,2.86,False
2003-05-25,2003.3945,379.08,2.83,False
2003-05-26,2003.3973,378.91,2.82,False
2003-05-27,2003.4,379.42,2.67,False
2003-05-28,2003.4027,379.3,3.02,False
2003-05-29,2003.4055,379.24,2.93,False
2003-05-30,2003.4082,378.41,2.04,False
2003-05-31,2003.411,378.0,1.31,False
2003-06-01,2003.4137,377.8,1.41,False
2003-06-02,2003.4164,379.0,2.89,False
2003-06-03,2003.4192,378.71,2.87,False
2003-06-04,2003.4219,378.98,3.14,False
2003-06-06,2003.4274,378.58,2.28,False
2003-06-07,2003.4301,378.49,2.32,False
2003-06-10,2003.4384,378.91,3.09,False
2003-06-12,2003.4438,378.49,2.86,False
2003-06-13,2003.4466,378.78,3.03,False
2003-06-14,2003.4493,378.54,2.94,False
2003-06-15,2003.4521,378.3,2.98,False
2003-06-16,2003.4548,378.22,2.69,False
2003-06-17,2003.4575,378.22,2.54,False
2003-06-18,2003.4603,378.25,3.08,False
2003-06-19,2003.463,378.81,3.44,False
2003-06-20,2003.4658,378.36,3.13,False
2003-06-21,2003.4685,377.93,,False
2003-06-22,2003.4712,378.14,,False
2003-06-24,2003.4767,378.94,2.25,False
2003-06-25,2003.4795,378.7,2.16,False
2003-06-26,2003.4822,378.56,3.44,False
2003-06-27,2003.4849,378.55,3.69,False
2003-06-28,2003.4877,378.04,3.01,False
2003-06-29,2003.4904,377.65,2.71,False
2003-06-30,2003.4932,377.65,2.65,False
2003-07-01,2003.4959,378.21,3.48,False
2003-07-02,2003.4986,378.91,3.58,False
2003-07-03,2003.5014,376.85,2.11,False
2003-07-05,2003.5068,377.26,2.23,False
2003-07-06,2003.5096,375.97,0.86,False
2003-07-07,2003.5123,377.32,2.38,False
2003-07-08,2003.5151,375.9,0.77,False
2003-07-09,2003.5178,376.31,1.6,False
2003-07-10,2003.5205,376.83,2.72,False
2003-07-11,2003.5233,377.5,3.26,False
2003-07-12,2003.526,377.33,2.72,False
2003-07-13,2003.5288,377.25,2.55,False
2003-07-14,2003.5315,378.44,,False
2003-07-15,2003.5342,377.53,,False
2003-07-16,2003.537,376.61,2.49,False
2003-07-17,2003.5397,377.22,,False
2003-07-18,2003.5425,377.4,3.36,False
2003-07-20,2003.5479,376.86,2.69,False
2003-07-21,2003.5507,377.1,2.99,False
2003-07-22,2003.5534,376.7,2.69,False
2003-07-23,2003.5562,376.85,2.83,False
2003-07-24,2003.5589,376.2,2.39,False
2003-07-25,2003.5616,376.07,,False
2003-07-26,2003.5644,376.19,,False
2003-07-27,2003.5671,376.34,4.76,False
2003-07-28,2003.5699,376.31,,False
2003-07-29,2003.5726,376.49,3.74,False
2003-07-30,2003.5753,376.41,2.76,False
2003-07-31,2003.5781,374.53,1.07,False
2003-08-01,2003.5808,376.24,2.56,False
2003-08-02,2003.5836,376.25,2.13,False
2003-08-04,2003.589,375.67,2.05,False
2003-08-05,2003.5918,375.46,2.35,False
2003-08-06,2003.5945,375.53,2.83,False
2003-08-07,2003.5973,375.36,3.0,False
2003-08-08,2003.6,374.53,,False
2003-08-09,2003.6027,374.16,2.24,False
2003-08-10,2003.6055,374.08,1.29,False
2003-08-11,2003.6082,375.55,2.74,False
2003-08-12,2003.611,375.51,,False
2003-08-13,2003.6137,375.11,3.22,False
2003-08-14,2003.6164,374.96,2.98,False
2003-08-15,2003.6192,374.7,2.73,False
2003-08-16,2003.6219,374.42,1.8,False
2003-08-18,2003.6274,373.11,2.38,False
2003-08-19,2003.6301,373.54,1.35,False
2003-08-20,2003.6329,374.46,2.21,False
2003-08-21,2003.6356,374.1,2.06,False
2003-08-22,2003.6384,374.14,2.61,False
2003-08-23,2003.6411,375.02,4.3,False
2003-08-28,2003.6548,373.76,3.19,False
2003-08-29,2003.6575,373.46,3.51,False
2003-09-04,2003.674,373.61,,False
2003-09-05,2003.6767,372.76,,False
2003-09-06,2003.6795,373.75,2.35,False
2003-09-07,2003.6822,373.81,3.06,False
2003-09-08,2003.6849,373.63,,False
2003-09-09,2003.6877,373.61,1.99,False
2003-09-10,2003.6904,373.66,1.55,False
2003-09-11,2003.6932,372.7,,False
2003-09-12,2003.6959,373.02,1.14,False
2003-09-13,2003.6986,372.68,1.19,False
2003-09-14,2003.7014,372.94,0.99,False
2003-09-15,2003.7041,373.1,,False
2003-09-16,2003.7068,372.78,0.6,False
2003-09-17,2003.7096,372.93,2.64,False
2003-09-18,2003.7123,373.3,2.57,False
2003-09-20,2003.7178,373.24,2.18,False
2003-09-21,2003.7205,373.31,2.31,False
2003-09-22,2003.7233,373.29,2.83,False
2003-09-23,2003.726,373.53,,False
2003-09-24,2003.7288,373.81,,False
2003-09-25,2003.7315,373.68,3.21,False
2003-09-26,2003.7342,373.46,2.9,False
2003-09-28,2003.7397,373.46,2.45,False
2003-09-29,2003.7425,373.31,2.79,False
2003-09-30,2003.7452,373.39,3.84,False
2003-10-01,2003.7479,373.6,3.65,False
2003-10-02,2003.7507,373.68,3.82,False
2003-10-03,2003.7534,373.23,3.26,False
2003-10-04,2003.7562,373.45,3.61,False
2003-10-05,2003.7589,373.3,2.64,False
2003-10-06,2003.7616,373.44,3.26,False
2003-10-07,2003.7644,373.06,3.4,False
2003-10-08,2003.7671,373.07,3.2,False
2003-10-09,2003.7699,372.93,2.97,False
2003-10-10,2003.7726,372.6,2.53,False
2003-10-11,2003.7753,373.21,2.88,False
2003-10-12,2003.7781,373.14,2.67,False
2003-10-13,2003.7808,373.33,1.61,False
2003-10-14,2003.7836,373.23,2.4,False
2003-10-15,2003.7863,372.4,1.53,False
2003-10-16,2003.789,372.79,1.66,False
2003-10-17,2003.7918,372.85,0.99,False
2003-10-18,2003.7945,372.94,1.17,False
2003-10-19,2003.7973,372.86,1.15,False
2003-10-21,2003.8027,373.54,2.2,False
2003-10-22,2003.8055,373.6,2.41,False
2003-10-23,2003.8082,373.93,3.23,False
2003-10-24,2003.811,374.03,3.7,False
2003-10-25,2003.8137,373.64,3.19,False
2003-10-26,2003.8164,373.47,3.02,False
2003-10-27,2003.8192,373.67,3.4,False
2003-10-28,2003.8219,373.47,2.43,False
2003-10-29,2003.8247,373.51,2.11,False
2003-10-30,2003.8274,373.55,1.79,False
2003-10-31,2003.8301,373.72,2.34,False
2003-11-04,2003.8411,374.92,2.03,False
2003-11-06,2003.8466,373.83,1.96,False
2003-11-07,2003.8493,373.84,2.08,False
2003-11-08,2003.8521,373.95,2.07,False
2003-11-09,2003.8548,373.94,2.17,False
2003-11-10,2003.8575,374.21,2.1,False
2003-11-11,2003.8603,374.15,2.31,False
2003-11-12,2003.863,375.21,3.27,False
2003-11-13,2003.8658,375.38,3.24,False
2003-11-14,2003.8685,374.73,2.52,False
2003-11-15,2003.8712,375.25,3.18,False
2003-11-16,2003.874,374.45,2.48,False
2003-11-17,2003.8767,375.0,2.79,False
2003-11-18,2003.8795,374.76,0.99,False
2003-11-19,2003.8822,374.7,1.8,False
2003-11-20,2003.8849,376.0,3.02,False
2003-11-21,2003.8877,375.37,2.36,False
2003-11-22,2003.8904,375.17,2.61,False
2003-11-23,2003.8932,375.81,2.89,False
2003-11-24,2003.8959,375.8,2.74,False
2003-11-25,2003.8986,375.6,,False
2003-11-26,2003.9014,375.4,2.58,False
2003-11-27,2003.9041,375.24,2.3,False
2003-11-28,2003.9068,375.22,2.19,False
2003-11-29,2003.9096,375.08,2.25,False
2003-11-30,2003.9123,375.2,2.21,False
2003-12-01,2003.9151,375.52,2.82,False
2003-12-02,2003.9178,375.42,2.61,False
2003-12-03,2003.9205,375.56,2.07,False
2003-12-04,2003.9233,375.7,2.11,False
2003-12-05,2003.926,375.64,2.59,False
2003-12-06,2003.9288,375.4,2.2,False
2003-12-07,2003.9315,375.39,1.65,False
2003-12-08,2003.9342,375.66,1.38,False
2003-12-09,2003.937,375.55,2.52,False
2003-12-10,2003.9397,375.67,1.98,False
2003-12-11,2003.9425,376.24,2.07,False
2003-12-12,2003.9452,376.38,2.7,False
2003-12-13,2003.9479,376.79,2.85,False
2003-12-14,2003.9507,377.09,3.47,False
2003-12-15,2003.9534,376.04,2.42,False
2003-12-16,2003.9562,377.28,3.2,False
2003-12-17,2003.9589,376.67,2.96,False
2003-12-18,2003.9616,376.1,2.24,False
2003-12-19,2003.9644,376.14,2.52,False
2003-12-20,2003.9671,376.23,2.4,False
2003-12-21,2003.9699,376.2,2.64,False
2003-12-22,2003.9726,376.33,1.67,False
2003-12-24,2003.9781,376.33,0.67,False
2003-12-26,2003.9836,376.37,2.35,False
2003-12-29,2003.9918,376.53,1.83,False
2003-12-30,2003.9945,376.48,1.34,False
2003-12-31,2003.9973,376.46,0.87,False
2004-01-01,2004.0,376.66,1.04,False
2004-01-02,2004.0027,376.49,2.27,False
2004-01-03,2004.0055,376.54,2.2,False
2004-01-04,2004.0082,376.55,2.03,False
2004-01-05,2004.0109,376.46,2.06,False
2004-01-06,2004.0137,376.86,1.2,False
2004-01-07,2004.0164,376.48,1.37,False
2004-01-08,2004.0191,376.36,2.3,False
2004-01-09,2004.0219,376.43,1.9,False
2004-01-10,2004.0246,376.44,2.05,False
2004-01-11,2004.0273,376.66,1.68,False
2004-01-12,2004.0301,376.42,1.43,False
2004-01-13,2004.0328,376.78,1.84,False
2004-01-14,2004.0355,376.65,1.68,False
2004-01-15,2004.0383,378.44,3.77,False
2004-01-16,2004.041,378.09,1.72,False
2004-01-17,2004.0437,376.85,1.58,False
2004-01-18,2004.0464,376.98,1.74,False
2004-01-19,2004.0492,377.44,2.62,False
2004-01-20,2004.0519,376.96,2.15,False
2004-01-21,2004.0546,377.11,,False
2004-01-22,2004.0574,377.03,1.19,False
2004-01-23,2004.0601,377.44,2.17,False
2004-01-24,2004.0628,378.02,2.94,False
2004-01-25,2004.0656,377.64,2.83,False
2004-01-26,2004.0683,378.37,3.19,False
2004-01-28,2004.0738,377.94,2.92,False
2004-01-29,2004.0765,378.35,2.89,False
2004-01-30,2004.0792,378.11,2.97,False
2004-01-31,2004.082,378.35,1.99,False
2004-02-01,2004.0847,378.1,2.66,False
2004-02-02,2004.0874,378.03,2.37,False
2004-02-03,2004.0902,377.96,2.56,False
2004-02-04,2004.0929,377.79,2.55,False
2004-02-05,2004.0956,378.1,2.91,False
2004-02-06,2004.0984,378.26,3.36,False
2004-02-07,2004.1011,378.15,2.81,False
2004-02-08,2004.1038,377.96,2.23,False
2004-02-09,2004.1066,377.92,2.42,False
2004-02-10,2004.1093,378.06,3.13,False
2004-02-11,2004.112,380.51,5.31,True
2004-02-12,2004.1148,380.19,5.2,False
2004-02-13,2004.1175,377.26,2.13,False
2004-02-14,2004.1202,378.36,3.24,False
2004-02-15,2004.123,378.26,2.06,False
2004-02-16,2004.1257,378.01,1.44,False
2004-02-17,2004.1284,377.88,1.44,False
2004-02-18,2004.1311,377.52,0.69,False
2004-02-19,2004.1339,377.61,1.03,False
2004-02-20,2004.1366,377.26,0.7,False
2004-02-21,2004.1393,377.18,0.77,False
2004-02-22,2004.1421,377.79,1.22,False
2004-02-23,2004.1448,377.77,1.06,False
2004-02-24,2004.1475,377.68,0.2,False
2004-02-25,2004.1503,377.62,,False
2004-02-26,2004.153,377.51,1.72,False
2004-02-27,2004.1557,377.79,2.09,False
2004-02-28,2004.1585,378.37,3.02,False
2004-02-29,2004.1612,378.71,,False
2004-03-01,2004.1639,378.93,2.77,False
2004-03-02,2004.1667,378.64,2.51,False
2004-03-03,2004.1694,378.34,2.03,False
2004-03-04,2004.1721,378.09,0.52,False
2004-03-05,2004.1749,378.49,1.76,False
2004-03-06,2004.1776,378.01,1.96,False
2004-03-08,2004.1831,378.28,1.92,False
2004-03-09,2004.1858,380.1,4.04,False
2004-03-11,2004.1913,379.62,1.64,False
2004-03-12,2004.194,379.43,1.77,False
2004-03-13,2004.1967,378.25,2.61,False
2004-03-14,2004.1995,377.98,2.47,False
2004-03-16,2004.2049,380.55,5.12,True
2004-03-17,2004.2077,380.25,3.9,False
2004-03-18,2004.2104,379.22,3.41,False
2004-03-19,2004.2131,379.09,2.62,False
2004-03-20,2004.2158,379.34,2.67,False
2004-03-21,2004.2186,378.87,,False
2004-03-22,2004.2213,377.96,,False
2004-03-23,2004.224,379.4,2.78,False
2004-03-24,2004.2268,378.64,1.78,False
2004-03-25,2004.2295,378.67,1.41,False
2004-03-26,2004.2322,378.6,1.29,False
2004-03-27,2004.235,378.57,1.07,False
2004-03-28,2004.2377,379.16,2.02,False
2004-03-29,2004.2404,379.61,2.02,False
2004-03-30,2004.2432,380.59,3.48,True
2004-03-31,2004.2459,381.47,4.86,True
2004-04-01,2004.2486,380.36,3.95,False
2004-04-02,2004.2514,379.01,2.3,False
2004-04-03,2004.2541,379.07,1.41,False
2004-04-04,2004.2568,379.2,1.85,False
2004-04-07,2004.265,380.61,3.93,False
2004-04-08,2004.2678,380.54,3.26,False
2004-04-09,2004.2705,379.92,2.53,False
2004-04-10,2004.2732,380.75,3.11,False
2004-04-11,2004.276,381.12,3.18,False
2004-04-12,2004.2787,381.21,3.95,False
2004-04-13,2004.2814,381.11,3.7,False
2004-04-14,2004.2842,380.54,2.63,False
2004-04-15,2004.2869,380.66,2.49,False
2004-04-16,2004.2896,380.95,,False
2004-04-17,2004.2923,380.82,,False
2004-04-18,2004.2951,380.46,,False
2004-04-19,2004.2978,380.36,1.95,False
2004-04-20,2004.3005,380.28,1.73,False
2004-04-21,2004.3033,380.42,2.14,False
2004-04-24,2004.3115,381.29,2.73,False
2004-04-25,2004.3142,381.69,3.17,True
2004-04-26,2004.3169,381.15,2.32,False
2004-04-27,2004.3197,380.44,1.3,False
2004-04-28,2004.3224,380.87,2.37,False
2004-04-29,2004.3251,380.84,2.35,False
2004-04-30,2004.3279,380.54,1.37,False
2004-05-01,2004.3306,380.23,1.21,False
2004-05-02,2004.3333,379.74,1.17,False
2004-05-03,2004.3361,379.85,1.06,False
2004-05-05,2004.3415,381.58,3.89,False
2004-05-06,2004.3443,381.76,,True
2004-05-07,2004.347,381.28,1.82,False
2004-05-08,2004.3497,381.19,3.28,False
2004-05-09,2004.3525,381.36,3.68,False
2004-05-10,2004.3552,381.17,2.92,False
2004-05-11,2004.3579,380.93,3.0,False
2004-05-12,2004.3607,380.46,2.87,False
2004-05-13,2004.3634,380.83,3.16,False
2004-05-14,2004.3661,381.08,3.36,False
2004-05-15,2004.3689,380.39,2.67,False
2004-05-16,2004.3716,380.2,0.95,False
2004-05-17,2004.3743,381.18,1.3,False
2004-05-18,2004.377,380.95,0.59,False
2004-05-19,2004.3798,380.11,-0.07,False
2004-05-20,2004.3825,379.75,0.46,False
2004-05-21,2004.3852,379.89,0.1,False
2004-05-22,2004.388,380.93,1.46,False
2004-05-25,2004.3962,381.2,2.12,False
2004-05-26,2004.3989,381.14,2.23,False
2004-05-27,2004.4016,381.37,1.95,False
2004-05-28,2004.4044,381.21,1.91,False
2004-05-29,2004.4071,381.32,2.08,False
2004-05-30,2004.4098,380.98,2.57,False
2004-05-31,2004.4126,380.28,2.28,False
2004-06-01,2004.4153,380.91,3.11,False
2004-06-02,2004.418,380.38,1.38,False
2004-06-03,2004.4208,379.48,0.77,False
2004-06-04,2004.4235,379.5,0.52,False
2004-06-05,2004.4262,379.27,,False
2004-06-06,2004.429,379.91,1.33,False
2004-06-07,2004.4317,380.27,1.78,False
2004-06-08,2004.4344,380.08,,False
2004-06-09,2004.4372,380.45,,False
2004-06-10,2004.4399,380.35,1.44,False
2004-06-12,2004.4454,380.56,2.07,False
2004-06-13,2004.4481,380.55,1.77,False
2004-06-15,2004.4536,380.23,1.93,False
2004-06-16,2004.4563,380.23,2.01,False
2004-06-22,2004.4727,379.31,1.17,False
2004-06-23,2004.4754,379.5,,False
2004-06-24,2004.4781,379.64,0.7,False
2004-06-25,2004.4809,379.78,1.08,False
2004-06-26,2004.4836,379.52,0.96,False
2004-06-29,2004.4918,379.4,1.75,False
2004-06-30,2004.4945,379.49,1.84,False
2004-07-01,2004.4973,379.38,1.17,False
2004-07-02,2004.5,379.13,0.22,False
2004-07-03,2004.5027,379.18,2.33,False
2004-07-04,2004.5055,378.44,,False
2004-07-05,2004.5082,378.72,1.46,False
2004-07-06,2004.5109,378.46,2.49,False
2004-07-10,2004.5219,378.4,1.57,False
2004-07-11,2004.5246,378.36,0.86,False
2004-07-12,2004.5273,378.55,1.22,False
2004-07-14,2004.5328,377.53,-0.91,False
2004-07-16,2004.5383,377.75,1.14,False
2004-07-17,2004.541,378.16,0.94,False
2004-07-18,2004.5437,378.0,0.6,False
2004-07-19,2004.5464,376.33,,False
2004-07-20,2004.5492,377.0,0.14,False
2004-07-21,2004.5519,376.59,-0.51,False
2004-07-22,2004.5546,376.58,-0.12,False
2004-07-23,2004.5574,376.5,-0.35,False
2004-07-24,2004.5601,377.43,1.23,False
2004-07-25,2004.5628,376.92,0.85,False
2004-07-26,2004.5656,376.36,0.17,False
2004-07-27,2004.5683,376.39,0.05,False
2004-07-29,2004.5738,376.62,0.13,False
2004-07-30,2004.5765,377.4,0.99,False
2004-07-31,2004.5792,375.84,1.31,False
2004-08-03,2004.5874,376.66,,False
2004-08-04,2004.5902,377.15,1.48,False
2004-08-06,2004.5956,377.2,1.67,False
2004-08-07,2004.5984,376.62,1.26,False
2004-08-08,2004.6011,376.93,2.4,False
2004-08-10,2004.6066,377.18,3.1,False
2004-08-11,2004.6093,375.54,-0.01,False
2004-08-12,2004.612,376.43,0.92,False
2004-08-13,2004.6148,376.22,1.11,False
2004-08-14,2004.6175,376.17,1.21,False
2004-08-15,2004.6202,376.08,1.38,False
2004-08-17,2004.6257,375.5,,False
2004-08-19,2004.6311,376.14,2.6,False
2004-08-21,2004.6366,376.07,1.97,False
2004-08-22,2004.6393,375.94,1.8,False
2004-08-23,2004.6421,376.59,1.57,False
2004-09-03,2004.6721,374.17,,False
2004-09-05,2004.6776,374.18,1.42,False
2004-09-06,2004.6803,373.75,0.0,False
2004-09-08,2004.6858,374.73,1.1,False
2004-09-09,2004.6885,375.17,1.56,False
2004-09-10,2004.6913,375.6,1.94,False
2004-09-11,2004.694,374.3,1.6,False
2004-09-12,2004.6967,373.85,0.83,False
2004-09-16,2004.7077,374.32,1.54,False
2004-09-17,2004.7104,374.35,1.42,False
2004-09-18,2004.7131,374.38,1.08,False
2004-09-19,2004.7158,374.62,,False
2004-09-20,2004.7186,374.71,1.47,False
2004-09-21,2004.7213,374.39,1.08,False
2004-09-30,2004.7459,374.72,1.33,False
2004-10-01,2004.7486,374.47,0.87,False
2004-10-02,2004.7514,374.25,0.57,False
2004-10-03,2004.7541,373.92,0.69,False
2004-10-04,2004.7568,373.86,0.41,False
2004-10-05,2004.7596,374.28,0.98,False
2004-10-06,2004.7623,374.48,1.04,False
2004-10-08,2004.7678,374.25,1.18,False
2004-10-10,2004.7732,374.32,1.72,False
2004-10-11,2004.776,374.18,0.97,False
2004-10-12,2004.7787,374.42,1.28,False
2004-10-13,2004.7814,374.72,1.39,False
2004-10-14,2004.7842,374.38,1.15,False
2004-10-15,2004.7869,374.34,1.94,False
2004-10-16,2004.7896,374.41,1.62,False
2004-10-17,2004.7923,374.42,1.57,False
2004-10-18,2004.7951,374.34,1.4,False
2004-10-19,2004.7978,374.58,1.72,False
2004-10-20,2004.8005,374.8,,False
2004-10-21,2004.8033,375.04,1.5,False
2004-10-22,2004.806,375.11,1.51,False
2004-10-23,2004.8087,374.89,0.96,False
2004-10-24,2004.8115,374.83,0.8,False
2004-10-25,2004.8142,375.09,1.45,False
2004-10-26,2004.8169,375.25,1.78,False
2004-10-27,2004.8197,375.02,1.35,False
2004-10-28,2004.8224,375.14,1.67,False
2004-10-29,2004.8251,375.25,1.74,False
2004-10-30,2004.8279,375.33,1.78,False
2004-10-31,2004.8306,375.46,1.74,False
2004-11-01,2004.8333,375.59,,False
2004-11-02,2004.8361,375.49,,False
2004-11-03,2004.8388,375.45,,False
2004-11-04,2004.8415,375.25,0.33,False
2004-11-06,2004.847,375.67,1.84,False
2004-11-07,2004.8497,375.67,1.83,False
2004-11-08,2004.8525,375.59,1.64,False
2004-11-09,2004.8552,375.5,1.56,False
2004-11-10,2004.8579,375.79,1.58,False
2004-11-11,2004.8607,375.65,1.5,False
2004-11-12,2004.8634,375.64,0.43,False
2004-11-13,2004.8661,375.54,0.16,False
2004-11-14,2004.8689,375.55,0.82,False
2004-11-15,2004.8716,378.56,3.31,False
2004-11-16,2004.8743,377.58,3.13,False
2004-11-17,2004.877,376.73,1.73,False
2004-11-18,2004.8798,377.78,3.02,False
2004-11-19,2004.8825,376.19,1.49,False
2004-11-20,2004.8852,376.46,0.46,False
2004-11-21,2004.888,376.55,1.18,False
2004-11-22,2004.8907,377.28,2.11,False
2004-11-23,2004.8934,376.87,1.06,False
2004-11-24,2004.8962,376.96,1.16,False
2004-11-25,2004.8989,376.91,1.31,False
2004-11-26,2004.9016,376.96,1.56,False
2004-11-27,2004.9044,376.74,1.5,False
2004-11-28,2004.9071,376.82,1.6,False
2004-11-29,2004.9098,376.59,1.51,False
2004-11-30,2004.9126,376.72,1.52,False
2004-12-01,2004.9153,377.16,1.64,False
2004-12-02,2004.918,376.81,1.39,False
2004-12-03,2004.9208,377.38,1.82,False
2004-12-04,2004.9235,377.43,1.73,False
2004-12-05,2004.9262,377.36,1.72,False
2004-12-06,2004.929,377.47,2.07,False
2004-12-07,2004.9317,377.65,2.26,False
2004-12-08,2004.9344,377.6,1.94,False
2004-12-09,2004.9372,377.61,2.06,False
2004-12-10,2004.9399,378.35,2.68,False
2004-12-11,2004.9426,377.97,1.73,False
2004-12-12,2004.9454,377.22,0.84,False
2004-12-13,2004.9481,377.05,0.26,False
2004-12-14,2004.9508,377.55,0.46,False
2004-12-15,2004.9536,377.5,1.46,False
2004-12-16,2004.9563,377.48,0.2,False
2004-12-17,2004.959,377.51,0.84,False
2004-12-18,2004.9617,377.48,1.38,False
2004-12-19,2004.9645,377.96,1.82,False
2004-12-20,2004.9672,378.22,1.99,False
2004-12-21,2004.9699,378.06,1.86,False
2004-12-22,2004.9727,378.04,1.71,False
2004-12-23,2004.9754,377.83,,False
2004-12-24,2004.9781,377.78,1.45,False
2004-12-25,2004.9809,377.76,,False
2004-12-27,2004.9863,377.67,,False
2004-12-28,2004.9891,378.17,,False
2004-12-29,2004.9918,378.17,1.64,False
2004-12-30,2004.9945,377.94,1.46,False
2004-12-31,2004.9973,377.85,1.39,False
2005-01-01,2005.0,378.14,1.48,False
2005-01-02,2005.0027,378.55,2.06,False
2005-01-03,2005.0055,378.19,1.65,False
2005-01-04,2005.0082,378.57,2.02,False
2005-01-05,2005.011,378.41,1.95,False
2005-01-06,2005.0137,378.56,1.7,False
2005-01-07,2005.0164,377.88,1.4,False
2005-01-08,2005.0192,378.33,1.97,False
2005-01-09,2005.0219,378.23,1.8,False
2005-01-10,2005.0247,378.46,2.02,False
2005-01-11,2005.0274,378.97,2.31,False
2005-01-12,2005.0301,379.0,2.58,False
2005-01-13,2005.0329,379.08,2.3,False
2005-01-14,2005.0356,377.85,1.2,False
2005-01-15,2005.0384,378.65,0.21,False
2005-01-16,2005.0411,378.52,0.43,False
2005-01-17,2005.0438,378.36,1.51,False
2005-01-18,2005.0466,378.29,1.31,False
2005-01-19,2005.0493,378.86,1.42,False
2005-01-20,2005.0521,378.58,1.62,False
2005-01-21,2005.0548,378.5,1.39,False
2005-01-22,2005.0575,378.52,1.49,False
2005-01-23,2005.0603,378.76,1.32,False
2005-01-24,2005.063,378.99,0.97,False
2005-01-25,2005.0658,378.51,0.87,False
2005-01-26,2005.0685,378.81,0.44,False
2005-01-27,2005.0712,378.88,,False
2005-01-28,2005.074,378.74,0.8,False
2005-01-29,2005.0767,378.93,0.58,False
2005-01-30,2005.0795,379.74,1.63,False
2005-01-31,2005.0822,379.54,1.19,False
2005-02-01,2005.0849,379.3,1.2,False
2005-02-02,2005.0877,379.49,1.46,False
2005-02-03,2005.0904,379.45,1.49,False
2005-02-04,2005.0932,380.02,2.23,False
2005-02-06,2005.0986,379.45,1.19,False
2005-02-08,2005.1041,379.44,1.48,False
2005-02-09,2005.1068,379.24,1.32,False
2005-02-10,2005.1096,379.44,1.38,False
2005-02-11,2005.1123,379.31,-1.2,False
2005-02-12,2005.1151,379.52,-0.67,False
2005-02-14,2005.1205,380.32,1.96,False
2005-02-15,2005.1233,380.65,2.39,False
2005-02-16,2005.126,380.34,2.33,False
2005-02-18,2005.1315,380.62,3.1,False
2005-02-19,2005.1342,378.57,0.96,False
2005-02-20,2005.137,379.37,2.11,False
2005-02-21,2005.1397,380.12,2.94,False
2005-02-22,2005.1425,379.99,2.2,False
2005-02-23,2005.1452,380.57,2.8,False
2005-02-24,2005.1479,380.16,2.48,False
2005-02-25,2005.1507,380.0,2.38,False
2005-02-26,2005.1534,380.17,2.66,False
2005-02-27,2005.1562,382.1,4.31,True
2005-02-28,2005.1589,380.54,2.17,False
2005-03-02,2005.1644,382.52,3.88,True
2005-03-04,2005.1699,381.51,3.42,False
2005-03-05,2005.1726,381.02,2.53,False
2005-03-07,2005.1781,380.72,,False
2005-03-08,2005.1808,378.69,0.41,False
2005-03-10,2005.1863,380.4,,False
2005-03-11,2005.189,379.95,0.33,False
2005-03-12,2005.1918,381.42,1.99,False
2005-03-13,2005.1945,381.57,3.32,False
2005-03-14,2005.1973,381.97,3.99,False
2005-03-15,2005.2,382.33,,False
2005-03-16,2005.2027,382.63,2.08,True
2005-03-17,2005.2055,380.23,-0.02,False
2005-03-18,2005.2082,380.57,1.35,False
2005-03-19,2005.211,380.93,1.84,False
2005-03-20,2005.2137,381.68,2.34,False
2005-03-21,2005.2164,381.27,2.4,False
2005-03-22,2005.2192,380.82,2.86,False
2005-03-23,2005.2219,380.44,1.04,False
2005-03-24,2005.2247,379.57,0.93,False
2005-03-25,2005.2274,379.47,0.8,False
2005-03-26,2005.2301,379.52,0.92,False
2005-03-27,2005.2329,379.68,1.11,False
2005-03-29,2005.2384,381.51,1.9,False
2005-03-30,2005.2411,382.54,1.95,False
2005-03-31,2005.2438,382.94,1.47,True
2005-04-01,2005.2466,382.79,2.43,False
2005-04-02,2005.2493,382.27,3.26,False
2005-04-03,2005.2521,381.91,2.84,False
2005-04-04,2005.2548,382.46,3.26,False
2005-04-05,2005.2575,382.29,,False
2005-04-06,2005.2603,382.75,,False
2005-04-08,2005.2658,383.04,2.5,True
2005-04-09,2005.2685,382.49,2.57,False
2005-04-10,2005.2712,382.14,1.39,False
2005-04-11,2005.274,383.03,1.91,False
2005-04-12,2005.2767,382.42,1.21,False
2005-04-14,2005.2822,381.79,1.25,False
2005-04-15,2005.2849,382.04,1.38,False
2005-04-17,2005.2904,381.98,1.16,False
2005-04-18,2005.2932,381.56,1.1,False
2005-04-19,2005.2959,381.96,1.6,False
2005-04-20,2005.2986,382.33,2.05,False
2005-04-21,2005.3014,382.72,2.3,False
2005-04-22,2005.3041,383.24,,True
2005-04-23,2005.3068,382.69,,False
2005-04-24,2005.3096,382.75,1.46,False
2005-04-25,2005.3123,381.83,0.14,False
2005-04-27,2005.3178,382.31,1.87,False
2005-04-28,2005.3205,383.19,2.32,False
2005-04-29,2005.3233,383.26,2.42,True
2005-04-30,2005.326,383.23,2.69,False
2005-05-01,2005.3288,383.99,3.76,True
2005-05-02,2005.3315,382.15,2.41,False
2005-05-03,2005.3342,381.64,1.79,False
2005-05-04,2005.337,381.57,,False
2005-05-05,2005.3397,381.97,0.39,False
2005-05-06,2005.3425,382.01,0.25,False
2005-05-07,2005.3452,381.61,0.33,False
2005-05-08,2005.3479,381.73,0.54,False
2005-05-09,2005.3507,381.64,0.28,False
2005-05-10,2005.3534,380.98,-0.19,False
2005-05-11,2005.3562,382.2,1.27,False
2005-05-12,2005.3589,383.08,2.62,False
2005-05-13,2005.3616,382.91,2.08,False
2005-05-14,2005.3644,382.5,1.42,False
2005-05-15,2005.3671,382.82,2.43,False
2005-05-16,2005.3699,383.2,3.0,False
2005-05-17,2005.3726,382.77,1.59,False
2005-05-18,2005.3753,382.37,1.42,False
2005-05-19,2005.3781,382.58,2.47,False
2005-05-20,2005.3808,383.06,3.31,False
2005-05-21,2005.3836,382.92,3.03,False
2005-05-22,2005.3863,383.47,2.54,False
2005-05-23,2005.389,383.48,,False
2005-05-24,2005.3918,383.15,,False
2005-05-25,2005.3945,383.25,2.05,False
2005-05-26,2005.3973,383.13,1.99,False
2005-05-27,2005.4,383.05,1.68,False
2005-05-28,2005.4027,382.88,1.67,False
2005-05-29,2005.4055,383.11,1.79,False
2005-05-30,2005.4082,383.5,2.52,False
2005-05-31,2005.411,383.05,2.77,False
2005-06-01,2005.4137,383.04,2.13,False
2005-06-02,2005.4164,383.07,2.69,False
2005-06-03,2005.4192,382.45,2.97,False
2005-06-04,2005.4219,382.65,3.15,False
2005-06-05,2005.4247,383.19,3.92,False
2005-06-06,2005.4274,382.67,2.76,False
2005-06-07,2005.4301,382.84,2.57,False
2005-06-08,2005.4329,382.85,2.77,False
2005-06-09,2005.4356,382.6,2.15,False
2005-06-10,2005.4384,382.9,2.55,False
2005-06-11,2005.4411,382.66,,False
2005-06-12,2005.4438,382.69,2.13,False
2005-06-13,2005.4466,382.34,1.79,False
2005-06-15,2005.4521,382.43,2.2,False
2005-06-16,2005.4548,382.7,2.47,False
2005-06-17,2005.4575,382.77,,False
2005-06-18,2005.4603,382.65,,False
2005-06-19,2005.463,382.59,,False
2005-06-20,2005.4658,382.35,,False
2005-06-21,2005.4685,382.15,,False
2005-06-22,2005.4712,381.9,2.59,False
2005-06-23,2005.474,381.98,2.48,False
2005-06-24,2005.4767,382.21,2.57,False
2005-06-25,2005.4795,381.74,1.96,False
2005-06-27,2005.4849,381.69,,False
2005-06-28,2005.4877,381.59,,False
2005-06-29,2005.4904,381.47,2.07,False
2005-06-30,2005.4932,381.5,2.01,False
2005-07-01,2005.4959,381.48,2.1,False
2005-07-02,2005.4986,381.62,2.49,False
2005-07-03,2005.5014,380.93,1.75,False
2005-07-05,2005.5068,381.27,2.55,False
2005-07-06,2005.5096,381.54,3.08,False
2005-07-07,2005.5123,381.27,,False
2005-07-08,2005.5151,381.46,,False
2005-07-09,2005.5178,381.23,,False
2005-07-10,2005.5205,379.81,1.41,False
2005-07-11,2005.5233,381.02,2.66,False
2005-07-12,2005.526,381.52,2.97,False
2005-07-13,2005.5288,381.84,,False
2005-07-15,2005.5342,381.01,,False
2005-07-16,2005.537,381.09,3.34,False
2005-07-17,2005.5397,381.21,3.05,False
2005-07-18,2005.5425,380.98,2.98,False
2005-07-19,2005.5452,380.87,4.54,False
2005-07-20,2005.5479,380.85,3.85,False
2005-07-21,2005.5507,381.18,4.59,False
2005-07-22,2005.5534,381.0,4.42,False
2005-07-23,2005.5562,380.53,4.03,False
2005-07-24,2005.5589,380.56,3.13,False
2005-07-25,2005.5616,380.61,3.69,False
2005-07-26,2005.5644,380.37,4.01,False
2005-07-27,2005.5671,380.03,3.64,False
2005-07-28,2005.5699,380.23,,False
2005-07-29,2005.5726,380.17,3.55,False
2005-07-30,2005.5753,380.43,3.03,False
2005-07-31,2005.5781,379.98,4.14,False
2005-08-01,2005.5808,378.95,,False
2005-08-02,2005.5836,380.34,,False
2005-08-03,2005.5863,380.24,3.58,False
2005-08-05,2005.5918,380.2,,False
2005-08-06,2005.5945,380.48,3.28,False
2005-08-07,2005.5973,378.65,2.03,False
2005-08-08,2005.6,378.92,1.99,False
2005-08-09,2005.6027,378.83,,False
2005-08-10,2005.6055,378.94,1.76,False
2005-08-12,2005.611,379.5,3.07,False
2005-08-13,2005.6137,379.76,3.54,False
2005-08-14,2005.6164,379.42,3.25,False
2005-08-15,2005.6192,378.36,2.28,False
2005-08-16,2005.6219,379.42,,False
2005-08-17,2005.6247,379.14,3.64,False
2005-08-18,2005.6274,379.32,,False
2005-08-19,2005.6301,378.81,2.67,False
2005-08-20,2005.6329,378.66,,False
2005-08-21,2005.6356,378.79,2.72,False
2005-08-22,2005.6384,378.23,2.29,False
2005-08-24,2005.6438,378.89,,False
2005-08-25,2005.6466,378.0,,False
2005-08-26,2005.6493,377.69,,False
2005-08-27,2005.6521,377.5,,False
2005-08-28,2005.6548,378.29,,False
2005-08-31,2005.663,378.06,,False
2005-09-01,2005.6658,378.45,,False
2005-09-02,2005.6685,377.77,,False
2005-09-04,2005.674,378.01,,False
2005-09-05,2005.6767,377.85,3.67,False
2005-09-06,2005.6795,377.84,4.09,False
2005-09-07,2005.6822,377.7,,False
2005-09-08,2005.6849,376.74,2.01,False
2005-09-09,2005.6877,377.17,2.0,False
2005-09-11,2005.6932,376.81,2.51,False
2005-09-12,2005.6959,376.3,2.45,False
2005-09-13,2005.6986,375.12,,False
2005-09-14,2005.7014,376.49,,False
2005-09-15,2005.7041,376.44,,False
2005-09-16,2005.7068,376.79,2.47,False
2005-09-17,2005.7096,376.93,2.58,False
2005-09-18,2005.7123,377.03,2.65,False
2005-09-19,2005.7151,376.47,1.85,False
2005-09-20,2005.7178,377.11,2.4,False
2005-09-21,2005.7205,376.37,1.98,False
2005-09-22,2005.7233,376.08,,False
2005-09-23,2005.726,376.14,,False
2005-09-25,2005.7315,376.55,,False
2005-09-26,2005.7342,376.39,,False
2005-09-27,2005.737,376.84,,False
2005-09-28,2005.7397,376.99,,False
2005-09-29,2005.7425,376.67,,False
2005-09-30,2005.7452,376.59,1.87,False
2005-10-01,2005.7479,376.48,2.01,False
2005-10-02,2005.7507,376.85,2.6,False
2005-10-03,2005.7534,376.59,2.67,False
2005-10-04,2005.7562,377.01,3.15,False
2005-10-05,2005.7589,376.88,2.6,False
2005-10-06,2005.7616,376.75,2.27,False
2005-10-07,2005.7644,376.88,,False
2005-10-08,2005.7671,376.87,2.62,False
2005-10-09,2005.7699,377.12,,False
2005-10-10,2005.7726,377.13,2.81,False
2005-10-11,2005.7753,376.85,2.67,False
2005-10-12,2005.7781,377.31,2.89,False
2005-10-28,2005.8219,377.67,2.53,False
2005-10-29,2005.8247,377.73,2.48,False
2005-11-03,2005.8384,377.58,2.13,False
2005-11-04,2005.8411,378.26,3.01,False
2005-11-05,2005.8438,378.17,,False
2005-11-06,2005.8466,378.12,2.45,False
2005-11-07,2005.8493,378.56,2.89,False
2005-11-08,2005.8521,378.33,2.74,False
2005-11-09,2005.8548,378.38,2.88,False
2005-11-10,2005.8575,378.3,2.51,False
2005-11-11,2005.8603,377.7,2.05,False
2005-11-12,2005.863,377.56,1.92,False
2005-11-15,2005.8712,379.66,1.1,False
2005-11-16,2005.874,378.51,0.93,False
2005-11-17,2005.8767,378.87,2.14,False
2005-11-18,2005.8795,379.03,1.25,False
2005-11-19,2005.8822,379.17,2.98,False
2005-11-23,2005.8932,378.76,1.89,False
2005-11-24,2005.8959,378.61,1.65,False
2005-11-25,2005.8986,378.84,1.93,False
2005-11-26,2005.9014,378.49,1.53,False
2005-11-27,2005.9041,379.21,2.47,False
2005-11-28,2005.9068,379.3,2.48,False
2005-11-29,2005.9096,378.53,1.94,False
2005-11-30,2005.9123,379.29,2.57,False
2005-12-01,2005.9151,379.41,2.25,False
2005-12-02,2005.9178,378.7,1.89,False
2005-12-03,2005.9205,380.07,2.69,False
2005-12-05,2005.926,379.59,2.23,False
2005-12-06,2005.9288,379.66,2.19,False
2005-12-07,2005.9315,380.61,2.96,False
2005-12-08,2005.9342,379.93,2.33,False
2005-12-09,2005.937,380.73,3.12,False
2005-12-10,2005.9397,380.2,1.85,False
2005-12-11,2005.9425,380.11,2.14,False
2005-12-12,2005.9452,380.12,2.9,False
2005-12-13,2005.9479,380.59,3.54,False
2005-12-14,2005.9507,379.84,2.29,False
2005-12-15,2005.9534,380.77,3.27,False
2005-12-16,2005.9562,380.86,3.38,False
2005-12-17,2005.9589,380.3,2.79,False
2005-12-20,2005.9671,380.29,2.07,False
2005-12-21,2005.9699,380.22,2.16,False
2005-12-22,2005.9726,380.32,2.28,False
2005-12-24,2005.9781,380.92,3.14,False
2005-12-25,2005.9808,380.43,2.67,False
2005-12-26,2005.9836,380.43,,False
2005-12-27,2005.9863,380.84,3.17,False
2005-12-28,2005.989,380.85,2.68,False
2005-12-29,2005.9918,380.95,2.78,False
2005-12-30,2005.9945,380.64,2.7,False
2006-01-04,2006.0082,381.65,3.08,False
2006-01-05,2006.011,381.3,2.89,False
2006-01-07,2006.0164,381.42,3.54,False
2006-01-08,2006.0192,381.12,2.79,False
2006-01-09,2006.0219,381.78,3.55,False
2006-01-10,2006.0247,381.31,2.85,False
2006-01-11,2006.0274,381.33,2.36,False
2006-01-12,2006.0301,381.36,2.36,False
2006-01-13,2006.0329,380.97,1.89,False
2006-01-14,2006.0356,381.94,4.09,False
2006-01-15,2006.0384,381.83,3.18,False
2006-01-16,2006.0411,382.05,3.53,False
2006-01-19,2006.0493,381.53,2.67,False
2006-01-20,2006.0521,381.59,3.01,False
2006-01-22,2006.0575,381.79,3.27,False
2006-01-23,2006.0603,381.77,3.01,False
2006-01-24,2006.063,381.86,2.87,False
2006-01-25,2006.0658,381.38,2.87,False
2006-01-26,2006.0685,381.77,2.96,False
2006-01-27,2006.0712,381.89,3.01,False
2006-01-28,2006.074,382.25,3.51,False
2006-01-29,2006.0767,381.94,3.01,False
2006-01-30,2006.0795,381.67,1.93,False
2006-01-31,2006.0822,381.4,1.86,False
2006-02-02,2006.0877,381.42,1.93,False
2006-02-03,2006.0904,381.71,2.26,False
2006-02-04,2006.0932,382.81,2.79,False
2006-02-05,2006.0959,382.81,,False
2006-02-06,2006.0986,382.24,2.79,False
2006-02-07,2006.1014,382.24,,False
2006-02-08,2006.1041,382.41,2.97,False
2006-02-11,2006.1123,382.74,3.43,False
2006-02-12,2006.1151,383.19,3.67,False
2006-02-13,2006.1178,383.26,,False
2006-02-14,2006.1205,383.16,2.84,False
2006-02-15,2006.1233,382.95,2.3,False
2006-02-16,2006.126,382.79,2.45,False
2006-02-17,2006.1288,382.25,,False
2006-02-18,2006.1315,382.03,1.41,False
2006-02-19,2006.1342,381.75,3.18,False
2006-02-20,2006.137,381.86,2.49,False
2006-02-21,2006.1397,381.86,1.74,False
2006-02-22,2006.1425,381.97,1.98,False
2006-02-23,2006.1452,382.39,1.82,False
2006-02-24,2006.1479,382.69,2.53,False
2006-02-25,2006.1507,382.41,2.41,False
2006-02-26,2006.1534,382.33,2.16,False
2006-02-27,2006.1562,382.85,0.75,False
2006-02-28,2006.1589,382.29,1.75,False
2006-03-01,2006.1616,381.86,,False
2006-03-02,2006.1644,381.59,-0.93,False
2006-03-03,2006.1671,382.41,,False
2006-03-04,2006.1699,382.98,1.47,False
2006-03-05,2006.1726,382.81,1.79,False
2006-03-06,2006.1753,383.31,,False
2006-03-08,2006.1808,383.11,4.42,False
2006-03-09,2006.1836,382.89,,False
2006-03-10,2006.1863,383.02,2.62,False
2006-03-11,2006.189,383.36,3.41,False
2006-03-12,2006.1918,382.84,1.42,False
2006-03-13,2006.1945,383.22,1.65,False
2006-03-14,2006.1973,382.99,1.02,False
2006-03-15,2006.2,382.82,0.49,False
2006-03-16,2006.2027,383.22,0.59,False
2006-03-17,2006.2055,382.92,2.69,False
2006-03-18,2006.2082,383.4,2.83,False
2006-03-19,2006.211,383.63,2.7,False
2006-03-20,2006.2137,383.12,1.44,False
2006-03-21,2006.2164,383.09,1.82,False
2006-03-23,2006.2219,382.94,2.5,False
2006-03-24,2006.2247,383.01,3.44,False
2006-03-25,2006.2274,382.77,3.3,False
2006-03-26,2006.2301,382.57,3.05,False
2006-03-27,2006.2329,382.62,2.94,False
2006-03-28,2006.2356,382.56,,False
2006-03-29,2006.2384,382.46,0.95,False
2006-03-30,2006.2411,382.83,0.29,False
2006-03-31,2006.2438,382.66,-0.28,False
2006-04-04,2006.2548,384.33,1.87,True
2006-04-05,2006.2575,383.91,1.62,False
2006-04-06,2006.2603,383.73,0.98,False
2006-04-08,2006.2658,385.5,2.46,True
2006-04-09,2006.2685,385.56,3.07,True
2006-04-11,2006.274,385.2,2.17,False
2006-04-12,2006.2767,385.22,2.8,False
2006-04-13,2006.2795,384.28,,False
2006-04-14,2006.2822,384.64,2.85,False
2006-04-15,2006.2849,384.87,2.83,False
2006-04-16,2006.2877,385.16,,False
2006-04-17,2006.2904,385.21,3.23,False
2006-04-18,2006.2932,384.96,3.4,False
2006-04-19,2006.2959,384.98,3.02,False
2006-04-20,2006.2986,385.21,2.88,False
2006-04-21,2006.3014,385.0,2.28,False
2006-04-22,2006.3041,384.84,1.6,False
2006-04-23,2006.3068,384.85,2.16,False
2006-04-24,2006.3096,384.78,2.03,False
2006-04-25,2006.3123,385.15,3.32,False
2006-04-26,2006.3151,385.07,,False
2006-04-27,2006.3178,384.97,2.66,False
2006-04-28,2006.3205,384.92,1.73,False
2006-04-29,2006.3233,384.83,1.57,False
2006-04-30,2006.326,384.72,1.49,False
2006-05-01,2006.3288,385.42,1.43,False
2006-05-02,2006.3315,385.27,3.12,False
2006-05-04,2006.337,384.93,3.36,False
2006-05-05,2006.3397,385.11,3.14,False
2006-05-06,2006.3425,384.98,2.97,False
2006-05-07,2006.3452,385.47,3.86,False
2006-05-09,2006.3507,385.5,3.86,False
2006-05-10,2006.3534,385.35,4.37,False
2006-05-11,2006.3562,385.0,2.8,False
2006-05-12,2006.3589,384.8,1.72,False
2006-05-13,2006.3616,385.15,2.24,False
2006-05-14,2006.3644,385.37,2.87,False
2006-05-15,2006.3671,385.48,2.66,False
2006-05-17,2006.3726,385.71,2.94,True
2006-05-19,2006.3781,385.51,2.93,False
2006-05-20,2006.3808,385.48,2.42,False
2006-05-21,2006.3836,385.36,2.44,False
2006-05-22,2006.3863,385.45,1.98,False
2006-05-23,2006.389,385.81,2.33,True
2006-05-24,2006.3918,385.87,2.72,True
2006-05-25,2006.3945,384.72,1.47,False
2006-05-27,2006.4,383.66,0.61,False
2006-05-29,2006.4055,384.7,1.59,False
2006-05-30,2006.4082,385.15,1.65,False
2006-06-01,2006.4137,384.81,1.77,False
2006-06-02,2006.4164,384.8,1.73,False
2006-06-03,2006.4192,384.79,2.34,False
2006-06-04,2006.4219,384.82,2.17,False
2006-06-05,2006.4247,383.3,0.11,False
2006-06-06,2006.4274,383.69,1.02,False
2006-06-07,2006.4301,384.73,1.89,False
2006-06-08,2006.4329,384.81,1.96,False
2006-06-10,2006.4384,384.84,1.94,False
2006-06-11,2006.4411,384.62,1.96,False
2006-06-12,2006.4438,384.56,1.87,False
2006-06-13,2006.4466,384.44,2.1,False
2006-06-14,2006.4493,384.61,,False
2006-06-15,2006.4521,384.7,2.27,False
2006-06-16,2006.4548,384.62,1.92,False
2006-06-17,2006.4575,383.68,0.91,False
2006-06-18,2006.4603,384.33,1.68,False
2006-06-19,2006.463,384.98,2.39,False
2006-06-20,2006.4658,383.86,1.51,False
2006-06-21,2006.4685,383.95,1.8,False
2006-06-22,2006.4712,383.95,2.05,False
2006-06-24,2006.4767,383.65,1.44,False
2006-06-25,2006.4795,383.89,2.15,False
2006-06-26,2006.4822,383.32,,False
2006-06-27,2006.4849,384.21,2.52,False
2006-06-28,2006.4877,383.7,2.11,False
2006-06-29,2006.4904,383.64,2.17,False
2006-06-30,2006.4932,383.44,1.94,False
2006-07-01,2006.4959,383.22,1.74,False
2006-07-02,2006.4986,383.13,1.51,False
2006-07-03,2006.5014,383.57,2.64,False
2006-07-04,2006.5041,383.51,,False
2006-07-05,2006.5068,383.41,2.14,False
2006-07-06,2006.5096,383.06,1.52,False
2006-07-08,2006.5151,383.1,1.64,False
2006-07-09,2006.5178,383.2,1.97,False
2006-07-11,2006.5233,383.39,2.37,False
2006-07-12,2006.526,382.86,1.34,False
2006-07-13,2006.5288,382.93,1.09,False
2006-07-14,2006.5315,382.69,,False
2006-07-18,2006.5425,381.85,0.87,False
2006-07-19,2006.5452,382.23,1.36,False
2006-07-20,2006.5479,382.02,1.17,False
2006-07-22,2006.5534,381.84,0.84,False
2006-07-24,2006.5589,382.26,1.7,False
2006-07-25,2006.5616,382.4,1.79,False
2006-07-26,2006.5644,382.19,1.82,False
2006-07-27,2006.5671,382.72,2.69,False
2006-07-28,2006.5699,382.08,1.85,False
2006-07-29,2006.5726,382.16,1.99,False
2006-07-30,2006.5753,381.99,1.56,False
2006-07-31,2006.5781,381.51,1.53,False
2006-08-01,2006.5808,381.78,2.83,False
2006-08-02,2006.5836,381.71,1.37,False
2006-08-03,2006.5863,381.76,1.52,False
2006-08-04,2006.589,381.76,,False
2006-08-05,2006.5918,381.36,1.16,False
2006-08-06,2006.5945,379.91,-0.57,False
2006-08-07,2006.5973,380.02,1.37,False
2006-08-10,2006.6055,381.48,2.54,False
2006-08-11,2006.6082,381.23,,False
2006-08-12,2006.611,381.26,1.76,False
2006-08-13,2006.6137,380.95,1.19,False
2006-08-15,2006.6192,380.12,1.76,False
2006-08-16,2006.6219,380.37,0.95,False
2006-08-17,2006.6247,381.01,1.87,False
2006-08-18,2006.6274,380.61,1.29,False
2006-08-19,2006.6301,380.46,1.65,False
2006-08-20,2006.6329,379.77,1.11,False
2006-08-21,2006.6356,380.08,1.29,False
2006-08-22,2006.6384,380.32,2.09,False
2006-08-24,2006.6438,379.89,1.0,False
2006-08-25,2006.6466,379.77,1.77,False
2006-08-26,2006.6493,380.05,2.36,False
2006-08-27,2006.6521,380.19,2.69,False
2006-08-28,2006.6548,380.03,1.74,False
2006-08-29,2006.6575,380.16,,False
2006-08-30,2006.6603,379.94,,False
2006-08-31,2006.663,379.38,1.32,False
2006-09-02,2006.6685,378.75,0.98,False
2006-09-03,2006.6712,378.82,,False
2006-09-04,2006.674,379.09,1.08,False
2006-09-07,2006.6822,377.89,0.19,False
2006-09-08,2006.6849,379.38,2.64,False
2006-09-09,2006.6877,378.85,1.68,False
2006-09-10,2006.6904,379.33,,False
2006-09-11,2006.6932,379.38,2.57,False
2006-09-12,2006.6959,379.34,3.04,False
2006-09-13,2006.6986,379.18,4.06,False
2006-09-14,2006.7014,379.57,3.08,False
2006-09-17,2006.7096,379.0,2.07,False
2006-09-18,2006.7123,378.96,1.93,False
2006-09-19,2006.7151,379.14,2.67,False
2006-09-20,2006.7178,379.04,1.93,False
2006-09-21,2006.7205,378.79,2.42,False
2006-09-22,2006.7233,378.48,2.4,False
2006-09-23,2006.726,378.58,2.44,False
2006-09-24,2006.7288,378.75,,False
2006-09-25,2006.7315,378.75,2.2,False
2006-09-26,2006.7342,378.98,2.59,False
2006-09-27,2006.737,378.69,1.85,False
2006-09-28,2006.7397,379.31,2.32,False
2006-09-29,2006.7425,379.49,2.82,False
2006-09-30,2006.7452,379.43,2.84,False
2006-10-01,2006.7479,379.51,3.03,False
2006-10-03,2006.7534,378.72,2.13,False
2006-10-04,2006.7562,378.84,1.83,False
2006-10-06,2006.7616,379.35,2.6,False
2006-10-07,2006.7644,379.13,2.25,False
2006-10-08,2006.7671,379.27,2.4,False
2006-10-09,2006.7699,379.06,1.94,False
2006-10-10,2006.7726,378.7,1.57,False
2006-10-11,2006.7753,377.98,1.13,False
2006-10-12,2006.7781,379.12,1.81,False
2006-10-13,2006.7808,379.75,,False
2006-10-14,2006.7836,379.74,,False
2006-10-15,2006.7863,379.13,,False
2006-10-16,2006.789,379.16,,False
2006-10-17,2006.7918,379.24,,False
2006-10-18,2006.7945,378.95,,False
2006-10-25,2006.8137,379.6,,False
2006-10-26,2006.8164,379.43,,False
2006-10-27,2006.8192,379.6,,False
2006-10-28,2006.8219,380.06,2.39,False
2006-10-29,2006.8247,380.03,2.3,False
2006-10-30,2006.8274,380.13,,False
2006-10-31,2006.8301,379.81,,False
2006-11-01,2006.8329,379.16,,False
2006-11-02,2006.8356,379.85,,False
2006-11-03,2006.8384,379.97,2.39,False
2006-11-04,2006.8411,379.92,1.66,False
2006-11-05,2006.8438,379.91,1.74,False
2006-11-06,2006.8466,379.93,1.81,False
2006-11-07,2006.8493,379.95,1.39,False
2006-11-08,2006.8521,379.99,1.66,False
2006-11-09,2006.8548,379.94,1.56,False
2006-11-10,2006.8575,379.97,1.67,False
2006-11-11,2006.8603,380.01,2.31,False
2006-11-12,2006.863,380.13,2.57,False
2006-11-13,2006.8658,380.04,,False
2006-11-14,2006.8685,380.21,,False
2006-11-15,2006.8712,380.21,0.55,False
2006-11-16,2006.874,380.36,1.85,False
2006-11-17,2006.8767,380.18,1.31,False
2006-11-18,2006.8795,380.21,1.18,False
2006-11-19,2006.8822,379.99,0.82,False
2006-11-20,2006.8849,379.65,,False
2006-11-21,2006.8877,380.3,,False
2006-11-22,2006.8904,379.85,,False
2006-11-23,2006.8932,381.01,2.25,False
2006-11-24,2006.8959,381.82,3.21,False
2006-11-25,2006.8986,381.37,2.53,False
2006-11-26,2006.9014,381.25,2.76,False
2006-11-27,2006.9041,381.2,1.99,False
2006-11-28,2006.9068,381.77,2.47,False
2006-11-29,2006.9096,381.18,2.65,False
2006-12-01,2006.9151,381.55,2.14,False
2006-12-02,2006.9178,381.67,2.97,False
2006-12-03,2006.9205,381.57,1.5,False
2006-12-04,2006.9233,381.74,,False
2006-12-05,2006.926,381.54,1.95,False
2006-12-06,2006.9288,381.46,1.8,False
2006-12-07,2006.9315,381.51,0.9,False
2006-12-08,2006.9342,381.72,1.79,False
2006-12-09,2006.937,382.18,1.45,False
2006-12-10,2006.9397,381.59,1.39,False
2006-12-11,2006.9425,382.34,2.23,False
2006-12-12,2006.9452,382.21,2.09,False
2006-12-13,2006.9479,381.2,0.61,False
2006-12-14,2006.9507,381.23,1.39,False
2006-12-15,2006.9534,381.77,1.0,False
2006-12-16,2006.9562,382.95,2.09,False
2006-12-17,2006.9589,382.32,2.02,False
2006-12-18,2006.9616,381.94,,False
2006-12-20,2006.9671,382.98,2.69,False
2006-12-22,2006.9726,382.43,2.11,False
2006-12-23,2006.9753,382.26,,False
2006-12-24,2006.9781,382.01,1.09,False
2006-12-25,2006.9808,382.38,1.95,False
2006-12-26,2006.9836,382.07,1.64,False
2006-12-28,2006.989,381.96,1.11,False
2006-12-29,2006.9918,382.46,1.51,False
2006-12-31,2006.9973,382.31,,False
2007-01-01,2007.0,382.11,,False
2007-01-02,2007.0027,382.55,,False
2007-01-03,2007.0055,382.4,,False
2007-01-04,2007.0082,382.17,0.52,False
2007-01-05,2007.011,382.14,0.84,False
2007-01-06,2007.0137,382.34,,False
2007-01-11,2007.0274,383.14,1.81,False
2007-01-12,2007.0301,383.04,1.68,False
2007-01-13,2007.0329,383.23,2.26,False
2007-01-14,2007.0356,383.14,1.2,False
2007-01-15,2007.0384,382.37,0.54,False
2007-01-16,2007.0411,382.16,0.11,False
2007-01-17,2007.0438,382.06,,False
2007-01-20,2007.0521,383.53,1.94,False
2007-01-21,2007.0548,381.96,,False
2007-01-22,2007.0575,382.7,0.91,False
2007-01-23,2007.0603,382.83,1.06,False
2007-01-24,2007.063,385.52,3.66,False
2007-01-26,2007.0685,384.56,2.79,False
2007-01-27,2007.0712,385.02,3.13,False
2007-01-28,2007.074,384.12,1.87,False
2007-01-29,2007.0767,383.1,1.16,False
2007-01-30,2007.0795,384.34,2.67,False
2007-01-31,2007.0822,384.24,2.84,False
2007-02-01,2007.0849,383.64,,False
2007-02-02,2007.0877,383.25,1.83,False
2007-02-03,2007.0904,384.49,2.78,False
2007-02-04,2007.0932,383.74,0.93,False
2007-02-05,2007.0959,383.02,0.21,False
2007-02-06,2007.0986,383.07,0.83,False
2007-02-07,2007.1014,383.56,1.32,False
2007-02-08,2007.1041,383.14,0.73,False
2007-02-09,2007.1068,383.16,,False
2007-02-10,2007.1096,384.68,,False
2007-02-11,2007.1123,384.48,1.74,False
2007-02-12,2007.1151,385.76,2.57,False
2007-02-13,2007.1178,384.97,1.71,False
2007-02-14,2007.1205,384.9,1.74,False
2007-02-22,2007.1425,384.57,2.6,False
2007-02-23,2007.1452,386.06,3.67,True
2007-02-24,2007.1479,384.16,1.47,False
2007-02-25,2007.1507,383.99,1.58,False
2007-02-26,2007.1534,383.8,1.47,False
2007-02-27,2007.1562,383.62,0.77,False
2007-02-28,2007.1589,383.88,1.59,False
2007-03-01,2007.1616,384.99,3.13,False
2007-03-02,2007.1644,384.86,3.27,False
2007-03-03,2007.1671,384.43,2.02,False
2007-03-04,2007.1699,384.21,1.23,False
2007-03-05,2007.1726,383.77,0.96,False
2007-03-06,2007.1753,383.13,-0.18,False
2007-03-07,2007.1781,383.02,,False
2007-03-08,2007.1808,383.24,0.13,False
2007-03-09,2007.1836,383.99,1.1,False
2007-03-10,2007.1863,384.0,0.98,False
2007-03-11,2007.189,384.64,1.28,False
2007-03-12,2007.1918,384.89,2.05,False
2007-03-14,2007.1973,384.31,1.32,False
2007-03-15,2007.2,384.32,1.5,False
2007-03-16,2007.2027,384.42,1.2,False
2007-03-17,2007.2055,384.73,1.81,False
2007-03-18,2007.2082,384.98,1.58,False
2007-03-19,2007.211,385.23,1.6,False
2007-03-20,2007.2137,384.89,1.77,False
2007-03-21,2007.2164,385.57,2.48,False
2007-03-22,2007.2192,385.28,,False
2007-03-24,2007.2247,385.79,2.78,False
2007-03-25,2007.2274,385.97,3.2,False
2007-03-28,2007.2356,385.46,2.9,False
2007-03-29,2007.2384,385.01,2.55,False
2007-03-30,2007.2411,387.01,4.18,True
2007-03-31,2007.2438,386.94,4.28,False
2007-04-02,2007.2493,386.17,,False
2007-04-03,2007.2521,386.36,,False
2007-04-04,2007.2548,386.68,2.35,False
2007-04-05,2007.2575,385.58,1.67,False
2007-04-06,2007.2603,385.73,2.0,False
2007-04-07,2007.263,385.89,,False
2007-04-08,2007.2658,385.88,0.38,False
2007-04-09,2007.2685,385.88,0.32,False
2007-04-10,2007.2712,385.02,,False
2007-04-11,2007.274,387.51,2.31,True
2007-04-14,2007.2822,385.34,0.7,False
2007-04-15,2007.2849,386.08,1.21,False
2007-04-16,2007.2877,388.05,2.89,True
2007-04-17,2007.2904,387.91,2.7,False
2007-04-18,2007.2932,387.73,2.77,False
2007-04-19,2007.2959,387.86,2.88,False
2007-04-20,2007.2986,387.63,2.42,False
2007-04-21,2007.3014,387.28,2.28,False
2007-04-22,2007.3041,387.42,2.58,False
2007-04-24,2007.3096,387.45,2.67,False
2007-04-25,2007.3123,387.16,2.01,False
2007-04-26,2007.3151,386.97,1.9,False
2007-04-28,2007.3205,386.88,1.96,False
2007-04-29,2007.3233,386.92,2.09,False
2007-04-30,2007.326,386.92,2.2,False
2007-05-01,2007.3288,386.7,1.28,False
2007-05-02,2007.3315,386.88,1.61,False
2007-05-03,2007.3342,386.97,,False
2007-05-04,2007.337,387.34,2.41,False
2007-05-05,2007.3397,386.03,0.92,False
2007-05-06,2007.3425,385.83,0.85,False
2007-05-07,2007.3452,385.96,0.49,False
2007-05-08,2007.3479,386.0,,False
2007-05-09,2007.3507,385.81,0.31,False
2007-05-10,2007.3534,387.57,2.22,False
2007-05-11,2007.3562,387.13,2.13,False
2007-05-12,2007.3589,386.91,2.11,False
2007-05-13,2007.3616,387.44,2.29,False
2007-05-14,2007.3644,387.28,1.91,False
2007-05-15,2007.3671,386.06,0.58,False
2007-05-16,2007.3699,386.55,,False
2007-05-17,2007.3726,386.87,1.16,False
2007-05-18,2007.3753,387.08,,False
2007-05-20,2007.3808,385.33,-0.15,False
2007-05-21,2007.3836,386.13,0.77,False
2007-05-22,2007.3863,386.18,0.73,False
2007-05-23,2007.389,387.0,1.19,False
2007-05-24,2007.3918,387.42,1.55,False
2007-05-25,2007.3945,387.43,2.71,False
2007-05-26,2007.3973,387.68,,False
2007-05-27,2007.4,387.27,3.61,False
2007-05-28,2007.4027,387.5,,False
2007-05-29,2007.4055,387.39,2.69,False
2007-05-31,2007.411,386.9,,False
2007-06-01,2007.4137,386.82,2.01,False
2007-06-02,2007.4164,386.95,2.15,False
2007-06-03,2007.4192,387.36,2.57,False
2007-06-04,2007.4219,387.17,2.35,False
2007-06-05,2007.4247,387.31,4.01,False
2007-06-06,2007.4274,387.26,3.57,False
2007-06-07,2007.4301,386.93,2.2,False
2007-06-08,2007.4329,386.8,1.99,False
2007-06-09,2007.4356,387.06,,False
2007-06-10,2007.4384,386.73,1.89,False
2007-06-11,2007.4411,386.72,2.1,False
2007-06-12,2007.4438,386.39,1.83,False
2007-06-14,2007.4493,386.85,2.24,False
2007-06-15,2007.4521,386.53,1.83,False
2007-06-16,2007.4548,386.71,2.09,False
2007-06-17,2007.4575,386.35,2.67,False
2007-06-18,2007.4603,386.6,2.27,False
2007-06-19,2007.463,386.45,1.47,False
2007-06-20,2007.4658,385.71,1.85,False
2007-06-22,2007.4712,385.39,1.44,False
2007-06-23,2007.474,385.07,,False
2007-06-26,2007.4822,385.65,2.33,False
2007-06-27,2007.4849,384.87,0.66,False
2007-06-28,2007.4877,385.35,1.65,False
2007-06-29,2007.4904,385.6,1.96,False
2007-06-30,2007.4932,384.88,1.44,False
2007-07-01,2007.4959,385.98,2.76,False
2007-07-02,2007.4986,385.68,2.55,False
2007-07-03,2007.5014,385.27,1.7,False
2007-07-04,2007.5041,385.39,1.88,False
2007-07-05,2007.5068,385.68,2.27,False
2007-07-06,2007.5096,385.85,2.79,False
2007-07-07,2007.5123,385.42,,False
2007-07-08,2007.5151,385.14,2.04,False
2007-07-09,2007.5178,385.28,2.08,False
2007-07-10,2007.5205,385.48,,False
2007-07-11,2007.5233,385.81,2.42,False
2007-07-12,2007.526,385.44,2.58,False
2007-07-13,2007.5288,385.11,2.18,False
2007-07-14,2007.5315,385.18,2.49,False
2007-07-15,2007.5342,384.81,,False
2007-07-16,2007.537,383.11,,False
2007-07-17,2007.5397,384.86,,False
2007-07-18,2007.5425,384.67,2.82,False
2007-07-20,2007.5479,384.07,2.05,False
2007-07-21,2007.5507,384.38,,False
2007-07-22,2007.5534,384.23,2.39,False
2007-07-25,2007.5616,383.59,1.19,False
2007-07-27,2007.5671,384.2,1.48,False
2007-07-28,2007.5699,384.12,2.04,False
2007-07-29,2007.5726,384.27,2.11,False
2007-07-30,2007.5753,383.13,1.14,False
2007-07-31,2007.5781,383.55,2.04,False
2007-08-01,2007.5808,383.62,1.84,False
2007-08-02,2007.5836,383.55,1.84,False
2007-08-03,2007.5863,382.46,0.7,False
2007-08-04,2007.589,381.2,-0.56,False
2007-08-06,2007.5945,383.34,3.43,False
2007-08-07,2007.5973,383.52,3.5,False
2007-08-11,2007.6082,381.25,0.02,False
2007-08-12,2007.611,382.6,1.34,False
2007-08-13,2007.6137,381.67,0.72,False
2007-08-14,2007.6164,382.07,,False
2007-08-15,2007.6192,382.06,1.94,False
2007-08-16,2007.6219,381.79,1.42,False
2007-08-17,2007.6247,382.6,1.59,False
2007-08-18,2007.6274,382.01,1.4,False
2007-08-19,2007.6301,382.07,1.61,False
2007-08-20,2007.6329,382.1,2.33,False
2007-08-22,2007.6384,382.48,2.16,False
2007-08-23,2007.6411,382.67,,False
2007-08-26,2007.6493,382.15,2.1,False
2007-08-28,2007.6548,381.35,1.32,False
2007-08-29,2007.6575,381.78,1.62,False
2007-08-30,2007.6603,382.16,2.22,False
2007-09-03,2007.6712,382.16,3.34,False
2007-09-04,2007.674,382.01,2.92,False
2007-09-05,2007.6767,381.98,,False
2007-09-06,2007.6795,381.51,,False
2007-09-08,2007.6849,381.14,1.76,False
2007-09-09,2007.6877,381.13,2.28,False
2007-09-10,2007.6904,380.49,1.16,False
2007-09-11,2007.6932,380.89,1.51,False
2007-09-12,2007.6959,380.94,1.6,False
2007-09-13,2007.6986,380.96,1.78,False
2007-09-20,2007.7178,380.89,1.85,False
2007-09-21,2007.7205,381.34,2.55,False
2007-09-22,2007.7233,380.87,2.39,False
2007-09-23,2007.726,381.1,2.52,False
2007-09-24,2007.7288,381.19,2.44,False
2007-09-25,2007.7315,381.25,2.5,False
2007-09-26,2007.7342,381.18,2.2,False
2007-09-27,2007.737,380.57,1.88,False
2007-09-28,2007.7397,379.84,0.53,False
2007-09-29,2007.7425,381.26,1.77,False
2007-09-30,2007.7452,381.56,2.13,False
2007-10-01,2007.7479,381.11,1.6,False
2007-10-02,2007.7507,381.15,,False
2007-10-03,2007.7534,381.09,2.37,False
2007-10-04,2007.7562,380.95,2.11,False
2007-10-05,2007.7589,381.07,,False
2007-10-06,2007.7616,380.88,1.53,False
2007-10-07,2007.7644,381.41,2.28,False
2007-10-08,2007.7671,381.3,2.03,False
2007-10-10,2007.7726,381.29,2.59,False
2007-10-11,2007.7753,381.22,3.24,False
2007-10-12,2007.7781,380.95,1.83,False
2007-10-13,2007.7808,380.95,1.2,False
2007-10-14,2007.7836,380.97,1.23,False
2007-10-16,2007.789,381.16,2.0,False
2007-10-17,2007.7918,381.37,2.13,False
2007-10-18,2007.7945,381.62,2.67,False
2007-10-19,2007.7973,381.22,,False
2007-10-20,2007.8,381.29,,False
2007-10-21,2007.8027,381.42,,False
2007-10-22,2007.8055,381.74,,False
2007-10-23,2007.8082,381.7,,False
2007-10-24,2007.811,381.58,,False
2007-10-25,2007.8137,381.62,2.02,False
2007-10-26,2007.8164,381.6,2.17,False
2007-10-27,2007.8192,381.46,1.86,False
2007-10-28,2007.8219,382.12,2.06,False
2007-10-29,2007.8247,382.01,1.98,False
2007-10-30,2007.8274,381.74,1.61,False
2007-10-31,2007.8301,381.9,2.09,False
2007-11-01,2007.8329,382.09,2.93,False
2007-11-02,2007.8356,382.17,2.32,False
2007-11-03,2007.8384,382.0,2.03,False
2007-11-04,2007.8411,382.06,2.14,False
2007-11-05,2007.8438,382.27,2.36,False
2007-11-06,2007.8466,382.32,2.39,False
2007-11-07,2007.8493,382.4,2.45,False
2007-11-08,2007.8521,382.41,2.42,False
2007-11-09,2007.8548,382.18,2.24,False
2007-11-10,2007.8575,382.2,2.23,False
2007-11-11,2007.8603,382.28,2.27,False
2007-11-12,2007.863,382.47,2.34,False
2007-11-13,2007.8658,382.58,2.54,False
2007-11-14,2007.8685,382.21,2.0,False
2007-11-15,2007.8712,382.21,2.0,False
2007-11-16,2007.874,382.87,2.51,False
2007-11-17,2007.8767,382.57,2.39,False
2007-11-18,2007.8795,383.56,3.35,False
2007-11-19,2007.8822,382.73,2.74,False
2007-11-20,2007.8849,382.93,3.28,False
2007-11-21,2007.8877,383.77,3.47,False
2007-11-22,2007.8904,383.56,3.71,False
2007-11-23,2007.8932,383.65,2.64,False
2007-11-24,2007.8959,382.83,1.01,False
2007-11-25,2007.8986,383.2,1.83,False
2007-11-26,2007.9014,383.16,1.91,False
2007-11-27,2007.9041,382.98,1.78,False
2007-11-28,2007.9068,383.18,1.41,False
2007-11-29,2007.9096,383.09,1.91,False
2007-11-30,2007.9123,383.14,,False
2007-12-04,2007.9233,383.39,1.65,False
2007-12-06,2007.9288,384.04,2.58,False
2007-12-07,2007.9315,384.32,2.81,False
2007-12-08,2007.9342,383.88,2.16,False
2007-12-09,2007.937,383.86,1.68,False
2007-12-10,2007.9397,383.86,2.27,False
2007-12-11,2007.9425,383.74,1.4,False
2007-12-12,2007.9452,384.37,2.16,False
2007-12-13,2007.9479,383.96,2.76,False
2007-12-14,2007.9507,383.89,2.66,False
2007-12-18,2007.9616,384.77,2.83,False
2007-12-19,2007.9644,385.09,,False
2007-12-20,2007.9671,384.35,1.37,False
2007-12-21,2007.9699,384.61,,False
2007-12-22,2007.9726,384.33,1.9,False
2007-12-23,2007.9753,383.94,1.68,False
2007-12-24,2007.9781,384.16,2.15,False
2007-12-25,2007.9808,384.34,1.96,False
2007-12-27,2007.9863,384.12,,False
2007-12-29,2007.9918,384.32,1.86,False
2007-12-30,2007.9945,384.85,,False
2007-12-31,2007.9973,385.15,2.84,False
2008-01-01,2008.0,385.3,3.19,False
2008-01-02,2008.0027,385.49,2.94,False
2008-01-03,2008.0055,384.97,2.57,False
2008-01-04,2008.0082,384.67,2.5,False
2008-01-05,2008.0109,384.72,2.58,False
2008-01-06,2008.0137,384.78,2.44,False
2008-01-07,2008.0164,384.7,,False
2008-01-08,2008.0191,384.67,,False
2008-01-09,2008.0219,384.64,,False
2008-01-10,2008.0246,384.74,,False
2008-01-11,2008.0273,384.62,1.48,False
2008-01-12,2008.0301,384.51,1.47,False
2008-01-13,2008.0328,384.93,1.7,False
2008-01-14,2008.0355,386.49,3.35,False
2008-01-15,2008.0383,386.9,4.53,False
2008-01-16,2008.041,386.03,3.87,False
2008-01-17,2008.0437,386.2,4.14,False
2008-01-18,2008.0464,385.88,,False
2008-01-19,2008.0492,385.93,,False
2008-01-20,2008.0519,386.01,2.48,False
2008-01-21,2008.0546,386.06,4.1,False
2008-01-22,2008.0574,386.38,3.68,False
2008-01-23,2008.0601,385.95,3.12,False
2008-01-24,2008.0628,386.06,0.54,False
2008-01-25,2008.0656,386.37,,False
2008-01-26,2008.0683,386.91,2.35,False
2008-01-27,2008.071,387.64,2.62,False
2008-01-28,2008.0738,387.09,2.97,False
2008-01-29,2008.0765,386.82,3.72,False
2008-01-30,2008.0792,386.96,2.62,False
2008-01-31,2008.082,386.78,2.54,False
2008-02-01,2008.0847,387.28,3.64,False
2008-02-02,2008.0874,386.58,3.33,False
2008-02-03,2008.0902,386.37,1.88,False
2008-02-04,2008.0929,387.16,3.42,False
2008-02-05,2008.0956,386.38,3.36,False
2008-02-06,2008.0984,385.87,2.8,False
2008-02-07,2008.1011,385.64,2.08,False
2008-02-08,2008.1038,385.89,2.75,False
2008-02-09,2008.1066,386.46,3.3,False
2008-02-10,2008.1093,386.55,1.87,False
2008-02-11,2008.112,386.44,1.96,False
2008-02-12,2008.1148,386.05,0.29,False
2008-02-13,2008.1175,386.16,1.19,False
2008-02-14,2008.1202,386.16,1.26,False
2008-02-15,2008.123,386.14,,False
2008-02-16,2008.1257,385.93,,False
2008-02-17,2008.1284,386.29,,False
2008-02-18,2008.1311,385.75,,False
2008-02-19,2008.1339,385.23,,False
2008-02-20,2008.1366,384.73,,False
2008-02-21,2008.1393,385.71,,False
2008-02-24,2008.1475,385.8,1.64,False
2008-02-25,2008.1503,385.58,1.59,False
2008-02-26,2008.153,387.44,3.64,False
2008-02-28,2008.1585,384.96,1.08,False
2008-02-29,2008.1612,384.82,,False
2008-03-01,2008.1639,385.12,0.13,False
2008-03-02,2008.1667,385.36,0.5,False
2008-03-03,2008.1694,385.15,0.72,False
2008-03-05,2008.1749,386.39,2.62,False
2008-03-06,2008.1776,386.61,3.48,False
2008-03-07,2008.1803,386.68,3.66,False
2008-03-08,2008.1831,386.17,2.93,False
2008-03-09,2008.1858,386.08,2.09,False
2008-03-10,2008.1885,386.06,2.06,False
2008-03-11,2008.1913,385.9,1.26,False
2008-03-12,2008.194,385.62,0.73,False
2008-03-13,2008.1967,386.35,,False
2008-03-14,2008.1995,385.85,1.54,False
2008-03-15,2008.2022,385.82,1.5,False
2008-03-16,2008.2049,385.68,1.26,False
2008-03-17,2008.2077,386.76,2.03,False
2008-03-18,2008.2104,386.35,1.37,False
2008-03-19,2008.2131,386.01,0.78,False
2008-03-20,2008.2158,385.94,1.05,False
2008-03-21,2008.2186,385.93,0.36,False
2008-03-22,2008.2213,385.86,0.58,False
2008-03-23,2008.224,386.34,,False
2008-03-24,2008.2268,387.74,1.95,False
2008-03-25,2008.2295,387.82,1.85,False
2008-03-26,2008.2322,387.8,,False
2008-03-27,2008.235,386.57,,False
2008-03-28,2008.2377,386.1,0.64,False
2008-03-29,2008.2404,386.41,1.4,False
2008-03-30,2008.2432,386.54,-0.47,False
2008-03-31,2008.2459,387.77,0.83,False
2008-04-01,2008.2486,387.83,,False
2008-04-02,2008.2514,388.58,2.41,True
2008-04-03,2008.2541,388.56,2.2,False
2008-04-04,2008.2568,390.73,4.05,True
2008-04-05,2008.2596,388.18,2.6,False
2008-04-07,2008.265,388.89,3.0,False
2008-04-08,2008.2678,388.75,2.87,False
2008-04-09,2008.2705,386.2,0.32,False
2008-04-10,2008.2732,385.88,0.86,False
2008-04-11,2008.276,386.04,-1.47,False
2008-04-12,2008.2787,386.1,,False
2008-04-13,2008.2814,386.26,,False
2008-04-14,2008.2842,386.85,1.51,False
2008-04-15,2008.2869,386.45,0.37,False
2008-04-16,2008.2896,387.11,-0.94,False
2008-04-17,2008.2923,386.98,-0.93,False
2008-04-18,2008.2951,386.99,-0.74,False
2008-04-19,2008.2978,386.41,-1.45,False
2008-04-22,2008.306,386.75,-0.67,False
2008-04-23,2008.3087,387.24,,False
2008-04-26,2008.3169,388.74,1.77,False
2008-04-27,2008.3197,388.06,,False
2008-04-28,2008.3224,387.29,0.41,False
2008-04-30,2008.3279,386.96,0.04,False
2008-05-01,2008.3306,388.74,2.04,False
2008-05-02,2008.3333,387.18,0.3,False
2008-05-03,2008.3361,386.9,-0.07,False
2008-05-04,2008.3388,387.6,0.26,False
2008-05-05,2008.3415,387.72,1.69,False
2008-05-07,2008.347,389.63,3.67,False
2008-05-08,2008.3497,389.29,3.29,False
2008-05-09,2008.3525,389.58,3.77,False
2008-05-10,2008.3552,388.78,1.21,False
2008-05-11,2008.3579,389.06,1.93,False
2008-05-12,2008.3607,389.32,2.41,False
2008-05-13,2008.3634,389.14,1.7,False
2008-05-14,2008.3661,389.01,1.73,False
2008-05-15,2008.3689,389.02,2.96,False
2008-05-20,2008.3825,389.39,4.06,False
2008-05-21,2008.3852,389.4,3.27,False
2008-05-22,2008.388,389.08,2.9,False
2008-05-23,2008.3907,389.02,2.02,False
2008-05-24,2008.3934,388.78,1.36,False
2008-05-25,2008.3962,388.74,1.31,False
2008-05-26,2008.3989,388.9,1.22,False
2008-05-27,2008.4016,388.77,1.5,False
2008-05-29,2008.4071,388.48,1.09,False
2008-05-30,2008.4098,388.94,,False
2008-05-31,2008.4126,389.08,2.18,False
2008-06-01,2008.4153,389.05,2.23,False
2008-06-02,2008.418,388.59,1.64,False
2008-06-03,2008.4208,389.04,1.68,False
2008-06-04,2008.4235,388.46,1.29,False
2008-06-05,2008.4262,388.53,1.22,False
2008-06-06,2008.429,388.73,1.47,False
2008-06-07,2008.4317,388.93,2.0,False
2008-06-08,2008.4344,388.16,1.36,False
2008-06-09,2008.4372,387.23,0.17,False
2008-06-11,2008.4426,387.35,0.63,False
2008-06-12,2008.4454,387.18,0.79,False
2008-06-13,2008.4481,387.6,,False
2008-06-14,2008.4508,388.92,2.07,False
2008-06-15,2008.4536,388.55,2.02,False
2008-06-16,2008.4563,388.35,1.64,False
2008-06-17,2008.459,387.85,1.5,False
2008-06-18,2008.4617,388.44,1.84,False
2008-06-20,2008.4672,387.64,1.93,False
2008-06-21,2008.4699,387.81,,False
2008-06-22,2008.4727,387.57,2.18,False
2008-06-23,2008.4754,387.52,2.45,False
2008-06-24,2008.4781,387.51,,False
2008-06-25,2008.4809,387.52,,False
2008-07-22,2008.5546,386.57,2.34,False
2008-07-23,2008.5574,386.12,,False
2008-07-24,2008.5601,387.64,,False
2008-07-25,2008.5628,386.06,2.47,False
2008-07-26,2008.5656,386.64,,False
2008-07-27,2008.5683,384.17,-0.03,False
2008-07-28,2008.571,386.08,1.96,False
2008-07-29,2008.5738,384.28,0.01,False
2008-07-30,2008.5765,385.19,2.06,False
2008-07-31,2008.5792,386.02,2.47,False
2008-08-01,2008.582,384.89,1.27,False
2008-08-02,2008.5847,385.36,1.81,False
2008-08-04,2008.5902,385.05,3.85,False
2008-08-05,2008.5929,385.7,,False
2008-08-06,2008.5956,385.53,2.19,False
2008-08-07,2008.5984,385.19,1.67,False
2008-08-08,2008.6011,385.46,,False
2008-08-09,2008.6038,385.85,,False
2008-08-10,2008.6066,384.47,,False
2008-08-13,2008.6148,384.74,3.07,False
2008-08-14,2008.6175,384.22,2.15,False
2008-08-15,2008.6202,383.44,1.38,False
2008-08-16,2008.623,383.98,2.19,False
2008-08-17,2008.6257,384.3,1.7,False
2008-08-19,2008.6311,385.06,2.99,False
2008-08-20,2008.6339,384.56,2.46,False
2008-08-21,2008.6366,381.63,,False
2008-08-22,2008.6393,384.11,1.63,False
2008-08-23,2008.6421,383.8,1.13,False
2008-08-24,2008.6448,383.57,,False
2008-08-25,2008.6475,383.6,,False
2008-08-26,2008.6503,383.39,1.24,False
2008-08-27,2008.653,383.35,,False
2008-08-29,2008.6585,383.41,1.63,False
2008-08-30,2008.6612,383.78,1.62,False
2008-09-01,2008.6667,383.46,,False
2008-09-02,2008.6694,383.43,,False
2008-09-03,2008.6721,383.47,1.31,False
2008-09-04,2008.6749,383.95,1.94,False
2008-09-05,2008.6776,384.0,2.02,False
2008-09-06,2008.6803,384.05,2.54,False
2008-09-07,2008.6831,383.67,,False
2008-09-08,2008.6858,382.7,1.56,False
2008-09-09,2008.6885,383.59,2.46,False
2008-09-11,2008.694,382.79,1.9,False
2008-09-12,2008.6967,383.18,2.24,False
2008-09-13,2008.6995,383.66,2.7,False
2008-09-14,2008.7022,383.75,,False
2008-09-15,2008.7049,383.7,,False
2008-09-16,2008.7077,383.59,,False
2008-09-17,2008.7104,383.66,,False
2008-09-18,2008.7131,383.28,,False
2008-09-21,2008.7213,383.48,2.14,False
2008-09-22,2008.724,382.91,2.04,False
2008-09-23,2008.7268,383.32,2.22,False
2008-09-24,2008.7295,383.48,2.29,False
2008-09-25,2008.7322,383.41,2.16,False
2008-09-26,2008.735,383.26,2.08,False
2008-09-27,2008.7377,383.1,2.53,False
2008-09-28,2008.7404,383.19,3.35,False
2008-09-29,2008.7432,383.48,2.22,False
2008-09-30,2008.7459,382.59,1.03,False
2008-10-01,2008.7486,382.8,1.69,False
2008-10-02,2008.7514,382.44,1.29,False
2008-10-03,2008.7541,383.32,2.23,False
2008-10-04,2008.7568,382.94,1.99,False
2008-10-05,2008.7596,383.39,2.32,False
2008-10-07,2008.765,383.26,1.85,False
2008-10-09,2008.7705,383.12,,False
2008-10-10,2008.7732,382.81,1.52,False
2008-10-11,2008.776,382.91,1.69,False
2008-10-12,2008.7787,382.93,1.98,False
2008-10-13,2008.7814,382.76,1.81,False
2008-10-14,2008.7842,383.04,2.07,False
2008-10-15,2008.7869,383.23,,False
2008-10-16,2008.7896,383.17,2.01,False
2008-10-17,2008.7923,383.18,1.81,False
2008-10-18,2008.7951,383.2,1.58,False
2008-10-19,2008.7978,383.44,2.22,False
2008-10-20,2008.8005,383.34,2.05,False
2008-10-21,2008.8033,383.48,2.06,False
2008-10-22,2008.806,383.33,1.59,False
2008-10-23,2008.8087,383.22,1.52,False
2008-10-24,2008.8115,382.92,1.34,False
2008-10-31,2008.8306,384.28,2.38,False
2008-11-01,2008.8333,384.14,2.05,False
2008-11-02,2008.8361,384.13,1.96,False
2008-11-03,2008.8388,384.13,2.13,False
2008-11-04,2008.8415,384.13,2.07,False
2008-11-06,2008.847,383.81,1.49,False
2008-11-07,2008.8497,383.8,1.4,False
2008-11-08,2008.8525,384.05,1.64,False
2008-11-09,2008.8552,384.2,2.02,False
2008-11-10,2008.8579,383.85,1.65,False
2008-11-11,2008.8607,383.94,1.66,False
2008-11-12,2008.8634,384.22,1.75,False
2008-11-13,2008.8661,384.96,2.38,False
2008-11-14,2008.8689,384.67,2.46,False
2008-11-15,2008.8716,384.5,2.29,False
2008-11-16,2008.8743,384.45,1.58,False
2008-11-17,2008.877,384.86,2.29,False
2008-11-18,2008.8798,384.38,0.82,False
2008-11-19,2008.8825,384.39,1.66,False
2008-11-21,2008.888,384.73,0.96,False
2008-11-22,2008.8907,384.59,1.03,False
2008-11-23,2008.8934,384.91,1.26,False
2008-11-24,2008.8962,384.74,1.91,False
2008-11-25,2008.8989,385.23,2.03,False
2008-11-26,2008.9016,384.42,1.26,False
2008-11-27,2008.9044,384.32,1.34,False
2008-11-28,2008.9071,384.57,1.39,False
2008-11-29,2008.9098,384.83,1.74,False
2008-11-30,2008.9126,384.78,1.64,False
2008-12-01,2008.9153,384.72,,False
2008-12-02,2008.918,385.98,,False
2008-12-03,2008.9208,385.49,,False
2008-12-04,2008.9235,384.66,1.27,False
2008-12-05,2008.9262,385.62,,False
2008-12-06,2008.929,385.68,1.64,False
2008-12-07,2008.9317,385.16,0.84,False
2008-12-08,2008.9344,385.53,1.65,False
2008-12-09,2008.9372,385.65,1.79,False
2008-12-10,2008.9399,385.22,1.36,False
2008-12-11,2008.9426,385.67,1.93,False
2008-12-12,2008.9454,385.66,1.29,False
2008-12-13,2008.9481,385.76,1.8,False
2008-12-14,2008.9508,385.8,1.91,False
2008-12-15,2008.9536,385.64,,False
2008-12-16,2008.9563,385.78,,False
2008-12-17,2008.959,385.74,,False
2008-12-18,2008.9617,385.77,1.0,False
2008-12-19,2008.9645,385.81,0.72,False
2008-12-20,2008.9672,385.84,1.49,False
2008-12-21,2008.9699,385.89,1.28,False
2008-12-22,2008.9727,385.77,1.44,False
2008-12-23,2008.9754,385.96,2.02,False
2008-12-24,2008.9781,386.11,1.95,False
2008-12-25,2008.9809,386.56,2.22,False
2008-12-26,2008.9836,386.32,,False
2008-12-27,2008.9863,386.46,2.34,False
2008-12-28,2008.9891,386.24,,False
2008-12-30,2008.9945,386.28,1.43,False
2009-01-01,2009.0,386.75,1.45,False
2009-01-02,2009.0027,386.71,1.22,False
2009-01-03,2009.0055,386.3,1.33,False
2009-01-04,2009.0082,386.35,1.68,False
2009-01-05,2009.011,386.55,1.83,False
2009-01-06,2009.0137,386.87,2.09,False
2009-01-07,2009.0164,386.77,2.07,False
2009-01-08,2009.0192,386.55,1.88,False
2009-01-09,2009.0219,386.6,1.96,False
2009-01-10,2009.0247,386.69,1.95,False
2009-01-11,2009.0274,386.42,1.8,False
2009-01-12,2009.0301,388.08,3.57,False
2009-01-13,2009.0329,387.62,2.69,False
2009-01-14,2009.0356,386.88,0.39,False
2009-01-15,2009.0384,386.87,-0.03,False
2009-01-16,2009.0411,387.49,1.46,False
2009-01-17,2009.0438,387.35,1.15,False
2009-01-18,2009.0466,387.25,1.37,False
2009-01-19,2009.0493,387.2,1.27,False
2009-01-20,2009.0521,387.01,1.0,False
2009-01-21,2009.0548,388.01,1.95,False
2009-01-22,2009.0575,387.5,1.12,False
2009-01-23,2009.0603,387.45,1.5,False
2009-01-24,2009.063,387.14,1.08,False
2009-01-25,2009.0658,387.4,1.03,False
2009-01-26,2009.0685,387.71,0.8,False
2009-01-27,2009.0712,387.67,0.03,False
2009-01-28,2009.074,387.76,0.67,False
2009-01-29,2009.0767,388.15,1.33,False
2009-01-30,2009.0795,387.74,0.78,False
2009-02-02,2009.0877,387.6,1.02,False
2009-02-03,2009.0904,387.81,1.44,False
2009-02-04,2009.0932,387.45,0.29,False
2009-02-05,2009.0959,387.06,0.68,False
2009-02-06,2009.0986,386.67,0.8,False
2009-02-07,2009.1014,386.93,1.29,False
2009-02-08,2009.1041,386.97,1.08,False
2009-02-09,2009.1068,387.01,0.55,False
2009-02-10,2009.1096,386.93,0.38,False
2009-02-11,2009.1123,387.02,0.58,False
2009-02-13,2009.1178,387.3,1.14,False
2009-02-14,2009.1205,387.72,1.56,False
2009-02-15,2009.1233,388.35,2.21,False
2009-02-16,2009.126,388.83,2.9,False
2009-02-17,2009.1288,387.5,1.21,False
2009-02-18,2009.1315,387.39,1.64,False
2009-02-19,2009.1342,387.35,2.12,False
2009-02-20,2009.137,387.8,3.07,False
2009-02-21,2009.1397,387.65,1.94,False
2009-02-22,2009.1425,388.31,,False
2009-02-23,2009.1452,388.31,,False
2009-02-24,2009.1479,388.17,2.37,False
2009-02-25,2009.1507,387.76,2.18,False
2009-02-26,2009.1534,388.62,1.18,False
2009-02-27,2009.1562,388.82,,False
2009-02-28,2009.1589,389.13,4.17,False
2009-03-01,2009.1616,389.67,4.55,False
2009-03-02,2009.1644,389.75,4.39,False
2009-03-03,2009.1671,389.89,4.74,False
2009-03-04,2009.1699,388.83,,False
2009-03-06,2009.1753,388.84,2.23,False
2009-03-07,2009.1781,388.81,2.13,False
2009-03-08,2009.1808,389.01,2.84,False
2009-03-09,2009.1836,388.88,2.8,False
2009-03-10,2009.1863,389.08,3.02,False
2009-03-11,2009.189,389.36,3.46,False
2009-03-13,2009.1945,389.0,2.65,False
2009-03-14,2009.1973,388.83,2.98,False
2009-03-15,2009.2,388.43,2.61,False
2009-03-16,2009.2027,388.36,2.68,False
2009-03-17,2009.2055,388.25,1.49,False
2009-03-18,2009.2082,387.59,1.24,False
2009-03-19,2009.211,388.34,2.33,False
2009-03-20,2009.2137,388.52,2.58,False
2009-03-21,2009.2164,389.43,3.5,False
2009-03-22,2009.2192,388.99,3.13,False
2009-03-23,2009.2219,388.71,2.37,False
2009-03-24,2009.2247,389.44,1.7,False
2009-03-26,2009.2301,390.65,2.85,False
2009-03-27,2009.2329,389.66,3.09,False
2009-03-28,2009.2356,389.62,3.52,False
2009-03-29,2009.2384,389.12,2.71,False
2009-03-30,2009.2411,389.01,2.47,False
2009-03-31,2009.2438,389.17,1.4,False
2009-04-01,2009.2466,389.11,1.28,False
2009-04-02,2009.2493,389.18,0.6,False
2009-04-03,2009.2521,389.44,0.88,False
2009-04-04,2009.2548,389.81,-0.92,False
2009-04-05,2009.2575,389.69,1.51,False
2009-04-06,2009.2603,389.6,,False
2009-04-07,2009.263,389.65,0.76,False
2009-04-08,2009.2658,389.76,1.01,False
2009-04-09,2009.2685,389.84,3.64,False
2009-04-10,2009.2712,389.13,3.25,False
2009-04-11,2009.274,389.86,3.82,False
2009-04-12,2009.2767,390.17,4.07,False
2009-04-13,2009.2795,389.66,3.4,False
2009-04-14,2009.2822,389.68,2.83,False
2009-04-15,2009.2849,389.27,2.82,False
2009-04-17,2009.2904,388.1,1.12,False
2009-04-18,2009.2932,388.0,1.01,False
2009-04-19,2009.2959,388.55,2.14,False
2009-04-20,2009.2986,388.46,,False
2009-04-21,2009.3014,389.96,,False
2009-04-22,2009.3041,391.11,4.36,True
2009-04-23,2009.3068,388.61,1.37,False
2009-04-24,2009.3096,390.35,,False
2009-04-25,2009.3123,391.43,,True
2009-04-26,2009.3151,391.2,2.46,False
2009-04-27,2009.3178,390.49,2.43,False
2009-04-28,2009.3205,390.63,3.34,False
2009-04-29,2009.3233,391.54,,True
2009-04-30,2009.326,390.82,3.86,False
2009-05-01,2009.3288,390.46,1.72,False
2009-05-02,2009.3315,390.01,2.83,False
2009-05-03,2009.3342,390.1,3.2,False
2009-05-04,2009.337,390.24,2.64,False
2009-05-05,2009.3397,390.07,2.35,False
2009-05-06,2009.3425,390.23,,False
2009-05-08,2009.3479,389.14,-0.15,False
2009-05-09,2009.3507,390.11,0.53,False
2009-05-10,2009.3534,390.24,1.46,False
2009-05-11,2009.3562,390.15,1.09,False
2009-05-12,2009.3589,390.32,1.0,False
2009-05-13,2009.3616,390.79,1.65,False
2009-05-14,2009.3644,390.76,1.75,False
2009-05-15,2009.3671,390.11,1.09,False
2009-05-16,2009.3699,390.36,,False
2009-05-17,2009.3726,389.88,,False
2009-05-18,2009.3753,390.42,,False
2009-05-19,2009.3781,390.89,,False
2009-05-20,2009.3808,390.58,1.19,False
2009-05-21,2009.3836,390.87,1.47,False
2009-05-22,2009.3863,390.72,1.64,False
2009-05-23,2009.389,390.84,1.82,False
2009-05-24,2009.3918,390.93,2.15,False
2009-05-25,2009.3945,391.16,2.42,False
2009-05-26,2009.3973,391.3,2.4,False
2009-05-27,2009.4,391.12,2.35,False
2009-05-28,2009.4027,389.59,,False
2009-05-29,2009.4055,390.69,2.21,False
2009-05-30,2009.4082,389.58,0.64,False
2009-05-31,2009.411,389.19,0.11,False
2009-06-01,2009.4137,389.2,0.15,False
2009-06-02,2009.4164,388.96,0.37,False
2009-06-03,2009.4192,390.72,1.68,False
2009-06-04,2009.4219,390.93,2.47,False
2009-06-05,2009.4247,390.77,2.24,False
2009-06-06,2009.4274,390.73,2.0,False
2009-06-07,2009.4301,390.67,1.74,False
2009-06-08,2009.4329,390.77,2.61,False
2009-06-09,2009.4356,390.36,3.13,False
2009-06-10,2009.4384,390.3,,False
2009-06-11,2009.4411,390.37,3.02,False
2009-06-12,2009.4438,390.25,3.07,False
2009-06-13,2009.4466,390.25,2.65,False
2009-06-14,2009.4493,390.46,1.54,False
2009-06-15,2009.4521,390.35,1.8,False
2009-06-16,2009.4548,389.09,0.74,False
2009-06-17,2009.4575,389.2,1.35,False
2009-06-18,2009.4603,390.18,1.74,False
2009-06-19,2009.463,389.07,,False
2009-06-20,2009.4658,389.12,1.48,False
2009-06-21,2009.4685,388.93,1.12,False
2009-06-22,2009.4712,389.23,1.66,False
2009-06-23,2009.474,388.96,1.44,False
2009-06-24,2009.4767,388.69,1.18,False
2009-06-26,2009.4822,388.16,,False
2009-06-27,2009.4849,388.38,,False
2009-06-28,2009.4877,389.17,,False
2009-06-29,2009.4904,389.32,,False
2009-06-30,2009.4932,389.23,,False
2009-07-01,2009.4959,389.05,,False
2009-07-03,2009.5014,388.18,,False
2009-07-04,2009.5041,388.46,,False
2009-07-06,2009.5096,388.65,,False
2009-07-07,2009.5123,388.4,,False
2009-07-08,2009.5151,388.63,,False
2009-07-09,2009.5178,388.81,,False
2009-07-10,2009.5205,389.02,,False
2009-07-13,2009.5288,389.05,,False
2009-07-14,2009.5315,388.27,,False
2009-07-17,2009.5397,388.5,,False
2009-07-18,2009.5425,388.47,,False
2009-07-19,2009.5452,387.82,,False
2009-07-20,2009.5479,388.2,,False
2009-07-21,2009.5507,388.1,,False
2009-07-22,2009.5534,387.97,1.4,False
2009-07-23,2009.5562,387.41,1.29,False
2009-07-25,2009.5616,387.87,1.81,False
2009-07-26,2009.5644,387.71,1.07,False
2009-07-27,2009.5671,387.68,3.51,False
2009-07-28,2009.5699,387.33,1.25,False
2009-07-31,2009.5781,387.81,1.79,False
2009-08-01,2009.5808,387.39,2.5,False
2009-08-02,2009.5836,387.24,1.88,False
2009-08-03,2009.5863,387.34,,False
2009-08-04,2009.589,387.52,2.47,False
2009-08-05,2009.5918,387.43,1.73,False
2009-08-06,2009.5945,387.37,1.84,False
2009-08-07,2009.5973,387.17,1.98,False
2009-08-08,2009.6,386.89,1.43,False
2009-08-10,2009.6055,385.9,1.43,False
2009-08-12,2009.611,385.4,,False
2009-08-13,2009.6137,386.68,1.94,False
2009-08-14,2009.6164,386.97,2.75,False
2009-08-15,2009.6192,386.17,2.73,False
2009-08-16,2009.6219,385.85,1.87,False
2009-08-17,2009.6247,384.69,0.39,False
2009-08-18,2009.6274,385.17,,False
2009-08-19,2009.6301,386.35,1.29,False
2009-08-20,2009.6329,386.53,1.97,False
2009-08-21,2009.6356,386.3,4.67,False
2009-08-22,2009.6384,386.51,2.4,False
2009-08-24,2009.6438,386.71,3.14,False
2009-08-25,2009.6466,386.11,2.51,False
2009-08-26,2009.6493,385.95,2.56,False
2009-08-27,2009.6521,386.12,2.77,False
2009-08-28,2009.6548,385.47,,False
2009-08-29,2009.6575,384.63,1.22,False
2009-08-30,2009.6603,385.57,1.79,False
2009-08-31,2009.663,384.45,,False
2009-09-01,2009.6658,384.89,1.43,False
2009-09-02,2009.6685,385.46,2.03,False
2009-09-03,2009.6712,385.14,1.67,False
2009-09-04,2009.674,386.14,2.19,False
2009-09-05,2009.6767,385.87,1.87,False
2009-09-07,2009.6822,385.44,1.77,False
2009-09-08,2009.6849,385.79,3.09,False
2009-09-09,2009.6877,385.28,1.69,False
2009-09-10,2009.6904,383.81,,False
2009-09-11,2009.6932,384.54,1.75,False
2009-09-12,2009.6959,384.51,1.33,False
2009-09-14,2009.7014,384.88,1.13,False
2009-09-15,2009.7041,384.75,1.05,False
2009-09-16,2009.7068,384.85,1.26,False
2009-09-17,2009.7096,384.81,1.15,False
2009-09-18,2009.7123,385.63,2.35,False
2009-09-19,2009.7151,384.84,,False
2009-09-20,2009.7178,383.81,,False
2009-09-21,2009.7205,385.85,2.37,False
2009-09-22,2009.7233,385.3,2.39,False
2009-09-23,2009.726,385.14,1.82,False
2009-09-24,2009.7288,385.21,1.73,False
2009-09-25,2009.7315,384.66,1.25,False
2009-09-26,2009.7342,383.91,0.65,False
2009-09-27,2009.737,384.62,1.52,False
2009-09-28,2009.7397,384.34,1.15,False
2009-09-29,2009.7425,384.32,0.84,False
2009-09-30,2009.7452,384.5,1.91,False
2009-10-01,2009.7479,384.23,1.43,False
2009-10-02,2009.7507,384.37,1.93,False
2009-10-03,2009.7534,383.25,-0.07,False
2009-10-04,2009.7562,383.34,0.4,False
2009-10-05,2009.7589,383.94,0.55,False
2009-10-06,2009.7616,384.17,,False
2009-10-08,2009.7671,384.11,,False
2009-10-09,2009.7699,384.24,1.12,False
2009-10-10,2009.7726,384.69,1.88,False
2009-10-11,2009.7753,384.4,1.49,False
2009-10-12,2009.7781,384.69,1.76,False
2009-10-13,2009.7808,384.72,1.96,False
2009-10-14,2009.7836,384.56,1.52,False
2009-10-15,2009.7863,384.54,1.31,False
2009-10-16,2009.789,384.58,1.41,False
2009-10-17,2009.7918,384.58,1.4,False
2009-10-18,2009.7945,384.89,1.69,False
2009-10-19,2009.7973,384.94,1.5,False
2009-10-20,2009.8,384.84,1.5,False
2009-10-21,2009.8027,384.87,1.39,False
2009-10-22,2009.8055,384.96,1.63,False
2009-10-23,2009.8082,384.98,1.76,False
2009-10-24,2009.811,384.98,2.06,False
2009-10-25,2009.8137,385.07,,False
2009-10-26,2009.8164,385.11,,False
2009-10-27,2009.8192,385.05,,False
2009-10-28,2009.8219,385.27,,False
2009-10-29,2009.8247,385.32,,False
2009-10-30,2009.8274,385.25,,False
2009-10-31,2009.8301,385.44,1.16,False
2009-11-01,2009.8329,385.46,1.32,False
2009-11-02,2009.8356,385.4,1.27,False
2009-11-03,2009.8384,385.35,1.22,False
2009-11-04,2009.8411,385.38,1.25,False
2009-11-05,2009.8438,386.0,,False
2009-11-06,2009.8466,385.9,2.09,False
2009-11-07,2009.8493,385.54,1.74,False
2009-11-08,2009.8521,385.84,1.79,False
2009-11-09,2009.8548,385.61,1.41,False
2009-11-10,2009.8575,385.63,1.78,False
2009-11-11,2009.8603,385.96,2.02,False
2009-11-12,2009.863,386.0,1.78,False
2009-11-13,2009.8658,386.05,1.09,False
2009-11-14,2009.8685,386.21,1.54,False
2009-11-15,2009.8712,386.31,1.81,False
2009-11-16,2009.874,386.35,1.9,False
2009-11-17,2009.8767,387.48,2.62,False
2009-11-18,2009.8795,386.27,1.89,False
2009-11-19,2009.8822,386.5,2.11,False
2009-11-20,2009.8849,386.59,,False
2009-11-21,2009.8877,386.32,1.59,False
2009-11-22,2009.8904,386.5,1.91,False
2009-11-23,2009.8932,386.5,1.59,False
2009-11-24,2009.8959,386.61,1.87,False
2009-11-25,2009.8986,386.35,1.12,False
2009-11-26,2009.9014,386.42,2.0,False
2009-11-27,2009.9041,386.84,2.52,False
2009-11-28,2009.9068,386.93,2.36,False
2009-11-29,2009.9096,387.42,2.59,False
2009-11-30,2009.9123,387.1,2.32,False
2009-12-01,2009.9151,387.02,2.3,False
2009-12-02,2009.9178,386.94,0.96,False
2009-12-03,2009.9205,387.34,1.85,False
2009-12-04,2009.9233,387.23,2.57,False
2009-12-05,2009.926,387.91,2.29,False
2009-12-06,2009.9288,387.48,1.8,False
2009-12-07,2009.9315,387.22,2.06,False
2009-12-08,2009.9342,387.55,2.02,False
2009-12-09,2009.937,387.01,1.36,False
2009-12-10,2009.9397,386.79,1.57,False
2009-12-12,2009.9452,387.02,1.36,False
2009-12-13,2009.9479,387.07,1.31,False
2009-12-24,2009.9781,389.12,3.01,False
2009-12-25,2009.9808,388.82,2.26,False
2009-12-26,2009.9836,387.89,1.57,False
2009-12-27,2009.9863,387.7,1.24,False
2009-12-28,2009.989,388.15,1.91,False
2009-12-29,2009.9918,387.8,,False
2009-12-30,2009.9945,387.86,1.58,False
2009-12-31,2009.9973,387.89,,False
2010-01-01,2010.0,390.74,3.99,False
2010-01-02,2010.0027,391.48,4.77,False
2010-01-03,2010.0055,388.18,1.88,False
2010-01-04,2010.0082,388.4,2.05,False
2010-01-05,2010.011,388.34,1.79,False
2010-01-06,2010.0137,388.28,1.41,False
2010-01-07,2010.0164,388.09,1.32,False
2010-01-08,2010.0192,388.13,1.58,False
2010-01-09,2010.0219,389.18,2.58,False
2010-01-10,2010.0247,388.48,1.79,False
2010-01-11,2010.0274,388.2,1.78,False
2010-01-12,2010.0301,388.17,0.09,False
2010-01-13,2010.0329,388.23,0.61,False
2010-01-15,2010.0384,389.23,2.36,False
2010-01-16,2010.0411,388.92,1.43,False
2010-01-17,2010.0438,388.92,1.57,False
2010-01-18,2010.0466,388.65,1.4,False
2010-01-19,2010.0493,388.82,1.62,False
2010-01-20,2010.0521,388.72,1.71,False
2010-01-21,2010.0548,388.31,0.3,False
2010-01-22,2010.0575,388.35,0.85,False
2010-01-23,2010.0603,387.98,0.53,False
2010-01-24,2010.063,388.47,1.33,False
2010-01-25,2010.0658,389.31,1.91,False
2010-01-26,2010.0685,389.89,2.18,False
2010-01-27,2010.0712,389.63,1.96,False
2010-01-28,2010.074,389.43,1.67,False
2010-01-29,2010.0767,388.62,0.47,False
2010-01-30,2010.0795,389.13,1.39,False
2010-01-31,2010.0822,391.05,,False
2010-02-01,2010.0849,388.77,,False
2010-02-02,2010.0877,391.5,3.9,False
2010-02-03,2010.0904,390.19,2.38,False
2010-02-06,2010.0986,393.03,6.36,True
2010-02-08,2010.1041,391.34,4.37,False
2010-02-09,2010.1068,391.59,4.58,False
2010-02-10,2010.1096,390.03,3.1,False
2010-02-11,2010.1123,390.24,3.22,False
2010-02-12,2010.1151,389.93,,False
2010-02-13,2010.1178,390.19,2.89,False
2010-02-14,2010.1205,390.38,2.66,False
2010-02-15,2010.1233,389.45,1.1,False
2010-02-16,2010.126,389.09,0.26,False
2010-02-18,2010.1315,391.21,3.82,False
2010-02-19,2010.1342,392.01,4.66,False
2010-02-20,2010.137,390.41,2.61,False
2010-02-21,2010.1397,391.74,4.09,False
2010-02-26,2010.1534,388.86,0.24,False
2010-02-27,2010.1562,388.76,-0.06,False
2010-02-28,2010.1589,389.25,0.12,False
2010-03-02,2010.1644,390.75,1.0,False
2010-03-03,2010.1671,391.33,1.44,False
2010-03-04,2010.1699,391.88,3.05,False
2010-03-05,2010.1726,391.56,,False
2010-03-06,2010.1753,392.08,3.24,False
2010-03-07,2010.1781,391.91,3.1,False
2010-03-08,2010.1808,391.0,1.99,False
2010-03-10,2010.1863,392.02,2.94,False
2010-03-11,2010.189,391.67,2.31,False
2010-03-12,2010.1918,391.65,,False
2010-03-13,2010.1945,391.27,2.27,False
2010-03-14,2010.1973,391.22,2.39,False
2010-03-15,2010.2,391.35,2.92,False
2010-03-16,2010.2027,391.04,2.68,False
2010-03-17,2010.2055,391.91,3.66,False
2010-03-22,2010.2192,392.05,3.06,False
2010-03-23,2010.2219,390.35,1.64,False
2010-03-24,2010.2247,389.85,0.41,False
2010-03-25,2010.2274,389.95,,False
2010-03-26,2010.2301,389.9,-0.75,False
2010-03-27,2010.2329,390.91,1.25,False
2010-03-28,2010.2356,393.77,4.15,True
2010-03-29,2010.2384,393.89,4.77,True
2010-03-30,2010.2411,390.63,1.62,False
2010-03-31,2010.2438,390.51,1.34,False
2010-04-01,2010.2466,391.18,2.07,False
2010-04-02,2010.2493,392.13,2.95,False
2010-04-03,2010.2521,391.6,2.16,False
2010-04-04,2010.2548,391.74,1.93,False
2010-04-05,2010.2575,390.69,1.0,False
2010-04-06,2010.2603,391.58,1.98,False
2010-04-07,2010.263,391.29,1.64,False
2010-04-08,2010.2658,391.79,2.03,False
2010-04-09,2010.2685,391.26,1.42,False
2010-04-13,2010.2795,392.79,3.13,False
2010-04-14,2010.2822,392.39,2.71,False
2010-04-15,2010.2849,392.67,3.4,False
2010-04-16,2010.2877,392.56,,False
2010-04-17,2010.2904,394.23,6.13,True
2010-04-18,2010.2932,393.75,5.75,False
2010-04-19,2010.2959,393.78,5.23,False
2010-04-20,2010.2986,394.15,5.69,False
2010-04-21,2010.3014,393.37,3.41,False
2010-04-22,2010.3041,393.33,2.22,False
2010-04-23,2010.3068,393.3,4.69,False
2010-04-24,2010.3096,393.03,2.68,False
2010-04-25,2010.3123,393.42,1.99,False
2010-04-27,2010.3178,393.5,3.01,False
2010-04-28,2010.3205,393.01,2.38,False
2010-04-29,2010.3233,393.4,1.86,False
2010-04-30,2010.326,393.64,2.82,False
2010-05-01,2010.3288,393.56,3.1,False
2010-05-02,2010.3315,393.26,3.25,False
2010-05-03,2010.3342,392.21,2.11,False
2010-05-05,2010.3397,393.09,3.02,False
2010-05-06,2010.3425,393.44,3.21,False
2010-05-07,2010.3452,394.0,,False
2010-05-08,2010.3479,393.19,4.05,False
2010-05-09,2010.3507,393.07,2.96,False
2010-05-10,2010.3534,393.2,2.96,False
2010-05-11,2010.3562,392.81,2.66,False
2010-05-12,2010.3589,392.64,2.32,False
2010-05-13,2010.3616,392.03,1.24,False
2010-05-14,2010.3644,392.18,1.42,False
2010-05-15,2010.3671,393.74,3.63,False
2010-05-16,2010.3699,393.67,3.31,False
2010-05-17,2010.3726,393.71,3.83,False
2010-05-18,2010.3753,393.44,3.02,False
2010-05-19,2010.3781,393.49,2.6,False
2010-05-20,2010.3808,393.51,2.93,False
2010-05-21,2010.3836,393.74,2.87,False
2010-05-22,2010.3863,393.91,3.19,False
2010-05-23,2010.389,393.92,3.08,False
2010-05-24,2010.3918,393.64,2.71,False
2010-05-25,2010.3945,393.54,2.38,False
2010-05-27,2010.4,391.71,0.59,False
2010-05-28,2010.4027,392.41,2.82,False
2010-05-29,2010.4055,392.35,1.66,False
2010-05-30,2010.4082,393.47,3.89,False
2010-05-31,2010.411,394.1,4.91,False
2010-06-01,2010.4137,394.16,4.96,False
2010-06-02,2010.4164,393.56,4.6,False
2010-06-03,2010.4192,393.28,2.56,False
2010-06-04,2010.4219,393.07,2.14,False
2010-06-05,2010.4247,392.95,2.18,False
2010-06-06,2010.4274,393.32,2.59,False
2010-06-07,2010.4301,392.44,1.77,False
2010-06-08,2010.4329,392.96,2.19,False
2010-06-09,2010.4356,393.15,2.79,False
2010-06-10,2010.4384,393.3,3.0,False
2010-06-11,2010.4411,393.15,2.78,False
2010-06-12,2010.4438,392.59,2.34,False
2010-06-13,2010.4466,393.01,2.76,False
2010-06-14,2010.4493,391.71,1.25,False
2010-06-15,2010.4521,391.79,1.44,False
2010-06-16,2010.4548,392.6,3.51,False
2010-06-17,2010.4575,391.75,2.55,False
2010-06-19,2010.463,391.72,2.65,False
2010-06-20,2010.4658,392.64,3.52,False
2010-06-21,2010.4685,391.86,2.93,False
2010-06-22,2010.4712,391.77,2.54,False
2010-06-23,2010.474,391.62,2.66,False
2010-06-24,2010.4767,391.76,3.07,False
2010-06-26,2010.4822,391.5,3.34,False
2010-06-27,2010.4849,391.39,3.01,False
2010-06-28,2010.4877,391.83,2.66,False
2010-06-29,2010.4904,391.11,1.79,False
2010-06-30,2010.4932,391.18,1.95,False
2010-07-01,2010.4959,390.77,1.72,False
2010-07-02,2010.4986,391.7,,False
2010-07-03,2010.5014,391.54,3.36,False
2010-07-04,2010.5041,391.34,2.88,False
2010-07-05,2010.5068,390.2,,False
2010-07-06,2010.5096,391.06,2.41,False
2010-07-07,2010.5123,390.74,2.34,False
2010-07-08,2010.5151,389.92,1.29,False
2010-07-09,2010.5178,391.22,2.41,False
2010-07-10,2010.5205,390.9,1.88,False
2010-07-11,2010.5233,390.2,,False
2010-07-12,2010.526,390.38,,False
2010-07-13,2010.5288,390.45,1.4,False
2010-07-14,2010.5315,389.6,1.33,False
2010-07-15,2010.5342,389.85,,False
2010-07-16,2010.537,389.63,,False
2010-07-17,2010.5397,390.29,1.79,False
2010-07-20,2010.5479,391.05,2.85,False
2010-07-21,2010.5507,389.99,1.89,False
2010-07-22,2010.5534,390.63,2.66,False
2010-07-23,2010.5562,390.51,3.1,False
2010-07-24,2010.5589,390.15,,False
2010-07-25,2010.5616,390.17,2.3,False
2010-07-26,2010.5644,390.48,2.77,False
2010-07-27,2010.5671,389.81,2.13,False
2010-07-28,2010.5699,389.73,2.4,False
2010-07-29,2010.5726,390.16,,False
2010-07-30,2010.5753,389.83,,False
2010-07-31,2010.5781,390.07,2.26,False
2010-08-01,2010.5808,389.64,2.25,False
2010-08-02,2010.5836,388.87,1.63,False
2010-08-03,2010.5863,388.06,0.72,False
2010-08-05,2010.5918,389.32,1.89,False
2010-08-06,2010.5945,389.25,1.88,False
2010-08-07,2010.5973,389.27,2.1,False
2010-08-08,2010.6,388.72,1.83,False
2010-08-09,2010.6027,389.26,,False
2010-08-10,2010.6055,389.3,3.4,False
2010-08-11,2010.6082,389.19,,False
2010-08-12,2010.611,388.78,3.38,False
2010-08-13,2010.6137,388.76,2.08,False
2010-08-14,2010.6164,389.13,2.16,False
2010-08-16,2010.6219,388.97,3.12,False
2010-08-18,2010.6274,388.69,3.52,False
2010-08-19,2010.6301,388.44,2.09,False
2010-08-20,2010.6329,388.88,2.35,False
2010-08-21,2010.6356,388.36,2.06,False
2010-08-22,2010.6384,388.13,1.62,False
2010-08-23,2010.6411,387.57,,False
2010-08-25,2010.6466,387.87,1.76,False
2010-08-27,2010.6521,387.4,1.28,False
2010-08-28,2010.6548,388.05,2.58,False
2010-08-29,2010.6575,387.39,2.76,False
2010-08-30,2010.6603,387.51,1.94,False
2010-08-31,2010.663,387.77,3.32,False
2010-09-01,2010.6658,387.6,2.71,False
2010-09-02,2010.6685,387.77,2.31,False
2010-09-03,2010.6712,388.06,2.92,False
2010-09-04,2010.674,387.92,1.78,False
2010-09-06,2010.6795,385.46,,False
2010-09-07,2010.6822,386.07,0.63,False
2010-09-08,2010.6849,386.21,0.42,False
2010-09-09,2010.6877,386.31,1.03,False
2010-09-10,2010.6904,386.49,2.68,False
2010-09-11,2010.6932,387.38,2.84,False
2010-09-12,2010.6959,387.14,2.63,False
2010-09-13,2010.6986,387.46,,False
2010-09-14,2010.7014,387.02,2.14,False
2010-09-15,2010.7041,386.97,2.22,False
2010-09-16,2010.7068,387.28,2.43,False
2010-09-17,2010.7096,387.56,2.75,False
2010-09-18,2010.7123,387.25,1.62,False
2010-09-19,2010.7151,386.76,1.92,False
2010-09-20,2010.7178,386.87,3.06,False
2010-09-21,2010.7205,386.98,1.13,False
2010-09-22,2010.7233,387.27,1.97,False
2010-09-23,2010.726,386.88,1.74,False
2010-09-24,2010.7288,387.03,1.82,False
2010-09-25,2010.7315,386.93,2.27,False
2010-09-26,2010.7342,387.01,3.1,False
2010-09-27,2010.737,387.28,2.66,False
2010-09-28,2010.7397,386.89,2.55,False
2010-09-29,2010.7425,387.07,2.75,False
2010-09-30,2010.7452,386.76,2.26,False
2010-10-01,2010.7479,387.03,2.8,False
2010-10-02,2010.7507,386.75,2.38,False
2010-10-03,2010.7534,386.92,3.67,False
2010-10-04,2010.7562,386.98,3.64,False
2010-10-05,2010.7589,387.1,3.16,False
2010-10-06,2010.7616,387.19,3.02,False
2010-10-07,2010.7644,387.52,,False
2010-10-08,2010.7671,387.19,3.08,False
2010-10-09,2010.7699,387.1,2.86,False
2010-10-10,2010.7726,387.08,2.39,False
2010-10-11,2010.7753,387.11,2.71,False
2010-10-12,2010.7781,386.82,2.13,False
2010-10-13,2010.7808,386.94,2.22,False
2010-10-14,2010.7836,387.16,2.6,False
2010-10-15,2010.7863,387.15,2.61,False
2010-10-16,2010.789,386.9,2.32,False
2010-10-17,2010.7918,387.25,2.67,False
2010-10-18,2010.7945,387.3,2.41,False
2010-10-19,2010.7973,387.38,2.44,False
2010-10-20,2010.8,387.73,2.89,False
2010-10-21,2010.8027,387.59,2.72,False
2010-10-22,2010.8055,387.9,2.94,False
2010-10-23,2010.8082,388.16,3.18,False
2010-10-24,2010.811,388.02,3.04,False
2010-10-25,2010.8137,388.24,3.17,False
2010-10-26,2010.8164,388.14,3.03,False
2010-10-27,2010.8192,387.64,2.59,False
2010-10-28,2010.8219,388.38,3.11,False
2010-10-29,2010.8247,387.75,2.43,False
2010-10-30,2010.8274,387.99,2.74,False
2010-10-31,2010.8301,387.99,2.55,False
2010-11-01,2010.8329,388.02,2.56,False
2010-11-02,2010.8356,388.08,2.68,False
2010-11-03,2010.8384,388.16,2.81,False
2010-11-04,2010.8411,388.03,2.65,False
2010-11-05,2010.8438,387.93,1.93,False
2010-11-06,2010.8466,389.47,3.57,False
2010-11-07,2010.8493,387.88,2.34,False
2010-11-08,2010.8521,388.07,2.23,False
2010-11-09,2010.8548,388.44,2.83,False
2010-11-10,2010.8575,388.12,2.49,False
2010-11-11,2010.8603,388.19,2.23,False
2010-11-12,2010.863,388.85,2.85,False
2010-11-13,2010.8658,388.21,2.16,False
2010-11-14,2010.8685,388.73,2.52,False
2010-11-15,2010.8712,388.89,2.58,False
2010-11-16,2010.874,388.57,2.22,False
2010-11-17,2010.8767,388.36,0.88,False
2010-11-18,2010.8795,388.71,2.44,False
2010-11-19,2010.8822,388.92,2.42,False
2010-11-20,2010.8849,389.59,3.0,False
2010-11-21,2010.8877,390.0,3.68,False
2010-11-22,2010.8904,389.64,3.14,False
2010-11-23,2010.8932,389.29,2.79,False
2010-11-24,2010.8959,389.36,2.75,False
2010-11-25,2010.8986,389.82,3.47,False
2010-11-26,2010.9014,389.97,3.55,False
2010-11-27,2010.9041,389.73,2.89,False
2010-11-28,2010.9068,389.94,3.01,False
2010-11-30,2010.9123,389.49,2.39,False
2010-12-01,2010.9151,389.94,2.92,False
2010-12-02,2010.9178,389.83,2.89,False
2010-12-03,2010.9205,389.4,2.06,False
2010-12-04,2010.9233,390.58,3.35,False
2010-12-05,2010.926,390.02,2.11,False
2010-12-06,2010.9288,390.11,2.63,False
2010-12-08,2010.9342,390.05,2.5,False
2010-12-09,2010.937,389.87,2.86,False
2010-12-10,2010.9397,389.74,2.95,False
2010-12-11,2010.9425,390.05,,False
2010-12-12,2010.9452,390.26,3.24,False
2010-12-13,2010.9479,390.19,3.12,False
2010-12-14,2010.9507,389.61,,False
2010-12-15,2010.9534,389.28,,False
2010-12-16,2010.9562,389.36,,False
2010-12-17,2010.9589,389.36,,False
2010-12-18,2010.9616,389.42,,False
2010-12-19,2010.9644,389.59,,False
2010-12-20,2010.9671,390.3,,False
2010-12-21,2010.9699,390.75,,False
2010-12-22,2010.9726,390.55,,False
2010-12-23,2010.9753,390.3,,False
2010-12-24,2010.9781,390.58,1.46,False
2010-12-25,2010.9808,390.3,1.48,False
2010-12-27,2010.9863,389.76,2.06,False
2010-12-28,2010.989,389.71,1.56,False
2010-12-29,2010.9918,389.52,1.72,False
2010-12-30,2010.9945,390.53,2.67,False
2010-12-31,2010.9973,390.62,2.73,False
2011-01-01,2011.0,390.67,-0.07,False
2011-01-02,2011.0027,390.55,-0.93,False
2011-01-03,2011.0055,390.39,2.21,False
2011-01-04,2011.0082,391.65,3.25,False
2011-01-05,2011.011,391.4,3.06,False
2011-01-06,2011.0137,392.57,4.29,False
2011-01-07,2011.0164,393.33,5.24,False
2011-01-08,2011.0192,392.29,4.16,False
2011-01-09,2011.0219,391.22,2.04,False
2011-01-10,2011.0247,391.35,2.87,False
2011-01-11,2011.0274,391.17,2.97,False
2011-01-12,2011.0301,391.11,2.94,False
2011-01-13,2011.0329,390.79,2.56,False
2011-01-15,2011.0384,390.11,0.88,False
2011-01-16,2011.0411,390.47,1.55,False
2011-01-18,2011.0466,393.69,5.04,False
2011-01-19,2011.0493,392.83,4.01,False
2011-01-20,2011.0521,391.26,2.54,False
2011-01-21,2011.0548,391.16,2.85,False
2011-01-22,2011.0575,390.78,2.43,False
2011-01-23,2011.0603,391.09,3.11,False
2011-01-24,2011.063,391.38,2.91,False
2011-01-25,2011.0658,391.21,1.9,False
2011-01-26,2011.0685,391.72,1.83,False
2011-01-27,2011.0712,391.23,1.6,False
2011-01-28,2011.074,392.09,2.66,False
2011-01-29,2011.0767,392.21,3.59,False
2011-01-30,2011.0795,391.95,2.82,False
2011-01-31,2011.0822,391.82,0.77,False
2011-02-01,2011.0849,393.35,4.58,False
2011-02-02,2011.0877,392.68,1.18,False
2011-02-03,2011.0904,392.47,2.28,False
2011-02-04,2011.0932,391.75,,False
2011-02-05,2011.0959,391.81,,False
2011-02-06,2011.0986,391.46,-1.57,False
2011-02-07,2011.1014,391.57,,False
2011-02-08,2011.1041,392.07,0.73,False
2011-02-09,2011.1068,391.88,0.29,False
2011-02-10,2011.1096,391.37,1.34,False
2011-02-11,2011.1123,391.7,1.46,False
2011-02-12,2011.1151,391.37,1.44,False
2011-02-13,2011.1178,391.52,1.33,False
2011-02-14,2011.1205,391.6,1.22,False
2011-02-15,2011.1233,391.86,2.41,False
2011-02-16,2011.126,392.11,3.02,False
2011-02-17,2011.1288,392.0,,False
2011-02-18,2011.1315,392.05,0.84,False
2011-02-19,2011.1342,391.75,-0.26,False
2011-02-20,2011.137,392.05,1.64,False
2011-02-21,2011.1397,391.68,-0.06,False
2011-02-22,2011.1425,391.94,,False
2011-02-23,2011.1452,392.13,,False
2011-02-24,2011.1479,392.47,,False
2011-02-25,2011.1507,392.65,,False
2011-02-26,2011.1534,392.79,3.93,False
2011-02-27,2011.1562,392.6,3.84,False
2011-02-28,2011.1589,392.83,3.58,False
2011-03-01,2011.1616,392.6,,False
2011-03-02,2011.1644,392.59,1.84,False
2011-03-03,2011.1671,392.07,0.74,False
2011-03-04,2011.1699,391.36,-0.52,False
2011-03-05,2011.1726,391.74,0.18,False
2011-03-06,2011.1753,391.66,-0.42,False
2011-03-07,2011.1781,391.7,-0.21,False
2011-03-08,2011.1808,391.53,0.53,False
2011-03-09,2011.1836,391.54,,False
2011-03-10,2011.1863,391.66,-0.36,False
2011-03-11,2011.189,391.77,0.1,False
2011-03-12,2011.1918,394.66,3.01,True
2011-03-13,2011.1945,392.69,1.42,False
2011-03-14,2011.1973,392.38,1.16,False
2011-03-15,2011.2,392.17,0.82,False
2011-03-16,2011.2027,392.94,1.9,False
2011-03-17,2011.2055,392.87,0.96,False
2011-03-18,2011.2082,392.66,,False
2011-03-19,2011.211,393.1,,False
2011-03-20,2011.2137,392.32,,False
2011-03-21,2011.2164,392.33,,False
2011-03-22,2011.2192,392.32,0.27,False
2011-03-23,2011.2219,392.51,2.16,False
2011-03-24,2011.2247,393.03,3.18,False
2011-03-25,2011.2274,396.02,6.07,True
2011-03-27,2011.2329,395.42,4.51,False
2011-03-28,2011.2356,394.46,0.69,False
2011-03-29,2011.2384,394.64,0.75,False
2011-03-31,2011.2438,393.71,3.2,False
2011-04-01,2011.2466,393.63,2.45,False
2011-04-02,2011.2493,393.43,1.3,False
2011-04-03,2011.2521,393.44,1.84,False
2011-04-04,2011.2548,393.86,2.12,False
2011-04-05,2011.2575,393.43,2.74,False
2011-04-06,2011.2603,393.57,1.99,False
2011-04-07,2011.263,393.74,2.45,False
2011-04-08,2011.2658,391.61,-0.18,False
2011-04-09,2011.2685,392.69,1.43,False
2011-04-10,2011.2712,392.11,,False
2011-04-11,2011.274,392.27,,False
2011-04-12,2011.2767,394.06,,False
2011-04-13,2011.2795,392.95,0.16,False
2011-04-14,2011.2822,393.41,1.02,False
2011-04-15,2011.2849,393.73,1.06,False
2011-04-16,2011.2877,394.4,1.84,False
2011-04-17,2011.2904,394.42,0.19,False
2011-04-18,2011.2932,394.44,0.69,False
2011-04-19,2011.2959,393.67,-0.11,False
2011-04-20,2011.2986,392.95,-1.2,False
2011-04-22,2011.3041,394.08,0.75,False
2011-04-23,2011.3068,392.84,-0.46,False
2011-04-24,2011.3096,393.8,0.77,False
2011-04-25,2011.3123,392.7,-0.72,False
2011-04-27,2011.3178,392.8,-0.7,False
2011-04-28,2011.3205,394.26,1.25,False
2011-04-29,2011.3233,393.96,0.56,False
2011-04-30,2011.326,393.46,-0.18,False
2011-05-01,2011.3288,393.7,0.14,False
2011-05-02,2011.3315,393.0,-0.26,False
2011-05-03,2011.3342,393.14,0.93,False
2011-05-04,2011.337,395.74,,False
2011-05-05,2011.3397,394.86,1.77,False
2011-05-06,2011.3425,395.53,2.09,False
2011-05-08,2011.3479,392.63,-0.56,False
2011-05-09,2011.3507,392.7,-0.37,False
2011-05-10,2011.3534,392.83,-0.37,False
2011-05-11,2011.3562,392.77,-0.04,False
2011-05-12,2011.3589,392.77,0.13,False
2011-05-13,2011.3616,393.84,1.81,False
2011-05-14,2011.3644,393.99,1.81,False
2011-05-15,2011.3671,394.36,0.62,False
2011-05-16,2011.3699,395.11,1.44,False
2011-05-17,2011.3726,395.26,1.55,False
2011-05-18,2011.3753,394.96,1.52,False
2011-05-19,2011.3781,395.08,1.59,False
2011-05-20,2011.3808,395.25,1.74,False
2011-05-21,2011.3836,395.68,1.94,False
2011-05-22,2011.3863,395.26,1.35,False
2011-05-23,2011.389,395.37,1.45,False
2011-05-24,2011.3918,395.49,1.85,False
2011-05-25,2011.3945,395.06,1.52,False
2011-05-26,2011.3973,395.37,,False
2011-05-27,2011.4,395.17,3.46,False
2011-05-29,2011.4055,394.3,1.95,False
2011-05-30,2011.4082,394.28,0.81,False
2011-05-31,2011.411,394.33,0.23,False
2011-06-01,2011.4137,394.01,-0.15,False
2011-06-02,2011.4164,394.56,1.0,False
2011-06-03,2011.4192,394.55,1.27,False
2011-06-04,2011.4219,394.85,1.78,False
2011-06-07,2011.4301,394.22,1.78,False
2011-06-08,2011.4329,393.68,0.72,False
2011-06-09,2011.4356,393.45,0.3,False
2011-06-10,2011.4384,393.59,0.29,False
2011-06-11,2011.4411,393.55,0.4,False
2011-06-12,2011.4438,393.65,1.06,False
2011-06-13,2011.4466,393.78,0.77,False
2011-06-14,2011.4493,393.76,2.05,False
2011-06-15,2011.4521,393.51,1.72,False
2011-06-16,2011.4548,394.12,1.52,False
2011-06-17,2011.4575,394.57,2.82,False
2011-06-18,2011.4603,394.64,,False
2011-06-19,2011.463,394.15,2.43,False
2011-06-20,2011.4658,393.96,1.32,False
2011-06-21,2011.4685,394.02,2.16,False
2011-06-22,2011.4712,393.72,1.95,False
2011-06-23,2011.474,393.12,1.5,False
2011-06-24,2011.4767,393.04,1.28,False
2011-06-25,2011.4795,394.21,,False
2011-06-26,2011.4822,394.05,2.55,False
2011-06-27,2011.4849,393.96,2.57,False
2011-06-28,2011.4877,394.02,2.19,False
2011-06-29,2011.4904,393.27,2.16,False
2011-06-30,2011.4932,393.64,2.46,False
2011-07-01,2011.4959,393.22,2.45,False
2011-07-02,2011.4986,393.42,1.72,False
2011-07-03,2011.5014,393.61,2.07,False
2011-07-04,2011.5041,393.74,2.4,False
2011-07-05,2011.5068,393.34,3.14,False
2011-07-06,2011.5096,393.9,2.84,False
2011-07-07,2011.5123,394.08,3.34,False
2011-07-08,2011.5151,393.63,3.71,False
2011-07-09,2011.5178,393.65,2.43,False
2011-07-10,2011.5205,393.76,2.86,False
2011-07-11,2011.5233,392.52,2.32,False
2011-07-15,2011.5342,393.99,4.14,False
2011-07-16,2011.537,393.68,4.05,False
2011-07-18,2011.5425,392.06,,False
2011-07-19,2011.5452,391.99,,False
2011-07-20,2011.5479,392.13,1.08,False
2011-07-21,2011.5507,390.99,1.0,False
2011-07-22,2011.5534,390.67,0.04,False
2011-07-23,2011.5562,391.29,0.78,False
2011-07-24,2011.5589,391.86,1.71,False
2011-07-26,2011.5644,392.47,1.99,False
2011-07-27,2011.5671,391.76,1.95,False
2011-07-28,2011.5699,392.34,2.61,False
2011-07-29,2011.5726,392.42,2.26,False
2011-07-30,2011.5753,392.26,2.43,False
2011-07-31,2011.5781,392.02,1.95,False
2011-08-01,2011.5808,391.82,2.18,False
2011-08-02,2011.5836,391.54,2.67,False
2011-08-03,2011.5863,390.65,2.59,False
2011-08-04,2011.589,391.38,,False
2011-08-05,2011.5918,390.97,1.65,False
2011-08-06,2011.5945,391.4,2.15,False
2011-08-07,2011.5973,390.68,1.41,False
2011-08-08,2011.6,391.14,2.42,False
2011-08-09,2011.6027,390.63,1.37,False
2011-08-10,2011.6055,390.87,1.57,False
2011-08-11,2011.6082,390.69,1.5,False
2011-08-14,2011.6164,390.18,1.05,False
2011-08-15,2011.6192,390.07,,False
2011-08-16,2011.6219,390.98,2.01,False
2011-08-17,2011.6247,390.85,,False
2011-08-18,2011.6274,389.34,0.65,False
2011-08-19,2011.6301,390.6,2.16,False
2011-08-20,2011.6329,390.37,1.49,False
2011-08-21,2011.6356,390.13,1.77,False
2011-08-22,2011.6384,389.98,1.85,False
2011-08-23,2011.6411,389.76,2.19,False
2011-08-24,2011.6438,389.81,,False
2011-08-25,2011.6466,389.45,1.58,False
2011-08-26,2011.6493,389.48,,False
2011-08-27,2011.6521,388.55,1.15,False
2011-08-28,2011.6548,389.4,1.35,False
2011-08-31,2011.663,389.7,1.93,False
2011-09-01,2011.6658,389.86,2.26,False
2011-09-02,2011.6685,389.8,2.03,False
2011-09-03,2011.6712,389.73,1.67,False
2011-09-04,2011.674,389.83,1.91,False
2011-09-05,2011.6767,388.45,,False
2011-09-07,2011.6822,389.15,3.08,False
2011-09-10,2011.6904,389.54,3.05,False
2011-09-12,2011.6959,389.31,2.17,False
2011-09-13,2011.6986,389.54,2.08,False
2011-09-14,2011.7014,389.35,2.33,False
2011-09-15,2011.7041,389.19,2.22,False
2011-09-16,2011.7068,389.11,1.83,False
2011-09-17,2011.7096,389.59,2.03,False
2011-09-18,2011.7123,389.55,2.3,False
2011-09-19,2011.7151,389.46,2.7,False
2011-09-20,2011.7178,389.33,2.46,False
2011-09-21,2011.7205,389.06,2.08,False
2011-09-22,2011.7233,389.43,2.16,False
2011-09-23,2011.726,389.1,2.22,False
2011-09-24,2011.7288,389.08,2.05,False
2011-09-25,2011.7315,388.68,1.75,False
2011-09-26,2011.7342,388.77,1.76,False
2011-09-27,2011.737,388.77,1.49,False
2011-09-28,2011.7397,388.78,1.89,False
2011-09-29,2011.7425,388.95,1.88,False
2011-09-30,2011.7452,389.01,2.25,False
2011-10-01,2011.7479,389.15,2.12,False
2011-10-02,2011.7507,389.11,2.36,False
2011-10-03,2011.7534,389.06,2.14,False
2011-10-04,2011.7562,389.21,2.23,False
2011-10-05,2011.7589,389.11,2.01,False
2011-10-06,2011.7616,388.64,1.45,False
2011-10-07,2011.7644,388.82,1.3,False
2011-10-08,2011.7671,388.9,1.71,False
2011-10-09,2011.7699,388.78,1.68,False
2011-10-10,2011.7726,389.22,2.14,False
2011-10-11,2011.7753,388.91,1.8,False
2011-10-12,2011.7781,388.65,1.83,False
2011-10-13,2011.7808,388.84,1.9,False
2011-10-14,2011.7836,389.1,1.94,False
2011-10-15,2011.7863,389.54,2.39,False
2011-10-16,2011.789,389.35,2.45,False
2011-10-17,2011.7918,389.02,1.77,False
2011-10-18,2011.7945,389.25,1.95,False
2011-10-19,2011.7973,389.1,1.72,False
2011-10-20,2011.8,389.27,1.54,False
2011-10-21,2011.8027,389.18,1.59,False
2011-10-22,2011.8055,389.46,1.56,False
2011-10-23,2011.8082,389.49,1.33,False
2011-10-24,2011.811,389.2,1.18,False
2011-10-25,2011.8137,389.44,1.2,False
2011-10-26,2011.8164,389.51,1.37,False
2011-10-27,2011.8192,389.37,1.73,False
2011-10-28,2011.8219,389.57,1.19,False
2011-10-29,2011.8247,389.53,1.78,False
2011-10-30,2011.8274,389.74,1.75,False
2011-10-31,2011.8301,389.67,1.68,False
2011-11-01,2011.8329,389.95,1.93,False
2011-11-02,2011.8356,389.9,1.82,False
2011-11-03,2011.8384,389.85,1.69,False
2011-11-04,2011.8411,389.83,1.8,False
2011-11-05,2011.8438,389.73,1.8,False
2011-11-06,2011.8466,389.69,0.22,False
2011-11-07,2011.8493,389.75,1.87,False
2011-11-08,2011.8521,389.87,1.8,False
2011-11-10,2011.8575,389.94,1.82,False
2011-11-11,2011.8603,389.96,1.77,False
2011-11-12,2011.863,390.59,1.74,False
2011-11-13,2011.8658,390.42,2.21,False
2011-11-14,2011.8685,390.77,2.04,False
2011-11-15,2011.8712,390.64,1.75,False
2011-11-17,2011.8767,390.96,2.6,False
2011-11-18,2011.8795,390.55,1.84,False
2011-11-19,2011.8822,390.6,1.68,False
2011-11-20,2011.8849,390.76,1.17,False
2011-11-21,2011.8877,390.79,0.79,False
2011-11-22,2011.8904,390.79,1.15,False
2011-11-23,2011.8932,390.73,1.44,False
2011-11-24,2011.8959,390.64,1.28,False
2011-11-25,2011.8986,390.61,0.79,False
2011-11-26,2011.9014,390.56,0.59,False
2011-11-27,2011.9041,391.34,1.61,False
2011-11-28,2011.9068,391.77,1.83,False
2011-11-29,2011.9096,391.26,,False
2011-11-30,2011.9123,391.53,2.04,False
2011-12-01,2011.9151,391.33,1.39,False
2011-12-02,2011.9178,391.07,1.24,False
2011-12-03,2011.9205,391.07,1.67,False
2011-12-04,2011.9233,391.26,0.68,False
2011-12-05,2011.926,391.27,1.25,False
2011-12-06,2011.9288,391.74,1.63,False
2011-12-07,2011.9315,391.38,,False
2011-12-08,2011.9342,391.5,1.45,False
2011-12-09,2011.937,391.86,1.99,False
2011-12-10,2011.9397,391.93,2.19,False
2011-12-11,2011.9425,392.35,2.3,False
2011-12-12,2011.9452,392.08,1.82,False
2011-12-13,2011.9479,391.69,1.5,False
2011-12-14,2011.9507,392.19,2.58,False
2011-12-15,2011.9534,392.26,2.98,False
2011-12-17,2011.9589,392.71,3.35,False
2011-12-19,2011.9644,392.84,3.25,False
2011-12-20,2011.9671,392.91,2.61,False
2011-12-23,2011.9753,392.78,2.48,False
2011-12-24,2011.9781,392.09,1.51,False
2011-12-25,2011.9808,392.1,1.8,False
2011-12-26,2011.9836,392.9,,False
2011-12-27,2011.9863,392.75,2.99,False
2011-12-28,2011.989,392.0,2.29,False
2011-12-29,2011.9918,392.49,2.97,False
2011-12-30,2011.9945,392.21,1.68,False
2011-12-31,2011.9973,392.34,1.72,False
2012-01-01,2012.0,392.29,1.62,False
2012-01-02,2012.0027,392.54,1.99,False
2012-01-03,2012.0055,393.18,2.79,False
2012-01-04,2012.0082,393.42,1.77,False
2012-01-05,2012.0109,393.66,2.26,False
2012-01-06,2012.0137,393.96,1.39,False
2012-01-07,2012.0164,393.03,-0.3,False
2012-01-08,2012.0191,392.45,0.16,False
2012-01-09,2012.0219,392.5,1.28,False
2012-01-10,2012.0246,393.31,1.96,False
2012-01-12,2012.0301,394.21,3.1,False
2012-01-13,2012.0328,393.11,2.32,False
2012-01-14,2012.0355,395.83,,False
2012-01-15,2012.0383,395.0,4.89,False
2012-01-16,2012.041,393.18,2.71,False
2012-01-17,2012.0437,392.51,,False
2012-01-18,2012.0464,392.55,-1.14,False
2012-01-19,2012.0492,392.49,-0.34,False
2012-01-20,2012.0519,393.21,1.95,False
2012-01-21,2012.0546,393.25,2.09,False
2012-01-22,2012.0574,393.12,2.34,False
2012-01-23,2012.0601,393.47,2.38,False
2012-01-24,2012.0628,393.73,2.35,False
2012-01-25,2012.0656,393.81,2.6,False
2012-01-26,2012.0683,393.88,2.16,False
2012-01-27,2012.071,393.56,2.33,False
2012-01-28,2012.0738,393.15,1.06,False
2012-01-29,2012.0765,393.38,1.17,False
2012-01-30,2012.0792,392.9,0.95,False
2012-01-31,2012.082,392.82,1.0,False
2012-02-01,2012.0847,393.81,0.46,False
2012-02-02,2012.0874,394.0,1.32,False
2012-02-04,2012.0929,393.67,1.92,False
2012-02-05,2012.0956,392.46,0.65,False
2012-02-06,2012.0984,392.32,0.86,False
2012-02-07,2012.1011,392.22,0.65,False
2012-02-08,2012.1038,392.98,0.91,False
2012-02-09,2012.1066,396.99,5.11,True
2012-02-10,2012.1093,396.95,5.58,False
2012-02-11,2012.112,393.38,1.68,False
2012-02-12,2012.1148,393.06,1.69,False
2012-02-13,2012.1175,393.25,1.73,False
2012-02-14,2012.1202,393.15,1.55,False
2012-02-15,2012.123,393.74,1.88,False
2012-02-16,2012.1257,394.11,2.0,False
2012-02-17,2012.1284,393.87,1.87,False
2012-02-18,2012.1311,394.55,2.5,False
2012-02-19,2012.1339,395.45,3.7,False
2012-02-20,2012.1366,393.72,1.67,False
2012-02-22,2012.1421,395.56,3.62,False
2012-02-24,2012.1475,394.13,1.66,False
2012-02-25,2012.1503,394.17,1.52,False
2012-02-26,2012.153,393.94,1.15,False
2012-02-27,2012.1557,394.02,1.42,False
2012-02-28,2012.1585,394.02,1.19,False
2012-02-29,2012.1612,395.81,,False
2012-03-01,2012.1639,394.29,1.69,False
2012-03-02,2012.1667,394.16,1.57,False
2012-03-03,2012.1694,394.88,2.81,False
2012-03-04,2012.1721,394.63,3.27,False
2012-03-05,2012.1749,394.43,2.69,False
2012-03-06,2012.1776,393.62,1.96,False
2012-03-07,2012.1803,393.28,1.58,False
2012-03-08,2012.1831,393.53,2.0,False
2012-03-09,2012.1858,393.39,1.85,False
2012-03-10,2012.1885,393.22,1.56,False
2012-03-11,2012.1913,393.28,1.51,False
2012-03-12,2012.194,393.67,-0.99,False
2012-03-13,2012.1967,393.84,1.15,False
2012-03-14,2012.1995,394.62,2.24,False
2012-03-15,2012.2022,395.17,3.0,False
2012-03-16,2012.2049,395.42,2.48,False
2012-03-17,2012.2077,395.2,2.33,False
2012-03-18,2012.2104,394.51,1.85,False
2012-03-19,2012.2131,395.13,2.03,False
2012-03-20,2012.2158,395.37,3.05,False
2012-03-21,2012.2186,394.42,2.09,False
2012-03-22,2012.2213,394.78,2.46,False
2012-03-23,2012.224,394.98,2.47,False
2012-03-24,2012.2268,395.65,2.62,False
2012-03-26,2012.2322,395.27,,False
2012-03-27,2012.235,396.26,0.84,False
2012-03-28,2012.2377,395.44,0.98,False
2012-03-29,2012.2404,394.86,0.22,False
2012-03-30,2012.2432,394.97,,False
2012-03-31,2012.2459,395.15,1.44,False
2012-04-01,2012.2486,395.13,1.5,False
2012-04-02,2012.2514,395.27,1.84,False
2012-04-03,2012.2541,395.21,1.77,False
2012-04-04,2012.2568,395.3,1.44,False
2012-04-05,2012.2596,396.13,2.7,False
2012-04-06,2012.2623,395.89,2.32,False
2012-04-07,2012.265,395.67,1.93,False
2012-04-09,2012.2705,396.58,3.89,False
2012-04-10,2012.2732,397.97,5.86,True
2012-04-11,2012.276,397.87,5.6,False
2012-04-12,2012.2787,396.78,2.72,False
2012-04-13,2012.2814,395.6,2.65,False
2012-04-14,2012.2842,396.04,2.63,False
2012-04-15,2012.2869,396.47,2.74,False
2012-04-16,2012.2896,395.97,1.57,False
2012-04-17,2012.2923,395.9,1.48,False
2012-04-18,2012.2951,396.4,1.96,False
2012-04-19,2012.2978,396.57,2.9,False
2012-04-20,2012.3005,396.33,3.38,False
2012-04-21,2012.3033,396.78,,False
2012-04-22,2012.306,396.74,2.66,False
2012-04-23,2012.3087,397.26,4.42,False
2012-04-24,2012.3115,396.94,3.14,False
2012-04-25,2012.3142,396.68,3.98,False
2012-04-26,2012.3169,396.82,,False
2012-04-27,2012.3197,396.68,3.88,False
2012-04-28,2012.3224,396.5,2.24,False
2012-04-29,2012.3251,396.85,2.89,False
2012-04-30,2012.3279,396.84,3.38,False
2012-05-01,2012.3306,397.2,3.5,False
2012-05-02,2012.3333,396.96,3.96,False
2012-05-03,2012.3361,397.59,4.45,False
2012-05-04,2012.3388,397.14,1.4,False
2012-05-05,2012.3415,397.18,2.32,False
2012-05-06,2012.3443,397.13,1.6,False
2012-05-07,2012.347,397.15,,False
2012-05-08,2012.3497,397.49,4.86,False
2012-05-09,2012.3525,397.28,4.58,False
2012-05-10,2012.3552,397.27,4.44,False
2012-05-11,2012.3579,397.39,4.62,False
2012-05-12,2012.3607,397.5,4.73,False
2012-05-13,2012.3634,397.6,3.76,False
2012-05-14,2012.3661,397.2,3.21,False
2012-05-15,2012.3689,397.17,2.81,False
2012-05-16,2012.3716,397.38,2.27,False
2012-05-17,2012.3743,397.52,2.26,False
2012-05-18,2012.377,397.13,2.17,False
2012-05-19,2012.3798,396.27,1.19,False
2012-05-20,2012.3825,396.74,1.49,False
2012-05-21,2012.3852,395.73,0.05,False
2012-05-22,2012.388,396.73,1.47,False
2012-05-23,2012.3907,396.91,1.54,False
2012-05-24,2012.3934,395.39,-0.1,False
2012-05-25,2012.3962,395.96,0.9,False
2012-05-26,2012.3989,396.73,1.36,False
2012-05-27,2012.4016,397.33,2.16,False
2012-05-28,2012.4044,396.82,,False
2012-05-29,2012.4071,396.56,2.26,False
2012-05-30,2012.4098,395.47,1.19,False
2012-06-01,2012.4153,396.95,2.94,False
2012-06-02,2012.418,395.74,1.18,False
2012-06-03,2012.4208,396.99,2.44,False
2012-06-04,2012.4235,396.3,1.45,False
2012-06-05,2012.4262,395.8,,False
2012-06-06,2012.429,395.9,,False
2012-06-07,2012.4317,395.26,1.04,False
2012-06-08,2012.4344,395.07,1.39,False
2012-06-09,2012.4372,396.16,2.71,False
2012-06-10,2012.4399,396.98,3.39,False
2012-06-11,2012.4426,396.7,3.15,False
2012-06-13,2012.4481,396.69,2.91,False
2012-06-14,2012.4508,396.1,2.34,False
2012-06-15,2012.4536,396.36,2.85,False
2012-06-16,2012.4563,395.75,1.63,False
2012-06-17,2012.459,394.81,0.24,False
2012-06-18,2012.4617,395.67,1.03,False
2012-06-19,2012.4645,396.02,1.87,False
2012-06-20,2012.4672,396.1,2.14,False
2012-06-21,2012.4699,396.16,2.14,False
2012-06-22,2012.4727,396.01,2.29,False
2012-06-23,2012.4754,395.59,2.47,False
2012-06-24,2012.4781,395.9,2.86,False
2012-06-25,2012.4809,395.81,1.6,False
2012-06-26,2012.4836,395.58,1.53,False
2012-06-27,2012.4863,395.9,1.94,False
2012-06-29,2012.4918,395.58,2.31,False
2012-06-30,2012.4945,393.94,0.3,False
2012-07-02,2012.5,395.41,1.99,False
2012-07-03,2012.5027,395.03,1.42,False
2012-07-04,2012.5055,395.1,1.36,False
2012-07-05,2012.5082,395.35,2.01,False
2012-07-06,2012.5109,395.14,1.24,False
2012-07-07,2012.5137,394.86,0.78,False
2012-07-09,2012.5191,394.56,0.91,False
2012-07-10,2012.5219,394.96,1.2,False
2012-07-11,2012.5246,394.68,2.16,False
2012-07-12,2012.5273,394.69,,False
2012-07-13,2012.5301,394.43,,False
2012-07-14,2012.5328,394.03,,False
2012-07-15,2012.5355,394.81,0.82,False
2012-07-16,2012.5383,394.37,0.69,False
2012-07-17,2012.541,394.71,,False
2012-07-18,2012.5437,394.24,2.18,False
2012-07-19,2012.5464,394.9,2.91,False
2012-07-20,2012.5492,394.82,2.69,False
2012-07-21,2012.5519,394.74,3.75,False
2012-07-22,2012.5546,394.7,4.03,False
2012-07-23,2012.5574,393.98,2.69,False
2012-07-25,2012.5628,394.3,,False
2012-07-28,2012.571,394.13,1.79,False
2012-07-29,2012.5738,394.05,1.63,False
2012-07-30,2012.5765,393.76,1.5,False
2012-07-31,2012.5792,393.11,1.09,False
2012-08-01,2012.582,393.23,1.41,False
2012-08-02,2012.5847,393.54,2.0,False
2012-08-03,2012.5874,393.83,3.18,False
2012-08-04,2012.5902,393.83,2.45,False
2012-08-06,2012.5956,393.42,2.02,False
2012-08-07,2012.5984,393.61,2.93,False
2012-08-08,2012.6011,393.58,2.44,False
2012-08-09,2012.6038,393.18,2.55,False
2012-08-10,2012.6066,393.68,2.81,False
2012-08-11,2012.6093,393.13,2.44,False
2012-08-12,2012.612,393.35,,False
2012-08-13,2012.6148,392.72,,False
2012-08-14,2012.6175,392.2,2.02,False
2012-08-15,2012.6202,392.64,2.57,False
2012-08-16,2012.623,392.65,1.67,False
2012-08-17,2012.6257,392.74,1.89,False
2012-08-18,2012.6284,392.64,3.3,False
2012-08-19,2012.6311,392.41,1.81,False
2012-08-20,2012.6339,390.61,0.24,False
2012-08-21,2012.6366,390.69,0.56,False
2012-08-22,2012.6393,391.82,1.84,False
2012-08-23,2012.6421,391.71,1.95,False
2012-08-24,2012.6448,391.72,1.91,False
2012-08-25,2012.6475,392.05,2.6,False
2012-08-26,2012.6503,391.86,2.38,False
2012-08-27,2012.653,391.87,3.32,False
2012-08-28,2012.6557,392.12,2.72,False
2012-08-29,2012.6585,392.01,,False
2012-08-30,2012.6612,392.02,,False
2012-08-31,2012.6639,392.11,2.41,False
2012-09-01,2012.6667,391.91,2.05,False
2012-09-02,2012.6694,392.13,2.33,False
2012-09-03,2012.6721,392.21,2.48,False
2012-09-04,2012.6749,392.16,2.33,False
2012-09-05,2012.6776,392.33,3.88,False
2012-09-06,2012.6803,392.01,,False
2012-09-08,2012.6858,391.53,,False
2012-09-09,2012.6885,390.84,,False
2012-09-10,2012.6913,390.37,0.83,False
2012-09-12,2012.6967,391.23,1.92,False
2012-09-13,2012.6995,391.78,2.24,False
2012-09-14,2012.7022,391.43,2.08,False
2012-09-15,2012.7049,390.94,1.75,False
2012-09-16,2012.7077,390.87,1.76,False
2012-09-17,2012.7104,390.54,0.95,False
2012-09-18,2012.7131,390.73,1.18,False
2012-09-19,2012.7158,390.88,1.42,False
2012-09-20,2012.7186,391.24,1.91,False
2012-09-21,2012.7213,391.38,2.32,False
2012-09-22,2012.724,391.26,1.83,False
2012-09-23,2012.7268,391.13,2.03,False
2012-09-24,2012.7295,391.11,2.03,False
2012-09-25,2012.7322,391.15,2.47,False
2012-09-26,2012.735,391.13,2.36,False
2012-09-28,2012.7404,391.0,2.22,False
2012-09-29,2012.7432,391.0,2.05,False
2012-09-30,2012.7459,391.02,2.01,False
2012-10-01,2012.7486,390.66,1.51,False
2012-10-02,2012.7514,390.91,1.8,False
2012-10-03,2012.7541,390.98,1.92,False
2012-10-04,2012.7568,391.12,1.91,False
2012-10-05,2012.7596,391.23,2.12,False
2012-10-06,2012.7623,391.23,2.59,False
2012-10-07,2012.765,391.32,2.5,False
2012-10-08,2012.7678,391.16,2.26,False
2012-10-10,2012.7732,391.25,2.03,False
2012-10-11,2012.776,391.29,2.38,False
2012-10-12,2012.7787,391.18,2.53,False
2012-10-13,2012.7814,390.86,2.02,False
2012-10-14,2012.7842,390.82,1.72,False
2012-10-15,2012.7869,391.05,1.51,False
2012-10-16,2012.7896,391.01,1.66,False
2012-10-18,2012.7951,390.99,1.74,False
2012-10-19,2012.7978,391.44,2.34,False
2012-10-20,2012.8005,391.38,2.11,False
2012-10-21,2012.8033,391.34,2.16,False
2012-10-23,2012.8087,391.51,2.02,False
2012-10-24,2012.8115,391.7,2.5,False
2012-10-25,2012.8142,391.87,2.43,False
2012-10-26,2012.8169,391.54,2.03,False
2012-10-27,2012.8197,391.38,2.01,False
2012-10-28,2012.8224,391.49,1.92,False
2012-10-29,2012.8251,391.68,2.15,False
2012-10-30,2012.8279,391.66,1.92,False
2012-10-31,2012.8306,391.54,1.87,False
2012-11-01,2012.8333,392.16,2.21,False
2012-11-03,2012.8388,392.16,2.31,False
2012-11-04,2012.8415,391.64,1.81,False
2012-11-05,2012.8443,391.8,2.07,False
2012-11-06,2012.847,392.23,2.54,False
2012-11-07,2012.8497,392.66,2.91,False
2012-11-08,2012.8525,393.56,3.69,False
2012-11-09,2012.8552,392.55,,False
2012-11-10,2012.8579,393.17,3.23,False
2012-11-11,2012.8607,393.01,3.05,False
2012-11-12,2012.8634,393.02,2.43,False
2012-11-13,2012.8661,393.34,2.92,False
2012-11-14,2012.8689,393.68,2.91,False
2012-11-15,2012.8716,393.35,2.71,False
2012-11-16,2012.8743,393.92,,False
2012-11-17,2012.877,394.04,3.08,False
2012-11-18,2012.8798,393.5,2.95,False
2012-11-19,2012.8825,393.29,2.69,False
2012-11-20,2012.8852,393.29,2.53,False
2012-11-21,2012.888,393.38,2.59,False
2012-11-22,2012.8907,393.38,2.59,False
2012-11-23,2012.8934,393.4,2.67,False
2012-11-24,2012.8962,393.48,2.84,False
2012-11-25,2012.8989,392.93,2.32,False
2012-11-26,2012.9016,393.11,2.55,False
2012-11-27,2012.9044,395.54,4.2,False
2012-11-28,2012.9071,394.32,2.55,False
2012-11-29,2012.9098,393.63,2.37,False
2012-11-30,2012.9126,393.89,2.36,False
2012-12-01,2012.9153,394.08,2.75,False
2012-12-02,2012.918,394.4,3.33,False
2012-12-03,2012.9208,393.48,2.41,False
2012-12-04,2012.9235,393.45,2.19,False
2012-12-05,2012.9262,393.47,2.2,False
2012-12-07,2012.9317,393.87,2.49,False
2012-12-08,2012.9344,394.61,3.11,False
2012-12-09,2012.9372,394.4,2.54,False
2012-12-10,2012.9399,395.17,3.24,False
2012-12-11,2012.9426,394.39,2.04,False
2012-12-12,2012.9454,394.3,2.22,False
2012-12-13,2012.9481,394.57,2.88,False
2012-12-14,2012.9508,394.44,2.25,False
2012-12-15,2012.9536,395.04,2.78,False
2012-12-16,2012.9563,394.71,,False
2012-12-17,2012.959,394.51,1.8,False
2012-12-18,2012.9617,394.63,,False
2012-12-19,2012.9645,394.71,1.87,False
2012-12-20,2012.9672,395.6,2.69,False
2012-12-21,2012.9699,394.47,,False
2012-12-22,2012.9727,394.65,,False
2012-12-23,2012.9754,395.78,3.0,False
2012-12-24,2012.9781,395.09,3.0,False
2012-12-25,2012.9809,394.79,2.69,False
2012-12-26,2012.9836,394.6,1.7,False
2012-12-27,2012.9863,395.04,2.29,False
2012-12-28,2012.9891,395.06,3.06,False
2012-12-30,2012.9945,394.52,2.31,False
2012-12-31,2012.9973,394.54,2.2,False
2013-01-01,2013.0,394.66,2.37,False
2013-01-02,2013.0027,394.86,2.32,False
2013-01-03,2013.0055,394.94,1.76,False
2013-01-04,2013.0082,394.83,1.41,False
2013-01-06,2013.0137,395.93,1.97,False
2013-01-07,2013.0164,395.32,2.29,False
2013-01-08,2013.0192,395.36,2.91,False
2013-01-09,2013.0219,395.71,3.21,False
2013-01-10,2013.0247,395.58,2.27,False
2013-01-11,2013.0274,395.67,,False
2013-01-13,2013.0329,395.79,2.68,False
2013-01-15,2013.0384,395.73,0.73,False
2013-01-16,2013.0411,397.24,4.06,False
2013-01-17,2013.0438,396.6,4.09,False
2013-01-18,2013.0466,395.78,3.23,False
2013-01-19,2013.0493,396.12,3.63,False
2013-01-20,2013.0521,397.64,4.43,False
2013-01-21,2013.0548,395.66,2.41,False
2013-01-22,2013.0575,395.41,2.29,False
2013-01-23,2013.0603,395.49,2.02,False
2013-01-24,2013.063,396.38,2.65,False
2013-01-25,2013.0658,395.96,2.15,False
2013-01-26,2013.0685,395.5,1.62,False
2013-01-27,2013.0712,395.63,2.07,False
2013-01-28,2013.074,395.3,2.15,False
2013-01-29,2013.0767,396.39,3.01,False
2013-01-30,2013.0795,396.68,3.78,False
2013-01-31,2013.0822,396.19,3.37,False
2013-02-01,2013.0849,395.97,2.16,False
2013-02-02,2013.0877,395.78,1.78,False
2013-02-03,2013.0904,397.06,,False
2013-02-05,2013.0959,397.56,5.1,False
2013-02-06,2013.0986,396.7,4.38,False
2013-02-07,2013.1014,396.77,4.55,False
2013-02-08,2013.1041,396.4,3.42,False
2013-02-09,2013.1068,396.67,-0.32,False
2013-02-10,2013.1096,396.94,-0.01,False
2013-02-12,2013.1151,396.11,3.05,False
2013-02-13,2013.1178,396.19,2.94,False
2013-02-14,2013.1205,397.92,4.77,False
2013-02-15,2013.1233,397.93,4.19,False
2013-02-16,2013.126,398.13,4.02,True
2013-02-17,2013.1288,397.63,3.76,False
2013-02-18,2013.1315,397.51,2.96,False
2013-02-19,2013.1342,397.52,2.07,False
2013-02-20,2013.137,397.44,3.72,False
2013-02-21,2013.1397,396.72,,False
2013-02-22,2013.1425,397.47,1.91,False
2013-02-23,2013.1452,397.31,,False
2013-02-24,2013.1479,397.46,3.33,False
2013-02-25,2013.1507,396.7,2.53,False
2013-02-27,2013.1562,396.93,2.91,False
2013-02-28,2013.1589,396.91,2.89,False
2013-03-01,2013.1616,396.94,2.65,False
2013-03-02,2013.1644,396.84,2.68,False
2013-03-03,2013.1671,399.33,4.45,True
2013-03-04,2013.1699,398.28,3.65,False
2013-03-05,2013.1726,398.63,4.2,False
2013-03-07,2013.1781,396.54,3.26,False
2013-03-08,2013.1808,397.35,3.82,False
2013-03-09,2013.1836,397.15,3.76,False
2013-03-10,2013.1863,397.0,3.78,False
2013-03-11,2013.189,396.41,3.13,False
2013-03-12,2013.1918,397.1,3.43,False
2013-03-13,2013.1945,397.3,3.46,False
2013-03-14,2013.1973,397.31,2.69,False
2013-03-15,2013.2,397.34,2.17,False
2013-03-16,2013.2027,397.74,2.32,False
2013-03-17,2013.2055,396.94,1.74,False
2013-03-18,2013.2082,396.94,2.43,False
2013-03-19,2013.211,398.17,3.04,False
2013-03-20,2013.2137,397.49,2.12,False
2013-03-21,2013.2164,397.39,2.97,False
2013-03-22,2013.2192,397.63,2.85,False
2013-03-23,2013.2219,398.47,3.49,False
2013-03-24,2013.2247,398.49,2.84,False
2013-03-25,2013.2274,397.32,,False
2013-03-26,2013.2301,397.27,2.0,False
2013-03-27,2013.2329,398.49,2.23,False
2013-03-28,2013.2356,398.41,2.97,False
2013-03-29,2013.2384,398.79,3.93,False
2013-03-30,2013.2411,398.56,3.59,False
2013-03-31,2013.2438,398.58,3.43,False
2013-04-01,2013.2466,398.43,3.3,False
2013-04-02,2013.2493,398.48,3.21,False
2013-04-03,2013.2521,398.37,3.16,False
2013-04-04,2013.2548,397.97,2.67,False
2013-04-06,2013.2603,397.99,2.1,False
2013-04-07,2013.263,397.91,2.24,False
2013-04-08,2013.2658,398.08,,False
2013-04-09,2013.2685,398.46,1.88,False
2013-04-10,2013.2712,398.76,0.79,False
2013-04-11,2013.274,397.54,-0.33,False
2013-04-12,2013.2767,397.89,1.11,False
2013-04-13,2013.2795,397.37,1.77,False
2013-04-14,2013.2822,397.38,1.34,False
2013-04-20,2013.2986,399.0,2.67,False
2013-04-21,2013.3014,400.01,3.23,True
2013-04-23,2013.3068,398.63,1.37,False
2013-04-24,2013.3096,398.45,1.51,False
2013-04-25,2013.3123,399.45,2.77,False
2013-04-26,2013.3151,399.79,2.97,False
2013-04-27,2013.3178,400.28,3.6,True
2013-04-29,2013.3233,399.73,2.88,False
2013-04-30,2013.326,399.63,2.79,False
2013-05-01,2013.3288,399.67,2.47,False
2013-05-02,2013.3315,399.48,2.52,False
2013-05-03,2013.3342,399.99,2.4,False
2013-05-04,2013.337,400.06,2.92,False
2013-05-05,2013.3397,399.62,2.44,False
2013-05-06,2013.3425,399.73,2.6,False
2013-05-07,2013.3452,399.77,2.62,False
2013-05-09,2013.3507,400.3,3.02,True
2013-05-10,2013.3534,399.47,2.2,False
2013-05-11,2013.3562,399.63,2.24,False
2013-05-12,2013.3589,399.53,2.03,False
2013-05-14,2013.3644,400.14,2.94,False
2013-05-15,2013.3671,399.81,2.64,False
2013-05-16,2013.3699,400.26,2.88,False
2013-05-17,2013.3726,400.15,2.63,False
2013-05-19,2013.3781,400.34,4.07,True
2013-05-20,2013.3808,400.37,3.63,True
2013-05-21,2013.3836,399.96,4.23,False
2013-05-22,2013.3863,400.23,3.5,False
2013-05-23,2013.389,399.94,3.03,False
2013-05-24,2013.3918,400.1,4.71,False
2013-05-25,2013.3945,400.24,4.28,False
2013-05-26,2013.3973,400.88,4.15,True
2013-05-27,2013.4,400.49,3.16,False
2013-05-28,2013.4027,400.54,3.72,False
2013-05-29,2013.4055,400.4,3.84,False
2013-05-30,2013.4082,400.14,4.67,False
2013-05-31,2013.411,399.33,,False
2013-06-01,2013.4137,399.05,2.1,False
2013-06-02,2013.4164,399.6,3.86,False
2013-06-03,2013.4192,399.69,2.7,False
2013-06-04,2013.4219,399.36,3.06,False
2013-06-05,2013.4247,399.62,3.82,False
2013-06-06,2013.4274,399.52,3.62,False
2013-06-07,2013.4301,399.16,3.9,False
2013-06-08,2013.4329,398.86,3.79,False
2013-06-10,2013.4384,398.38,1.4,False
2013-06-11,2013.4411,397.97,1.27,False
2013-06-12,2013.4438,399.26,,False
2013-06-13,2013.4466,399.17,2.48,False
2013-06-14,2013.4493,399.11,3.01,False
2013-06-15,2013.4521,398.89,2.53,False
2013-06-16,2013.4548,398.66,2.91,False
2013-06-17,2013.4575,398.17,3.36,False
2013-06-18,2013.4603,398.48,2.81,False
2013-06-19,2013.463,398.2,2.18,False
2013-06-20,2013.4658,398.25,2.15,False
2013-06-21,2013.4685,398.4,2.24,False
2013-06-22,2013.4712,398.18,2.17,False
2013-06-23,2013.474,399.02,3.43,False
2013-06-24,2013.4767,398.72,2.82,False
2013-06-28,2013.4877,398.77,,False
2013-06-29,2013.4904,398.85,3.27,False
2013-06-30,2013.4932,398.79,4.85,False
2013-07-01,2013.4959,398.95,,False
2013-07-02,2013.4986,398.28,2.87,False
2013-07-03,2013.5014,398.4,3.37,False
2013-07-05,2013.5068,397.73,2.38,False
2013-07-09,2013.5178,398.18,3.62,False
2013-07-10,2013.5205,398.21,3.25,False
2013-07-11,2013.5233,397.85,3.17,False
2013-07-12,2013.526,397.48,2.79,False
2013-07-15,2013.5342,397.7,2.89,False
2013-07-16,2013.537,397.31,2.94,False
2013-07-17,2013.5397,397.04,2.33,False
2013-07-18,2013.5425,397.02,2.78,False
2013-07-21,2013.5507,395.6,0.86,False
2013-07-23,2013.5562,397.15,3.17,False
2013-07-24,2013.5589,397.04,,False
2013-07-25,2013.5616,397.11,2.81,False
2013-07-26,2013.5644,397.4,,False
2013-07-27,2013.5671,397.74,,False
2013-07-28,2013.5699,397.38,3.25,False
2013-07-29,2013.5726,396.43,2.38,False
2013-07-31,2013.5781,396.49,3.38,False
2013-08-01,2013.5808,396.95,3.72,False
2013-08-02,2013.5836,396.92,3.38,False
2013-08-03,2013.5863,397.03,3.2,False
2013-08-04,2013.589,396.96,3.13,False
2013-08-05,2013.5918,395.55,,False
2013-08-06,2013.5945,395.78,2.36,False
2013-08-08,2013.6,395.63,2.05,False
2013-08-09,2013.6027,395.77,2.59,False
2013-08-10,2013.6055,395.46,1.78,False
2013-08-11,2013.6082,395.71,2.58,False
2013-08-12,2013.611,395.5,2.15,False
2013-08-13,2013.6137,394.9,2.18,False
2013-08-14,2013.6164,395.56,3.36,False
2013-08-15,2013.6192,395.16,2.52,False
2013-08-17,2013.6247,395.11,2.37,False
2013-08-18,2013.6274,395.23,2.59,False
2013-08-20,2013.6329,396.02,5.41,False
2013-08-21,2013.6356,394.9,4.21,False
2013-08-23,2013.6411,395.49,3.78,False
2013-08-24,2013.6438,395.06,3.34,False
2013-08-25,2013.6466,394.65,2.6,False
2013-08-26,2013.6493,394.64,2.78,False
2013-08-27,2013.6521,394.88,3.01,False
2013-08-28,2013.6548,394.89,2.77,False
2013-08-29,2013.6575,393.93,1.92,False
2013-08-30,2013.6603,393.82,1.8,False
2013-08-31,2013.663,394.13,2.02,False
2013-09-01,2013.6658,394.85,2.94,False
2013-09-02,2013.6685,394.52,2.39,False
2013-09-03,2013.6712,394.8,2.59,False
2013-09-04,2013.674,393.59,1.43,False
2013-09-05,2013.6767,393.52,1.19,False
2013-09-06,2013.6795,393.58,1.57,False
2013-09-07,2013.6822,393.51,,False
2013-09-08,2013.6849,393.93,2.4,False
2013-09-09,2013.6877,393.84,3.0,False
2013-09-10,2013.6904,393.81,3.44,False
2013-09-11,2013.6932,393.24,,False
2013-09-12,2013.6959,393.37,2.14,False
2013-09-14,2013.7014,393.33,1.9,False
2013-09-16,2013.7068,393.97,3.1,False
2013-09-18,2013.7123,393.77,3.04,False
2013-09-19,2013.7151,393.66,2.78,False
2013-09-20,2013.7178,393.58,2.34,False
2013-09-21,2013.7205,393.69,2.31,False
2013-09-22,2013.7233,394.04,2.78,False
2013-09-23,2013.726,393.25,2.12,False
2013-09-24,2013.7288,393.6,2.49,False
2013-09-25,2013.7315,393.3,2.15,False
2013-09-27,2013.737,393.44,,False
2013-09-28,2013.7397,393.86,2.86,False
2013-09-29,2013.7425,393.33,2.33,False
2013-09-30,2013.7452,393.51,2.49,False
2013-10-01,2013.7479,393.14,2.48,False
2013-10-02,2013.7507,393.56,2.65,False
2013-10-03,2013.7534,393.7,2.72,False
2013-10-04,2013.7562,393.44,2.32,False
2013-10-05,2013.7589,393.94,2.71,False
2013-10-06,2013.7616,393.37,2.14,False
2013-10-07,2013.7644,393.59,2.27,False
2013-10-08,2013.7671,393.61,2.45,False
2013-10-09,2013.7699,393.55,,False
2013-10-10,2013.7726,393.54,2.29,False
2013-10-11,2013.7753,393.56,2.27,False
2013-10-12,2013.7781,393.6,2.42,False
2013-10-13,2013.7808,393.61,2.75,False
2013-10-16,2013.789,393.83,2.82,False
2013-10-18,2013.7945,394.0,3.01,False
2013-10-19,2013.7973,394.07,2.63,False
2013-10-20,2013.8,394.02,2.64,False
2013-10-21,2013.8027,394.29,2.95,False
2013-10-22,2013.8055,394.27,,False
2013-10-23,2013.8082,394.0,2.49,False
2013-10-24,2013.811,393.93,2.23,False
2013-10-25,2013.8137,394.37,2.5,False
2013-10-26,2013.8164,394.44,2.9,False
2013-10-27,2013.8192,394.29,2.91,False
2013-10-28,2013.8219,394.27,2.78,False
2013-10-29,2013.8247,394.33,2.65,False
2013-10-30,2013.8274,394.48,2.82,False
2013-10-31,2013.8301,394.52,2.98,False
2013-11-01,2013.8329,394.49,2.33,False
2013-11-02,2013.8356,394.69,,False
2013-11-03,2013.8384,394.53,2.37,False
2013-11-04,2013.8411,394.61,2.97,False
2013-11-05,2013.8438,394.7,2.9,False
2013-11-06,2013.8466,394.58,2.35,False
2013-11-07,2013.8493,394.74,2.08,False
2013-11-08,2013.8521,394.78,1.22,False
2013-11-09,2013.8548,394.73,2.18,False
2013-11-10,2013.8575,395.43,2.26,False
2013-11-11,2013.8603,396.55,3.54,False
2013-11-12,2013.863,396.9,3.88,False
2013-11-13,2013.8658,396.21,2.87,False
2013-11-14,2013.8685,395.16,1.48,False
2013-11-15,2013.8712,395.08,1.73,False
2013-11-16,2013.874,394.79,0.87,False
2013-11-17,2013.8767,394.81,0.77,False
2013-11-18,2013.8795,394.87,1.37,False
2013-11-19,2013.8822,394.84,1.55,False
2013-11-20,2013.8849,394.99,1.7,False
2013-11-21,2013.8877,394.98,1.6,False
2013-11-22,2013.8904,395.24,1.86,False
2013-11-23,2013.8932,395.74,2.34,False
2013-11-24,2013.8959,396.16,2.68,False
2013-11-25,2013.8986,396.38,3.45,False
2013-11-26,2013.9014,396.56,3.45,False
2013-11-27,2013.9041,396.45,0.91,False
2013-11-28,2013.9068,395.55,1.23,False
2013-11-29,2013.9096,396.1,2.47,False
2013-11-30,2013.9123,396.18,2.29,False
2013-12-01,2013.9151,396.25,2.17,False
2013-12-02,2013.9178,396.38,1.98,False
2013-12-03,2013.9205,396.55,3.07,False
2013-12-04,2013.9233,396.42,2.97,False
2013-12-05,2013.926,396.43,2.96,False
2013-12-06,2013.9288,396.61,,False
2013-12-07,2013.9315,396.59,2.72,False
2013-12-08,2013.9342,396.06,1.45,False
2013-12-09,2013.937,396.05,1.65,False
2013-12-10,2013.9397,396.05,0.88,False
2013-12-11,2013.9425,396.67,2.28,False
2013-12-12,2013.9452,396.58,2.28,False
2013-12-13,2013.9479,396.46,1.89,False
2013-12-14,2013.9507,396.43,1.99,False
2013-12-15,2013.9534,396.48,1.44,False
2013-12-16,2013.9562,396.89,2.18,False
2013-12-17,2013.9589,398.75,4.24,False
2013-12-18,2013.9616,398.39,3.76,False
2013-12-20,2013.9671,397.66,2.06,False
2013-12-21,2013.9699,397.51,3.04,False
2013-12-22,2013.9726,397.14,2.49,False
2013-12-23,2013.9753,397.2,1.42,False
2013-12-24,2013.9781,397.3,2.21,False
2013-12-25,2013.9808,397.79,3.0,False
2013-12-26,2013.9836,397.77,3.17,False
2013-12-27,2013.9863,397.38,2.34,False
2013-12-28,2013.989,397.61,2.55,False
2013-12-29,2013.9918,397.69,,False
2013-12-30,2013.9945,397.77,3.25,False
2013-12-31,2013.9973,397.86,3.32,False
2014-01-01,2014.0,397.45,2.79,False
2014-01-02,2014.0027,397.3,2.44,False
2014-01-03,2014.0055,397.2,2.26,False
2014-01-04,2014.0082,397.96,3.13,False
2014-01-05,2014.011,398.56,,False
2014-01-06,2014.0137,398.38,2.45,False
2014-01-07,2014.0164,399.02,3.7,False
2014-01-08,2014.0192,398.5,3.14,False
2014-01-09,2014.0219,398.73,3.02,False
2014-01-10,2014.0247,398.15,2.57,False
2014-01-11,2014.0274,397.56,1.89,False
2014-01-12,2014.0301,397.5,,False
2014-01-13,2014.0329,397.8,2.01,False
2014-01-14,2014.0356,397.69,,False
2014-01-15,2014.0384,397.68,1.95,False
2014-01-16,2014.0411,397.53,0.29,False
2014-01-17,2014.0438,398.13,1.53,False
2014-01-18,2014.0466,399.21,3.43,False
2014-01-19,2014.0493,398.32,2.2,False
2014-01-20,2014.0521,398.14,0.5,False
2014-01-21,2014.0548,398.78,3.12,False
2014-01-22,2014.0575,398.08,2.67,False
2014-01-23,2014.0603,398.23,2.74,False
2014-01-24,2014.063,397.48,1.1,False
2014-01-25,2014.0658,398.05,2.09,False
2014-01-26,2014.0685,397.62,2.12,False
2014-01-27,2014.0712,397.87,2.24,False
2014-01-28,2014.074,397.81,2.51,False
2014-01-29,2014.0767,398.28,1.89,False
2014-01-30,2014.0795,398.26,1.58,False
2014-01-31,2014.0822,398.07,1.88,False
2014-02-01,2014.0849,398.24,2.27,False
2014-02-02,2014.0877,398.01,2.23,False
2014-02-03,2014.0904,398.11,1.05,False
2014-02-04,2014.0932,398.41,,False
2014-02-05,2014.0959,398.16,0.6,False
2014-02-06,2014.0986,398.0,1.3,False
2014-02-07,2014.1014,398.12,1.35,False
2014-02-08,2014.1041,398.28,1.88,False
2014-02-09,2014.1068,398.16,1.49,False
2014-02-10,2014.1096,398.0,1.06,False
2014-02-11,2014.1123,398.01,,False
2014-02-12,2014.1151,397.81,1.7,False
2014-02-13,2014.1178,397.77,1.58,False
2014-02-14,2014.1205,398.52,0.6,False
2014-02-15,2014.1233,398.13,0.2,False
2014-02-16,2014.126,397.66,-0.47,False
2014-02-17,2014.1288,397.84,0.21,False
2014-02-19,2014.1342,398.41,0.89,False
2014-02-20,2014.137,398.3,0.86,False
2014-02-21,2014.1397,398.92,2.2,False
2014-02-22,2014.1425,398.49,1.02,False
2014-02-23,2014.1452,399.2,1.89,False
2014-02-24,2014.1479,398.6,1.14,False
2014-02-25,2014.1507,397.7,1.0,False
2014-02-26,2014.1534,397.58,,False
2014-02-27,2014.1562,400.38,3.45,False
2014-02-28,2014.1589,398.45,1.54,False
2014-03-01,2014.1616,397.39,0.45,False
2014-03-02,2014.1644,398.11,1.27,False
2014-03-03,2014.1671,398.82,-0.51,False
2014-03-05,2014.1726,398.66,0.03,False
2014-03-07,2014.1781,398.8,2.26,False
2014-03-08,2014.1808,398.79,1.44,False
2014-03-09,2014.1836,398.84,1.69,False
2014-03-10,2014.1863,399.26,2.26,False
2014-03-12,2014.1918,401.47,4.37,True
2014-03-13,2014.1945,400.71,3.41,False
2014-03-14,2014.1973,400.18,2.87,False
2014-03-15,2014.2,399.95,2.61,False
2014-03-17,2014.2055,401.83,4.89,True
2014-03-18,2014.2082,401.39,4.45,False
2014-03-21,2014.2164,400.86,3.47,False
2014-03-23,2014.2219,399.4,0.93,False
2014-03-24,2014.2247,400.22,1.73,False
2014-03-25,2014.2274,400.65,3.33,False
2014-03-26,2014.2301,401.09,3.82,False
2014-03-29,2014.2384,400.16,1.37,False
2014-03-30,2014.2411,400.34,1.78,False
2014-03-31,2014.2438,400.78,2.2,False
2014-04-01,2014.2466,400.88,2.45,False
2014-04-02,2014.2493,400.64,2.16,False
2014-04-03,2014.2521,400.86,2.49,False
2014-04-04,2014.2548,401.15,3.18,False
2014-04-05,2014.2575,400.94,,False
2014-04-06,2014.2603,401.53,3.54,False
2014-04-07,2014.263,402.02,4.11,True
2014-04-08,2014.2658,401.41,3.33,False
2014-04-09,2014.2685,401.73,3.27,False
2014-04-10,2014.2712,400.95,2.19,False
2014-04-11,2014.274,400.81,3.27,False
2014-04-12,2014.2767,400.6,2.71,False
2014-04-13,2014.2795,402.0,4.63,False
2014-04-15,2014.2849,402.29,,True
2014-04-16,2014.2877,401.44,,False
2014-04-17,2014.2904,401.22,,False
2014-04-19,2014.2959,401.65,,False
2014-04-20,2014.2986,402.59,3.59,True
2014-04-21,2014.3014,401.38,1.37,False
2014-04-22,2014.3041,401.14,,False
2014-04-23,2014.3068,402.12,3.49,False
2014-04-24,2014.3096,401.7,3.25,False
2014-04-25,2014.3123,401.24,1.79,False
2014-04-26,2014.3151,402.22,2.43,False
2014-04-27,2014.3178,401.54,1.26,False
2014-04-28,2014.3205,402.67,,True
2014-04-29,2014.3233,401.48,1.75,False
2014-05-01,2014.3288,401.51,1.84,False
2014-05-02,2014.3315,402.29,2.81,False
2014-05-03,2014.3342,402.04,2.05,False
2014-05-07,2014.3452,402.53,2.76,False
2014-05-08,2014.3479,401.88,,False
2014-05-09,2014.3507,401.3,1.0,False
2014-05-13,2014.3616,401.49,,False
2014-05-17,2014.3726,402.34,2.19,False
2014-05-18,2014.3753,402.38,,False
2014-05-19,2014.3781,402.6,2.26,False
2014-05-20,2014.3808,402.23,1.86,False
2014-05-21,2014.3836,401.93,1.97,False
2014-05-22,2014.3863,401.7,1.47,False
2014-05-23,2014.389,401.4,1.46,False
2014-05-24,2014.3918,401.27,1.17,False
2014-05-25,2014.3945,401.54,1.3,False
2014-05-26,2014.3973,401.38,0.5,False
2014-05-27,2014.4,401.13,0.64,False
2014-05-28,2014.4027,402.45,1.91,False
2014-05-29,2014.4055,402.29,1.89,False
2014-05-30,2014.4082,402.44,2.3,False
2014-05-31,2014.411,402.74,3.41,True
2014-06-01,2014.4137,402.21,3.16,False
2014-06-02,2014.4164,401.97,2.37,False
2014-06-03,2014.4192,402.21,2.52,False
2014-06-04,2014.4219,402.07,2.71,False
2014-06-05,2014.4247,401.98,2.36,False
2014-06-06,2014.4274,401.56,2.04,False
2014-06-07,2014.4301,401.94,2.78,False
2014-06-08,2014.4329,401.21,2.35,False
2014-06-09,2014.4356,401.5,,False
2014-06-10,2014.4384,401.48,3.1,False
2014-06-11,2014.4411,401.51,3.54,False
2014-06-13,2014.4466,401.62,2.45,False
2014-06-14,2014.4493,402.78,3.67,True
2014-06-15,2014.4521,401.5,2.61,False
2014-06-16,2014.4548,401.18,2.52,False
2014-06-17,2014.4575,400.98,2.81,False
2014-06-18,2014.4603,400.95,2.47,False
2014-06-19,2014.463,401.46,3.26,False
2014-06-20,2014.4658,401.57,3.32,False
2014-06-21,2014.4685,400.85,2.45,False
2014-06-22,2014.4712,401.41,3.23,False
2014-06-23,2014.474,401.47,2.45,False
2014-06-24,2014.4767,401.17,2.45,False
2014-06-25,2014.4795,401.25,,False
2014-06-27,2014.4849,400.91,,False
2014-06-28,2014.4877,400.51,1.74,False
2014-06-29,2014.4904,400.41,1.56,False
2014-06-30,2014.4932,400.77,1.98,False
2014-07-01,2014.4959,400.71,1.76,False
2014-07-02,2014.4986,400.51,2.23,False
2014-07-03,2014.5014,400.41,2.01,False
2014-07-04,2014.5041,399.98,,False
2014-07-05,2014.5068,399.98,2.25,False
2014-07-06,2014.5096,400.5,,False
2014-07-07,2014.5123,400.15,,False
2014-07-08,2014.5151,399.8,,False
2014-07-09,2014.5178,400.03,1.85,False
2014-07-10,2014.5205,399.51,1.3,False
2014-07-11,2014.5233,400.2,2.35,False
2014-07-12,2014.526,399.82,2.34,False
2014-07-14,2014.5315,399.25,,False
2014-07-15,2014.5342,399.32,1.62,False
2014-07-16,2014.537,399.29,1.98,False
2014-07-17,2014.5397,398.93,1.89,False
2014-07-19,2014.5452,398.1,,False
2014-07-22,2014.5534,398.44,,False
2014-07-23,2014.5562,398.83,1.68,False
2014-07-24,2014.5589,399.22,2.18,False
2014-07-25,2014.5616,399.13,2.02,False
2014-07-26,2014.5644,399.22,1.82,False
2014-07-28,2014.5699,397.9,0.52,False
2014-07-29,2014.5726,396.32,-0.11,False
2014-07-30,2014.5753,398.59,,False
2014-08-01,2014.5808,397.63,0.68,False
2014-08-02,2014.5836,397.47,0.55,False
2014-08-03,2014.5863,397.97,0.94,False
2014-08-04,2014.589,398.21,1.25,False
2014-08-05,2014.5918,397.95,2.4,False
2014-08-06,2014.5945,397.62,1.84,False
2014-08-12,2014.611,397.38,1.88,False
2014-08-13,2014.6137,397.49,2.59,False
2014-08-14,2014.6164,397.41,1.85,False
2014-08-15,2014.6192,397.19,2.03,False
2014-08-16,2014.6219,397.43,,False
2014-08-17,2014.6247,397.08,1.97,False
2014-08-18,2014.6274,397.45,2.22,False
2014-08-21,2014.6356,396.83,1.93,False
2014-08-22,2014.6384,396.8,,False
2014-08-23,2014.6411,396.98,1.49,False
2014-08-24,2014.6438,396.55,1.49,False
2014-08-25,2014.6466,395.93,1.28,False
2014-08-28,2014.6548,396.69,1.8,False
2014-08-29,2014.6575,396.33,2.4,False
2014-08-30,2014.6603,396.4,2.58,False
2014-08-31,2014.663,396.75,2.62,False
2014-09-03,2014.6712,396.35,1.55,False
2014-09-04,2014.674,396.39,2.8,False
2014-09-05,2014.6767,396.52,3.0,False
2014-09-07,2014.6822,395.9,2.39,False
2014-09-08,2014.6849,396.31,2.38,False
2014-09-10,2014.6904,394.66,0.85,False
2014-09-11,2014.6932,394.4,1.16,False
2014-09-12,2014.6959,394.98,1.61,False
2014-09-13,2014.6986,394.86,,False
2014-09-14,2014.7014,395.3,1.97,False
2014-09-15,2014.7041,395.63,,False
2014-09-18,2014.7123,394.84,1.07,False
2014-09-22,2014.7233,395.15,1.11,False
2014-09-23,2014.726,396.0,2.75,False
2014-09-24,2014.7288,395.68,2.08,False
2014-09-25,2014.7315,395.76,2.46,False
2014-09-26,2014.7342,395.68,,False
2014-09-27,2014.737,395.34,1.9,False
2014-09-28,2014.7397,394.69,0.83,False
2014-09-29,2014.7425,395.43,2.1,False
2014-09-30,2014.7452,395.59,2.08,False
2014-10-01,2014.7479,395.64,2.5,False
2014-10-02,2014.7507,395.62,2.06,False
2014-10-03,2014.7534,395.88,2.18,False
2014-10-05,2014.7589,395.51,1.57,False
2014-10-06,2014.7616,395.93,2.56,False
2014-10-07,2014.7644,395.98,2.39,False
2014-10-08,2014.7671,396.02,2.41,False
2014-10-09,2014.7699,395.63,2.08,False
2014-10-10,2014.7726,395.43,1.89,False
2014-10-11,2014.7753,395.57,2.01,False
2014-10-12,2014.7781,395.53,1.93,False
2014-10-13,2014.7808,396.13,2.52,False
2014-10-14,2014.7836,395.81,,False
2014-10-15,2014.7863,395.76,,False
2014-10-16,2014.789,395.73,1.9,False
2014-10-21,2014.8027,395.98,1.69,False
2014-10-22,2014.8055,395.95,1.68,False
2014-10-23,2014.8082,396.22,2.22,False
2014-10-24,2014.811,395.78,1.85,False
2014-10-25,2014.8137,396.06,1.69,False
2014-10-26,2014.8164,397.3,2.86,False
2014-10-27,2014.8192,396.88,2.59,False
2014-10-28,2014.8219,399.79,5.52,False
2014-10-29,2014.8247,397.04,2.71,False
2014-11-01,2014.8329,396.97,2.48,False
2014-11-02,2014.8356,397.18,2.49,False
2014-11-03,2014.8384,396.7,2.17,False
2014-11-04,2014.8411,396.49,1.88,False
2014-11-05,2014.8438,396.99,2.29,False
2014-11-06,2014.8466,397.29,2.71,False
2014-11-07,2014.8493,396.66,1.92,False
2014-11-08,2014.8521,397.0,2.22,False
2014-11-09,2014.8548,397.23,2.5,False
2014-11-10,2014.8575,396.87,1.44,False
2014-11-11,2014.8603,396.96,0.41,False
2014-11-12,2014.863,397.38,0.48,False
2014-11-13,2014.8658,397.86,1.65,False
2014-11-15,2014.8712,397.68,2.6,False
2014-11-16,2014.874,397.2,2.41,False
2014-11-17,2014.8767,397.71,2.9,False
2014-11-18,2014.8795,397.42,2.55,False
2014-11-19,2014.8822,397.63,2.79,False
2014-11-20,2014.8849,397.87,2.88,False
2014-11-21,2014.8877,397.11,2.13,False
2014-11-22,2014.8904,397.08,1.84,False
2014-11-24,2014.8959,397.27,1.11,False
2014-11-26,2014.9014,398.94,2.38,False
2014-11-27,2014.9041,398.05,1.6,False
2014-11-28,2014.9068,397.95,2.4,False
2014-11-29,2014.9096,397.9,1.8,False
2014-11-30,2014.9123,397.77,1.59,False
2014-12-01,2014.9151,398.71,2.46,False
2014-12-02,2014.9178,398.63,2.25,False
2014-12-03,2014.9205,398.41,1.86,False
2014-12-04,2014.9233,398.35,1.93,False
2014-12-05,2014.926,398.21,1.78,False
2014-12-06,2014.9288,398.33,1.72,False
2014-12-07,2014.9315,400.78,4.19,False
2014-12-09,2014.937,399.49,3.44,False
2014-12-10,2014.9397,398.65,2.6,False
2014-12-12,2014.9452,398.65,2.07,False
2014-12-13,2014.9479,398.84,2.38,False
2014-12-14,2014.9507,398.71,2.28,False
2014-12-15,2014.9534,399.59,3.11,False
2014-12-16,2014.9562,399.2,2.31,False
2014-12-17,2014.9589,399.64,0.89,False
2014-12-18,2014.9616,399.31,0.92,False
2014-12-19,2014.9644,399.5,,False
2014-12-20,2014.9671,398.99,1.33,False
2014-12-21,2014.9699,399.04,1.53,False
2014-12-22,2014.9726,399.17,2.03,False
2014-12-23,2014.9753,399.53,2.33,False
2014-12-24,2014.9781,399.38,2.08,False
2014-12-25,2014.9808,399.37,1.58,False
2014-12-26,2014.9836,398.66,0.89,False
2014-12-27,2014.9863,398.62,1.24,False
2014-12-28,2014.989,398.81,1.2,False
2014-12-29,2014.9918,399.9,2.21,False
2014-12-30,2014.9945,399.05,1.28,False
2014-12-31,2014.9973,400.33,2.47,False
2015-01-01,2015.0,401.78,4.33,False
2015-01-02,2015.0027,400.02,2.72,False
2015-01-03,2015.0055,400.35,3.15,False
2015-01-04,2015.0082,400.2,2.24,False
2015-01-05,2015.011,399.76,1.2,False
2015-01-06,2015.0137,399.75,1.37,False
2015-01-07,2015.0164,400.08,1.06,False
2015-01-08,2015.0192,400.18,1.68,False
2015-01-09,2015.0219,400.29,1.56,False
2015-01-10,2015.0247,400.07,1.92,False
2015-01-11,2015.0274,399.7,2.14,False
2015-01-12,2015.0301,399.86,2.36,False
2015-01-13,2015.0329,401.39,3.59,False
2015-01-14,2015.0356,400.81,3.12,False
2015-01-15,2015.0384,400.42,2.74,False
2015-01-16,2015.0411,399.96,2.43,False
2015-01-18,2015.0466,399.71,0.5,False
2015-01-19,2015.0493,399.69,1.37,False
2015-01-20,2015.0521,399.52,1.38,False
2015-01-21,2015.0548,399.75,0.97,False
2015-01-22,2015.0575,399.71,1.63,False
2015-01-23,2015.0603,399.81,1.58,False
2015-01-24,2015.063,399.73,2.25,False
2015-01-25,2015.0658,401.02,2.97,False
2015-01-26,2015.0685,400.24,2.62,False
2015-01-27,2015.0712,400.19,2.32,False
2015-01-28,2015.074,400.0,2.19,False
2015-01-29,2015.0767,400.02,1.74,False
2015-01-30,2015.0795,400.55,2.29,False
2015-01-31,2015.0822,400.74,2.67,False
2015-02-01,2015.0849,400.54,2.3,False
2015-02-02,2015.0877,400.39,2.38,False
2015-02-03,2015.0904,400.33,2.22,False
2015-02-04,2015.0932,400.22,1.81,False
2015-02-05,2015.0959,399.9,1.74,False
2015-02-06,2015.0986,400.83,2.83,False
2015-02-07,2015.1014,400.85,2.73,False
2015-02-08,2015.1041,399.62,1.34,False
2015-02-09,2015.1068,399.79,1.63,False
2015-02-10,2015.1096,399.89,1.89,False
2015-02-11,2015.1123,401.37,3.36,False
2015-02-12,2015.1151,400.1,2.29,False
2015-02-13,2015.1178,400.2,2.43,False
2015-02-14,2015.1205,400.02,1.5,False
2015-02-15,2015.1233,400.43,2.3,False
2015-02-16,2015.126,400.12,2.46,False
2015-02-17,2015.1288,400.22,2.38,False
2015-02-18,2015.1315,399.96,,False
2015-02-19,2015.1342,399.68,1.27,False
2015-02-20,2015.137,399.86,1.56,False
2015-02-21,2015.1397,400.47,1.55,False
2015-02-22,2015.1425,402.72,4.23,False
2015-02-23,2015.1452,401.03,1.83,False
2015-02-24,2015.1479,401.32,2.72,False
2015-02-25,2015.1507,401.72,4.02,False
2015-02-26,2015.1534,401.29,3.71,False
2015-02-27,2015.1562,401.58,1.2,False
2015-02-28,2015.1589,401.06,2.61,False
2015-03-04,2015.1699,400.88,,False
2015-03-05,2015.1726,401.51,2.85,False
2015-03-06,2015.1753,401.87,,False
2015-03-07,2015.1781,401.64,2.84,False
2015-03-08,2015.1808,401.96,3.17,False
2015-03-09,2015.1836,401.73,2.89,False
2015-03-10,2015.1863,403.64,4.38,True
2015-03-12,2015.1918,401.48,0.01,False
2015-03-13,2015.1945,402.07,1.36,False
2015-03-14,2015.1973,402.49,2.31,False
2015-03-16,2015.2027,403.31,,False
2015-03-17,2015.2055,400.61,-1.22,False
2015-03-18,2015.2082,400.57,-0.82,False
2015-03-19,2015.211,400.28,,False
2015-03-20,2015.2137,400.14,,False
2015-03-21,2015.2164,400.94,0.08,False
2015-03-22,2015.2192,401.44,,False
2015-03-23,2015.2219,401.83,2.43,False
2015-03-24,2015.2247,401.16,0.94,False
2015-03-25,2015.2274,400.76,0.11,False
2015-03-26,2015.2301,402.7,1.61,False
2015-03-27,2015.2329,402.73,,False
2015-03-28,2015.2356,403.16,,False
2015-03-31,2015.2438,403.61,2.83,False
2015-04-01,2015.2466,401.3,0.42,False
2015-04-02,2015.2493,401.12,0.48,False
2015-04-03,2015.2521,402.77,1.91,False
2015-04-04,2015.2548,401.21,0.06,False
2015-04-05,2015.2575,403.64,2.7,False
2015-04-08,2015.2658,403.09,1.68,False
2015-04-09,2015.2685,403.82,2.09,True
2015-04-10,2015.2712,403.03,2.08,False
2015-04-12,2015.2767,403.81,3.21,False
2015-04-14,2015.2822,404.84,,True
2015-04-15,2015.2849,404.43,2.14,False
2015-04-16,2015.2877,404.26,2.82,False
2015-04-17,2015.2904,404.41,3.19,False
2015-04-18,2015.2932,403.65,,False
2015-04-19,2015.2959,403.54,1.89,False
2015-04-20,2015.2986,403.82,1.23,False
2015-04-21,2015.3014,403.48,2.1,False
2015-04-22,2015.3041,404.4,3.26,False
2015-04-23,2015.3068,402.38,0.26,False
2015-04-24,2015.3096,402.51,0.81,False
2015-04-25,2015.3123,402.73,1.49,False
2015-04-26,2015.3151,403.33,1.11,False
2015-04-27,2015.3178,404.13,2.59,False
2015-04-28,2015.3205,404.25,1.58,False
2015-04-29,2015.3233,403.94,2.46,False
2015-04-30,2015.326,403.94,,False
2015-05-01,2015.3288,404.55,3.04,False
2015-05-02,2015.3315,403.8,1.51,False
2015-05-03,2015.3342,403.84,1.8,False
2015-05-05,2015.3397,404.35,,False
2015-05-06,2015.3425,404.55,,False
2015-05-07,2015.3452,404.63,2.1,False
2015-05-08,2015.3479,404.58,2.7,False
2015-05-09,2015.3507,404.01,2.71,False
2015-05-10,2015.3534,403.6,,False
2015-05-11,2015.3562,404.0,,False
2015-05-12,2015.3589,403.86,,False
2015-05-13,2015.3616,404.27,2.78,False
2015-05-14,2015.3644,404.06,,False
2015-05-15,2015.3671,404.58,,False
2015-05-16,2015.3699,404.76,,False
2015-05-17,2015.3726,404.36,2.02,False
2015-05-18,2015.3753,404.19,1.81,False
2015-05-19,2015.3781,404.33,1.73,False
2015-05-20,2015.3808,404.26,2.03,False
2015-05-21,2015.3836,403.91,1.98,False
2015-05-22,2015.3863,404.02,2.32,False
2015-05-23,2015.389,404.03,2.63,False
2015-05-24,2015.3918,403.93,2.66,False
2015-05-25,2015.3945,403.94,2.4,False
2015-05-26,2015.3973,403.49,2.11,False
2015-05-27,2015.4,403.7,2.57,False
2015-05-28,2015.4027,404.32,1.87,False
2015-05-29,2015.4055,404.35,2.06,False
2015-05-30,2015.4082,404.2,1.76,False
2015-05-31,2015.411,403.85,1.11,False
2015-06-02,2015.4164,403.36,1.39,False
2015-06-03,2015.4192,403.5,1.29,False
2015-06-04,2015.4219,403.25,1.18,False
2015-06-05,2015.4247,403.07,1.09,False
2015-06-06,2015.4274,403.21,1.65,False
2015-06-07,2015.4301,403.8,1.86,False
2015-06-08,2015.4329,403.99,2.78,False
2015-06-09,2015.4356,403.94,2.44,False
2015-06-10,2015.4384,403.89,2.41,False
2015-06-11,2015.4411,402.51,1.0,False
2015-06-12,2015.4438,402.88,,False
2015-06-13,2015.4466,402.83,1.21,False
2015-06-14,2015.4493,403.5,0.72,False
2015-06-15,2015.4521,402.91,1.41,False
2015-06-16,2015.4548,402.33,1.15,False
2015-06-17,2015.4575,402.04,1.06,False
2015-06-18,2015.4603,402.3,1.35,False
2015-06-19,2015.463,402.21,0.75,False
2015-06-20,2015.4658,402.6,1.03,False
2015-06-21,2015.4685,402.98,2.13,False
2015-06-22,2015.4712,403.48,2.07,False
2015-06-23,2015.474,403.36,1.89,False
2015-06-24,2015.4767,403.07,1.9,False
2015-06-25,2015.4795,402.91,1.66,False
2015-06-26,2015.4822,402.32,,False
2015-06-27,2015.4849,402.04,1.13,False
2015-06-28,2015.4877,402.52,2.01,False
2015-06-29,2015.4904,402.33,1.92,False
2015-06-30,2015.4932,402.36,1.59,False
2015-07-01,2015.4959,402.34,1.63,False
2015-07-02,2015.4986,402.15,1.64,False
2015-07-03,2015.5014,402.28,1.87,False
2015-07-04,2015.5041,402.31,2.33,False
2015-07-05,2015.5068,402.69,2.71,False
2015-07-06,2015.5096,402.33,1.83,False
2015-07-08,2015.5151,401.43,1.63,False
2015-07-09,2015.5178,401.23,1.2,False
2015-07-10,2015.5205,401.69,2.18,False
2015-07-11,2015.5233,402.03,1.83,False
2015-07-14,2015.5315,402.32,3.07,False
2015-07-15,2015.5342,402.36,3.04,False
2015-07-16,2015.537,401.22,1.93,False
2015-07-17,2015.5397,401.29,2.36,False
2015-07-18,2015.5425,400.67,,False
2015-07-23,2015.5562,401.23,2.4,False
2015-07-24,2015.5589,401.51,2.29,False
2015-07-25,2015.5616,401.55,2.42,False
2015-07-26,2015.5644,401.33,2.11,False
2015-07-27,2015.5671,401.1,,False
2015-07-28,2015.5699,399.1,1.2,False
2015-07-29,2015.5726,400.76,4.44,False
2015-07-30,2015.5753,400.23,1.64,False
2015-07-31,2015.5781,400.11,,False
2015-08-01,2015.5808,400.01,2.38,False
2015-08-02,2015.5836,397.0,-0.47,False
2015-08-04,2015.589,397.98,-0.23,False
2015-08-05,2015.5918,398.95,1.0,False
2015-08-06,2015.5945,398.76,1.14,False
2015-08-07,2015.5973,398.97,,False
2015-08-08,2015.6,399.56,,False
2015-08-09,2015.6027,399.57,,False
2015-08-10,2015.6055,399.61,,False
2015-08-11,2015.6082,399.37,,False
2015-08-13,2015.6137,399.36,1.87,False
2015-08-14,2015.6164,399.09,1.68,False
2015-08-15,2015.6192,399.23,2.04,False
2015-08-16,2015.6219,399.57,2.14,False
2015-08-17,2015.6247,399.38,2.3,False
2015-08-18,2015.6274,399.31,1.86,False
2015-08-19,2015.6301,398.78,,False
2015-08-21,2015.6356,399.41,2.58,False
2015-08-22,2015.6384,399.45,2.65,False
2015-08-23,2015.6411,399.47,2.49,False
2015-08-24,2015.6438,399.51,2.96,False
2015-08-25,2015.6466,399.45,3.52,False
2015-08-26,2015.6493,398.88,,False
2015-08-27,2015.6521,398.43,,False
2015-08-28,2015.6548,398.89,2.2,False
2015-08-29,2015.6575,398.62,2.29,False
2015-08-30,2015.6603,398.58,2.18,False
2015-08-31,2015.663,398.98,2.23,False
2015-09-01,2015.6658,399.04,,False
2015-09-02,2015.6685,398.84,,False
2015-09-03,2015.6712,398.34,1.99,False
2015-09-04,2015.674,398.34,1.95,False
2015-09-05,2015.6767,398.62,2.1,False
2015-09-07,2015.6822,398.55,2.65,False
2015-09-08,2015.6849,397.82,1.51,False
2015-09-09,2015.6877,397.98,,False
2015-09-10,2015.6904,398.06,3.4,False
2015-09-11,2015.6932,397.56,3.16,False
2015-09-12,2015.6959,397.78,2.8,False
2015-09-16,2015.7068,396.76,,False
2015-09-17,2015.7096,397.68,,False
2015-09-18,2015.7123,397.75,2.91,False
2015-09-19,2015.7151,397.52,,False
2015-09-20,2015.7178,397.5,,False
2015-09-21,2015.7205,397.62,,False
2015-09-22,2015.7233,397.47,2.32,False
2015-09-23,2015.726,397.44,1.44,False
2015-09-24,2015.7288,397.56,1.88,False
2015-09-25,2015.7315,397.36,1.6,False
2015-09-26,2015.7342,397.7,2.02,False
2015-09-27,2015.737,397.75,2.41,False
2015-09-28,2015.7397,397.1,2.41,False
2015-09-30,2015.7452,397.38,1.79,False
2015-10-01,2015.7479,397.11,1.47,False
2015-10-02,2015.7507,397.72,2.1,False
2015-10-04,2015.7562,398.2,,False
2015-10-05,2015.7589,398.43,2.92,False
2015-10-06,2015.7616,398.2,2.27,False
2015-10-07,2015.7644,398.42,2.44,False
2015-10-08,2015.7671,399.4,3.38,False
2015-10-09,2015.7699,399.51,3.88,False
2015-10-10,2015.7726,397.75,2.32,False
2015-10-12,2015.7781,398.02,2.49,False
2015-10-13,2015.7808,397.33,1.2,False
2015-10-14,2015.7836,398.9,3.09,False
2015-10-15,2015.7863,398.51,2.75,False
2015-10-16,2015.789,398.79,3.06,False
2015-10-17,2015.7918,398.67,,False
2015-10-18,2015.7945,399.01,,False
2015-10-19,2015.7973,398.38,,False
2015-10-20,2015.8,398.68,,False
2015-10-22,2015.8055,398.65,2.7,False
2015-10-23,2015.8082,398.7,2.48,False
2015-10-24,2015.811,398.84,3.06,False
2015-10-25,2015.8137,398.66,2.6,False
2015-10-26,2015.8164,398.34,1.04,False
2015-10-27,2015.8192,398.37,1.49,False
2015-10-28,2015.8219,398.69,-1.1,False
2015-10-29,2015.8247,398.94,1.9,False
2015-10-30,2015.8274,399.05,,False
2015-10-31,2015.8301,398.74,,False
2015-11-01,2015.8329,398.69,1.72,False
2015-11-02,2015.8356,399.2,2.02,False
2015-11-03,2015.8384,399.07,2.37,False
2015-11-04,2015.8411,399.42,2.93,False
2015-11-06,2015.8466,399.76,2.47,False
2015-11-07,2015.8493,399.44,2.78,False
2015-11-08,2015.8521,399.33,2.33,False
2015-11-09,2015.8548,400.49,3.26,False
2015-11-10,2015.8575,399.68,2.81,False
2015-11-11,2015.8603,399.81,2.85,False
2015-11-14,2015.8685,401.81,,False
2015-11-15,2015.8712,400.63,2.95,False
2015-11-16,2015.874,400.63,3.43,False
2015-11-17,2015.8767,400.47,2.76,False
2015-11-18,2015.8795,400.57,3.15,False
2015-11-20,2015.8849,400.67,2.8,False
2015-11-21,2015.8877,400.33,3.22,False
2015-11-22,2015.8904,400.36,3.28,False
2015-11-23,2015.8932,400.29,,False
2015-11-24,2015.8959,400.3,3.03,False
2015-11-25,2015.8986,401.02,,False
2015-11-26,2015.9014,400.99,2.05,False
2015-11-27,2015.9041,400.23,2.18,False
2015-11-28,2015.9068,400.84,2.89,False
2015-11-29,2015.9096,402.58,4.68,False
2015-11-30,2015.9123,400.96,3.19,False
2015-12-01,2015.9151,400.54,1.83,False
2015-12-02,2015.9178,400.6,1.97,False
2015-12-03,2015.9205,400.58,2.17,False
2015-12-04,2015.9233,400.64,2.29,False
2015-12-05,2015.926,401.13,2.92,False
2015-12-06,2015.9288,401.39,3.06,False
2015-12-07,2015.9315,401.12,0.34,False
2015-12-08,2015.9342,401.08,,False
2015-12-09,2015.937,401.9,2.41,False
2015-12-10,2015.9397,401.37,2.72,False
2015-12-11,2015.9425,402.25,,False
2015-12-13,2015.9479,402.91,4.07,False
2015-12-14,2015.9507,403.03,4.32,False
2015-12-15,2015.9534,402.59,3.0,False
2015-12-16,2015.9562,402.66,3.46,False
2015-12-17,2015.9589,401.98,2.34,False
2015-12-18,2015.9616,402.34,3.03,False
2015-12-19,2015.9644,402.31,2.81,False
2015-12-20,2015.9671,403.38,4.39,False
2015-12-21,2015.9699,404.11,5.07,False
2015-12-22,2015.9726,402.77,3.6,False
2015-12-23,2015.9753,402.86,3.33,False
2015-12-24,2015.9781,402.52,3.14,False
2015-12-25,2015.9808,401.87,2.5,False
2015-12-26,2015.9836,402.17,3.51,False
2015-12-27,2015.9863,401.84,3.22,False
2015-12-28,2015.989,402.51,3.7,False
2015-12-29,2015.9918,401.77,1.87,False
2015-12-30,2015.9945,403.1,4.05,False
2015-12-31,2015.9973,402.66,2.33,False
2016-01-01,2016.0,402.03,0.25,False
2016-01-02,2016.0027,402.02,2.0,False
2016-01-04,2016.0082,402.41,2.21,False
2016-01-05,2016.0109,402.05,2.29,False
2016-01-07,2016.0164,402.11,2.03,False
2016-01-08,2016.0191,402.59,2.41,False
2016-01-09,2016.0219,402.44,2.15,False
2016-01-10,2016.0246,402.17,2.1,False
2016-01-11,2016.0273,402.04,2.34,False
2016-01-12,2016.0301,402.19,2.33,False
2016-01-14,2016.0355,403.99,3.18,False
2016-01-16,2016.041,402.86,2.9,False
2016-01-17,2016.0437,402.88,,False
2016-01-18,2016.0464,402.65,2.94,False
2016-01-19,2016.0492,402.52,2.83,False
2016-01-20,2016.0519,402.42,2.9,False
2016-01-21,2016.0546,403.06,3.31,False
2016-01-22,2016.0574,403.24,3.53,False
2016-01-23,2016.0601,402.7,2.89,False
2016-01-24,2016.0628,404.37,4.64,False
2016-01-25,2016.0656,403.27,2.25,False
2016-01-26,2016.0683,403.91,3.67,False
2016-01-27,2016.071,403.84,3.65,False
2016-01-28,2016.0738,402.81,2.81,False
2016-01-29,2016.0765,402.46,2.44,False
2016-01-30,2016.0792,402.62,2.07,False
2016-01-31,2016.082,402.65,1.91,False
2016-02-03,2016.0902,403.19,2.86,False
2016-02-04,2016.0929,405.88,5.66,True
2016-02-05,2016.0956,405.82,5.92,False
2016-02-06,2016.0984,406.2,5.37,True
2016-02-08,2016.1038,406.49,6.87,True
2016-02-09,2016.1066,404.63,4.84,False
2016-02-11,2016.112,402.69,1.32,False
2016-02-12,2016.1148,402.99,2.89,False
2016-02-13,2016.1175,403.1,2.9,False
2016-02-14,2016.1202,403.83,3.81,False
2016-02-15,2016.123,403.84,3.41,False
2016-02-16,2016.1257,403.58,3.46,False
2016-02-17,2016.1284,403.23,3.01,False
2016-02-18,2016.1311,403.97,4.01,False
2016-02-19,2016.1339,404.13,4.45,False
2016-02-20,2016.1366,404.34,4.48,False
2016-02-21,2016.1393,405.36,4.89,False
2016-02-22,2016.1421,405.57,2.85,False
2016-02-23,2016.1448,405.12,4.09,False
2016-02-24,2016.1475,404.42,3.1,False
2016-02-25,2016.1503,403.87,2.15,False
2016-02-26,2016.153,403.8,2.51,False
2016-02-27,2016.1557,403.98,2.4,False
2016-02-28,2016.1585,403.58,2.52,False
2016-02-29,2016.1612,403.68,,False
2016-03-01,2016.1639,403.75,,False
2016-03-02,2016.1667,406.69,,True
2016-03-03,2016.1694,404.44,,False
2016-03-04,2016.1721,404.01,3.13,False
2016-03-05,2016.1749,403.52,2.01,False
2016-03-07,2016.1803,403.69,2.05,False
2016-03-08,2016.1831,403.65,1.69,False
2016-03-09,2016.1858,403.72,1.99,False
2016-03-10,2016.1885,404.3,0.66,False
2016-03-11,2016.1913,404.82,,False
2016-03-12,2016.194,404.88,3.4,False
2016-03-13,2016.1967,404.84,2.77,False
2016-03-14,2016.1995,404.7,2.21,False
2016-03-15,2016.2022,404.08,,False
2016-03-16,2016.2049,404.15,0.84,False
2016-03-17,2016.2077,404.42,3.81,False
2016-03-18,2016.2104,407.35,6.78,True
2016-03-19,2016.2131,405.25,4.97,False
2016-03-20,2016.2158,405.44,5.3,False
2016-03-23,2016.224,405.54,3.71,False
2016-03-24,2016.2268,406.3,5.14,False
2016-03-25,2016.2295,406.07,5.31,False
2016-03-26,2016.2322,405.89,3.19,False
2016-03-27,2016.235,406.11,3.38,False
2016-03-28,2016.2377,406.25,3.09,False
2016-03-29,2016.2404,406.27,,False
2016-03-30,2016.2432,406.22,,False
2016-03-31,2016.2459,405.18,1.57,False
2016-04-01,2016.2486,404.56,3.26,False
2016-04-02,2016.2514,404.9,3.78,False
2016-04-03,2016.2541,406.2,3.43,False
2016-04-04,2016.2568,406.31,5.1,False
2016-04-05,2016.2596,406.67,3.03,False
2016-04-07,2016.265,407.95,,True
2016-04-10,2016.2732,409.55,6.52,True
2016-04-11,2016.276,409.19,,False
2016-04-12,2016.2787,408.71,4.9,False
2016-04-13,2016.2814,408.95,,False
2016-04-15,2016.2869,408.77,4.34,False
2016-04-16,2016.2896,408.31,4.05,False
2016-04-17,2016.2923,407.91,3.5,False
2016-04-18,2016.2951,407.67,4.02,False
2016-04-19,2016.2978,407.34,3.8,False
2016-04-20,2016.3005,407.13,3.31,False
2016-04-21,2016.3033,407.34,3.86,False
2016-04-22,2016.306,408.14,3.74,False
2016-04-23,2016.3087,407.92,5.54,False
2016-04-26,2016.3169,407.61,4.28,False
2016-04-27,2016.3197,406.73,2.6,False
2016-04-28,2016.3224,408.49,4.24,False
2016-04-29,2016.3251,408.04,4.1,False
2016-04-30,2016.3279,408.63,4.69,False
2016-05-01,2016.3306,407.67,3.12,False
2016-05-02,2016.3333,407.88,4.08,False
2016-05-03,2016.3361,407.95,4.11,False
2016-05-04,2016.3388,407.65,,False
2016-05-05,2016.3415,407.56,3.21,False
2016-05-06,2016.3443,407.81,3.26,False
2016-05-07,2016.347,407.58,2.95,False
2016-05-08,2016.3497,407.58,3.0,False
2016-05-09,2016.3525,407.95,3.94,False
2016-05-10,2016.3552,408.28,4.68,False
2016-05-11,2016.3579,407.96,3.96,False
2016-05-12,2016.3607,408.54,4.68,False
2016-05-13,2016.3634,408.0,3.73,False
2016-05-14,2016.3661,408.07,4.01,False
2016-05-15,2016.3689,407.16,2.58,False
2016-05-16,2016.3716,407.4,2.64,False
2016-05-17,2016.3743,407.4,3.04,False
2016-05-18,2016.377,407.78,3.59,False
2016-05-19,2016.3798,407.3,2.97,False
2016-05-20,2016.3825,407.97,3.71,False
2016-05-21,2016.3852,407.41,3.5,False
2016-05-22,2016.388,409.17,5.15,False
2016-05-23,2016.3907,409.06,5.03,False
2016-05-25,2016.3962,408.29,4.35,False
2016-05-26,2016.3989,408.05,4.56,False
2016-05-27,2016.4016,408.19,4.49,False
2016-05-28,2016.4044,408.29,3.97,False
2016-05-29,2016.4071,408.12,3.77,False
2016-05-31,2016.4126,407.2,3.35,False
2016-06-01,2016.4153,407.27,,False
2016-06-02,2016.418,407.57,4.21,False
2016-06-03,2016.4208,408.06,4.56,False
2016-06-05,2016.4262,407.71,4.64,False
2016-06-06,2016.429,408.04,4.83,False
2016-06-07,2016.4317,407.75,3.95,False
2016-06-08,2016.4344,406.52,2.53,False
2016-06-09,2016.4372,405.68,1.74,False
2016-06-10,2016.4399,406.01,2.12,False
2016-06-11,2016.4426,407.6,5.09,False
2016-06-12,2016.4454,407.38,4.5,False
2016-06-13,2016.4481,407.56,4.73,False
2016-06-15,2016.4536,407.51,4.6,False
2016-06-16,2016.4563,407.84,5.51,False
2016-06-17,2016.459,406.88,4.84,False
2016-06-18,2016.4617,407.15,4.85,False
2016-06-19,2016.4645,407.14,4.93,False
2016-06-20,2016.4672,407.02,4.42,False
2016-06-21,2016.4699,406.73,3.75,False
2016-06-22,2016.4727,406.65,3.17,False
2016-06-23,2016.4754,407.34,3.98,False
2016-06-25,2016.4809,406.24,3.33,False
2016-06-26,2016.4836,406.41,4.09,False
2016-06-27,2016.4863,405.49,3.45,False
2016-06-29,2016.4918,406.27,3.94,False
2016-06-30,2016.4945,406.33,3.97,False
2016-07-02,2016.5,406.35,4.2,False
2016-07-03,2016.5027,405.91,3.63,False
2016-07-04,2016.5055,406.23,3.92,False
2016-07-05,2016.5082,405.6,2.91,False
2016-07-06,2016.5109,405.43,3.1,False
2016-07-07,2016.5137,405.47,,False
2016-07-08,2016.5164,405.84,4.41,False
2016-07-10,2016.5219,405.79,4.1,False
2016-07-12,2016.5273,404.6,,False
2016-07-13,2016.5301,404.65,,False
2016-07-14,2016.5328,404.32,2.0,False
2016-07-15,2016.5355,404.2,1.84,False
2016-07-16,2016.5383,404.54,3.32,False
2016-07-17,2016.541,404.99,3.7,False
2016-07-18,2016.5437,401.0,0.33,False
2016-07-19,2016.5464,403.36,,False
2016-07-20,2016.5492,403.41,,False
2016-07-21,2016.5519,405.12,,False
2016-07-22,2016.5546,404.58,,False
2016-07-23,2016.5574,402.69,1.46,False
2016-07-24,2016.5601,403.27,1.76,False
2016-07-25,2016.5628,404.23,2.68,False
2016-07-26,2016.5656,404.16,2.83,False
2016-07-27,2016.5683,404.08,2.98,False
2016-07-28,2016.571,404.22,5.12,False
2016-07-29,2016.5738,404.15,3.39,False
2016-07-30,2016.5765,404.19,3.96,False
2016-07-31,2016.5792,404.19,4.08,False
2016-08-01,2016.582,403.47,3.46,False
2016-08-02,2016.5847,403.46,6.46,False
2016-08-03,2016.5874,403.4,,False
2016-08-04,2016.5902,403.76,5.78,False
2016-08-05,2016.5929,403.77,4.82,False
2016-08-08,2016.6011,403.49,3.93,False
2016-08-09,2016.6038,403.3,3.73,False
2016-08-10,2016.6066,403.15,3.54,False
2016-08-11,2016.6093,403.17,3.8,False
2016-08-13,2016.6148,402.29,2.93,False
2016-08-15,2016.6202,401.45,2.22,False
2016-08-16,2016.623,401.61,2.04,False
2016-08-18,2016.6284,402.73,3.42,False
2016-08-19,2016.6311,402.41,3.63,False
2016-08-21,2016.6366,402.36,2.95,False
2016-08-22,2016.6393,401.87,2.42,False
2016-08-23,2016.6421,402.37,2.9,False
2016-08-24,2016.6448,402.19,2.68,False
2016-08-25,2016.6475,402.07,2.62,False
2016-08-26,2016.6503,402.25,3.37,False
2016-08-27,2016.653,401.63,3.2,False
2016-08-28,2016.6557,401.57,2.68,False
2016-08-29,2016.6585,399.62,1.0,False
2016-08-30,2016.6612,401.11,2.53,False
2016-09-02,2016.6694,402.21,3.37,False
2016-09-03,2016.6721,401.28,2.94,False
2016-09-04,2016.6749,401.38,3.04,False
2016-09-05,2016.6776,401.78,3.16,False
2016-09-06,2016.6803,401.35,,False
2016-09-07,2016.6831,400.54,1.99,False
2016-09-08,2016.6858,400.53,2.71,False
2016-09-09,2016.6885,401.52,3.54,False
2016-09-11,2016.694,401.14,3.58,False
2016-09-12,2016.6967,401.85,4.07,False
2016-09-13,2016.6995,401.18,,False
2016-09-15,2016.7049,401.09,,False
2016-09-16,2016.7077,401.43,4.67,False
2016-09-17,2016.7104,402.13,4.45,False
2016-09-18,2016.7131,401.91,4.16,False
2016-09-19,2016.7158,401.03,3.51,False
2016-09-20,2016.7186,400.83,3.33,False
2016-09-21,2016.7213,400.97,3.35,False
2016-09-22,2016.724,401.21,3.74,False
2016-09-23,2016.7268,400.9,3.46,False
2016-09-24,2016.7295,400.73,3.17,False
2016-09-25,2016.7322,400.93,3.57,False
2016-09-26,2016.735,401.12,3.42,False
2016-09-28,2016.7404,400.65,3.55,False
2016-09-30,2016.7459,401.16,3.78,False
2016-10-01,2016.7486,400.83,3.72,False
2016-10-02,2016.7514,401.06,3.34,False
2016-10-03,2016.7541,401.22,,False
2016-10-04,2016.7568,400.92,2.72,False
2016-10-05,2016.7596,401.25,2.82,False
2016-10-06,2016.7623,401.02,2.82,False
2016-10-07,2016.765,401.07,2.65,False
2016-10-08,2016.7678,401.4,2.0,False
2016-10-10,2016.7732,401.76,4.01,False
2016-10-11,2016.776,401.59,,False
2016-10-12,2016.7787,401.84,3.82,False
2016-10-13,2016.7814,401.53,4.2,False
2016-10-14,2016.7842,402.02,3.12,False
2016-10-15,2016.7869,401.94,3.43,False
2016-10-16,2016.7896,401.91,3.12,False
2016-10-17,2016.7923,402.04,3.37,False
2016-10-18,2016.7951,401.97,2.96,False
2016-10-19,2016.7978,401.42,3.04,False
2016-10-20,2016.8005,401.67,2.99,False
2016-10-21,2016.8033,402.08,,False
2016-10-22,2016.806,401.93,3.28,False
2016-10-23,2016.8087,401.86,3.16,False
2016-10-24,2016.8115,402.48,3.64,False
2016-10-25,2016.8142,402.02,3.36,False
2016-10-26,2016.8169,401.76,3.42,False
2016-10-28,2016.8224,402.6,3.91,False
2016-10-29,2016.8251,403.39,4.45,False
2016-10-30,2016.8279,402.59,3.54,False
2016-10-31,2016.8306,402.71,3.97,False
2016-11-01,2016.8333,402.37,3.68,False
2016-11-02,2016.8361,402.8,3.6,False
2016-11-03,2016.8388,403.42,4.35,False
2016-11-04,2016.8415,403.97,4.55,False
2016-11-05,2016.8443,403.11,,False
2016-11-07,2016.8497,403.19,3.75,False
2016-11-08,2016.8525,402.99,3.66,False
2016-11-09,2016.8552,403.05,2.56,False
2016-11-10,2016.8579,403.55,3.87,False
2016-11-11,2016.8607,402.79,2.98,False
2016-11-12,2016.8634,402.43,,False
2016-11-13,2016.8661,402.68,,False
2016-11-14,2016.8689,402.81,1.0,False
2016-11-16,2016.8743,404.91,4.28,False
2016-11-17,2016.877,404.44,3.97,False
2016-11-18,2016.8798,403.39,2.82,False
2016-11-19,2016.8825,404.51,,False
2016-11-20,2016.8852,403.61,2.94,False
2016-11-21,2016.888,403.75,3.42,False
2016-11-22,2016.8907,403.77,3.41,False
2016-11-23,2016.8934,403.68,3.39,False
2016-11-24,2016.8962,403.29,2.99,False
2016-11-25,2016.8989,405.63,4.61,False
2016-11-26,2016.9016,405.63,4.64,False
2016-11-27,2016.9044,405.1,4.87,False
2016-11-28,2016.9071,404.6,3.76,False
2016-11-29,2016.9098,404.86,2.28,False
2016-12-02,2016.918,404.58,3.98,False
2016-12-03,2016.9208,404.63,4.05,False
2016-12-04,2016.9235,404.57,3.93,False
2016-12-05,2016.9262,403.84,2.71,False
2016-12-06,2016.929,403.87,2.48,False
2016-12-07,2016.9317,403.57,2.45,False
2016-12-08,2016.9344,404.23,3.15,False
2016-12-09,2016.9372,404.21,2.31,False
2016-12-10,2016.9399,404.35,2.98,False
2016-12-11,2016.9426,404.58,2.33,False
2016-12-12,2016.9454,404.65,,False
2016-12-14,2016.9508,404.59,1.56,False
2016-12-15,2016.9536,405.67,3.08,False
2016-12-16,2016.9563,405.12,2.46,False
2016-12-17,2016.959,405.54,3.56,False
2016-12-18,2016.9617,404.62,2.28,False
2016-12-19,2016.9645,404.02,1.71,False
2016-12-20,2016.9672,404.34,0.96,False
2016-12-21,2016.9699,404.7,0.59,False
2016-12-22,2016.9727,404.86,2.09,False
2016-12-23,2016.9754,405.11,2.25,False
2016-12-24,2016.9781,404.72,2.2,False
2016-12-25,2016.9809,404.78,2.91,False
2016-12-26,2016.9836,404.65,2.48,False
2016-12-27,2016.9863,404.63,2.79,False
2016-12-28,2016.9891,404.71,2.2,False
2016-12-29,2016.9918,405.51,3.74,False
2016-12-30,2016.9945,405.14,2.04,False
2016-12-31,2016.9973,405.31,2.65,False
2017-01-01,2017.0,406.59,4.56,False
2017-01-02,2017.0027,407.06,5.04,False
2017-01-03,2017.0055,405.69,,False
2017-01-04,2017.0082,405.43,3.02,False
2017-01-05,2017.011,405.66,3.61,False
2017-01-06,2017.0137,406.2,,False
2017-01-07,2017.0164,406.32,4.21,False
2017-01-08,2017.0192,406.6,4.01,False
2017-01-09,2017.0219,406.43,3.99,False
2017-01-10,2017.0247,406.17,4.0,False
2017-01-11,2017.0274,406.62,4.58,False
2017-01-12,2017.0301,404.96,2.77,False
2017-01-13,2017.0329,406.69,,False
2017-01-14,2017.0356,405.96,1.97,False
2017-01-15,2017.0384,405.21,,False
2017-01-16,2017.0411,406.63,3.77,False
2017-01-17,2017.0438,406.62,3.74,False
2017-01-18,2017.0466,406.23,3.58,False
2017-01-19,2017.0493,407.11,4.59,False
2017-01-20,2017.0521,406.4,3.98,False
2017-01-21,2017.0548,406.66,3.6,False
2017-01-24,2017.063,407.92,3.55,False
2017-01-25,2017.0658,407.51,4.24,False
2017-01-27,2017.0712,405.78,1.94,False
2017-01-28,2017.074,405.62,2.81,False
2017-01-29,2017.0767,405.98,3.52,False
2017-01-31,2017.0822,406.89,4.24,False
2017-02-01,2017.0849,405.92,,False
2017-02-02,2017.0877,406.62,,False
2017-02-03,2017.0904,406.45,3.26,False
2017-02-04,2017.0932,406.7,0.82,False
2017-02-05,2017.0959,406.65,0.83,False
2017-02-06,2017.0986,406.35,0.15,False
2017-02-07,2017.1014,406.3,,False
2017-02-08,2017.1041,406.34,-0.15,False
2017-02-09,2017.1068,406.11,1.48,False
2017-02-10,2017.1096,405.84,,False
2017-02-11,2017.1123,406.2,3.51,False
2017-02-12,2017.1151,406.69,3.7,False
2017-02-13,2017.1178,405.68,2.58,False
2017-02-14,2017.1205,406.6,2.77,False
2017-02-15,2017.1233,405.97,2.13,False
2017-02-16,2017.126,406.0,2.42,False
2017-02-17,2017.1288,405.96,2.73,False
2017-02-18,2017.1315,406.08,2.11,False
2017-02-19,2017.1342,405.92,1.79,False
2017-02-20,2017.137,406.9,2.56,False
2017-02-21,2017.1397,406.94,1.58,False
2017-02-23,2017.1452,407.51,2.39,False
2017-02-24,2017.1479,408.56,4.14,False
2017-02-26,2017.1534,408.79,4.99,False
2017-02-27,2017.1562,407.75,3.77,False
2017-02-28,2017.1589,407.84,4.26,False
2017-03-01,2017.1616,407.01,3.26,False
2017-03-02,2017.1644,406.35,-0.34,False
2017-03-03,2017.1671,407.75,3.31,False
2017-03-04,2017.1699,407.7,3.69,False
2017-03-08,2017.1808,406.8,3.15,False
2017-03-09,2017.1836,405.88,2.16,False
2017-03-12,2017.1918,407.07,2.19,False
2017-03-13,2017.1945,407.35,2.51,False
2017-03-14,2017.1973,407.53,2.83,False
2017-03-15,2017.2,407.86,3.78,False
2017-03-16,2017.2027,406.69,2.54,False
2017-03-17,2017.2055,410.14,5.72,True
2017-03-19,2017.211,406.97,1.72,False
2017-03-20,2017.2137,406.54,1.1,False
2017-03-21,2017.2164,406.86,,False
2017-03-22,2017.2192,406.81,,False
2017-03-23,2017.2219,406.9,1.36,False
2017-03-25,2017.2274,408.02,1.95,False
2017-03-26,2017.2301,407.12,1.23,False
2017-03-27,2017.2329,406.8,0.69,False
2017-03-28,2017.2356,409.71,3.46,False
2017-03-29,2017.2384,409.51,3.24,False
2017-03-30,2017.2411,409.21,2.99,False
2017-03-31,2017.2438,409.31,4.13,False
2017-04-01,2017.2466,408.54,3.98,False
2017-04-02,2017.2493,408.3,3.4,False
2017-04-03,2017.2521,408.05,1.85,False
2017-04-04,2017.2548,408.31,2.0,False
2017-04-06,2017.2603,407.16,,False
2017-04-07,2017.263,407.19,-0.76,False
2017-04-08,2017.2658,408.01,,False
2017-04-10,2017.2712,408.93,-0.62,False
2017-04-11,2017.274,409.38,0.19,False
2017-04-12,2017.2767,409.4,0.69,False
2017-04-13,2017.2795,408.04,-0.91,False
2017-04-14,2017.2822,409.16,,False
2017-04-15,2017.2849,409.29,0.52,False
2017-04-16,2017.2877,409.76,1.45,False
2017-04-17,2017.2904,409.43,1.52,False
2017-04-19,2017.2959,410.18,2.84,True
2017-04-20,2017.2986,410.04,2.91,False
2017-04-21,2017.3014,409.89,2.55,False
2017-04-22,2017.3041,409.76,1.62,False
2017-04-23,2017.3068,409.89,1.97,False
2017-04-25,2017.3123,409.89,,False
2017-04-26,2017.3151,412.87,5.26,True
2017-04-27,2017.3178,408.88,2.15,False
2017-04-28,2017.3205,409.77,1.28,False
2017-04-29,2017.3233,409.69,1.65,False
2017-04-30,2017.326,410.22,1.59,False
2017-05-01,2017.3288,408.81,1.14,False
2017-05-02,2017.3315,409.24,1.36,False
2017-05-03,2017.3342,408.44,0.49,False
2017-05-06,2017.3425,410.24,2.43,False
2017-05-07,2017.3452,409.41,1.83,False
2017-05-08,2017.3479,409.69,2.11,False
2017-05-09,2017.3507,409.67,1.72,False
2017-05-10,2017.3534,409.08,0.8,False
2017-05-11,2017.3562,410.03,2.07,False
2017-05-12,2017.3589,409.65,1.11,False
2017-05-13,2017.3616,409.08,1.08,False
2017-05-15,2017.3671,411.51,4.35,False
2017-05-17,2017.3726,410.3,2.9,False
2017-05-18,2017.3753,410.42,2.64,False
2017-05-19,2017.3781,410.53,3.23,False
2017-05-20,2017.3808,410.22,2.25,False
2017-05-21,2017.3836,410.15,2.74,False
2017-05-22,2017.3863,410.27,1.1,False
2017-05-23,2017.389,410.22,1.16,False
2017-05-24,2017.3918,410.31,,False
2017-05-25,2017.3945,410.31,2.02,False
2017-05-26,2017.3973,410.13,2.08,False
2017-05-27,2017.4,410.02,1.83,False
2017-05-28,2017.4027,410.01,1.72,False
2017-05-29,2017.4055,410.15,2.03,False
2017-05-30,2017.4082,409.49,,False
2017-05-31,2017.411,409.54,2.34,False
2017-06-01,2017.4137,409.45,2.18,False
2017-06-02,2017.4164,409.87,2.3,False
2017-06-03,2017.4192,409.86,1.8,False
2017-06-04,2017.4219,409.92,,False
2017-06-05,2017.4247,410.04,2.33,False
2017-06-06,2017.4274,410.12,2.08,False
2017-06-07,2017.4301,410.1,2.35,False
2017-06-08,2017.4329,409.73,3.21,False
2017-06-09,2017.4356,409.94,4.26,False
2017-06-10,2017.4384,409.39,3.38,False
2017-06-12,2017.4438,409.99,2.61,False
2017-06-13,2017.4466,409.88,2.32,False
2017-06-14,2017.4493,409.68,,False
2017-06-17,2017.4575,408.98,2.1,False
2017-06-18,2017.4603,408.92,1.77,False
2017-06-19,2017.463,407.97,0.83,False
2017-06-20,2017.4658,408.61,1.59,False
2017-06-22,2017.4712,408.39,1.74,False
2017-06-23,2017.474,408.58,1.24,False
2017-06-24,2017.4767,408.61,,False
2017-06-25,2017.4795,408.89,2.65,False
2017-06-26,2017.4822,409.0,2.59,False
2017-06-27,2017.4849,408.34,2.85,False
2017-06-28,2017.4877,408.49,,False
2017-06-29,2017.4904,406.45,0.18,False
2017-06-30,2017.4932,407.02,0.69,False
2017-07-01,2017.4959,407.48,,False
2017-07-02,2017.4986,407.02,0.67,False
2017-07-03,2017.5014,407.58,1.67,False
2017-07-04,2017.5041,409.55,3.32,False
2017-07-05,2017.5068,409.29,3.69,False
2017-07-06,2017.5096,407.94,2.51,False
2017-07-09,2017.5178,407.62,,False
2017-07-10,2017.5205,407.45,1.66,False
2017-07-11,2017.5233,407.43,,False
2017-07-12,2017.526,406.94,2.34,False
2017-07-13,2017.5288,406.87,2.22,False
2017-07-14,2017.5315,407.11,2.79,False
2017-07-15,2017.5342,407.39,3.19,False
2017-07-16,2017.537,406.68,2.14,False
2017-07-17,2017.5397,407.72,2.73,False
2017-07-18,2017.5425,407.51,6.51,False
2017-07-19,2017.5452,406.41,3.05,False
2017-07-20,2017.5479,407.15,3.74,False
2017-07-21,2017.5507,406.98,1.86,False
2017-07-22,2017.5534,406.63,2.05,False
2017-07-23,2017.5562,407.47,4.78,False
2017-07-25,2017.5616,406.58,2.35,False
2017-07-26,2017.5644,406.86,2.7,False
2017-07-27,2017.5671,407.08,3.0,False
2017-07-28,2017.5699,407.27,3.05,False
2017-07-29,2017.5726,406.29,2.14,False
2017-07-30,2017.5753,407.3,3.11,False
2017-07-31,2017.5781,407.1,2.91,False
2017-08-01,2017.5808,406.53,3.06,False
2017-08-03,2017.5863,406.57,3.17,False
2017-08-04,2017.589,406.35,2.59,False
2017-08-05,2017.5918,406.14,2.37,False
2017-08-06,2017.5945,406.46,,False
2017-08-07,2017.5973,405.6,,False
2017-08-08,2017.6,405.09,1.6,False
2017-08-09,2017.6027,406.09,2.79,False
2017-08-10,2017.6055,405.58,2.43,False
2017-08-11,2017.6082,405.32,2.15,False
2017-08-12,2017.611,406.0,,False
2017-08-13,2017.6137,405.69,3.4,False
2017-08-14,2017.6164,405.86,,False
2017-08-15,2017.6192,405.39,3.94,False
2017-08-17,2017.6247,405.84,,False
2017-08-18,2017.6274,404.73,2.0,False
2017-08-19,2017.6301,404.85,2.44,False
2017-08-20,2017.6329,404.91,,False
2017-08-21,2017.6356,404.64,2.28,False
2017-08-22,2017.6384,404.56,2.69,False
2017-08-23,2017.6411,404.53,2.16,False
2017-08-24,2017.6438,404.95,2.76,False
2017-08-25,2017.6466,404.67,2.6,False
2017-08-26,2017.6493,404.91,2.66,False
2017-08-27,2017.6521,404.86,3.23,False
2017-08-28,2017.6548,404.25,2.68,False
2017-08-29,2017.6575,404.23,4.61,False
2017-08-30,2017.6603,404.2,3.09,False
2017-08-31,2017.663,404.37,,False
2017-09-01,2017.6658,404.46,,False
2017-09-02,2017.6685,404.39,2.18,False
2017-09-03,2017.6712,404.21,2.93,False
2017-09-04,2017.674,404.19,2.81,False
2017-09-05,2017.6767,403.65,1.87,False
2017-09-06,2017.6795,404.34,2.99,False
2017-09-08,2017.6849,403.89,3.36,False
2017-09-09,2017.6877,403.06,1.54,False
2017-09-10,2017.6904,403.69,,False
2017-09-11,2017.6932,404.0,2.86,False
2017-09-12,2017.6959,403.65,1.8,False
2017-09-13,2017.6986,404.0,2.82,False
2017-09-14,2017.7014,403.94,,False
2017-09-15,2017.7041,404.06,2.97,False
2017-09-16,2017.7068,403.78,2.35,False
2017-09-17,2017.7096,403.07,0.94,False
2017-09-18,2017.7123,403.74,1.83,False
2017-09-19,2017.7151,402.98,1.95,False
2017-09-20,2017.7178,403.24,2.41,False
2017-09-23,2017.726,403.23,2.33,False
2017-09-24,2017.7288,403.12,2.39,False
2017-09-25,2017.7315,403.15,2.22,False
2017-09-26,2017.7342,402.68,1.56,False
2017-09-27,2017.737,402.44,,False
2017-09-28,2017.7397,402.87,2.22,False
2017-09-29,2017.7425,403.43,,False
2017-10-01,2017.7479,403.12,2.29,False
2017-10-03,2017.7534,402.91,1.69,False
2017-10-04,2017.7562,403.1,2.18,False
2017-10-05,2017.7589,403.15,1.9,False
2017-10-06,2017.7616,403.23,2.21,False
2017-10-07,2017.7644,403.36,2.29,False
2017-10-08,2017.7671,403.68,2.28,False
2017-10-09,2017.7699,403.41,,False
2017-10-10,2017.7726,403.48,1.72,False
2017-10-11,2017.7753,403.64,2.05,False
2017-10-12,2017.7781,403.76,1.92,False
2017-10-13,2017.7808,403.75,2.22,False
2017-10-14,2017.7836,403.57,1.55,False
2017-10-15,2017.7863,404.51,2.57,False
2017-10-16,2017.789,404.05,2.14,False
2017-10-18,2017.7945,403.33,1.36,False
2017-10-19,2017.7973,403.98,2.56,False
2017-10-20,2017.8,404.59,2.92,False
2017-10-21,2017.8027,404.41,2.33,False
2017-10-22,2017.8055,404.26,2.33,False
2017-10-23,2017.8082,404.01,2.15,False
2017-10-24,2017.811,404.14,1.66,False
2017-10-25,2017.8137,404.15,2.13,False
2017-10-27,2017.8192,404.42,,False
2017-10-28,2017.8219,404.18,1.58,False
2017-10-30,2017.8274,404.28,1.69,False
2017-10-31,2017.8301,404.48,1.77,False
2017-11-01,2017.8329,404.11,1.74,False
2017-11-02,2017.8356,404.21,1.41,False
2017-11-03,2017.8384,404.34,0.92,False
2017-11-04,2017.8411,404.65,0.68,False
2017-11-05,2017.8438,404.69,1.58,False
2017-11-06,2017.8466,404.55,,False
2017-11-07,2017.8493,404.04,0.85,False
2017-11-08,2017.8521,404.37,1.38,False
2017-11-09,2017.8548,404.83,1.78,False
2017-11-10,2017.8575,404.05,0.5,False
2017-11-11,2017.8603,404.58,1.79,False
2017-11-12,2017.863,404.89,2.46,False
2017-11-13,2017.8658,404.69,2.01,False
2017-11-14,2017.8685,405.13,2.32,False
2017-11-15,2017.8712,405.13,,False
2017-11-16,2017.874,405.88,0.97,False
2017-11-17,2017.8767,405.31,0.87,False
2017-11-18,2017.8795,405.82,2.43,False
2017-11-19,2017.8822,405.8,1.29,False
2017-11-21,2017.8877,406.06,2.31,False
2017-11-22,2017.8904,406.66,2.89,False
2017-11-23,2017.8932,406.22,2.54,False
2017-11-24,2017.8959,406.82,3.53,False
2017-11-26,2017.9014,406.12,0.49,False
2017-11-27,2017.9041,406.44,1.34,False
2017-11-30,2017.9123,406.82,,False
2017-12-01,2017.9151,406.44,,False
2017-12-02,2017.9178,406.8,2.22,False
2017-12-03,2017.9205,407.23,2.6,False
2017-12-04,2017.9233,407.41,2.84,False
2017-12-05,2017.926,407.6,3.76,False
2017-12-06,2017.9288,407.17,3.3,False
2017-12-07,2017.9315,406.81,3.24,False
2017-12-08,2017.9342,406.12,1.89,False
2017-12-09,2017.937,406.21,2.0,False
2017-12-10,2017.9397,406.03,1.68,False
2017-12-11,2017.9425,407.16,2.58,False
2017-12-12,2017.9452,406.65,2.0,False
2017-12-13,2017.9479,406.11,,False
2017-12-14,2017.9507,406.34,1.75,False
2017-12-15,2017.9534,406.98,1.31,False
2017-12-16,2017.9562,407.9,2.78,False
2017-12-17,2017.9589,406.83,1.29,False
2017-12-18,2017.9616,406.55,1.93,False
2017-12-19,2017.9644,406.3,2.28,False
2017-12-20,2017.9671,406.67,2.33,False
2017-12-21,2017.9699,406.95,2.25,False
2017-12-22,2017.9726,408.36,3.5,False
2017-12-23,2017.9753,407.26,2.15,False
2017-12-24,2017.9781,407.11,2.39,False
2017-12-25,2017.9808,407.06,2.28,False
2017-12-26,2017.9836,406.94,2.29,False
2017-12-27,2017.9863,407.07,2.44,False
2017-12-28,2017.989,408.45,3.74,False
2017-12-29,2017.9918,407.73,2.22,False
2017-12-30,2017.9945,407.49,2.35,False
2017-12-31,2017.9973,407.2,1.89,False
2018-01-01,2018.0,407.13,0.54,False
2018-01-02,2018.0027,406.81,-0.25,False
2018-01-03,2018.0055,406.83,1.14,False
2018-01-04,2018.0082,408.74,3.31,False
2018-01-05,2018.011,408.89,3.23,False
2018-01-06,2018.0137,407.38,1.18,False
2018-01-07,2018.0164,407.62,1.3,False
2018-01-08,2018.0192,407.87,1.27,False
2018-01-10,2018.0247,408.3,2.13,False
2018-01-11,2018.0274,408.9,2.28,False
2018-01-12,2018.0301,408.19,3.23,False
2018-01-13,2018.0329,409.09,2.4,False
2018-01-14,2018.0356,408.05,2.09,False
2018-01-15,2018.0384,407.89,2.68,False
2018-01-16,2018.0411,408.12,1.49,False
2018-01-17,2018.0438,407.8,1.18,False
2018-01-18,2018.0466,407.81,1.58,False
2018-01-19,2018.0493,408.62,1.51,False
2018-01-20,2018.0521,408.29,1.89,False
2018-01-22,2018.0575,409.15,,False
2018-01-23,2018.0603,409.04,,False
2018-01-24,2018.063,408.13,0.21,False
2018-01-25,2018.0658,408.27,0.76,False
2018-01-26,2018.0685,408.15,,False
2018-01-27,2018.0712,408.06,2.28,False
2018-01-28,2018.074,407.99,2.37,False
2018-01-29,2018.0767,408.43,2.45,False
2018-01-30,2018.0795,408.82,,False
2018-01-31,2018.0822,408.11,1.22,False
2018-02-01,2018.0849,408.03,2.11,False
2018-02-02,2018.0877,407.59,0.97,False
2018-02-03,2018.0904,407.53,1.08,False
2018-02-04,2018.0932,407.52,0.82,False
2018-02-05,2018.0959,407.73,1.08,False
2018-02-06,2018.0986,408.14,1.79,False
2018-02-07,2018.1014,408.37,2.07,False
2018-02-08,2018.1041,407.6,1.26,False
2018-02-09,2018.1068,409.18,3.07,False
2018-02-10,2018.1096,410.23,4.39,False
2018-02-11,2018.1123,408.68,2.48,False
2018-02-12,2018.1151,408.8,2.11,False
2018-02-13,2018.1178,408.17,2.49,False
2018-02-14,2018.1205,408.09,1.49,False
2018-02-15,2018.1233,408.7,2.73,False
2018-02-16,2018.126,408.57,2.57,False
2018-02-17,2018.1288,408.94,2.98,False
2018-02-18,2018.1315,408.63,2.55,False
2018-02-19,2018.1342,408.61,2.69,False
2018-02-20,2018.137,408.53,1.63,False
2018-02-21,2018.1397,408.64,1.7,False
2018-02-22,2018.1425,408.46,,False
2018-02-23,2018.1452,408.75,1.24,False
2018-02-24,2018.1479,408.95,0.39,False
2018-02-25,2018.1507,409.07,,False
2018-02-26,2018.1534,409.19,0.4,False
2018-02-27,2018.1562,409.1,1.35,False
2018-02-28,2018.1589,408.78,0.94,False
2018-03-01,2018.1616,408.85,1.84,False
2018-03-02,2018.1644,408.85,2.5,False
2018-03-03,2018.1671,409.78,2.03,False
2018-03-04,2018.1699,410.21,2.51,False
2018-03-05,2018.1726,409.79,,False
2018-03-06,2018.1753,409.21,,False
2018-03-07,2018.1781,410.36,,False
2018-03-08,2018.1808,410.34,3.54,False
2018-03-09,2018.1836,410.14,4.26,False
2018-03-10,2018.1863,410.14,,False
2018-03-12,2018.1918,408.79,1.72,False
2018-03-13,2018.1945,408.76,1.41,False
2018-03-14,2018.1973,408.65,1.12,False
2018-03-15,2018.2,409.19,1.33,False
2018-03-16,2018.2027,409.19,2.5,False
2018-03-17,2018.2055,408.88,-1.26,False
2018-03-18,2018.2082,408.42,,False
2018-03-19,2018.211,408.41,1.44,False
2018-03-20,2018.2137,409.22,2.68,False
2018-03-21,2018.2164,410.33,3.47,False
2018-03-22,2018.2192,409.75,2.94,False
2018-03-23,2018.2219,409.77,2.87,False
2018-03-24,2018.2247,409.34,,False
2018-03-25,2018.2274,410.33,2.31,False
2018-03-26,2018.2301,410.0,2.88,False
2018-03-27,2018.2329,410.23,3.43,False
2018-03-28,2018.2356,410.25,0.54,False
2018-03-29,2018.2384,410.55,1.04,False
2018-03-30,2018.2411,409.97,0.76,False
2018-04-01,2018.2466,409.45,0.91,False
2018-04-02,2018.2493,409.67,1.37,False
2018-04-03,2018.2521,409.81,1.76,False
2018-04-04,2018.2548,408.89,0.58,False
2018-04-05,2018.2575,409.04,,False
2018-04-06,2018.2603,409.21,2.05,False
2018-04-07,2018.263,409.65,2.46,False
2018-04-08,2018.2658,409.57,1.56,False
2018-04-09,2018.2685,409.56,,False
2018-04-10,2018.2712,409.74,0.81,False
2018-04-12,2018.2767,409.73,0.33,False
2018-04-20,2018.2986,411.19,1.15,False
2018-04-21,2018.3014,411.32,1.43,False
2018-04-22,2018.3041,411.86,2.1,False
2018-04-23,2018.3068,412.56,2.67,False
2018-04-24,2018.3096,412.12,,False
2018-04-25,2018.3123,412.11,2.22,False
2018-04-26,2018.3151,411.51,-1.36,False
2018-04-28,2018.3205,411.09,1.32,False
2018-04-29,2018.3233,411.39,1.7,False
2018-04-30,2018.326,409.66,-0.56,False
2018-05-01,2018.3288,409.33,0.52,False
2018-05-03,2018.3342,409.42,0.98,False
2018-05-04,2018.337,409.51,,False
2018-05-09,2018.3507,410.3,0.63,False
2018-05-10,2018.3534,410.7,1.62,False
2018-05-11,2018.3562,411.9,1.87,False
2018-05-12,2018.3589,412.12,2.47,False
2018-05-13,2018.3616,411.36,2.28,False
2018-05-14,2018.3644,412.64,,False
2018-05-15,2018.3671,412.16,0.65,False
2018-05-16,2018.3699,412.28,,False
2018-05-17,2018.3726,412.21,1.91,False
2018-05-18,2018.3753,411.67,1.25,False
2018-05-19,2018.3781,412.16,1.63,False
2018-05-20,2018.3808,412.02,1.8,False
2018-05-22,2018.3863,410.27,0.0,False
2018-05-24,2018.3918,411.64,1.33,False
2018-05-25,2018.3945,412.15,1.84,False
2018-05-26,2018.3973,412.18,2.05,False
2018-05-27,2018.4,411.19,1.17,False
2018-05-28,2018.4027,411.73,1.72,False
2018-05-29,2018.4055,412.0,1.85,False
2018-05-30,2018.4082,411.67,2.18,False
2018-05-31,2018.411,411.81,2.27,False
2018-06-01,2018.4137,411.88,2.43,False
2018-06-02,2018.4164,411.0,1.13,False
2018-06-03,2018.4192,410.81,0.95,False
2018-06-04,2018.4219,410.65,0.73,False
2018-06-05,2018.4247,411.02,0.98,False
2018-06-06,2018.4274,411.19,1.07,False
2018-06-07,2018.4301,411.07,0.97,False
2018-06-08,2018.4329,411.81,2.08,False
2018-06-09,2018.4356,411.41,1.47,False
2018-06-10,2018.4384,411.78,2.39,False
2018-06-11,2018.4411,411.23,,False
2018-06-12,2018.4438,412.02,2.03,False
2018-06-13,2018.4466,410.99,1.11,False
2018-06-14,2018.4493,411.29,1.61,False
2018-06-15,2018.4521,411.18,,False
2018-06-16,2018.4548,411.05,,False
2018-06-17,2018.4575,410.92,1.94,False
2018-06-18,2018.4603,410.55,1.63,False
2018-06-19,2018.463,409.51,1.54,False
2018-06-20,2018.4658,410.03,1.42,False
2018-06-21,2018.4685,411.36,,False
2018-06-23,2018.474,410.96,2.38,False
2018-06-24,2018.4767,411.17,2.56,False
2018-06-25,2018.4795,410.54,1.65,False
2018-06-26,2018.4822,410.59,1.59,False
2018-06-27,2018.4849,410.03,1.69,False
2018-06-28,2018.4877,411.37,2.88,False
2018-06-29,2018.4904,411.76,5.31,False
2018-06-30,2018.4932,409.83,2.81,False
2018-07-02,2018.4986,409.4,2.38,False
2018-07-03,2018.5014,409.94,2.36,False
2018-07-04,2018.5041,409.98,0.43,False
2018-07-06,2018.5096,409.68,1.74,False
2018-07-07,2018.5123,408.98,,False
2018-07-08,2018.5151,409.72,,False
2018-07-09,2018.5178,408.31,0.69,False
2018-07-11,2018.5233,409.56,2.13,False
2018-07-12,2018.526,409.36,2.42,False
2018-07-13,2018.5288,409.68,2.81,False
2018-07-14,2018.5315,409.44,2.33,False
2018-07-15,2018.5342,408.69,1.3,False
2018-07-16,2018.537,409.05,2.37,False
2018-07-17,2018.5397,408.73,1.01,False
2018-07-18,2018.5425,408.38,0.87,False
2018-07-19,2018.5452,408.72,2.31,False
2018-07-20,2018.5479,408.39,1.24,False
2018-07-21,2018.5507,409.21,2.23,False
2018-07-22,2018.5534,408.53,1.9,False
2018-07-23,2018.5562,408.79,1.32,False
2018-07-24,2018.5589,408.88,,False
2018-07-25,2018.5616,408.49,1.91,False
2018-07-26,2018.5644,408.03,1.17,False
2018-07-27,2018.5671,407.95,0.87,False
2018-07-28,2018.5699,408.66,1.39,False
2018-07-30,2018.5753,406.98,-0.32,False
2018-07-31,2018.5781,407.51,0.41,False
2018-08-01,2018.5808,407.72,1.19,False
2018-08-02,2018.5836,407.74,,False
2018-08-03,2018.5863,407.86,1.29,False
2018-08-04,2018.589,408.09,1.74,False
2018-08-05,2018.5918,407.68,1.54,False
2018-08-06,2018.5945,406.99,0.53,False
2018-08-07,2018.5973,407.52,1.92,False
2018-08-08,2018.6,407.49,2.4,False
2018-08-09,2018.6027,407.45,1.36,False
2018-08-10,2018.6055,407.46,1.88,False
2018-08-11,2018.6082,407.33,2.01,False
2018-08-12,2018.611,407.5,1.5,False
2018-08-13,2018.6137,407.08,1.39,False
2018-08-14,2018.6164,407.36,1.5,False
2018-08-15,2018.6192,407.2,1.81,False
2018-08-16,2018.6219,407.04,,False
2018-08-17,2018.6247,407.28,1.44,False
2018-08-18,2018.6274,407.35,2.62,False
2018-08-19,2018.6301,407.2,2.35,False
2018-08-20,2018.6329,407.24,2.33,False
2018-08-21,2018.6356,407.28,2.64,False
2018-08-22,2018.6384,407.04,2.48,False
2018-08-23,2018.6411,406.67,2.14,False
2018-08-24,2018.6438,406.84,1.89,False
2018-08-25,2018.6466,406.95,2.28,False
2018-08-26,2018.6493,406.73,1.82,False
2018-08-27,2018.6521,406.72,1.86,False
2018-08-28,2018.6548,406.62,2.37,False
2018-08-29,2018.6575,406.46,2.23,False
2018-08-30,2018.6603,406.55,2.35,False
2018-08-31,2018.663,405.43,1.06,False
2018-09-01,2018.6658,405.61,1.15,False
2018-09-02,2018.6685,405.72,1.33,False
2018-09-03,2018.6712,405.96,1.75,False
2018-09-04,2018.674,406.37,2.18,False
2018-09-05,2018.6767,406.15,2.5,False
2018-09-06,2018.6795,406.02,1.68,False
2018-09-07,2018.6822,404.17,,False
2018-09-08,2018.6849,405.38,1.49,False
2018-09-09,2018.6877,405.19,2.13,False
2018-09-10,2018.6904,405.71,2.02,False
2018-09-11,2018.6932,405.84,1.84,False
2018-09-12,2018.6959,405.21,1.56,False
2018-09-13,2018.6986,405.56,1.56,False
2018-09-14,2018.7014,405.59,1.65,False
2018-09-15,2018.7041,405.97,1.91,False
2018-09-16,2018.7068,405.38,1.6,False
2018-09-17,2018.7096,406.0,2.93,False
2018-09-18,2018.7123,406.02,2.28,False
2018-09-19,2018.7151,405.98,3.0,False
2018-09-20,2018.7178,405.83,2.59,False
2018-09-21,2018.7205,405.84,,False
2018-09-22,2018.7233,406.1,,False
2018-09-23,2018.726,405.64,2.41,False
2018-09-24,2018.7288,405.6,2.48,False
2018-09-25,2018.7315,405.57,2.42,False
2018-09-26,2018.7342,405.99,3.31,False
2018-09-27,2018.737,406.07,3.63,False
2018-09-29,2018.7425,405.54,2.11,False
2018-09-30,2018.7452,405.84,,False
2018-10-01,2018.7479,405.5,2.38,False
2018-10-02,2018.7507,405.52,,False
2018-10-03,2018.7534,405.81,2.9,False
2018-10-04,2018.7562,405.63,2.53,False
2018-10-05,2018.7589,405.94,2.79,False
2018-10-06,2018.7616,405.62,2.39,False
2018-10-07,2018.7644,405.74,2.38,False
2018-10-08,2018.7671,405.53,1.85,False
2018-10-09,2018.7699,405.52,2.11,False
2018-10-10,2018.7726,405.84,2.36,False
2018-10-11,2018.7753,405.71,2.07,False
2018-10-12,2018.7781,405.85,2.09,False
2018-10-13,2018.7808,406.22,2.47,False
2018-10-14,2018.7836,406.22,2.65,False
2018-10-15,2018.7863,406.02,1.51,False
2018-10-16,2018.789,406.06,2.01,False
2018-10-18,2018.7945,406.23,2.9,False
2018-10-19,2018.7973,406.36,2.38,False
2018-10-20,2018.8,406.31,1.72,False
2018-10-21,2018.8027,406.75,2.34,False
2018-10-22,2018.8055,407.06,2.8,False
2018-10-23,2018.8082,406.99,2.98,False
2018-10-24,2018.811,407.27,3.13,False
2018-10-25,2018.8137,406.66,2.51,False
2018-10-26,2018.8164,406.54,,False
2018-10-27,2018.8192,406.38,1.96,False
2018-10-28,2018.8219,406.84,2.66,False
2018-10-29,2018.8247,406.08,,False
2018-10-30,2018.8274,406.99,2.71,False
2018-10-31,2018.8301,406.51,2.03,False
2018-11-01,2018.8329,406.78,2.67,False
2018-11-02,2018.8356,406.8,2.59,False
2018-11-04,2018.8411,407.35,2.7,False
2018-11-05,2018.8438,407.14,2.45,False
2018-11-07,2018.8493,406.86,2.82,False
2018-11-08,2018.8521,407.25,2.88,False
2018-11-09,2018.8548,407.32,2.49,False
2018-11-11,2018.8603,407.98,3.4,False
2018-11-14,2018.8685,409.37,4.24,False
2018-11-15,2018.8712,409.42,4.29,False
2018-11-16,2018.874,409.72,3.84,False
2018-11-17,2018.8767,408.22,2.91,False
2018-11-18,2018.8795,408.69,2.87,False
2018-11-20,2018.8849,409.15,,False
2018-11-21,2018.8877,408.61,2.55,False
2018-11-22,2018.8904,408.99,2.33,False
2018-11-23,2018.8932,408.6,2.38,False
2018-11-24,2018.8959,408.62,1.8,False
2018-11-25,2018.8986,408.61,,False
2018-11-26,2018.9014,408.61,2.49,False
2018-11-27,2018.9041,408.61,2.17,False
2018-11-28,2018.9068,408.69,,False
2018-11-29,2018.9096,408.54,,False
2018-11-30,2018.9123,408.64,1.82,False
2018-12-01,2018.9151,408.36,1.92,False
2018-12-02,2018.9178,408.84,2.04,False
2018-12-03,2018.9205,409.37,2.14,False
2018-12-04,2018.9233,408.63,1.22,False
2018-12-06,2018.9288,408.41,1.24,False
2018-12-07,2018.9315,408.35,1.54,False
2018-12-08,2018.9342,408.51,2.39,False
2018-12-09,2018.937,410.03,3.82,False
2018-12-10,2018.9397,409.55,3.52,False
2018-12-11,2018.9425,409.36,2.2,False
2018-12-12,2018.9452,409.93,3.28,False
2018-12-13,2018.9479,409.54,3.43,False
2018-12-14,2018.9507,409.0,2.66,False
2018-12-15,2018.9534,409.79,2.81,False
2018-12-16,2018.9562,409.78,1.88,False
2018-12-17,2018.9589,408.83,2.0,False
2018-12-18,2018.9616,408.98,2.43,False
2018-12-19,2018.9644,409.73,3.43,False
2018-12-20,2018.9671,409.75,3.08,False
2018-12-21,2018.9699,409.79,2.84,False
2018-12-22,2018.9726,409.7,1.34,False
2018-12-23,2018.9753,409.75,2.49,False
2018-12-24,2018.9781,409.58,2.47,False
2018-12-25,2018.9808,409.4,2.34,False
2018-12-26,2018.9836,409.4,2.46,False
2018-12-27,2018.9863,409.02,1.95,False
2018-12-28,2018.989,409.26,0.81,False
2018-12-29,2018.9918,408.9,1.17,False
2018-12-30,2018.9945,409.34,1.85,False
2018-12-31,2018.9973,409.65,2.45,False
2019-01-01,2019.0,409.92,2.79,False
2019-01-02,2019.0027,410.02,3.21,False
2019-01-03,2019.0055,410.19,3.36,False
2019-01-04,2019.0082,410.22,1.48,False
2019-01-05,2019.011,409.24,0.35,False
2019-01-07,2019.0164,411.19,3.57,False
2019-01-08,2019.0192,410.92,3.05,False
2019-01-09,2019.0219,410.82,,False
2019-01-10,2019.0247,409.1,0.8,False
2019-01-11,2019.0274,409.49,0.59,False
2019-01-12,2019.0301,413.66,5.47,True
2019-01-15,2019.0384,409.28,1.39,False
2019-01-17,2019.0438,410.11,2.31,False
2019-01-18,2019.0466,410.47,2.66,False
2019-01-19,2019.0493,412.35,3.73,False
2019-01-20,2019.0521,413.43,5.14,False
2019-01-22,2019.0575,414.08,4.93,True
2019-01-23,2019.0603,413.57,4.53,False
2019-01-24,2019.063,410.77,2.64,False
2019-01-25,2019.0658,410.21,1.94,False
2019-01-26,2019.0685,411.11,2.96,False
2019-01-27,2019.0712,411.16,3.1,False
2019-01-28,2019.074,411.81,3.82,False
2019-01-29,2019.0767,411.45,3.02,False
2019-01-30,2019.0795,411.63,2.81,False
2019-01-31,2019.0822,410.94,2.83,False
2019-02-01,2019.0849,410.73,2.7,False
2019-02-02,2019.0877,410.87,3.28,False
2019-02-03,2019.0904,410.81,3.28,False
2019-02-04,2019.0932,412.77,5.25,False
2019-02-05,2019.0959,410.68,2.95,False
2019-02-06,2019.0986,411.5,3.36,False
2019-02-07,2019.1014,410.98,2.61,False
2019-02-08,2019.1041,411.58,3.98,False
2019-02-09,2019.1068,414.49,5.31,True
2019-02-10,2019.1096,412.19,1.96,False
2019-02-11,2019.1123,413.74,5.06,False
2019-02-12,2019.1151,412.04,3.24,False
2019-02-13,2019.1178,412.32,4.15,False
2019-02-15,2019.1233,412.73,4.03,False
2019-02-16,2019.126,412.75,4.18,False
2019-02-17,2019.1288,411.73,2.79,False
2019-02-18,2019.1315,412.07,3.44,False
2019-02-19,2019.1342,410.67,2.06,False
2019-02-20,2019.137,410.86,2.33,False
2019-02-21,2019.1397,411.24,2.6,False
2019-02-22,2019.1425,410.74,2.28,False
2019-02-23,2019.1452,411.02,2.27,False
2019-02-24,2019.1479,412.03,3.08,False
2019-02-25,2019.1507,411.73,2.66,False
2019-02-26,2019.1534,414.25,5.06,False
2019-02-27,2019.1562,412.08,2.98,False
2019-02-28,2019.1589,414.33,5.55,False
2019-03-01,2019.1616,411.77,2.92,False
2019-03-02,2019.1644,412.13,3.28,False
2019-03-03,2019.1671,412.96,3.18,False
2019-03-04,2019.1699,413.58,3.37,False
2019-03-05,2019.1726,411.2,1.41,False
2019-03-06,2019.1753,411.41,2.2,False
2019-03-07,2019.1781,411.4,1.04,False
2019-03-08,2019.1808,412.26,1.92,False
2019-03-09,2019.1836,413.76,3.62,False
2019-03-10,2019.1863,413.0,2.86,False
2019-03-11,2019.189,412.14,,False
2019-03-12,2019.1918,412.35,3.56,False
2019-03-13,2019.1945,412.25,3.49,False
2019-03-14,2019.1973,412.4,3.75,False
2019-03-15,2019.2,413.62,4.43,False
2019-03-16,2019.2027,410.83,1.64,False
2019-03-17,2019.2055,411.8,2.92,False
2019-03-18,2019.2082,415.06,6.64,True
2019-03-19,2019.211,413.18,4.77,False
2019-03-20,2019.2137,412.43,3.21,False
2019-03-21,2019.2164,410.39,0.06,False
2019-03-22,2019.2192,410.13,0.38,False
2019-03-23,2019.2219,411.16,1.39,False
2019-03-25,2019.2274,411.06,0.73,False
2019-03-26,2019.2301,410.64,0.64,False
2019-03-28,2019.2356,412.15,1.9,False
2019-03-29,2019.2384,412.27,1.72,False
2019-03-31,2019.2438,412.58,,False
2019-04-01,2019.2466,411.9,2.45,False
2019-04-03,2019.2521,413.18,3.37,False
2019-04-04,2019.2548,412.91,4.02,False
2019-04-05,2019.2575,412.36,3.32,False
2019-04-06,2019.2603,411.47,2.26,False
2019-04-07,2019.263,412.39,2.74,False
2019-04-08,2019.2658,412.53,2.96,False
2019-04-09,2019.2685,412.74,3.18,False
2019-04-10,2019.2712,414.07,4.33,False
2019-04-12,2019.2767,414.08,4.35,False
2019-04-13,2019.2795,414.31,,False
2019-04-14,2019.2822,414.86,,False
2019-04-15,2019.2849,412.88,,False
2019-04-16,2019.2877,413.31,,False
2019-04-17,2019.2904,413.85,,False
2019-04-18,2019.2932,413.64,,False
2019-04-19,2019.2959,414.08,,False
2019-04-20,2019.2986,414.1,2.91,False
2019-04-21,2019.3014,413.85,2.53,False
2019-04-22,2019.3041,414.36,2.5,False
2019-04-24,2019.3096,413.59,1.47,False
2019-04-25,2019.3123,413.9,1.79,False
2019-04-26,2019.3151,413.76,2.25,False
2019-04-27,2019.3178,414.46,,False
2019-04-28,2019.3205,414.43,3.34,False
2019-04-29,2019.3233,414.32,2.93,False
2019-04-30,2019.326,414.74,5.08,False
2019-05-01,2019.3288,415.1,5.77,True
2019-05-03,2019.3342,415.03,5.61,False
2019-05-04,2019.337,413.49,3.98,False
2019-05-05,2019.3397,413.97,,False
2019-05-06,2019.3425,414.71,,False
2019-05-07,2019.3452,414.46,,False
2019-05-08,2019.3479,414.72,,False
2019-05-09,2019.3507,414.44,4.14,False
2019-05-10,2019.3534,414.48,3.78,False
2019-05-11,2019.3562,414.98,3.08,False
2019-05-12,2019.3589,415.5,3.38,True
2019-05-13,2019.3616,415.62,4.26,True
2019-05-14,2019.3644,415.48,2.84,False
2019-05-15,2019.3671,415.87,3.71,True
2019-05-16,2019.3699,415.8,3.52,False
2019-05-17,2019.3726,415.45,3.24,False
2019-05-19,2019.3781,414.97,2.81,False
2019-05-20,2019.3808,414.96,2.94,False
2019-05-22,2019.3863,414.7,4.43,False
2019-05-23,2019.389,415.1,,False
2019-05-24,2019.3918,415.0,3.36,False
2019-05-25,2019.3945,415.07,2.92,False
2019-05-26,2019.3973,414.28,2.1,False
2019-05-27,2019.4,415.04,3.85,False
2019-05-28,2019.4027,414.39,2.66,False
2019-05-29,2019.4055,414.35,2.35,False
2019-05-30,2019.4082,414.62,2.95,False
2019-05-31,2019.411,414.6,2.79,False
2019-06-01,2019.4137,414.36,2.48,False
2019-06-02,2019.4164,414.47,3.47,False
2019-06-03,2019.4192,414.62,3.81,False
2019-06-04,2019.4219,414.5,3.85,False
2019-06-05,2019.4247,414.41,3.39,False
2019-06-07,2019.4301,414.59,3.52,False
2019-06-08,2019.4329,415.02,3.21,False
2019-06-09,2019.4356,414.53,3.12,False
2019-06-10,2019.4384,414.47,2.69,False
2019-06-12,2019.4438,414.13,2.11,False
2019-06-13,2019.4466,414.94,3.95,False
2019-06-14,2019.4493,414.55,3.26,False
2019-06-15,2019.4521,413.16,1.98,False
2019-06-16,2019.4548,414.46,3.41,False
2019-06-17,2019.4575,413.83,2.91,False
2019-06-18,2019.4603,414.36,3.81,False
2019-06-19,2019.463,414.47,4.96,False
2019-06-20,2019.4658,414.17,4.14,False
2019-06-21,2019.4685,413.48,2.12,False
2019-06-22,2019.4712,413.76,,False
2019-06-23,2019.474,413.55,2.59,False
2019-06-24,2019.4767,414.0,2.83,False
2019-06-25,2019.4795,414.03,3.49,False
2019-06-26,2019.4822,413.72,3.13,False
2019-06-28,2019.4877,413.27,1.9,False
2019-06-29,2019.4904,413.23,1.47,False
2019-06-30,2019.4932,413.77,3.94,False
2019-07-01,2019.4959,413.77,,False
2019-07-02,2019.4986,413.85,4.45,False
2019-07-03,2019.5014,413.65,3.71,False
2019-07-04,2019.5041,413.66,3.68,False
2019-07-05,2019.5068,413.33,,False
2019-07-06,2019.5096,413.47,3.79,False
2019-07-07,2019.5123,413.37,4.39,False
2019-07-08,2019.5151,410.98,1.26,False
2019-07-09,2019.5178,411.81,3.5,False
2019-07-10,2019.5205,411.6,,False
2019-07-11,2019.5233,412.38,2.82,False
2019-07-12,2019.526,412.79,3.43,False
2019-07-13,2019.5288,413.18,3.5,False
2019-07-18,2019.5425,412.37,3.99,False
2019-07-19,2019.5452,412.3,3.58,False
2019-07-20,2019.5479,412.43,4.04,False
2019-07-21,2019.5507,410.73,1.52,False
2019-07-22,2019.5534,411.64,3.11,False
2019-07-23,2019.5562,411.62,2.83,False
2019-07-24,2019.5589,411.29,2.41,False
2019-07-27,2019.5671,410.05,2.1,False
2019-07-28,2019.5699,409.45,0.79,False
2019-07-29,2019.5726,409.18,,False
2019-07-30,2019.5753,410.32,3.34,False
2019-07-31,2019.5781,410.98,3.47,False
2019-08-01,2019.5808,410.73,3.01,False
2019-08-02,2019.5836,410.63,2.89,False
2019-08-03,2019.5863,410.67,2.81,False
2019-08-04,2019.589,410.38,2.29,False
2019-08-05,2019.5918,411.08,3.4,False
2019-08-06,2019.5945,410.22,3.23,False
2019-08-07,2019.5973,410.51,2.99,False
2019-08-08,2019.6,410.44,2.95,False
2019-08-09,2019.6027,410.71,3.26,False
2019-08-10,2019.6055,410.6,3.14,False
2019-08-11,2019.6082,410.65,3.32,False
2019-08-12,2019.611,410.87,3.37,False
2019-08-13,2019.6137,410.65,3.57,False
2019-08-14,2019.6164,410.0,2.64,False
2019-08-15,2019.6192,410.3,3.1,False
2019-08-16,2019.6219,410.56,3.52,False
2019-08-17,2019.6247,410.36,3.08,False
2019-08-19,2019.6301,410.5,3.3,False
2019-08-20,2019.6329,409.25,2.01,False
2019-08-21,2019.6356,409.81,2.53,False
2019-08-22,2019.6384,410.17,3.13,False
2019-08-23,2019.6411,409.69,3.02,False
2019-08-24,2019.6438,409.32,2.48,False
2019-08-25,2019.6466,409.34,2.39,False
2019-08-26,2019.6493,409.65,2.92,False
2019-08-27,2019.6521,409.84,3.12,False
2019-08-28,2019.6548,409.92,3.3,False
2019-08-29,2019.6575,409.75,3.29,False
2019-08-31,2019.663,409.47,4.04,False
2019-09-01,2019.6658,408.45,2.84,False
2019-09-02,2019.6685,409.36,3.64,False
2019-09-03,2019.6712,408.97,3.01,False
2019-09-04,2019.674,409.61,3.24,False
2019-09-05,2019.6767,408.76,2.61,False
2019-09-06,2019.6795,408.67,2.65,False
2019-09-07,2019.6822,409.42,5.25,False
2019-09-08,2019.6849,409.35,3.97,False
2019-09-09,2019.6877,409.28,4.09,False
2019-09-10,2019.6904,408.99,3.28,False
2019-09-11,2019.6932,408.93,3.09,False
2019-09-12,2019.6959,408.25,3.04,False
2019-09-13,2019.6986,408.55,2.99,False
2019-09-14,2019.7014,408.34,2.75,False
2019-09-16,2019.7068,408.87,3.49,False
2019-09-17,2019.7096,408.88,2.88,False
2019-09-18,2019.7123,408.81,2.79,False
2019-09-19,2019.7151,408.99,3.01,False
2019-09-20,2019.7178,408.3,2.47,False
2019-09-21,2019.7205,408.48,2.64,False
2019-09-22,2019.7233,408.7,2.6,False
2019-09-23,2019.726,409.04,3.4,False
2019-09-24,2019.7288,408.53,2.93,False
2019-09-25,2019.7315,408.72,3.15,False
2019-09-26,2019.7342,408.27,2.28,False
2019-09-27,2019.737,408.18,2.11,False
2019-09-28,2019.7397,408.31,,False
2019-09-29,2019.7425,408.44,2.9,False
2019-09-30,2019.7452,408.63,2.79,False
2019-10-01,2019.7479,408.43,2.93,False
2019-10-02,2019.7507,408.06,2.54,False
2019-10-03,2019.7534,407.75,1.94,False
2019-10-04,2019.7562,407.73,2.1,False
2019-10-05,2019.7589,408.21,2.27,False
2019-10-06,2019.7616,408.13,2.51,False
2019-10-07,2019.7644,408.42,2.68,False
2019-10-08,2019.7671,408.44,2.91,False
2019-10-09,2019.7699,408.54,3.02,False
2019-10-10,2019.7726,409.0,3.16,False
2019-10-11,2019.7753,409.07,3.36,False
2019-10-12,2019.7781,408.58,2.73,False
2019-10-13,2019.7808,408.63,2.41,False
2019-10-14,2019.7836,408.68,2.46,False
2019-10-15,2019.7863,408.66,2.64,False
2019-10-16,2019.789,408.86,2.8,False
2019-10-17,2019.7918,409.0,,False
2019-10-18,2019.7945,409.12,2.89,False
2019-10-19,2019.7973,408.94,2.58,False
2019-10-20,2019.8,408.69,2.38,False
2019-10-21,2019.8027,408.9,2.15,False
2019-10-22,2019.8055,409.31,2.25,False
2019-10-23,2019.8082,408.88,1.89,False
2019-10-26,2019.8164,408.93,2.39,False
2019-10-27,2019.8192,408.88,2.5,False
2019-10-28,2019.8219,408.8,1.96,False
2019-10-29,2019.8247,409.07,2.99,False
2019-10-30,2019.8274,409.39,2.4,False
2019-10-31,2019.8301,409.86,3.35,False
2019-11-01,2019.8329,411.05,4.27,False
2019-11-03,2019.8384,409.51,,False
2019-11-04,2019.8411,409.64,2.29,False
2019-11-06,2019.8466,410.29,,False
2019-11-07,2019.8493,410.47,3.61,False
2019-11-08,2019.8521,410.5,3.25,False
2019-11-09,2019.8548,410.3,2.98,False
2019-11-10,2019.8575,410.34,,False
2019-11-11,2019.8603,409.9,1.92,False
2019-11-12,2019.863,410.68,,False
2019-11-13,2019.8658,410.56,,False
2019-11-14,2019.8685,410.77,1.4,False
2019-11-16,2019.874,410.22,0.5,False
2019-11-17,2019.8767,410.03,1.81,False
2019-11-19,2019.8822,410.38,,False
2019-11-20,2019.8849,410.26,1.11,False
2019-11-21,2019.8877,410.72,2.11,False
2019-11-22,2019.8904,410.69,1.7,False
2019-11-23,2019.8932,410.33,1.73,False
2019-11-24,2019.8959,411.35,2.73,False
2019-11-25,2019.8986,410.67,2.06,False
2019-11-26,2019.9014,410.88,2.27,False
2019-11-27,2019.9041,410.79,2.18,False
2019-11-28,2019.9068,411.06,2.37,False
2019-11-29,2019.9096,410.88,2.34,False
2019-11-30,2019.9123,410.91,2.27,False
2019-12-01,2019.9151,411.08,2.72,False
2019-12-02,2019.9178,411.11,2.27,False
2019-12-03,2019.9205,411.34,1.97,False
2019-12-04,2019.9233,411.44,2.81,False
2019-12-05,2019.926,410.66,,False
2019-12-06,2019.9288,411.69,3.28,False
2019-12-07,2019.9315,411.61,3.26,False
2019-12-08,2019.9342,411.58,3.07,False
2019-12-09,2019.937,411.27,1.24,False
2019-12-10,2019.9397,411.09,1.54,False
2019-12-11,2019.9425,411.41,2.05,False
2019-12-12,2019.9452,411.58,1.65,False
2019-12-13,2019.9479,411.9,2.36,False
2019-12-14,2019.9507,411.88,2.88,False
2019-12-15,2019.9534,411.88,2.09,False
2019-12-16,2019.9562,411.96,2.18,False
2019-12-17,2019.9589,412.01,3.18,False
2019-12-18,2019.9616,412.04,3.06,False
2019-12-19,2019.9644,411.96,2.23,False
2019-12-20,2019.9671,411.9,2.15,False
2019-12-21,2019.9699,412.94,3.15,False
2019-12-22,2019.9726,413.23,3.53,False
2019-12-23,2019.9753,412.23,2.48,False
2019-12-24,2019.9781,412.49,2.91,False
2019-12-25,2019.9808,411.26,1.86,False
2019-12-26,2019.9836,412.57,3.17,False
2019-12-27,2019.9863,412.83,3.81,False
2019-12-28,2019.989,412.32,3.06,False
2019-12-29,2019.9918,412.96,4.06,False
2019-12-30,2019.9945,413.29,3.95,False
2019-12-31,2019.9973,413.41,3.76,False
2020-01-01,2020.0,412.85,2.93,False
2020-01-03,2020.0055,413.21,3.02,False
2020-01-04,2020.0082,413.44,3.22,False
2020-01-05,2020.0109,413.78,4.54,False
2020-01-06,2020.0137,413.49,,False
2020-01-07,2020.0164,413.39,2.2,False
2020-01-08,2020.0191,413.76,2.84,False
2020-01-09,2020.0219,413.53,2.71,False
2020-01-10,2020.0246,413.75,4.65,False
2020-01-11,2020.0273,413.35,3.86,False
2020-01-12,2020.0301,413.27,-0.39,False
2020-01-14,2020.0355,412.57,,False
2020-01-15,2020.0383,412.68,3.4,False
2020-01-16,2020.041,412.83,,False
2020-01-17,2020.0437,413.05,2.94,False
2020-01-18,2020.0464,413.6,3.13,False
2020-01-19,2020.0492,413.51,1.16,False
2020-01-20,2020.0519,413.45,0.02,False
2020-01-21,2020.0546,416.05,,True
2020-01-22,2020.0574,414.28,0.2,False
2020-01-23,2020.0601,414.12,0.55,False
2020-01-24,2020.0628,412.93,2.16,False
2020-01-25,2020.0656,412.61,2.4,False
2020-01-26,2020.0683,413.16,2.05,False
2020-01-27,2020.071,413.73,2.57,False
2020-01-28,2020.0738,414.88,3.07,False
2020-01-29,2020.0765,413.94,2.49,False
2020-01-30,2020.0792,414.16,2.53,False
2020-01-31,2020.082,415.09,4.15,False
2020-02-01,2020.0847,414.69,3.96,False
2020-02-02,2020.0874,414.53,3.66,False
2020-02-03,2020.0902,415.0,4.19,False
2020-02-04,2020.0929,414.1,1.33,False
2020-02-05,2020.0956,414.06,3.38,False
2020-02-06,2020.0984,414.6,3.1,False
2020-02-07,2020.1011,414.32,3.34,False
2020-02-08,2020.1038,414.94,3.36,False
2020-02-10,2020.1093,416.29,4.1,True
2020-02-11,2020.112,415.61,1.87,False
2020-02-12,2020.1148,415.32,3.28,False
2020-02-13,2020.1175,414.03,1.71,False
2020-02-14,2020.1202,413.19,,False
2020-02-15,2020.123,413.26,0.53,False
2020-02-16,2020.1257,414.02,1.27,False
2020-02-17,2020.1284,414.06,2.33,False
2020-02-18,2020.1311,413.77,1.7,False
2020-02-19,2020.1339,413.74,3.07,False
2020-02-20,2020.1366,415.32,4.46,False
2020-02-21,2020.1393,414.57,3.33,False
2020-02-22,2020.1421,414.39,3.65,False
2020-02-23,2020.1448,414.34,3.32,False
2020-02-24,2020.1475,414.29,2.26,False
2020-02-25,2020.1503,413.71,1.98,False
2020-02-26,2020.153,413.23,-1.02,False
2020-02-27,2020.1557,413.67,1.59,False
2020-02-28,2020.1585,413.9,-0.43,False
2020-02-29,2020.1612,414.32,,False
2020-03-01,2020.1639,414.45,2.68,False
2020-03-02,2020.1667,413.92,1.79,False
2020-03-03,2020.1694,414.19,1.23,False
2020-03-04,2020.1721,413.26,-0.32,False
2020-03-05,2020.1749,413.7,2.5,False
2020-03-06,2020.1776,414.44,3.03,False
2020-03-07,2020.1803,414.51,3.11,False
2020-03-09,2020.1858,414.15,0.39,False
2020-03-10,2020.1885,413.98,0.98,False
2020-03-11,2020.1913,414.57,2.43,False
2020-03-12,2020.194,414.35,2.0,False
2020-03-13,2020.1967,414.32,2.07,False
2020-03-14,2020.1995,414.54,2.14,False
2020-03-15,2020.2022,414.45,0.83,False
2020-03-16,2020.2049,414.58,3.75,False
2020-03-17,2020.2077,414.36,2.56,False
2020-03-18,2020.2104,414.79,-0.27,False
2020-03-19,2020.2131,414.2,1.02,False
2020-03-20,2020.2158,414.61,2.18,False
2020-03-25,2020.2295,415.6,4.54,False
2020-03-26,2020.2322,415.65,5.01,False
2020-03-27,2020.235,415.64,,False
2020-03-28,2020.2377,416.09,3.94,False
2020-03-29,2020.2404,415.92,3.65,False
2020-03-30,2020.2432,415.85,,False
2020-03-31,2020.2459,415.89,3.31,False
2020-04-01,2020.2486,416.01,4.11,False
2020-04-02,2020.2514,415.8,,False
2020-04-04,2020.2568,416.24,3.33,False
2020-04-05,2020.2596,416.24,3.88,False
2020-04-06,2020.2623,415.9,4.43,False
2020-04-07,2020.265,415.8,3.41,False
2020-04-08,2020.2678,417.16,4.63,True
2020-04-09,2020.2705,418.06,5.32,True
2020-04-10,2020.2732,416.88,2.81,False
2020-04-11,2020.276,416.54,,False
2020-04-12,2020.2787,415.67,1.59,False
2020-04-13,2020.2814,416.02,1.71,False
2020-04-14,2020.2842,416.3,1.44,False
2020-04-15,2020.2869,416.11,3.23,False
2020-04-16,2020.2896,417.29,3.98,False
2020-04-17,2020.2923,417.01,3.16,False
2020-04-18,2020.2951,416.97,3.33,False
2020-04-19,2020.2978,416.26,2.18,False
2020-04-20,2020.3005,416.49,2.39,False
2020-04-21,2020.3033,416.49,2.64,False
2020-04-22,2020.306,415.81,1.45,False
2020-04-23,2020.3087,415.82,,False
2020-04-24,2020.3115,415.66,2.07,False
2020-04-26,2020.3169,416.33,2.57,False
2020-04-27,2020.3197,416.32,1.86,False
2020-04-28,2020.3224,415.7,1.27,False
2020-04-29,2020.3251,417.42,3.1,False
2020-04-30,2020.3279,417.52,2.78,False
2020-05-01,2020.3306,418.23,3.13,True
2020-05-02,2020.3333,417.63,,False
2020-05-03,2020.3361,418.34,3.31,True
2020-05-05,2020.3415,416.79,2.82,False
2020-05-06,2020.3443,415.88,1.17,False
2020-05-07,2020.347,416.62,2.16,False
2020-05-08,2020.3497,417.18,2.46,False
2020-05-09,2020.3525,417.44,3.0,False
2020-05-10,2020.3552,417.26,2.78,False
2020-05-11,2020.3579,417.38,2.4,False
2020-05-12,2020.3607,416.92,1.42,False
2020-05-13,2020.3634,417.19,1.57,False
2020-05-14,2020.3661,417.06,1.58,False
2020-05-15,2020.3689,416.21,0.34,False
2020-05-18,2020.377,417.21,,False
2020-05-19,2020.3798,417.05,2.08,False
2020-05-20,2020.3825,417.25,2.29,False
2020-05-21,2020.3852,417.34,,False
2020-05-22,2020.388,417.03,2.33,False
2020-05-24,2020.3934,417.9,2.9,False
2020-05-25,2020.3962,418.33,3.26,False
2020-05-26,2020.3989,417.9,3.62,False
2020-05-27,2020.4016,418.08,3.04,False
2020-05-28,2020.4044,417.54,3.15,False
2020-05-29,2020.4071,417.04,2.69,False
2020-05-30,2020.4098,416.68,2.06,False
2020-05-31,2020.4126,417.15,2.55,False
2020-06-01,2020.4153,418.53,4.17,True
2020-06-02,2020.418,417.91,3.44,False
2020-06-03,2020.4208,417.58,2.96,False
2020-06-04,2020.4235,416.74,2.24,False
2020-06-06,2020.429,416.55,,False
2020-06-08,2020.4344,416.5,1.48,False
2020-06-10,2020.4399,415.98,1.51,False
2020-06-11,2020.4426,416.62,,False
2020-06-12,2020.4454,416.9,2.77,False
2020-06-13,2020.4481,416.76,1.82,False
2020-06-14,2020.4508,417.02,2.47,False
2020-06-15,2020.4536,416.57,3.41,False
2020-06-16,2020.4563,416.48,2.02,False
2020-06-17,2020.459,416.13,2.3,False
2020-06-18,2020.4617,416.49,2.13,False
2020-06-19,2020.4645,415.92,1.45,False
2020-06-20,2020.4672,416.33,2.16,False
2020-06-21,2020.4699,416.52,3.04,False
2020-06-22,2020.4727,416.42,2.66,False
2020-06-23,2020.4754,416.42,2.87,False
2020-06-24,2020.4781,416.61,2.61,False
2020-06-25,2020.4809,415.7,1.67,False
2020-06-26,2020.4836,416.02,2.3,False
2020-06-27,2020.4863,416.19,,False
2020-06-28,2020.4891,415.78,2.51,False
2020-06-29,2020.4918,416.11,2.88,False
2020-06-30,2020.4945,415.69,1.92,False
2020-07-01,2020.4973,415.5,1.73,False
2020-07-02,2020.5,415.45,1.6,False
2020-07-03,2020.5027,415.43,1.78,False
2020-07-04,2020.5055,415.5,1.84,False
2020-07-05,2020.5082,415.34,2.01,False
2020-07-06,2020.5109,415.43,1.96,False
2020-07-07,2020.5137,415.48,2.11,False
2020-07-08,2020.5164,415.68,4.7,False
2020-07-09,2020.5191,414.93,3.12,False
2020-07-10,2020.5219,415.49,3.89,False
2020-07-11,2020.5246,415.77,3.39,False
2020-07-12,2020.5273,415.34,2.55,False
2020-07-13,2020.5301,413.52,0.34,False
2020-07-14,2020.5328,414.83,,False
2020-07-15,2020.5355,415.4,,False
2020-07-16,2020.5383,415.4,,False
2020-07-17,2020.541,414.41,,False
2020-07-18,2020.5437,414.24,1.87,False
2020-07-19,2020.5464,414.08,1.78,False
2020-07-20,2020.5492,414.2,1.77,False
2020-07-21,2020.5519,414.26,3.53,False
2020-07-22,2020.5546,414.43,2.79,False
2020-07-23,2020.5574,413.53,1.91,False
2020-07-25,2020.5628,414.01,,False
2020-07-26,2020.5656,413.31,,False
2020-07-27,2020.5683,413.56,3.51,False
2020-07-28,2020.571,413.93,4.48,False
2020-07-29,2020.5738,413.92,4.74,False
2020-07-30,2020.5765,414.13,3.81,False
2020-07-31,2020.5792,411.59,0.61,False
2020-08-01,2020.582,413.53,2.8,False
2020-08-02,2020.5847,413.57,2.94,False
2020-08-03,2020.5874,413.85,3.18,False
2020-08-07,2020.5984,413.01,2.5,False
2020-08-08,2020.6011,413.06,2.62,False
2020-08-09,2020.6038,413.47,2.76,False
2020-08-10,2020.6066,412.75,2.15,False
2020-08-11,2020.6093,412.6,1.95,False
2020-08-12,2020.612,413.1,2.23,False
2020-08-13,2020.6148,413.03,2.38,False
2020-08-15,2020.6202,412.75,2.45,False
2020-08-17,2020.6257,412.77,2.41,False
2020-08-18,2020.6284,412.39,,False
2020-08-19,2020.6311,412.36,1.86,False
2020-08-21,2020.6366,412.66,2.85,False
2020-08-22,2020.6393,412.78,2.61,False
2020-08-23,2020.6421,412.42,2.73,False
2020-08-24,2020.6448,412.16,2.84,False
2020-08-25,2020.6475,412.67,3.33,False
2020-08-26,2020.6503,412.19,2.54,False
2020-08-27,2020.653,411.81,1.97,False
2020-08-28,2020.6557,411.78,1.86,False
2020-08-29,2020.6585,412.15,2.4,False
2020-08-30,2020.6612,412.11,,False
2020-08-31,2020.6639,411.64,2.17,False
2020-09-01,2020.6667,412.13,3.68,False
2020-09-02,2020.6694,412.05,2.69,False
2020-09-03,2020.6721,411.89,2.92,False
2020-09-04,2020.6749,411.17,1.56,False
2020-09-05,2020.6776,411.57,2.81,False
2020-09-06,2020.6803,412.1,3.43,False
2020-09-07,2020.6831,411.57,2.15,False
2020-09-08,2020.6858,411.96,2.61,False
2020-09-09,2020.6885,411.36,2.08,False
2020-09-10,2020.6913,411.19,2.2,False
2020-09-11,2020.694,411.85,2.92,False
2020-09-12,2020.6967,411.01,2.76,False
2020-09-13,2020.6995,412.04,3.49,False
2020-09-14,2020.7022,411.68,3.34,False
2020-09-15,2020.7049,412.05,,False
2020-09-16,2020.7077,411.87,3.0,False
2020-09-17,2020.7104,411.37,2.49,False
2020-09-18,2020.7131,411.35,2.54,False
2020-09-19,2020.7158,411.36,2.37,False
2020-09-20,2020.7186,411.32,3.02,False
2020-09-21,2020.7213,410.77,2.29,False
2020-09-23,2020.7268,411.47,2.43,False
2020-09-24,2020.7295,411.45,2.92,False
2020-09-25,2020.7322,411.11,2.39,False
2020-09-26,2020.735,411.08,2.81,False
2020-09-27,2020.7377,411.03,2.85,False
2020-09-28,2020.7404,411.25,2.94,False
2020-09-29,2020.7432,411.36,2.92,False
2020-09-30,2020.7459,411.14,2.51,False
2020-10-01,2020.7486,411.32,2.89,False
2020-10-02,2020.7514,411.46,3.4,False
2020-10-03,2020.7541,411.31,3.56,False
2020-10-04,2020.7568,411.22,3.49,False
2020-10-05,2020.7596,411.25,3.04,False
2020-10-06,2020.7623,411.38,3.25,False
2020-10-07,2020.765,411.29,2.87,False
2020-10-08,2020.7678,411.33,2.89,False
2020-10-09,2020.7705,411.08,2.54,False
2020-10-10,2020.7732,411.28,2.28,False
2020-10-11,2020.776,411.4,2.33,False
2020-10-12,2020.7787,411.1,2.52,False
2020-10-13,2020.7814,411.4,2.77,False
2020-10-14,2020.7842,411.36,2.68,False
2020-10-15,2020.7869,411.26,2.6,False
2020-10-16,2020.7896,411.38,2.52,False
2020-10-17,2020.7923,411.36,2.36,False
2020-10-18,2020.7951,411.44,2.32,False
2020-10-19,2020.7978,411.35,2.41,False
2020-10-20,2020.8005,411.42,2.73,False
2020-10-21,2020.8033,412.05,3.15,False
2020-10-22,2020.806,412.09,2.78,False
2020-10-23,2020.8087,411.99,3.11,False
2020-10-25,2020.8142,411.49,,False
2020-10-26,2020.8169,411.46,2.53,False
2020-10-27,2020.8197,411.2,2.32,False
2020-10-28,2020.8224,411.73,2.93,False
2020-10-29,2020.8251,411.92,2.85,False
2020-10-30,2020.8279,411.86,2.47,False
2020-10-31,2020.8306,412.14,2.28,False
2020-11-01,2020.8333,412.37,1.32,False
2020-11-02,2020.8361,412.31,,False
2020-11-03,2020.8388,410.96,1.45,False
2020-11-04,2020.8415,411.12,1.48,False
2020-11-06,2020.847,412.49,2.2,False
2020-11-07,2020.8497,412.52,2.05,False
2020-11-08,2020.8525,412.35,1.85,False
2020-11-09,2020.8552,412.26,1.96,False
2020-11-10,2020.8579,413.56,3.22,False
2020-11-11,2020.8607,414.02,4.12,False
2020-11-12,2020.8634,413.07,2.39,False
2020-11-13,2020.8661,412.83,2.27,False
2020-11-14,2020.8689,412.78,2.01,False
2020-11-15,2020.8716,412.64,,False
2020-11-16,2020.8743,412.78,2.56,False
2020-11-17,2020.877,412.45,2.42,False
2020-11-18,2020.8798,412.35,,False
2020-11-19,2020.8825,413.68,3.3,False
2020-11-21,2020.888,412.54,1.82,False
2020-11-22,2020.8907,413.79,3.1,False
2020-11-24,2020.8962,413.6,2.25,False
2020-11-25,2020.8989,413.32,2.65,False
2020-11-26,2020.9016,413.46,2.58,False
2020-11-27,2020.9044,414.39,3.6,False
2020-11-28,2020.9071,415.7,4.64,False
2020-11-29,2020.9098,415.71,4.83,False
2020-11-30,2020.9126,414.57,3.66,False
2020-12-01,2020.9153,413.9,2.82,False
2020-12-02,2020.918,413.79,2.68,False
2020-12-03,2020.9208,413.74,2.4,False
2020-12-04,2020.9235,413.05,1.61,False
2020-12-05,2020.9262,413.01,2.35,False
2020-12-06,2020.929,413.09,1.4,False
2020-12-07,2020.9317,413.23,1.62,False
2020-12-08,2020.9344,413.07,1.49,False
2020-12-09,2020.9372,414.19,2.92,False
2020-12-10,2020.9399,413.92,2.83,False
2020-12-11,2020.9426,413.83,2.42,False
2020-12-12,2020.9454,413.87,2.29,False
2020-12-13,2020.9481,413.75,1.85,False
2020-12-14,2020.9508,413.56,1.68,False
2020-12-15,2020.9536,413.7,1.82,False
2020-12-16,2020.9563,414.2,2.24,False
2020-12-17,2020.959,414.43,2.42,False
2020-12-18,2020.9617,414.3,2.26,False
2020-12-19,2020.9645,414.97,3.01,False
2020-12-20,2020.9672,414.89,2.99,False
2020-12-21,2020.9699,414.98,2.04,False
2020-12-22,2020.9727,414.32,1.09,False
2020-12-23,2020.9754,415.05,2.82,False
2020-12-24,2020.9781,414.88,2.39,False
2020-12-25,2020.9809,414.78,3.52,False
2020-12-27,2020.9863,415.2,2.37,False
2020-12-28,2020.9891,415.15,2.83,False
2020-12-29,2020.9918,414.85,1.89,False
2020-12-30,2020.9945,415.45,2.16,False
2020-12-31,2020.9973,415.37,1.96,False
2021-01-01,2021.0,415.75,2.9,False
2021-01-02,2021.0027,415.36,,False
2021-01-03,2021.0055,415.68,2.47,False
2021-01-04,2021.0082,415.56,2.12,False
2021-01-05,2021.011,415.16,1.38,False
2021-01-06,2021.0137,415.45,1.96,False
2021-01-07,2021.0164,415.47,2.08,False
2021-01-08,2021.0192,415.2,1.44,False
2021-01-09,2021.0219,414.98,1.45,False
2021-01-10,2021.0247,415.05,1.3,False
2021-01-11,2021.0274,415.14,1.79,False
2021-01-12,2021.0301,415.02,1.75,False
2021-01-13,2021.0329,414.96,,False
2021-01-14,2021.0356,415.05,2.48,False
2021-01-17,2021.0438,414.68,1.63,False
2021-01-18,2021.0466,415.31,1.71,False
2021-01-19,2021.0493,415.31,1.8,False
2021-01-20,2021.0521,415.02,1.57,False
2021-01-21,2021.0548,415.48,-0.57,False
2021-01-22,2021.0575,415.57,1.29,False
2021-01-23,2021.0603,416.37,2.25,False
2021-01-24,2021.063,416.74,3.81,False
2021-01-25,2021.0658,415.92,3.31,False
2021-01-26,2021.0685,415.67,2.51,False
2021-01-27,2021.0712,415.46,1.73,False
2021-01-28,2021.074,415.88,1.0,False
2021-01-29,2021.0767,416.04,2.1,False
2021-01-30,2021.0795,416.16,2.0,False
2021-01-31,2021.0822,415.72,0.63,False
2021-02-01,2021.0849,415.65,0.96,False
2021-02-02,2021.0877,415.79,1.26,False
2021-02-03,2021.0904,415.94,0.94,False
2021-02-04,2021.0932,419.33,5.23,True
2021-02-05,2021.0959,419.42,5.36,True
2021-02-06,2021.0986,417.8,3.2,False
2021-02-07,2021.1014,416.45,2.13,False
2021-02-08,2021.1041,416.0,1.06,False
2021-02-09,2021.1068,416.47,,False
2021-02-10,2021.1096,417.76,1.47,False
2021-02-11,2021.1123,417.3,1.69,False
2021-02-12,2021.1151,417.28,1.96,False
2021-02-13,2021.1178,417.0,2.97,False
2021-02-14,2021.1205,416.19,3.0,False
2021-02-15,2021.1233,416.19,2.93,False
2021-02-16,2021.126,416.07,2.05,False
2021-02-17,2021.1288,416.06,2.0,False
2021-02-18,2021.1315,417.51,3.74,False
2021-02-19,2021.1342,416.91,3.17,False
2021-02-20,2021.137,416.43,1.11,False
2021-02-21,2021.1397,416.13,1.56,False
2021-02-22,2021.1425,416.37,1.98,False
2021-02-23,2021.1452,416.3,1.96,False
2021-02-24,2021.1479,416.27,1.98,False
2021-02-25,2021.1507,416.11,2.4,False
2021-02-26,2021.1534,416.3,3.07,False
2021-02-27,2021.1562,416.48,2.81,False
2021-02-28,2021.1589,416.64,2.74,False
2021-03-01,2021.1616,417.81,3.36,False
2021-03-02,2021.1644,417.94,4.02,False
2021-03-03,2021.1671,418.27,4.08,False
2021-03-04,2021.1699,418.2,4.94,False
2021-03-05,2021.1726,418.18,4.48,False
2021-03-06,2021.1753,418.5,4.06,False
2021-03-07,2021.1781,418.13,3.62,False
2021-03-08,2021.1808,417.8,,False
2021-03-09,2021.1836,416.4,2.25,False
2021-03-10,2021.1863,416.5,2.52,False
2021-03-11,2021.189,416.64,2.07,False
2021-03-12,2021.1918,416.24,1.89,False
2021-03-13,2021.1945,416.67,2.35,False
2021-03-14,2021.1973,416.96,2.42,False
2021-03-15,2021.2,417.66,3.21,False
2021-03-16,2021.2027,417.28,2.7,False
2021-03-17,2021.2055,417.22,2.86,False
2021-03-18,2021.2082,418.15,3.36,False
2021-03-19,2021.211,418.39,4.19,False
2021-03-20,2021.2137,418.63,4.02,False
2021-03-21,2021.2164,418.02,,False
2021-03-22,2021.2192,417.36,,False
2021-03-23,2021.2219,418.91,,False
2021-03-25,2021.2274,416.27,0.67,False
2021-03-26,2021.2301,417.47,1.82,False
2021-03-27,2021.2329,418.06,2.42,False
2021-03-30,2021.2411,416.91,1.06,False
2021-03-31,2021.2438,417.37,1.48,False
2021-04-01,2021.2466,417.53,1.52,False
2021-04-02,2021.2493,416.94,1.14,False
2021-04-03,2021.2521,421.17,,True
2021-04-05,2021.2575,418.67,2.43,False
2021-04-06,2021.2603,418.61,2.71,False
2021-04-07,2021.263,418.43,2.63,False
2021-04-08,2021.2658,421.32,4.16,True
2021-04-09,2021.2685,419.29,1.23,False
2021-04-10,2021.2712,419.14,2.26,False
2021-04-11,2021.274,419.86,3.32,False
2021-04-12,2021.2767,419.47,3.8,False
2021-04-14,2021.2822,418.7,2.4,False
2021-04-15,2021.2849,418.26,2.15,False
2021-04-16,2021.2877,418.44,1.15,False
2021-04-18,2021.2932,418.07,1.1,False
2021-04-20,2021.2986,417.09,0.6,False
2021-04-22,2021.3041,418.53,2.72,False
2021-04-23,2021.3068,418.74,2.92,False
2021-04-24,2021.3096,418.37,2.71,False
2021-04-26,2021.3151,419.97,3.64,False
2021-04-27,2021.3178,419.45,3.13,False
2021-04-28,2021.3205,419.71,4.01,False
2021-04-29,2021.3233,419.82,2.4,False
2021-04-30,2021.326,420.5,2.98,False
2021-05-01,2021.3288,420.38,2.15,False
2021-05-02,2021.3315,419.91,2.28,False
2021-05-03,2021.3342,419.71,1.37,False
2021-05-04,2021.337,420.08,,False
2021-05-05,2021.3397,420.1,3.31,False
2021-05-07,2021.3452,418.45,1.83,False
2021-05-08,2021.3479,418.69,1.51,False
2021-05-09,2021.3507,417.77,0.33,False
2021-05-10,2021.3534,418.36,1.1,False
2021-05-11,2021.3562,418.47,1.09,False
2021-05-13,2021.3616,417.99,0.8,False
2021-05-14,2021.3644,418.56,1.5,False
2021-05-15,2021.3671,419.54,3.33,False
2021-05-16,2021.3699,419.38,,False
2021-05-17,2021.3726,419.81,,False
2021-05-18,2021.3753,419.88,2.67,False
2021-05-19,2021.3781,419.79,2.74,False
2021-05-20,2021.3808,418.83,1.58,False
2021-05-21,2021.3836,417.91,0.57,False
2021-05-22,2021.3863,417.73,0.7,False
2021-05-23,2021.389,417.84,,False
2021-05-24,2021.3918,417.78,-0.12,False
2021-05-25,2021.3945,418.87,0.54,False
2021-05-26,2021.3973,418.73,0.83,False
2021-05-27,2021.4,419.49,1.41,False
2021-05-28,2021.4027,420.61,3.07,False
2021-05-30,2021.4082,419.93,3.25,False
2021-05-31,2021.411,419.86,2.71,False
2021-06-01,2021.4137,417.01,-1.52,False
2021-06-02,2021.4164,420.4,2.49,False
2021-06-03,2021.4192,420.08,2.5,False
2021-06-04,2021.4219,419.69,2.95,False
2021-06-05,2021.4247,419.6,,False
2021-06-06,2021.4274,419.72,3.17,False
2021-06-07,2021.4301,419.75,,False
2021-06-08,2021.4329,419.88,3.38,False
2021-06-09,2021.4356,419.44,,False
2021-06-10,2021.4384,419.5,3.52,False
2021-06-11,2021.4411,419.34,2.72,False
2021-06-12,2021.4438,418.63,1.73,False
2021-06-13,2021.4466,418.91,2.15,False
2021-06-14,2021.4493,418.94,1.92,False
2021-06-15,2021.4521,419.44,2.87,False
2021-06-16,2021.4548,419.18,2.7,False
2021-06-17,2021.4575,418.65,2.52,False
2021-06-18,2021.4603,419.02,2.53,False
2021-06-19,2021.463,419.05,3.13,False
2021-06-20,2021.4658,419.14,2.81,False
2021-06-21,2021.4685,419.16,2.64,False
2021-06-22,2021.4712,418.14,1.72,False
2021-06-23,2021.474,418.98,2.56,False
2021-06-25,2021.4795,417.58,1.88,False
2021-06-26,2021.4822,417.62,1.6,False
2021-06-27,2021.4849,418.25,2.06,False
2021-06-28,2021.4877,418.04,2.26,False
2021-06-29,2021.4904,417.77,1.66,False
2021-06-30,2021.4932,418.52,2.83,False
2021-07-01,2021.4959,418.29,2.79,False
2021-07-02,2021.4986,418.21,2.76,False
2021-07-03,2021.5014,417.17,1.74,False
2021-07-04,2021.5041,417.61,2.11,False
2021-07-05,2021.5068,418.41,3.07,False
2021-07-06,2021.5096,417.64,2.21,False
2021-07-07,2021.5123,417.62,2.14,False
2021-07-08,2021.5151,417.86,2.18,False
2021-07-09,2021.5178,415.82,0.89,False
2021-07-10,2021.5205,417.04,1.55,False
2021-07-11,2021.5233,416.92,1.15,False
2021-07-12,2021.526,416.69,1.35,False
2021-07-13,2021.5288,417.57,4.05,False
2021-07-14,2021.5315,417.51,2.68,False
2021-07-15,2021.5342,417.36,1.96,False
2021-07-16,2021.537,417.46,2.06,False
2021-07-17,2021.5397,418.83,4.42,False
2021-07-18,2021.5425,417.51,3.27,False
2021-07-19,2021.5452,417.13,3.05,False
2021-07-20,2021.5479,417.03,2.83,False
2021-07-21,2021.5507,417.05,2.79,False
2021-07-22,2021.5534,416.13,1.7,False
2021-07-23,2021.5562,416.05,2.52,False
2021-07-24,2021.5589,416.04,,False
2021-07-25,2021.5616,416.31,2.3,False
2021-07-26,2021.5644,415.36,2.05,False
2021-07-27,2021.5671,416.24,2.68,False
2021-07-28,2021.5699,414.1,0.17,False
2021-07-29,2021.5726,415.34,1.42,False
2021-07-30,2021.5753,415.83,1.7,False
2021-07-31,2021.5781,415.69,4.1,False
2021-08-01,2021.5808,415.37,1.84,False
2021-08-02,2021.5836,413.56,-0.01,False
2021-08-03,2021.5863,415.02,1.17,False
2021-08-04,2021.589,415.13,,False
2021-08-05,2021.5918,415.51,,False
2021-08-06,2021.5945,415.16,,False
2021-08-07,2021.5973,415.0,1.99,False
2021-08-08,2021.6,414.33,1.27,False
2021-08-10,2021.6055,414.36,1.61,False
2021-08-12,2021.611,414.74,1.64,False
2021-08-13,2021.6137,414.46,1.43,False
2021-08-14,2021.6164,414.7,,False
2021-08-15,2021.6192,414.88,2.13,False
2021-08-16,2021.6219,414.93,,False
2021-08-17,2021.6247,415.05,2.28,False
2021-08-18,2021.6274,414.94,2.55,False
2021-08-19,2021.6301,415.02,2.66,False
2021-08-20,2021.6329,414.71,,False
2021-08-21,2021.6356,414.65,1.99,False
2021-08-22,2021.6384,414.79,2.01,False
2021-08-23,2021.6411,414.43,2.01,False
2021-08-24,2021.6438,413.97,1.81,False
2021-08-25,2021.6466,413.95,1.28,False
2021-08-28,2021.6548,411.8,0.02,False
2021-08-31,2021.663,412.57,0.93,False
2021-09-01,2021.6658,412.94,0.81,False
2021-09-03,2021.6712,413.87,1.98,False
2021-09-04,2021.674,413.4,2.23,False
2021-09-05,2021.6767,413.13,1.56,False
2021-09-06,2021.6795,413.2,1.1,False
2021-09-07,2021.6822,413.55,1.98,False
2021-09-08,2021.6849,413.42,1.46,False
2021-09-09,2021.6877,413.79,2.43,False
2021-09-10,2021.6904,413.19,2.0,False
2021-09-11,2021.6932,413.03,1.18,False
2021-09-13,2021.6986,413.63,1.59,False
2021-09-14,2021.7014,413.14,1.46,False
2021-09-15,2021.7041,412.52,0.47,False
2021-09-16,2021.7068,412.9,1.03,False
2021-09-17,2021.7096,413.02,1.65,False
2021-09-18,2021.7123,413.17,1.82,False
2021-09-19,2021.7151,413.29,1.93,False
2021-09-20,2021.7178,413.4,2.08,False
2021-09-21,2021.7205,413.4,2.63,False
2021-09-22,2021.7233,413.39,,False
2021-09-23,2021.726,413.32,1.85,False
2021-09-24,2021.7288,413.05,1.6,False
2021-09-25,2021.7315,413.05,1.94,False
2021-09-26,2021.7342,413.05,1.97,False
2021-09-27,2021.737,413.12,2.09,False
2021-09-28,2021.7397,413.53,2.28,False
2021-09-29,2021.7425,413.56,2.2,False
2021-10-01,2021.7479,413.38,2.06,False
2021-10-02,2021.7507,413.35,1.89,False
2021-10-03,2021.7534,413.39,2.08,False
2021-10-04,2021.7562,413.44,2.22,False
2021-10-05,2021.7589,413.38,2.13,False
2021-10-06,2021.7616,413.79,2.41,False
2021-10-07,2021.7644,413.56,2.27,False
2021-10-08,2021.7671,413.52,2.19,False
2021-10-09,2021.7699,414.16,3.08,False
2021-10-10,2021.7726,413.84,2.56,False
2021-10-11,2021.7753,413.75,2.35,False
2021-10-12,2021.7781,413.54,2.44,False
2021-10-13,2021.7808,413.87,2.47,False
2021-10-14,2021.7836,413.76,2.4,False
2021-10-15,2021.7863,413.77,2.51,False
2021-10-16,2021.789,414.48,3.1,False
2021-10-17,2021.7918,414.55,3.19,False
2021-10-18,2021.7945,414.31,2.87,False
2021-10-19,2021.7973,414.19,2.84,False
2021-10-20,2021.8,414.28,2.86,False
2021-10-21,2021.8027,413.64,1.59,False
2021-10-22,2021.8055,415.03,2.94,False
2021-10-23,2021.8082,414.27,2.28,False
2021-10-25,2021.8137,414.16,2.67,False
2021-10-26,2021.8164,413.85,2.39,False
2021-10-27,2021.8192,413.75,2.55,False
2021-10-28,2021.8219,413.72,1.99,False
2021-10-29,2021.8247,413.86,1.94,False
2021-10-30,2021.8274,413.86,2.0,False
2021-11-01,2021.8329,413.74,1.37,False
2021-11-02,2021.8356,413.93,1.62,False
2021-11-03,2021.8384,414.33,3.37,False
2021-11-04,2021.8411,414.24,3.12,False
2021-11-05,2021.8438,414.28,,False
2021-11-06,2021.8466,414.32,1.83,False
2021-11-07,2021.8493,414.72,2.2,False
2021-11-08,2021.8521,414.92,2.57,False
2021-11-09,2021.8548,414.46,2.2,False
2021-11-10,2021.8575,414.88,1.32,False
2021-11-11,2021.8603,415.22,1.2,False
2021-11-12,2021.863,415.69,2.62,False
2021-11-13,2021.8658,414.63,1.8,False
2021-11-14,2021.8685,414.59,1.81,False
2021-11-15,2021.8712,414.54,1.9,False
2021-11-16,2021.874,414.75,1.97,False
2021-11-17,2021.8767,414.99,2.54,False
2021-11-18,2021.8795,414.76,2.41,False
2021-11-19,2021.8822,415.04,1.36,False
2021-11-20,2021.8849,415.23,,False
2021-11-21,2021.8877,415.28,2.74,False
2021-11-22,2021.8904,415.1,1.31,False
2021-11-23,2021.8932,415.23,,False
2021-11-24,2021.8959,415.36,1.76,False
2021-11-25,2021.8986,415.49,2.17,False
2021-11-26,2021.9014,415.37,1.91,False
2021-11-27,2021.9041,415.45,1.06,False
2021-11-28,2021.9068,415.63,-0.07,False
2021-11-29,2021.9096,416.55,0.84,False
2021-11-30,2021.9123,416.5,1.93,False
2021-12-01,2021.9151,415.96,2.06,False
2021-12-02,2021.9178,416.08,2.29,False
2021-12-03,2021.9205,415.74,2.0,False
2021-12-04,2021.9233,416.41,3.36,False
2021-12-05,2021.926,416.11,3.1,False
2021-12-06,2021.9288,415.42,2.33,False
2021-12-09,2021.937,416.06,1.87,False
2021-12-10,2021.9397,415.91,1.99,False
2021-12-11,2021.9425,415.64,1.81,False
2021-12-12,2021.9452,416.11,2.24,False
2021-12-13,2021.9479,415.83,2.08,False
2021-12-14,2021.9507,416.85,3.29,False
2021-12-15,2021.9534,416.82,3.12,False
2021-12-16,2021.9562,416.63,2.43,False
2021-12-17,2021.9589,416.28,1.85,False
2021-12-18,2021.9616,416.38,2.08,False
2021-12-19,2021.9644,416.83,1.86,False
2021-12-20,2021.9671,417.18,2.29,False
2021-12-21,2021.9699,416.96,1.98,False
2021-12-23,2021.9753,417.92,2.87,False
2021-12-24,2021.9781,418.4,3.52,False
2021-12-25,2021.9808,417.4,2.62,False
2021-12-26,2021.9836,416.94,,False
2021-12-27,2021.9863,417.2,2.0,False
2021-12-28,2021.989,417.92,2.77,False
2021-12-29,2021.9918,417.98,3.13,False
2021-12-30,2021.9945,417.07,1.62,False
2021-12-31,2021.9973,417.12,1.75,False
2022-01-01,2022.0,417.68,1.93,False
2022-01-02,2022.0027,417.74,2.38,False
2022-01-03,2022.0055,417.25,1.57,False
2022-01-04,2022.0082,417.25,1.69,False
2022-01-05,2022.011,417.94,2.78,False
2022-01-06,2022.0137,417.56,2.11,False
2022-01-07,2022.0164,416.85,1.38,False
2022-01-08,2022.0192,416.97,1.77,False
2022-01-09,2022.0219,417.77,2.79,False
2022-01-10,2022.0247,417.86,2.81,False
2022-01-11,2022.0274,417.57,2.43,False
2022-01-12,2022.0301,418.13,3.11,False
2022-01-13,2022.0329,418.89,3.93,False
2022-01-14,2022.0356,419.04,3.99,False
2022-01-15,2022.0384,418.72,,False
2022-01-16,2022.0411,418.19,,False
2022-01-17,2022.0438,417.76,3.08,False
2022-01-18,2022.0466,417.26,1.95,False
2022-01-19,2022.0493,417.29,1.98,False
2022-01-20,2022.0521,417.42,2.4,False
2022-01-21,2022.0548,417.69,2.21,False
2022-01-22,2022.0575,417.47,1.9,False
2022-01-23,2022.0603,418.92,2.55,False
2022-01-24,2022.063,419.76,3.02,False
2022-01-25,2022.0658,419.15,3.23,False
2022-01-26,2022.0685,420.48,4.81,False
2022-01-27,2022.0712,418.05,2.59,False
2022-01-28,2022.074,418.19,2.31,False
2022-01-30,2022.0795,419.37,3.21,False
2022-01-31,2022.0822,419.23,3.51,False
2022-02-01,2022.0849,419.09,3.44,False
2022-02-02,2022.0877,419.28,3.49,False
2022-02-03,2022.0904,419.34,3.4,False
2022-02-04,2022.0932,418.99,-0.34,False
2022-02-05,2022.0959,418.74,-0.68,False
2022-02-06,2022.0986,418.46,0.66,False
2022-02-07,2022.1014,418.45,2.0,False
2022-02-08,2022.1041,419.29,3.29,False
2022-02-09,2022.1068,418.65,2.18,False
2022-02-11,2022.1123,417.59,0.29,False
2022-02-12,2022.1151,417.6,0.32,False
2022-02-13,2022.1178,420.79,3.79,False
2022-02-14,2022.1205,421.54,5.35,True
2022-02-15,2022.1233,419.83,3.64,False
2022-02-16,2022.126,419.14,3.07,False
2022-02-17,2022.1288,419.01,2.95,False
2022-02-18,2022.1315,419.15,1.64,False
2022-02-19,2022.1342,418.72,1.81,False
2022-02-20,2022.137,418.71,2.28,False
2022-02-21,2022.1397,418.52,2.39,False
2022-02-22,2022.1425,419.22,2.85,False
2022-02-23,2022.1452,420.26,3.96,False
2022-02-24,2022.1479,420.8,4.53,False
2022-02-25,2022.1507,420.32,4.21,False
2022-02-26,2022.1534,419.18,2.88,False
2022-02-27,2022.1562,419.58,3.1,False
2022-02-28,2022.1589,419.23,2.59,False
2022-03-01,2022.1616,419.47,1.66,False
2022-03-02,2022.1644,418.99,1.05,False
2022-03-03,2022.1671,419.02,0.75,False
2022-03-04,2022.1699,418.7,0.5,False
2022-03-05,2022.1726,419.12,0.94,False
2022-03-06,2022.1753,417.92,-0.58,False
2022-03-07,2022.1781,417.84,-0.29,False
2022-03-08,2022.1808,418.07,0.27,False
2022-03-09,2022.1836,418.0,1.6,False
2022-03-10,2022.1863,418.9,2.4,False
2022-03-11,2022.189,419.46,2.82,False
2022-03-12,2022.1918,419.1,2.86,False
2022-03-13,2022.1945,418.64,1.97,False
2022-03-14,2022.1973,418.29,1.33,False
2022-03-15,2022.2,418.04,0.38,False
2022-03-17,2022.2055,418.91,1.69,False
2022-03-18,2022.2082,417.86,-0.29,False
2022-03-19,2022.211,418.07,-0.32,False
2022-03-20,2022.2137,417.9,-0.73,False
2022-03-21,2022.2164,417.8,-0.22,False
2022-03-22,2022.2192,417.79,0.43,False
2022-03-23,2022.2219,417.98,-0.93,False
2022-03-24,2022.2247,417.93,,False
2022-03-25,2022.2274,417.93,1.66,False
2022-03-26,2022.2301,419.6,2.13,False
2022-03-27,2022.2329,420.95,2.89,False
2022-03-28,2022.2356,419.84,,False
2022-03-29,2022.2384,420.44,,False
2022-03-30,2022.2411,420.09,3.18,False
2022-03-31,2022.2438,420.15,2.78,False
2022-04-01,2022.2466,419.97,2.44,False
2022-04-02,2022.2493,420.82,3.88,False
2022-04-03,2022.2521,420.59,-0.58,False
2022-04-04,2022.2548,420.1,,False
2022-04-05,2022.2575,419.68,1.01,False
2022-04-06,2022.2603,419.13,0.52,False
2022-04-07,2022.263,420.81,2.38,False
2022-04-08,2022.2658,420.61,-0.71,False
2022-04-11,2022.274,418.77,-1.09,False
2022-04-12,2022.2767,418.94,-0.53,False
2022-04-13,2022.2795,420.66,,False
2022-04-14,2022.2822,420.38,1.68,False
2022-04-15,2022.2849,420.52,2.26,False
2022-04-16,2022.2877,421.4,2.96,False
2022-04-17,2022.2904,421.04,,False
2022-04-18,2022.2932,420.91,2.84,False
2022-04-19,2022.2959,420.92,,False
2022-04-20,2022.2986,420.61,3.52,False
2022-04-21,2022.3014,420.42,,False
2022-04-22,2022.3041,419.08,0.55,False
2022-04-23,2022.3068,419.36,0.62,False
2022-04-24,2022.3096,420.46,2.09,False
2022-04-25,2022.3123,420.74,,False
2022-04-26,2022.3151,422.01,2.04,True
2022-04-27,2022.3178,419.51,0.06,False
2022-04-28,2022.3205,419.11,-0.6,False
2022-04-29,2022.3233,419.81,-0.01,False
2022-04-30,2022.326,419.36,-1.14,False
2022-05-01,2022.3288,419.75,-0.63,False
2022-05-02,2022.3315,420.94,1.03,False
2022-05-03,2022.3342,420.43,0.72,False
2022-05-04,2022.337,421.28,1.2,False
2022-05-05,2022.3397,419.63,-0.47,False
2022-05-06,2022.3425,419.56,,False
2022-05-07,2022.3452,419.33,0.88,False
2022-05-08,2022.3479,419.77,1.08,False
2022-05-09,2022.3507,419.31,1.54,False
2022-05-10,2022.3534,421.08,2.72,False
2022-05-11,2022.3562,421.66,3.19,False
2022-05-12,2022.3589,421.81,,False
2022-05-13,2022.3616,421.89,3.9,False
2022-05-14,2022.3644,421.99,3.43,False
2022-05-15,2022.3671,421.8,2.26,False
2022-05-16,2022.3699,421.67,2.29,False
2022-05-17,2022.3726,421.59,1.78,False
2022-05-18,2022.3753,420.11,0.23,False
2022-05-19,2022.3781,420.24,0.45,False
2022-05-20,2022.3808,420.64,1.81,False
2022-05-21,2022.3836,420.36,2.45,False
2022-05-22,2022.3863,420.77,3.04,False
2022-05-23,2022.389,421.67,3.83,False
2022-05-24,2022.3918,421.22,3.44,False
2022-05-25,2022.3945,421.51,2.64,False
2022-05-26,2022.3973,421.32,2.59,False
2022-05-27,2022.4,421.93,2.44,False
2022-05-28,2022.4027,421.69,1.08,False
2022-05-29,2022.4055,421.69,,False
2022-05-30,2022.4082,421.52,1.59,False
2022-05-31,2022.411,421.78,1.92,False
2022-06-01,2022.4137,421.88,4.87,False
2022-06-02,2022.4164,421.58,1.18,False
2022-06-03,2022.4192,421.52,1.44,False
2022-06-04,2022.4219,421.09,1.4,False
2022-06-06,2022.4274,421.5,1.78,False
2022-06-07,2022.4301,421.37,1.62,False
2022-06-08,2022.4329,421.35,1.47,False
2022-06-09,2022.4356,421.29,1.85,False
2022-06-10,2022.4384,420.88,1.38,False
2022-06-11,2022.4411,421.14,1.8,False
2022-06-12,2022.4438,420.95,2.32,False
2022-06-13,2022.4466,421.05,2.14,False
2022-06-14,2022.4493,421.66,2.72,False
2022-06-15,2022.4521,420.53,1.09,False
2022-06-16,2022.4548,420.68,1.5,False
2022-06-18,2022.4603,421.02,2.0,False
2022-06-19,2022.463,421.11,2.06,False
2022-06-20,2022.4658,420.59,1.45,False
2022-06-21,2022.4685,420.87,1.71,False
2022-06-22,2022.4712,420.68,2.54,False
2022-06-23,2022.474,420.82,1.84,False
2022-06-24,2022.4767,420.76,,False
2022-06-25,2022.4795,420.94,3.36,False
2022-06-26,2022.4822,420.05,2.43,False
2022-06-27,2022.4849,420.1,1.85,False
2022-06-28,2022.4877,420.51,2.47,False
2022-06-29,2022.4904,419.65,1.88,False
2022-06-30,2022.4932,420.46,1.94,False
2022-07-01,2022.4959,420.53,2.24,False
2022-07-02,2022.4986,420.51,2.3,False
2022-07-03,2022.5014,420.17,3.0,False
2022-07-04,2022.5041,419.94,2.33,False
2022-07-05,2022.5068,420.05,1.64,False
2022-07-07,2022.5123,419.7,2.08,False
2022-07-08,2022.5151,419.12,1.26,False
2022-07-09,2022.5178,419.15,3.33,False
2022-07-10,2022.5205,419.31,2.27,False
2022-07-11,2022.5233,419.03,2.11,False
2022-07-13,2022.5288,419.27,1.7,False
2022-07-14,2022.5315,419.12,1.61,False
2022-07-15,2022.5342,419.21,1.85,False
2022-07-16,2022.537,418.24,0.78,False
2022-07-17,2022.5397,418.77,-0.06,False
2022-07-18,2022.5425,418.99,1.48,False
2022-07-19,2022.5452,418.02,0.89,False
2022-07-20,2022.5479,419.09,2.06,False
2022-07-22,2022.5534,417.05,0.92,False
2022-07-23,2022.5562,418.38,2.33,False
2022-07-25,2022.5616,418.62,2.31,False
2022-07-26,2022.5644,418.64,3.28,False
2022-07-27,2022.5671,418.33,2.09,False
2022-07-28,2022.5699,416.45,2.35,False
2022-07-29,2022.5726,417.78,2.44,False
2022-07-30,2022.5753,417.0,1.17,False
2022-07-31,2022.5781,418.51,2.82,False
2022-08-01,2022.5808,418.46,3.09,False
2022-08-02,2022.5836,418.41,4.85,False
2022-08-03,2022.5863,417.72,2.7,False
2022-08-04,2022.589,418.19,3.06,False
2022-08-05,2022.5918,418.4,2.89,False
2022-08-06,2022.5945,417.34,2.18,False
2022-08-07,2022.5973,417.82,2.82,False
2022-08-09,2022.6027,417.27,,False
2022-08-10,2022.6055,417.41,3.05,False
2022-08-11,2022.6082,417.2,,False
2022-08-12,2022.611,417.1,2.36,False
2022-08-13,2022.6137,416.93,2.47,False
2022-08-14,2022.6164,417.35,2.65,False
2022-08-15,2022.6192,417.57,2.69,False
2022-08-16,2022.6219,417.54,2.61,False
2022-08-18,2022.6274,417.0,2.06,False
2022-08-19,2022.6301,417.09,2.07,False
2022-08-20,2022.6329,416.76,2.05,False
2022-08-21,2022.6356,416.31,1.66,False
2022-08-23,2022.6411,416.81,2.38,False
2022-08-24,2022.6438,416.5,2.53,False
2022-08-25,2022.6466,416.8,2.85,False
2022-08-26,2022.6493,416.69,,False
2022-08-27,2022.6521,416.02,,False
2022-08-29,2022.6575,416.27,,False
2022-08-30,2022.6603,416.23,,False
2022-08-31,2022.663,416.61,4.04,False
2022-09-01,2022.6658,416.8,3.86,False
2022-09-02,2022.6685,416.57,,False
2022-09-04,2022.674,416.64,3.24,False
2022-09-05,2022.6767,416.4,3.27,False
2022-09-06,2022.6795,416.19,2.99,False
2022-09-07,2022.6822,415.98,2.43,False
2022-09-08,2022.6849,416.16,2.74,False
2022-09-09,2022.6877,416.22,2.43,False
2022-09-10,2022.6904,416.41,3.22,False
2022-09-12,2022.6959,415.96,,False
2022-09-13,2022.6986,416.13,2.5,False
2022-09-14,2022.7014,416.08,2.94,False
2022-09-15,2022.7041,416.25,3.73,False
2022-09-16,2022.7068,416.1,3.2,False
2022-09-17,2022.7096,415.5,2.48,False
2022-09-18,2022.7123,415.95,2.78,False
2022-09-19,2022.7151,416.15,2.86,False
2022-09-20,2022.7178,416.27,2.87,False
2022-09-21,2022.7205,416.26,2.86,False
2022-09-22,2022.7233,414.69,1.3,False
2022-09-23,2022.726,414.76,1.44,False
2022-09-24,2022.7288,414.56,1.51,False
2022-09-25,2022.7315,415.65,2.6,False
2022-09-26,2022.7342,415.31,2.26,False
2022-09-27,2022.737,415.18,2.06,False
2022-09-28,2022.7397,415.33,1.8,False
2022-09-29,2022.7425,415.74,2.18,False
2022-09-30,2022.7452,415.62,,False
2022-10-01,2022.7479,415.85,2.47,False
2022-10-02,2022.7507,415.56,2.21,False
2022-10-03,2022.7534,415.2,1.81,False
2022-10-04,2022.7562,415.11,1.67,False
2022-10-05,2022.7589,414.85,1.47,False
2022-10-06,2022.7616,415.16,1.37,False
2022-10-07,2022.7644,415.38,1.82,False
2022-10-08,2022.7671,415.29,1.77,False
2022-10-09,2022.7699,415.27,1.11,False
2022-10-10,2022.7726,415.43,1.59,False
2022-10-11,2022.7753,415.25,1.5,False
2022-10-12,2022.7781,415.29,1.75,False
2022-10-13,2022.7808,415.48,1.61,False
2022-10-14,2022.7836,415.72,1.96,False
2022-10-15,2022.7863,415.81,2.04,False
2022-10-16,2022.789,416.06,1.58,False
2022-10-17,2022.7918,415.57,1.02,False
2022-10-18,2022.7945,415.61,1.3,False
2022-10-19,2022.7973,415.69,1.5,False
2022-10-20,2022.8,415.97,1.69,False
2022-10-21,2022.8027,416.03,2.39,False
2022-10-22,2022.8055,415.97,0.94,False
2022-10-23,2022.8082,416.02,1.75,False
2022-10-24,2022.811,416.33,,False
2022-10-25,2022.8137,415.63,1.47,False
2022-10-26,2022.8164,416.1,2.25,False
2022-10-27,2022.8192,416.98,3.23,False
2022-10-28,2022.8219,416.29,2.57,False
2022-10-29,2022.8247,416.48,2.62,False
2022-10-31,2022.8301,416.33,,False
2022-11-01,2022.8329,416.1,2.36,False
2022-11-02,2022.8356,416.38,2.45,False
2022-11-03,2022.8384,416.63,2.3,False
2022-11-04,2022.8411,416.51,2.27,False
2022-11-08,2022.8521,416.6,1.68,False
2022-11-09,2022.8548,416.62,2.16,False
2022-11-10,2022.8575,416.88,2.0,False
2022-11-11,2022.8603,417.91,2.69,False
2022-11-12,2022.863,417.68,1.99,False
2022-11-13,2022.8658,416.87,2.24,False
2022-11-14,2022.8685,417.89,3.3,False
2022-11-15,2022.8712,416.98,2.44,False
2022-11-16,2022.874,416.9,2.15,False
2022-11-17,2022.8767,417.32,2.33,False
2022-11-18,2022.8795,417.5,2.74,False
2022-11-19,2022.8822,417.32,2.28,False
2022-11-20,2022.8849,418.03,2.8,False
2022-11-21,2022.8877,418.42,3.14,False
2022-11-22,2022.8904,418.51,3.41,False
2022-11-23,2022.8932,418.77,3.54,False
2022-11-24,2022.8959,418.88,3.52,False
2022-11-25,2022.8986,418.72,3.23,False
2022-11-26,2022.9014,418.06,2.69,False
2022-11-27,2022.9041,418.11,2.66,False
2022-11-28,2022.9068,417.26,1.63,False
2022-12-08,2022.9342,418.88,,False
2022-12-09,2022.937,419.58,3.52,False
2022-12-10,2022.9397,418.57,2.66,False
2022-12-11,2022.9425,418.51,2.87,False
2022-12-12,2022.9452,419.14,3.03,False
2022-12-13,2022.9479,419.29,3.46,False
2022-12-14,2022.9507,418.6,1.75,False
2022-12-15,2022.9534,418.75,1.93,False
2022-12-16,2022.9562,418.79,2.16,False
2022-12-17,2022.9589,418.48,2.2,False
2022-12-18,2022.9616,417.93,1.55,False
2022-12-19,2022.9644,418.0,1.17,False
2022-12-20,2022.9671,420.83,3.65,False
2022-12-21,2022.9699,419.26,2.3,False
2022-12-22,2022.9726,419.46,,False
2022-12-23,2022.9753,419.42,1.5,False
2022-12-24,2022.9781,419.4,1.0,False
2022-12-25,2022.9808,419.55,2.15,False
2022-12-26,2022.9836,419.53,2.59,False
2022-12-27,2022.9863,419.47,2.27,False
2022-12-28,2022.989,419.57,1.65,False
2022-12-29,2022.9918,419.32,1.34,False
2022-12-30,2022.9945,419.01,1.94,False
2022-12-31,2022.9973,419.56,2.44,False
2023-01-01,2023.0,419.31,1.63,False
2023-01-02,2023.0027,419.3,1.56,False
2023-01-03,2023.0055,419.62,2.37,False
2023-01-04,2023.0082,419.11,1.86,False
2023-01-05,2023.011,419.27,1.33,False
2023-01-06,2023.0137,419.23,1.67,False
2023-01-07,2023.0164,419.26,2.41,False
2023-01-08,2023.0192,419.34,2.37,False
2023-01-09,2023.0219,419.17,1.4,False
2023-01-10,2023.0247,419.12,1.26,False
2023-01-11,2023.0274,418.86,1.29,False
2023-01-12,2023.0301,420.33,2.2,False
2023-01-13,2023.0329,420.71,1.82,False
2023-01-14,2023.0356,419.92,0.88,False
2023-01-15,2023.0384,419.34,0.62,False
2023-01-16,2023.0411,419.31,1.12,False
2023-01-17,2023.0438,419.09,1.33,False
2023-01-18,2023.0466,419.17,1.91,False
2023-01-19,2023.0493,419.1,1.81,False
2023-01-20,2023.0521,419.18,1.76,False
2023-01-21,2023.0548,419.04,1.35,False
2023-01-22,2023.0575,419.13,1.66,False
2023-01-23,2023.0603,419.78,0.86,False
2023-01-24,2023.063,419.89,0.13,False
2023-01-25,2023.0658,419.75,0.6,False
2023-01-26,2023.0685,419.55,-0.93,False
2023-01-27,2023.0712,420.35,2.3,False
2023-01-28,2023.074,419.68,1.49,False
2023-01-29,2023.0767,420.16,,False
2023-01-30,2023.0795,419.59,0.22,False
2023-01-31,2023.0822,419.37,0.14,False
2023-02-01,2023.0849,419.42,0.33,False
2023-02-02,2023.0877,419.8,0.52,False
2023-02-03,2023.0904,420.01,0.67,False
2023-02-04,2023.0932,420.35,1.36,False
2023-02-05,2023.0959,420.47,1.73,False
2023-02-06,2023.0986,420.03,1.57,False
2023-02-07,2023.1014,419.45,1.0,False
2023-02-08,2023.1041,419.83,0.54,False
2023-02-09,2023.1068,420.08,1.43,False
2023-02-10,2023.1096,420.33,,False
2023-02-11,2023.1123,421.24,3.65,False
2023-02-12,2023.1151,421.25,3.65,False
2023-02-13,2023.1178,421.26,0.47,False
2023-02-14,2023.1205,421.22,-0.32,False
2023-02-15,2023.1233,421.18,1.35,False
2023-02-16,2023.126,420.19,1.05,False
2023-02-17,2023.1288,419.96,0.95,False
2023-02-18,2023.1315,420.63,1.48,False
2023-02-20,2023.137,419.84,1.13,False
2023-02-22,2023.1425,419.41,0.19,False
2023-02-23,2023.1452,418.83,-1.43,False
2023-02-25,2023.1507,420.16,-0.16,False
2023-02-26,2023.1534,421.18,2.0,False
2023-03-02,2023.1644,422.51,3.52,True
2023-03-03,2023.1671,421.24,2.22,False
2023-03-04,2023.1699,421.33,2.63,False
2023-03-05,2023.1726,421.49,2.37,False
2023-03-06,2023.1753,421.17,3.25,False
2023-03-07,2023.1781,420.9,3.06,False
2023-03-08,2023.1808,420.8,2.73,False
2023-03-09,2023.1836,422.57,4.57,True
2023-03-10,2023.1863,421.82,2.92,False
2023-03-11,2023.189,419.72,0.26,False
2023-03-12,2023.1918,419.59,0.49,False
2023-03-13,2023.1945,420.01,1.37,False
2023-03-14,2023.1973,420.57,2.28,False
2023-03-15,2023.2,420.21,2.17,False
2023-03-16,2023.2027,420.07,,False
2023-03-17,2023.2055,420.37,1.46,False
2023-03-18,2023.2082,420.56,2.7,False
2023-03-19,2023.211,420.62,2.55,False
2023-03-20,2023.2137,420.98,3.08,False
2023-03-21,2023.2164,420.77,2.97,False
2023-03-22,2023.2192,420.78,2.99,False
2023-03-23,2023.2219,420.75,2.77,False
2023-03-24,2023.2247,420.82,2.89,False
2023-03-25,2023.2274,420.76,2.83,False
2023-03-26,2023.2301,421.08,1.48,False
2023-03-27,2023.2329,420.91,-0.04,False
2023-03-28,2023.2356,421.4,1.56,False
2023-03-29,2023.2384,421.6,1.16,False
2023-03-30,2023.2411,422.44,2.35,False
2023-03-31,2023.2438,422.42,2.27,False
2023-04-01,2023.2466,421.89,1.92,False
2023-04-02,2023.2493,422.51,1.69,False
2023-04-03,2023.2521,422.98,2.39,True
2023-04-04,2023.2548,422.88,2.78,False
2023-04-05,2023.2575,422.75,3.07,False
2023-04-06,2023.2603,423.01,3.88,True
2023-04-07,2023.263,422.41,1.6,False
2023-04-09,2023.2685,421.72,,False
2023-04-10,2023.2712,422.29,,False
2023-04-11,2023.274,423.06,4.29,True
2023-04-12,2023.2767,423.23,4.29,True
2023-04-14,2023.2822,423.08,2.7,False
2023-04-15,2023.2849,424.32,3.8,True
2023-04-16,2023.2877,424.61,3.21,True
2023-04-17,2023.2904,424.83,3.79,True
2023-04-18,2023.2932,424.07,3.16,False
2023-04-19,2023.2959,422.93,2.01,False
2023-04-20,2023.2986,423.18,2.57,False
2023-04-21,2023.3014,422.66,2.24,False
2023-04-22,2023.3041,423.46,4.38,False
2023-04-23,2023.3068,423.64,4.28,False
2023-04-24,2023.3096,423.96,3.5,False
2023-04-25,2023.3123,424.67,3.93,False
2023-04-26,2023.3151,424.0,1.99,False
2023-04-27,2023.3178,424.07,4.56,False
2023-04-28,2023.3205,424.14,5.03,False
2023-04-29,2023.3233,423.98,4.17,False
2023-04-30,2023.326,423.88,4.52,False
2023-05-01,2023.3288,424.18,4.43,False
2023-05-02,2023.3315,423.7,2.76,False
2023-05-03,2023.3342,423.39,2.96,False
2023-05-04,2023.337,423.93,2.65,False
2023-05-05,2023.3397,424.08,4.45,False
2023-05-06,2023.3425,424.73,5.17,False
2023-05-07,2023.3452,424.71,5.38,False
2023-05-08,2023.3479,424.26,4.49,False
2023-05-09,2023.3507,424.17,4.86,False
2023-05-10,2023.3534,424.32,3.24,False
2023-05-11,2023.3562,423.93,2.27,False
2023-05-12,2023.3589,424.16,2.35,False
2023-05-13,2023.3616,424.51,2.62,False
2023-05-14,2023.3644,424.33,2.34,False
2023-05-15,2023.3671,424.33,2.53,False
2023-05-16,2023.3699,424.47,2.8,False
2023-05-17,2023.3726,422.47,0.88,False
2023-05-18,2023.3753,422.06,1.95,False
2023-05-19,2023.3781,422.3,2.06,False
2023-05-20,2023.3808,423.79,3.15,False
2023-05-21,2023.3836,423.74,3.38,False
2023-05-22,2023.3863,424.23,3.46,False
2023-05-23,2023.389,423.87,2.2,False
2023-05-24,2023.3918,423.7,2.48,False
2023-05-25,2023.3945,424.03,2.52,False
2023-05-26,2023.3973,423.24,1.92,False
2023-05-27,2023.4,424.56,2.63,False
2023-05-28,2023.4027,424.71,3.02,False
2023-05-29,2023.4055,424.76,3.07,False
2023-05-30,2023.4082,424.67,3.15,False
2023-05-31,2023.411,424.65,2.87,False
2023-06-01,2023.4137,424.43,2.55,False
2023-06-02,2023.4164,424.58,3.0,False
2023-06-03,2023.4192,424.72,3.2,False
2023-06-04,2023.4219,424.87,3.78,True
2023-06-05,2023.4247,424.72,,False
2023-06-06,2023.4274,424.43,2.93,False
2023-06-07,2023.4301,424.43,3.06,False
2023-06-08,2023.4329,423.62,2.27,False
2023-06-09,2023.4356,424.46,3.17,False
2023-06-10,2023.4384,424.1,3.22,False
2023-06-11,2023.4411,424.81,3.67,False
2023-06-13,2023.4466,424.19,3.14,False
2023-06-14,2023.4493,423.33,1.67,False
2023-06-15,2023.4521,424.54,4.01,False
2023-06-16,2023.4548,424.46,3.78,False
2023-06-17,2023.4575,423.47,,False
2023-06-18,2023.4603,423.16,2.14,False
2023-06-19,2023.463,423.75,2.64,False
2023-06-20,2023.4658,423.44,2.85,False
2023-06-21,2023.4685,423.64,2.77,False
2023-06-22,2023.4712,423.52,2.84,False
2023-06-23,2023.474,423.59,2.77,False
2023-06-24,2023.4767,423.35,2.59,False
2023-06-25,2023.4795,422.2,1.26,False
2023-06-26,2023.4822,421.94,1.89,False
2023-06-27,2023.4849,421.86,1.76,False
2023-06-28,2023.4877,422.0,1.49,False
2023-06-29,2023.4904,422.36,2.71,False
2023-06-30,2023.4932,422.61,2.15,False
2023-07-01,2023.4959,422.41,1.88,False
2023-07-02,2023.4986,422.78,2.27,False
2023-07-03,2023.5014,422.79,2.62,False
2023-07-04,2023.5041,422.78,2.84,False
2023-07-08,2023.5151,422.15,3.03,False
2023-07-09,2023.5178,422.64,3.49,False
2023-07-10,2023.5205,422.72,3.41,False
2023-07-13,2023.5288,421.99,2.72,False
2023-07-14,2023.5315,422.35,3.23,False
2023-07-15,2023.5342,422.03,2.82,False
2023-07-16,2023.537,422.13,3.89,False
2023-07-17,2023.5397,421.24,2.47,False
2023-07-19,2023.5452,420.56,2.54,False
2023-07-20,2023.5479,420.47,1.38,False
2023-07-21,2023.5507,422.29,,False
2023-07-24,2023.5589,421.51,,False
2023-07-26,2023.5644,421.15,2.51,False
2023-07-27,2023.5671,421.09,2.76,False
2023-07-28,2023.5699,421.37,4.92,False
2023-07-30,2023.5753,420.75,3.75,False
2023-07-31,2023.5781,421.11,2.6,False
2023-08-01,2023.5808,420.88,2.42,False
2023-08-02,2023.5836,420.87,2.46,False
2023-08-03,2023.5863,420.9,3.18,False
2023-08-04,2023.589,420.45,2.26,False
2023-08-07,2023.5973,419.77,1.95,False
2023-08-08,2023.6,419.77,,False
2023-08-09,2023.6027,420.56,3.29,False
2023-08-10,2023.6055,420.51,3.1,False
2023-08-11,2023.6082,420.19,2.99,False
2023-08-12,2023.611,419.33,2.23,False
2023-08-15,2023.6192,418.47,0.9,False
2023-08-17,2023.6247,419.23,,False
2023-08-18,2023.6274,419.1,2.1,False
2023-08-19,2023.6301,419.13,2.04,False
2023-08-20,2023.6329,419.76,3.0,False
2023-08-24,2023.6438,418.85,2.35,False
2023-08-27,2023.6521,419.38,3.36,False
2023-08-28,2023.6548,419.55,,False
2023-08-29,2023.6575,419.38,3.11,False
2023-08-30,2023.6603,418.88,2.65,False
2023-08-31,2023.663,419.18,2.57,False
2023-09-05,2023.6767,418.84,2.44,False
2023-09-06,2023.6795,418.65,2.46,False
2023-09-07,2023.6822,418.49,2.51,False
2023-09-08,2023.6849,418.58,2.42,False
2023-09-12,2023.6959,418.36,2.4,False
2023-09-13,2023.6986,418.69,2.56,False
2023-09-17,2023.7096,418.72,3.22,False
2023-09-19,2023.7151,418.86,2.71,False
2023-09-20,2023.7178,418.58,2.31,False
2023-09-21,2023.7205,417.6,1.34,False
2023-09-22,2023.7233,417.88,3.19,False
2023-09-24,2023.7288,418.01,3.45,False
2023-09-25,2023.7315,418.21,2.56,False
2023-09-26,2023.7342,418.65,3.34,False
2023-09-27,2023.737,418.3,3.12,False
2023-09-28,2023.7397,418.2,2.87,False
2023-09-29,2023.7425,418.3,2.56,False
2023-09-30,2023.7452,418.38,2.76,False
2023-10-01,2023.7479,418.15,2.3,False
2023-10-02,2023.7507,418.37,2.81,False
2023-10-04,2023.7562,418.56,3.45,False
2023-10-05,2023.7589,418.25,3.4,False
2023-10-06,2023.7616,418.36,3.2,False
2023-10-07,2023.7644,418.19,2.81,False
2023-10-08,2023.7671,418.53,3.24,False
2023-10-09,2023.7699,418.33,3.06,False
2023-10-10,2023.7726,418.21,2.78,False
2023-10-12,2023.7781,418.93,3.64,False
2023-10-13,2023.7808,418.66,3.18,False
2023-10-15,2023.7863,419.81,4.0,False
2023-10-16,2023.789,419.53,3.47,False
2023-10-17,2023.7918,419.66,4.09,False
2023-10-18,2023.7945,419.37,3.76,False
2023-10-19,2023.7973,419.44,3.75,False
2023-10-20,2023.8,419.53,3.56,False
2023-10-21,2023.8027,418.9,2.87,False
2023-10-23,2023.8082,419.09,3.07,False
2023-10-24,2023.811,418.88,2.55,False
2023-10-25,2023.8137,418.92,3.29,False
2023-10-26,2023.8164,418.87,2.77,False
2023-10-27,2023.8192,418.84,1.86,False
2023-10-28,2023.8219,418.84,2.55,False
2023-10-29,2023.8247,418.84,2.36,False
2023-10-30,2023.8274,418.55,,False
2023-10-31,2023.8301,418.94,2.61,False
2023-11-01,2023.8329,418.84,2.74,False
2023-11-02,2023.8356,418.98,2.6,False
2023-11-03,2023.8384,419.28,2.65,False
2023-11-04,2023.8411,419.89,3.38,False
2023-11-05,2023.8438,419.29,,False
2023-11-06,2023.8466,419.28,,False
2023-11-07,2023.8493,419.18,,False
2023-11-09,2023.8548,419.2,2.58,False
2023-11-10,2023.8575,419.44,2.56,False
2023-11-12,2023.863,419.55,1.87,False
2023-11-13,2023.8658,419.42,2.55,False
2023-11-15,2023.8712,421.52,4.54,False
2023-11-16,2023.874,422.07,5.17,False
2023-11-17,2023.8767,422.43,5.11,False
2023-11-18,2023.8795,422.36,4.86,False
2023-11-20,2023.8849,421.01,2.98,False
2023-11-21,2023.8877,420.61,2.19,False
2023-11-22,2023.8904,421.56,3.05,False
2023-11-23,2023.8932,421.38,2.61,False
2023-11-24,2023.8959,421.47,2.59,False
2023-11-28,2023.9068,420.59,3.33,False
2023-12-01,2023.9151,420.04,,False
2023-12-07,2023.9315,420.74,,False
2023-12-09,2023.937,421.31,1.73,False
2023-12-10,2023.9397,421.56,2.99,False
2023-12-11,2023.9425,421.66,3.15,False
2023-12-12,2023.9452,421.99,2.85,False
2023-12-13,2023.9479,421.78,2.49,False
2023-12-14,2023.9507,421.8,3.2,False
2023-12-15,2023.9534,423.38,4.63,False
2023-12-16,2023.9562,423.21,4.42,False
2023-12-17,2023.9589,422.67,4.19,False
2023-12-18,2023.9616,422.38,4.45,False
2023-12-19,2023.9644,422.03,4.03,False
2023-12-20,2023.9671,422.09,1.26,False
2023-12-21,2023.9699,422.02,2.76,False
2023-12-26,2023.9836,421.51,1.98,False
2023-12-27,2023.9863,422.24,2.77,False
2023-12-28,2023.989,421.55,1.98,False
2023-12-29,2023.9918,421.68,2.36,False
2023-12-30,2023.9945,422.33,3.32,False
2024-01-01,2024.0,422.23,2.92,False
2024-01-02,2024.0027,422.37,3.07,False
2024-01-05,2024.0109,422.61,3.34,False
2024-01-06,2024.0137,422.86,3.63,False
2024-01-08,2024.0191,423.31,3.97,False
2024-01-09,2024.0219,423.16,3.99,False
2024-01-10,2024.0246,423.22,4.1,False
2024-01-11,2024.0273,422.78,3.92,False
2024-01-13,2024.0328,424.96,4.25,True
2024-01-14,2024.0355,422.85,2.93,False
2024-01-15,2024.0383,422.36,3.02,False
2024-01-16,2024.041,422.83,3.52,False
2024-01-17,2024.0437,423.3,4.21,False
2024-01-18,2024.0464,422.83,3.66,False
2024-01-19,2024.0492,422.8,3.7,False
2024-01-20,2024.0519,422.89,3.71,False
2024-01-21,2024.0546,422.77,3.73,False
2024-01-22,2024.0574,422.87,3.74,False
2024-01-23,2024.0601,422.65,2.87,False
2024-01-24,2024.0628,422.85,2.96,False
2024-01-25,2024.0656,422.58,2.83,False
2024-01-26,2024.0683,423.57,4.02,False
2024-01-27,2024.071,422.71,2.36,False
2024-01-28,2024.0738,422.37,2.69,False
2024-01-29,2024.0765,422.24,2.08,False
2024-01-30,2024.0792,422.33,2.74,False
2024-01-31,2024.082,422.31,2.94,False
2024-02-01,2024.0847,422.21,2.79,False
2024-02-02,2024.0874,422.21,2.41,False
2024-02-04,2024.0929,426.21,5.86,True
2024-02-06,2024.0984,425.89,5.86,False
2024-02-07,2024.1011,425.6,6.15,False
2024-02-08,2024.1038,425.6,5.77,False
2024-02-10,2024.1093,425.87,5.54,False
2024-02-11,2024.112,424.82,3.58,False
2024-02-12,2024.1148,423.87,2.62,False
2024-02-13,2024.1175,424.2,2.94,False
2024-02-14,2024.1202,422.79,1.57,False
2024-02-15,2024.123,422.91,1.73,False
2024-02-16,2024.1257,423.1,2.91,False
2024-02-17,2024.1284,423.1,3.14,False
2024-02-20,2024.1366,425.27,5.43,False
2024-02-21,2024.1393,425.28,,False
2024-02-24,2024.1475,425.08,,False
2024-02-25,2024.1503,425.17,5.01,False
2024-02-26,2024.153,425.48,4.3,False
2024-02-27,2024.1557,425.24,,False
2024-02-28,2024.1585,425.38,,False
2024-02-29,2024.1612,425.25,,False
2024-03-01,2024.1639,424.92,,False
2024-03-02,2024.1667,424.47,1.96,False
2024-03-04,2024.1721,424.81,3.48,False
2024-03-07,2024.1803,425.36,4.46,False
2024-03-08,2024.1831,426.1,5.3,False
2024-03-09,2024.1858,425.54,2.97,False
2024-03-10,2024.1885,425.1,3.28,False
2024-03-11,2024.1913,424.95,5.23,False
2024-03-13,2024.1967,424.52,4.51,False
2024-03-14,2024.1995,425.56,4.99,False
2024-03-15,2024.2022,427.93,7.72,True
2024-03-16,2024.2049,426.36,6.29,False
2024-03-17,2024.2077,423.96,3.59,False
2024-03-18,2024.2104,426.02,5.46,False
2024-03-19,2024.2131,424.06,3.44,False
2024-03-21,2024.2186,426.44,5.67,False
2024-03-22,2024.2213,425.48,4.7,False
2024-03-23,2024.224,426.26,5.51,False
2024-03-24,2024.2268,426.35,5.53,False
2024-03-27,2024.235,423.88,2.97,False
2024-03-28,2024.2377,425.16,3.76,False
2024-03-29,2024.2404,424.75,3.15,False
2024-04-05,2024.2596,426.71,3.96,False
2024-04-06,2024.2623,425.99,2.98,False
2024-04-07,2024.265,426.25,3.84,False
2024-04-08,2024.2678,425.67,,False
2024-04-10,2024.2732,427.35,5.06,False
2024-04-11,2024.276,425.41,2.35,False
2024-04-12,2024.2787,424.8,1.57,False
2024-04-13,2024.2814,425.7,,False
2024-04-14,2024.2842,425.27,2.19,False
2024-04-15,2024.2869,424.92,0.6,False
2024-04-17,2024.2923,427.04,2.21,False
2024-04-18,2024.2951,427.47,3.4,False
2024-04-19,2024.2978,426.97,4.04,False
2024-04-20,2024.3005,426.34,3.16,False
2024-04-21,2024.3033,427.29,4.63,False
2024-04-22,2024.306,427.21,3.75,False
2024-04-24,2024.3115,428.42,4.46,True
2024-04-25,2024.3142,428.19,3.52,False
2024-04-26,2024.3169,428.59,4.59,True
2024-04-28,2024.3224,427.44,3.3,False
2024-04-29,2024.3251,425.85,1.87,False
2024-04-30,2024.3279,425.73,1.85,False
2024-05-01,2024.3306,426.34,2.16,False
2024-05-02,2024.3333,427.55,3.85,False
2024-05-04,2024.3388,427.89,3.96,False
2024-05-05,2024.3415,426.69,2.61,False
2024-05-06,2024.3443,425.8,1.07,False
2024-05-07,2024.347,425.76,1.05,False
2024-05-08,2024.3497,426.85,2.59,False
2024-05-09,2024.3525,427.68,3.51,False
2024-05-10,2024.3552,427.74,3.42,False
2024-05-11,2024.3579,427.9,3.97,False
2024-05-12,2024.3607,428.05,3.89,False
2024-05-13,2024.3634,427.45,2.94,False
2024-05-14,2024.3661,427.85,3.52,False
2024-05-15,2024.3689,427.45,3.12,False
2024-05-16,2024.3716,426.95,2.48,False
2024-05-17,2024.3743,425.82,3.35,False
2024-05-18,2024.377,425.63,3.57,False
2024-05-19,2024.3798,426.26,3.96,False
2024-05-20,2024.3825,426.28,2.49,False
2024-05-21,2024.3852,427.69,3.95,False
2024-05-22,2024.388,426.23,2.0,False
2024-05-24,2024.3934,426.55,2.85,False
2024-05-25,2024.3962,426.81,2.78,False
2024-05-26,2024.3989,427.09,3.85,False
2024-05-27,2024.4016,426.65,2.09,False
2024-05-28,2024.4044,427.04,2.33,False
2024-05-29,2024.4071,426.03,1.27,False
2024-05-30,2024.4098,426.13,1.46,False
2024-05-31,2024.4126,427.82,3.17,False
2024-06-01,2024.4153,427.43,3.0,False
2024-06-04,2024.4235,427.48,2.61,False
2024-06-07,2024.4317,426.68,2.25,False
2024-06-08,2024.4344,427.02,3.4,False
2024-06-09,2024.4372,427.64,3.18,False
2024-06-10,2024.4399,427.59,3.49,False
2024-06-12,2024.4454,426.84,,False
2024-06-13,2024.4481,426.9,2.71,False
2024-06-14,2024.4508,427.53,4.2,False
2024-06-15,2024.4536,427.51,2.97,False
2024-06-17,2024.459,426.83,3.36,False
2024-06-20,2024.4672,427.18,3.74,False
2024-06-21,2024.4699,425.89,2.25,False
2024-06-22,2024.4727,427.0,3.48,False
2024-06-23,2024.4754,426.64,3.05,False
2024-06-24,2024.4781,427.33,3.98,False
2024-06-25,2024.4809,426.95,4.75,False
2024-06-28,2024.4891,426.8,4.8,False
2024-06-29,2024.4918,424.65,2.29,False
2024-06-30,2024.4945,425.38,2.77,False
2024-07-01,2024.4973,425.74,3.33,False
2024-07-02,2024.5,425.23,2.45,False
2024-07-03,2024.5027,425.61,2.82,False
2024-07-04,2024.5055,426.19,3.41,False
2024-07-06,2024.5109,425.5,,False
2024-07-07,2024.5137,425.39,,False
2024-07-08,2024.5164,425.76,3.61,False
2024-07-09,2024.5191,425.81,3.17,False
2024-07-10,2024.5219,427.13,4.41,False
2024-07-11,2024.5246,426.61,,False
2024-07-12,2024.5273,425.66,,False
2024-07-13,2024.5301,427.37,5.38,False
2024-07-14,2024.5328,426.55,4.2,False
2024-07-15,2024.5355,426.46,4.43,False
2024-07-16,2024.5383,425.79,3.66,False
2024-07-18,2024.5437,424.83,,False
2024-07-20,2024.5492,426.11,5.64,False
2024-07-21,2024.5519,425.2,2.91,False
2024-07-23,2024.5574,424.47,,False
2024-07-24,2024.5601,424.7,3.19,False
2024-07-25,2024.5628,425.1,,False
2024-07-26,2024.5656,424.52,3.37,False
2024-07-29,2024.5738,425.21,,False
2024-07-31,2024.5792,424.83,3.72,False
2024-08-02,2024.5847,424.76,3.89,False
2024-08-03,2024.5874,424.74,3.84,False
2024-08-04,2024.5902,424.39,3.94,False
2024-08-05,2024.5929,424.57,,False
2024-08-06,2024.5956,424.63,,False
2024-08-07,2024.5984,424.66,4.89,False
2024-08-08,2024.6011,424.56,4.79,False
2024-08-09,2024.6038,422.26,1.7,False
2024-08-13,2024.6148,421.19,,False
2024-08-14,2024.6175,422.66,,False
2024-08-17,2024.6257,423.41,4.18,False
2024-08-18,2024.6284,423.01,3.91,False
2024-08-19,2024.6311,422.89,3.76,False
2024-08-21,2024.6366,423.27,,False
2024-08-22,2024.6393,423.16,,False
2024-08-23,2024.6421,422.24,,False
2024-08-24,2024.6448,422.4,3.55,False
2024-08-25,2024.6475,421.72,,False
2024-08-26,2024.6503,422.49,,False
2024-08-28,2024.6557,418.42,-1.13,False
2024-08-30,2024.6612,421.83,2.95,False
2024-08-31,2024.6639,422.35,3.17,False
2024-09-02,2024.6694,422.74,,False
2024-09-03,2024.6721,422.78,,False
2024-09-05,2024.6776,421.4,2.56,False
2024-09-06,2024.6803,422.1,3.45,False
2024-09-07,2024.6831,422.64,4.15,False
2024-09-08,2024.6858,422.4,3.82,False
2024-09-10,2024.6913,421.75,,False
2024-09-14,2024.7022,422.04,,False
2024-09-15,2024.7049,422.13,,False
2024-09-16,2024.7077,421.9,,False
2024-09-17,2024.7104,421.88,3.16,False
2024-09-18,2024.7131,422.03,,False
2024-09-19,2024.7158,421.73,2.87,False
2024-09-20,2024.7186,421.99,3.41,False
2024-09-21,2024.7213,422.19,4.59,False
2024-09-26,2024.735,421.63,2.98,False
2024-09-27,2024.7377,421.79,3.49,False
2024-09-30,2024.7459,421.95,3.57,False
2024-10-03,2024.7541,421.88,,False
2024-10-04,2024.7568,422.27,3.71,False
2024-10-05,2024.7596,421.69,3.44,False
2024-10-06,2024.7623,422.27,3.91,False
2024-10-07,2024.765,422.0,3.81,False
2024-10-11,2024.776,422.25,,False
2024-10-12,2024.7787,422.11,3.18,False
2024-10-13,2024.7814,422.51,3.85,False
2024-10-14,2024.7842,423.09,,False
2024-10-15,2024.7869,422.46,2.65,False
2024-10-16,2024.7896,422.54,3.01,False
2024-10-18,2024.7951,422.51,3.14,False
2024-10-20,2024.8005,422.37,2.84,False
2024-10-21,2024.8033,422.21,3.31,False
2024-10-22,2024.806,422.02,,False
2024-10-23,2024.8087,422.09,3.0,False
2024-10-24,2024.8115,422.14,3.26,False
2024-10-27,2024.8197,422.87,4.03,False
2024-10-28,2024.8224,422.72,3.88,False
2024-10-29,2024.8251,422.58,3.74,False
2024-10-30,2024.8279,422.9,4.35,False
2024-10-31,2024.8306,423.7,4.76,False
2024-11-01,2024.8333,424.07,5.23,False
2024-11-02,2024.8361,423.22,4.24,False
2024-11-05,2024.8443,422.91,3.62,False
2024-11-06,2024.847,423.0,3.72,False
2024-11-07,2024.8497,423.61,4.43,False
2024-11-08,2024.8525,423.61,,False
2024-11-09,2024.8552,423.58,4.38,False
2024-11-10,2024.8579,423.57,4.13,False
2024-11-11,2024.8607,423.16,,False
2024-11-12,2024.8634,423.34,3.79,False
2024-11-13,2024.8661,423.52,4.1,False
2024-11-15,2024.8716,423.96,2.44,False
2024-11-16,2024.8743,424.05,1.98,False
2024-11-17,2024.877,423.63,1.2,False
2024-11-20,2024.8852,423.71,2.7,False
2024-11-21,2024.888,424.37,3.76,False
2024-11-22,2024.8907,424.09,2.53,False
2024-11-23,2024.8934,423.98,2.6,False
2024-11-24,2024.8962,424.48,3.01,False
2024-11-25,2024.8989,424.48,,False
2024-11-27,2024.9044,424.3,,False
2024-11-28,2024.9071,424.43,3.84,False
2024-11-29,2024.9098,424.88,,False
2024-11-30,2024.9126,424.95,,False
2024-12-01,2024.9153,425.1,5.06,False
2024-12-02,2024.918,424.61,,False
2024-12-03,2024.9208,424.94,,False
2024-12-05,2024.9262,424.81,,False
2024-12-06,2024.929,424.64,,False
2024-12-07,2024.9317,425.58,4.84,False
2024-12-08,2024.9344,425.26,,False
2024-12-09,2024.9372,425.05,3.74,False
2024-12-10,2024.9399,425.88,4.32,False
2024-12-11,2024.9426,427.85,6.19,False
2024-12-12,2024.9454,424.97,2.98,False
2024-12-13,2024.9481,424.86,3.08,False
2024-12-14,2024.9508,425.85,4.05,False
2024-12-15,2024.9536,425.06,1.68,False
2024-12-17,2024.959,424.34,1.67,False
2024-12-18,2024.9617,424.61,2.23,False
2024-12-19,2024.9645,425.04,3.01,False
2024-12-20,2024.9672,425.76,3.67,False
2024-12-22,2024.9727,425.7,,False
2024-12-23,2024.9754,425.49,,False
2024-12-24,2024.9781,425.43,,False
2024-12-25,2024.9809,425.6,,False
2024-12-26,2024.9836,425.95,4.44,False
2024-12-27,2024.9863,425.53,3.29,False
2024-12-28,2024.9891,425.43,3.88,False
2024-12-29,2024.9918,425.33,3.65,False
2024-12-30,2024.9945,425.72,3.39,False
2024-12-31,2024.9973,427.16,,False
2025-01-01,2025.0,425.94,3.71,False
2025-01-02,2025.0027,426.27,3.9,False
2025-01-03,2025.0055,426.13,,False
2025-01-04,2025.0082,426.03,,False
2025-01-05,2025.011,426.41,3.8,False
2025-01-06,2025.0137,426.11,3.25,False
2025-01-07,2025.0164,426.34,,False
2025-01-08,2025.0192,426.23,2.92,False
2025-01-09,2025.0219,426.26,3.1,False
2025-01-10,2025.0247,426.02,2.8,False
2025-01-11,2025.0274,426.77,3.99,False
2025-01-12,2025.0301,427.39,,False
2025-01-14,2025.0356,426.24,3.39,False
2025-01-15,2025.0384,426.7,4.34,False
2025-01-16,2025.0411,427.67,4.84,False
2025-01-17,2025.0438,425.93,2.63,False
2025-01-18,2025.0466,426.76,3.93,False
2025-01-19,2025.0493,428.37,5.57,False
2025-01-20,2025.0521,426.74,3.85,False
2025-01-21,2025.0548,426.34,3.57,False
2025-01-22,2025.0575,425.77,2.9,False
2025-01-23,2025.0603,427.42,4.77,False
2025-01-24,2025.063,426.79,3.94,False
2025-01-25,2025.0658,426.62,4.04,False
2025-01-27,2025.0712,426.32,3.61,False
2025-01-28,2025.074,428.18,5.81,False
2025-01-29,2025.0767,428.02,5.78,False
2025-01-30,2025.0795,426.67,4.34,False
2025-01-31,2025.0822,426.35,4.04,False
2025-02-01,2025.0849,426.0,3.79,False
2025-02-02,2025.0877,426.35,4.14,False
2025-02-03,2025.0904,426.28,,False
2025-02-04,2025.0932,426.68,0.47,False
2025-02-05,2025.0959,427.44,,False
2025-02-06,2025.0986,428.6,2.71,True
2025-02-07,2025.1014,427.3,1.7,False
2025-02-08,2025.1041,426.7,1.1,False
2025-02-09,2025.1068,426.66,,False
2025-02-11,2025.1123,426.62,1.8,False
2025-02-12,2025.1151,426.82,2.95,False
2025-02-13,2025.1178,426.78,2.58,False
2025-02-14,2025.1205,427.44,4.65,False
2025-02-18,2025.1315,427.19,,False
2025-02-19,2025.1342,426.99,,False
2025-02-20,2025.137,427.97,2.7,False
2025-02-21,2025.1397,428.41,3.13,False
2025-02-22,2025.1425,427.78,,False
2025-02-23,2025.1452,427.69,,False
2025-02-24,2025.1479,427.0,1.92,False
2025-02-25,2025.1507,427.0,1.83,False
2025-02-26,2025.1534,426.88,1.4,False
2025-02-27,2025.1562,426.62,1.38,False
2025-02-28,2025.1589,426.91,1.53,False
2025-03-01,2025.1616,427.04,2.12,False
2025-03-02,2025.1644,427.05,2.58,False
2025-03-03,2025.1671,427.38,,False
2025-03-04,2025.1699,428.02,3.21,False
2025-03-05,2025.1726,428.0,,False
2025-03-06,2025.1753,427.57,,False
2025-03-07,2025.1781,430.6,5.24,True
2025-03-08,2025.1808,428.44,2.34,False
2025-03-09,2025.1836,429.04,3.5,False
2025-03-10,2025.1863,430.19,5.09,False
2025-03-11,2025.189,429.15,4.2,False
2025-03-14,2025.1973,427.77,2.21,False
2025-03-15,2025.2,427.56,-0.37,False
2025-03-16,2025.2027,427.68,1.32,False
2025-03-17,2025.2055,427.23,3.27,False
2025-03-19,2025.211,428.68,4.62,False
2025-03-20,2025.2137,429.0,,False
2025-03-22,2025.2192,429.07,3.59,False
2025-03-23,2025.2219,429.64,3.38,False
2025-03-24,2025.2247,429.44,3.09,False
2025-03-25,2025.2274,428.47,,False
2025-03-26,2025.2301,428.37,,False
2025-03-27,2025.2329,426.98,3.1,False
2025-03-28,2025.2356,426.9,1.74,False
2025-03-29,2025.2384,426.3,1.55,False
2025-03-30,2025.2411,426.99,,False
2025-03-31,2025.2438,427.42,,False
2025-04-01,2025.2466,427.68,,False
2025-04-04,2025.2548,427.93,,False
2025-04-05,2025.2575,428.23,1.52,False
2025-04-06,2025.2603,428.47,2.48,False
2025-04-07,2025.263,428.57,2.32,False
2025-04-08,2025.2658,428.69,3.02,False
2025-04-09,2025.2685,429.12,,False
2025-04-11,2025.274,430.24,4.83,False
2025-04-12,2025.2767,430.36,5.56,False
2025-04-13,2025.2795,430.19,4.49,False
2025-04-14,2025.2822,430.23,4.96,False
2025-04-15,2025.2849,430.27,5.35,False
2025-04-16,2025.2877,430.07,,False
2025-04-17,2025.2904,429.85,2.81,False
2025-04-19,2025.2959,429.56,2.59,False
2025-04-20,2025.2986,430.64,4.3,True
2025-04-21,2025.3014,430.51,3.22,False
2025-04-22,2025.3041,430.46,3.25,False
2025-04-26,2025.3151,428.42,-0.17,False
2025-04-27,2025.3178,431.13,,True
2025-04-28,2025.3205,430.63,3.19,False
2025-04-29,2025.3233,430.13,4.28,False
2025-04-30,2025.326,430.44,4.71,False
2025-05-01,2025.3288,430.82,4.48,False
2025-05-02,2025.3315,430.43,2.88,False
2025-05-03,2025.3342,430.54,,False
2025-05-04,2025.337,430.89,3.0,False
2025-05-06,2025.3425,430.77,4.97,False
2025-05-07,2025.3452,430.52,4.76,False
2025-05-08,2025.3479,430.81,3.96,False
2025-05-09,2025.3507,430.92,3.24,False
2025-05-10,2025.3534,431.25,3.51,True
2025-05-14,2025.3644,430.69,2.84,False
2025-05-15,2025.3671,430.55,3.1,False
2025-05-16,2025.3699,430.51,3.56,False
2025-05-19,2025.3781,430.69,4.43,False
2025-05-20,2025.3808,430.79,4.51,False
2025-05-21,2025.3836,430.88,3.19,False
2025-05-22,2025.3863,429.89,3.66,False
2025-05-23,2025.389,429.52,,False
2025-05-24,2025.3918,430.3,3.75,False
2025-05-25,2025.3945,430.43,3.62,False
2025-05-26,2025.3973,430.46,3.37,False
2025-05-27,2025.4,430.15,3.5,False
2025-05-28,2025.4027,429.17,2.13,False
2025-05-29,2025.4055,430.71,4.68,False
2025-06-01,2025.4137,429.33,1.9,False
2025-06-02,2025.4164,429.07,,False
2025-06-03,2025.4192,430.27,,False
2025-06-04,2025.4219,430.51,3.03,False
2025-06-05,2025.4247,430.7,,False
2025-06-06,2025.4274,430.39,,False
2025-06-07,2025.4301,429.46,2.78,False
2025-06-08,2025.4329,429.77,2.75,False
2025-06-09,2025.4356,430.07,2.43,False
2025-06-10,2025.4384,429.42,1.83,False
2025-06-11,2025.4411,429.36,,False
2025-06-12,2025.4438,429.91,3.07,False
2025-06-13,2025.4466,430.44,3.54,False
2025-06-14,2025.4493,430.51,2.98,False
2025-06-15,2025.4521,430.07,2.56,False
2025-06-16,2025.4548,430.62,,False
2025-06-17,2025.4575,428.04,1.21,False
2025-06-18,2025.4603,428.04,,False
2025-06-19,2025.463,429.33,,False
2025-06-21,2025.4685,430.26,4.37,False
2025-06-22,2025.4712,430.54,3.54,False
2025-06-23,2025.474,429.82,3.18,False
2025-06-24,2025.4767,429.25,1.92,False
2025-06-25,2025.4795,429.3,2.35,False
2025-06-27,2025.4849,428.48,,False
2025-06-28,2025.4877,429.49,2.69,False
2025-06-30,2025.4932,428.99,3.61,False
2025-07-01,2025.4959,429.35,3.61,False
2025-07-02,2025.4986,428.57,3.34,False
2025-07-03,2025.5014,428.72,3.11,False
2025-07-04,2025.5041,428.23,2.04,False
2025-07-05,2025.5068,428.37,,False
2025-07-06,2025.5096,428.11,2.61,False
2025-07-07,2025.5123,428.45,3.06,False
2025-07-08,2025.5151,428.49,2.73,False
2025-07-09,2025.5178,428.43,2.62,False
2025-07-10,2025.5205,428.43,1.3,False
2025-07-11,2025.5233,428.55,1.94,False
2025-07-16,2025.537,427.83,2.04,False
2025-07-17,2025.5397,428.42,,False
2025-07-18,2025.5425,427.49,2.66,False
2025-07-19,2025.5452,427.88,,False
2025-07-20,2025.5479,427.69,1.58,False
2025-07-22,2025.5534,427.51,,False
2025-07-23,2025.5562,427.44,2.97,False
2025-07-24,2025.5589,427.73,3.03,False
2025-07-25,2025.5616,427.22,2.12,False
2025-07-28,2025.5699,426.91,,False
2025-07-29,2025.5726,426.67,1.46,False
2025-07-30,2025.5753,426.76,,False
2025-07-31,2025.5781,426.81,1.98,False
2025-08-01,2025.5808,426.57,,False
2025-08-02,2025.5836,425.7,0.94,False
2025-08-03,2025.5863,425.76,1.02,False
2025-08-04,2025.589,425.55,1.16,False
2025-08-05,2025.5918,426.29,1.72,False
2025-08-06,2025.5945,426.48,1.85,False
2025-08-07,2025.5973,425.64,0.98,False
2025-08-08,2025.6,425.71,1.15,False
2025-08-09,2025.6027,425.65,3.39,False
2025-08-12,2025.611,425.49,,False
2025-08-13,2025.6137,425.5,4.31,False
2025-08-14,2025.6164,425.44,2.78,False
2025-08-15,2025.6192,425.55,,False
2025-08-16,2025.6219,425.22,,False
2025-08-17,2025.6247,425.45,2.04,False
2025-08-18,2025.6274,425.51,2.5,False
2025-08-19,2025.6301,425.58,2.69,False
2025-08-20,2025.6329,425.94,,False
2025-08-21,2025.6356,425.75,2.48,False
2025-08-22,2025.6384,425.76,2.6,False
2025-08-23,2025.6411,425.53,3.29,False
2025-08-26,2025.6493,424.6,2.11,False
2025-08-27,2025.6521,425.18,,False
2025-08-28,2025.6548,425.27,6.85,False
2025-09-01,2025.6658,424.8,,False
2025-09-03,2025.6712,425.65,2.87,False
2025-09-04,2025.674,425.52,,False
2025-09-05,2025.6767,425.03,3.63,False
2025-09-06,2025.6795,425.17,3.07,False
2025-09-07,2025.6822,423.75,1.11,False
2025-09-11,2025.6932,424.61,,False
2025-09-12,2025.6959,424.4,,False
2025-09-13,2025.6986,424.26,,False
2025-09-14,2025.7014,424.27,2.23,False
2025-09-17,2025.7096,423.16,1.28,False
2025-09-18,2025.7123,424.09,2.06,False
2025-09-19,2025.7151,424.41,2.68,False
2025-09-20,2025.7178,423.95,1.96,False
2025-09-21,2025.7205,424.01,1.82,False
2025-09-23,2025.726,423.93,,False
2025-09-24,2025.7288,424.35,,False
2025-09-25,2025.7315,424.21,,False
2025-09-26,2025.7342,424.29,2.66,False
2025-10-08,2025.7671,424.69,,False
2025-10-11,2025.7753,424.09,1.84,False
2025-10-12,2025.7781,424.96,2.85,False
2025-10-13,2025.7808,424.7,2.19,False
2025-10-14,2025.7836,424.44,1.35,False
2025-10-15,2025.7863,424.82,2.36,False
2025-10-17,2025.7918,425.1,,False
2025-10-18,2025.7945,424.81,2.3,False
2025-10-19,2025.7973,424.8,,False
2025-10-20,2025.8,424.96,2.59,False
2025-10-21,2025.8027,424.92,2.71,False
2025-10-22,2025.8055,424.99,2.97,False
2025-10-23,2025.8082,425.42,3.33,False
2025-10-24,2025.811,426.06,3.92,False
2025-10-25,2025.8137,425.22,,False
2025-10-26,2025.8164,424.92,,False
2025-10-27,2025.8192,424.81,1.94,False
2025-10-28,2025.8219,425.29,2.57,False
2025-10-30,2025.8274,425.58,2.68,False
2025-11-01,2025.8329,425.67,1.6,False
2025-11-06,2025.8466,424.75,1.75,False
2025-11-08,2025.8521,424.81,1.2,False
2025-11-09,2025.8548,426.06,2.48,False
2025-11-10,2025.8575,426.0,2.43,False
2025-11-11,2025.8603,426.07,2.91,False
2025-11-12,2025.863,426.76,3.42,False
2025-11-13,2025.8658,426.83,3.31,False
2025-11-14,2025.8685,427.6,,False
2025-11-15,2025.8712,428.29,4.33,False
2025-11-16,2025.874,426.68,2.63,False
2025-11-17,2025.8767,426.84,3.21,False
2025-11-18,2025.8795,426.57,,False
2025-11-20,2025.8849,426.18,2.47,False
2025-11-21,2025.8877,426.47,2.1,False
2025-11-23,2025.8932,426.96,2.98,False
2025-11-25,2025.8986,426.36,1.88,False
2025-11-27,2025.9041,426.89,2.59,False
2025-11-28,2025.9068,427.1,2.67,False
2025-11-29,2025.9096,426.91,2.03,False
2025-11-30,2025.9123,427.22,2.27,False
2025-12-04,2025.9233,427.12,,False
2025-12-06,2025.9288,427.3,2.66,False
2025-12-07,2025.9315,427.48,1.9,False
2025-12-08,2025.9342,427.23,1.97,False
2025-12-09,2025.937,427.4,2.35,False
2025-12-10,2025.9397,427.29,1.41,False
2025-12-11,2025.9425,427.4,-0.45,False
2025-12-12,2025.9452,426.78,1.81,False
2025-12-13,2025.9479,427.15,2.29,False
2025-12-14,2025.9507,427.18,1.33,False
2025-12-15,2025.9534,427.13,2.07,False
2025-12-16,2025.9562,427.29,,False
2025-12-18,2025.9616,427.1,2.49,False
2025-12-19,2025.9644,427.38,2.34,False
2025-12-20,2025.9671,427.24,1.48,False
2025-12-22,2025.9726,427.2,1.5,False
2025-12-23,2025.9753,427.6,2.11,False
2025-12-24,2025.9781,427.61,2.18,False
2025-12-25,2025.9808,427.85,2.25,False
2025-12-26,2025.9836,428.28,2.33,False
2025-12-27,2025.9863,428.68,3.15,False
2025-12-28,2025.989,428.49,3.06,False
2025-12-29,2025.9918,428.22,2.89,False
2025-12-30,2025.9945,428.44,2.72,False
2026-01-01,2026.0,428.23,2.29,False
2026-01-02,2026.0027,428.54,2.27,False
2026-01-03,2026.0055,427.65,1.52,False
2026-01-04,2026.0082,428.54,2.51,False
2026-01-06,2026.0137,429.23,3.12,False
2026-01-09,2026.0219,428.58,2.32,False
2026-01-10,2026.0247,428.45,2.43,False
2026-01-11,2026.0274,428.03,1.26,False
2026-01-12,2026.0301,427.9,0.51,False
2026-01-14,2026.0356,430.67,4.43,False
2026-01-15,2026.0384,428.38,1.68,False
2026-01-16,2026.0411,429.39,1.72,False
2026-01-17,2026.0438,430.51,4.58,False
2026-01-18,2026.0466,428.29,1.53,False
2026-01-19,2026.0493,428.41,0.04,False
2026-01-20,2026.0521,428.6,1.86,False
2026-01-22,2026.0575,428.86,3.09,False
2026-01-24,2026.063,428.93,2.14,False
2026-01-25,2026.0658,428.82,2.2,False
2026-01-26,2026.0685,428.41,,False
2026-01-27,2026.0712,428.5,2.18,False
2026-01-28,2026.074,428.6,0.42,False
2026-01-29,2026.0767,428.14,0.12,False
2026-01-30,2026.0795,428.22,1.55,False
2026-01-31,2026.0822,428.04,1.69,False
2026-02-01,2026.0849,427.76,1.76,False
2026-02-02,2026.0877,428.24,1.89,False
2026-02-03,2026.0904,427.98,1.7,False
2026-02-04,2026.0932,428.87,2.19,False
2026-02-05,2026.0959,427.67,0.23,False
2026-02-09,2026.1068,428.88,2.22,False
2026-02-14,2026.1205,429.23,1.79,False
2026-02-16,2026.126,429.29,,False
2026-02-17,2026.1288,430.47,,False
2026-02-18,2026.1315,430.04,2.85,False
2026-02-19,2026.1342,429.97,2.98,False
2026-02-21,2026.1397,429.96,1.55,False
2026-02-23,2026.1452,430.67,2.98,False
2026-02-25,2026.1507,430.92,3.92,False
2026-02-26,2026.1534,430.17,3.29,False
2026-02-27,2026.1562,429.49,2.87,False
2026-02-28,2026.1589,429.6,2.69,False
2026-03-02,2026.1644,429.41,2.36,False
2026-03-04,2026.1699,429.38,1.36,False
2026-03-05,2026.1726,429.23,1.23,False
2026-03-06,2026.1753,430.07,2.5,False
2026-03-07,2026.1781,430.02,-0.58,False
2026-03-08,2026.1808,430.29,1.85,False
2026-03-09,2026.1836,430.65,1.61,False
2026-03-10,2026.1863,430.19,0.0,False
2026-03-12,2026.1918,429.73,,False
2026-03-13,2026.1945,429.26,,False
2026-03-14,2026.1973,429.36,1.59,False
2026-03-15,2026.2,429.36,1.8,False
2026-03-16,2026.2027,429.46,1.78,False
2026-03-17,2026.2055,429.35,2.12,False
2026-03-18,2026.2082,429.33,,False
2026-03-19,2026.211,429.88,1.2,False
2026-03-20,2026.2137,429.38,0.38,False
2026-03-21,2026.2164,429.49,,False
2026-03-22,2026.2192,429.28,0.21,False
2026-03-23,2026.2219,430.03,0.39,False
2026-03-24,2026.2247,431.89,2.45,True
2026-03-25,2026.2274,431.5,3.03,False
2026-03-28,2026.2356,431.95,5.05,True
2026-03-29,2026.2384,431.46,5.16,False
2026-03-30,2026.2411,431.59,4.6,False
2026-03-31,2026.2438,432.68,5.26,True
2026-04-01,2026.2466,432.48,4.8,False
2026-04-02,2026.2493,431.42,,False
2026-04-03,2026.2521,431.14,,False
2026-04-04,2026.2548,431.33,3.4,False
2026-04-05,2026.2575,433.24,5.01,True
2026-04-08,2026.2658,431.84,3.15,False
2026-04-11,2026.274,430.55,0.31,False
2026-04-12,2026.2767,430.84,0.48,False
2026-04-13,2026.2795,429.68,-0.51,False
2026-04-14,2026.2822,429.67,-0.56,False
2026-04-15,2026.2849,429.26,-1.01,False
2026-04-16,2026.2877,429.36,-0.71,False
2026-04-17,2026.2904,430.0,0.15,False
2026-04-19,2026.2959,430.36,0.8,False
2026-04-20,2026.2986,429.93,-0.71,False
2026-04-21,2026.3014,430.72,0.21,False
2026-04-22,2026.3041,432.24,1.78,False
2026-04-24,2026.3096,431.43,,False
2026-04-25,2026.3123,432.2,,False
2026-04-26,2026.3151,431.7,3.28,False
2026-04-27,2026.3178,431.87,0.74,False
2026-04-28,2026.3205,432.2,1.57,False
2026-04-29,2026.3233,432.48,2.35,False
2026-05-01,2026.3288,433.95,3.13,True
2026-05-10,2026.3534,433.47,2.22,False
2026-05-11,2026.3562,431.95,,False
2026-05-12,2026.3589,431.98,,False
2026-05-13,2026.3616,432.04,,False
2026-05-14,2026.3644,431.82,1.13,False
2026-05-16,2026.3699,432.41,1.9,False
2026-05-17,2026.3726,432.0,,False
2026-05-18,2026.3753,431.59,,False
2026-05-20,2026.3808,432.18,1.39,False
2026-05-21,2026.3836,432.32,1.44,False
2026-05-22,2026.3863,432.43,2.54,False
2026-05-23,2026.389,432.55,3.03,False
2026-05-25,2026.3945,432.47,2.04,False
2026-05-26,2026.3973,432.5,2.04,False
2026-05-27,2026.4,432.6,2.45,False
2026-05-29,2026.4055,432.34,1.63,False
2026-05-30,2026.4082,431.97,,False
2026-05-31,2026.411,431.56,,False
2026-06-02,2026.4164,432.08,3.01,False
2026-06-03,2026.4192,432.31,2.04,False
2026-06-04,2026.4219,432.08,1.57,False
2026-06-05,2026.4247,432.03,1.33,False
2026-06-06,2026.4274,432.08,1.69,False
2026-06-07,2026.4301,431.83,2.37,False
2026-06-08,2026.4329,432.38,2.61,False
2026-06-11,2026.4411,432.65,3.29,False
2026-06-13,2026.4466,431.69,1.25,False
2026-06-14,2026.4493,431.55,1.04,False
2026-06-20,2026.4658,430.8,,False
2026-06-21,2026.4685,431.23,0.97,False
2026-06-23,2026.474,431.1,1.28,False
2026-06-24,2026.4767,430.95,1.7,False
2026-06-25,2026.4795,430.47,1.17,False
2026-06-26,2026.4822,430.75,,False
2026-06-27,2026.4849,430.51,2.03,False
2026-06-29,2026.4904,430.14,,False
2026-06-30,2026.4932,430.41,1.42,False
2026-07-01,2026.4959,429.53,0.18,False
2026-07-02,2026.4986,430.33,1.76,False
2026-07-03,2026.5014,430.3,1.58,False
2026-07-04,2026.5041,430.42,2.19,False
2026-07-05,2026.5068,430.15,1.78,False
2026-07-06,2026.5096,429.97,1.86,False
2026-07-09,2026.5178,427.91,-0.52,False
2026-07-10,2026.5205,428.42,-0.01,False
2026-07-11,2026.5233,428.85,0.3,False
2026-07-17,2026.5397,428.1,-0.32,False
2026-07-18,2026.5425,428.86,1.37,False
2026-07-19,2026.5452,428.76,0.88,False
2026-07-21,2026.5507,428.07,,False
2026-07-23,2026.5562,429.16,1.72,False
2026-07-24,2026.5589,429.03,1.3,False
2026-07-25,2026.5616,428.58,1.36,False
2026-07-26,2026.5644,428.95,,False
2026-07-27,2026.5671,429.21,,False
2026-07-28,2026.5699,429.01,2.1,False
2026-07-29,2026.5726,429.29,2.62,False
2026-07-31,2026.5781,428.52,1.71,False
2026-08-02,2026.5836,428.47,2.77,False
2026-08-07,2026.5973,428.28,2.64,False
2026-08-08,2026.6,427.8,2.09,False
2026-08-12,2026.611,428.02,2.53,False
2026-08-13,2026.6137,426.95,1.45,False
2026-08-14,2026.6164,427.8,2.36,False
2026-08-19,2026.6301,426.95,1.37,False
2026-08-20,2026.6329,426.86,0.92,False
2026-08-21,2026.6356,426.98,1.23,False
2026-08-22,2026.6384,427.11,1.35,False
2026-08-23,2026.6411,426.88,1.35,False
2026-08-24,2026.6438,426.87,,False
2026-08-25,2026.6466,427.03,,False
2026-08-26,2026.6493,427.01,2.41,False
2026-08-27,2026.6521,426.93,1.75,False
2026-08-30,2026.6603,427.32,,False
2026-08-31,2026.663,427.33,,False
2026-09-02,2026.6685,426.81,,False
2026-09-03,2026.6712,427.13,1.48,False
2026-09-08,2026.6849,426.57,,False
2026-09-09,2026.6877,426.62,,False
2026-09-10,2026.6904,426.25,,False
2026-09-11,2026.6932,425.73,1.12,False
2026-09-12,2026.6959,425.23,0.83,False
2026-09-13,2026.6986,425.04,0.78,False
2026-09-14,2026.7014,425.57,1.3,False
2026-09-15,2026.7041,425.53,,False
2026-09-17,2026.7096,426.53,3.37,False
2026-09-18,2026.7123,426.4,2.31,False
2026-09-19,2026.7151,426.42,2.01,False
2026-09-20,2026.7178,426.32,2.37,False
2026-09-21,2026.7205,425.22,1.21,False
2026-09-22,2026.7233,425.8,,False
2026-09-24,2026.7288,425.95,1.6,False
2026-09-29,2026.7425,425.75,,False
2026-09-30,2026.7452,425.81,,False
2026-10-01,2026.7479,425.84,,False
2026-10-02,2026.7507,425.3,,False
