series,date,average,deseasonalized,interpolated,yoy_change
co2_mlo,1958-03-01,315.71,314.44,,
co2_mlo,1958-04-01,317.45,315.16,,
co2_mlo,1958-05-01,317.51,314.69,,
co2_mlo,1958-06-01,317.27,315.15,,
co2_mlo,1958-07-01,315.87,315.2,,
co2_mlo,1958-08-01,314.93,316.21,,
co2_mlo,1958-09-01,313.21,316.11,,
co2_mlo,1958-10-01,312.42,315.41,,
co2_mlo,1958-11-01,313.33,315.21,,
co2_mlo,1958-12-01,314.67,315.43,,
co2_mlo,1959-01-01,315.58,315.52,,
co2_mlo,1959-02-01,316.49,315.84,,
co2_mlo,1959-03-01,316.65,315.37,,0.94
co2_mlo,1959-04-01,317.72,315.42,,0.27
co2_mlo,1959-05-01,318.29,315.46,,0.78
co2_mlo,1959-06-01,318.15,316.0,,0.88
co2_mlo,1959-07-01,316.54,315.87,,0.67
co2_mlo,1959-08-01,314.8,316.09,,-0.13
co2_mlo,1959-09-01,313.84,316.75,,0.63
co2_mlo,1959-10-01,313.33,316.34,,0.91
co2_mlo,1959-11-01,314.81,316.69,,1.48
co2_mlo,1959-12-01,315.58,316.35,,0.91
co2_mlo,1960-01-01,316.43,316.38,,0.85
co2_mlo,1960-02-01,316.98,316.33,,0.49
co2_mlo,1960-03-01,317.58,316.27,,0.93
co2_mlo,1960-04-01,319.03,316.7,,1.31
co2_mlo,1960-05-01,320.03,317.19,,1.74
co2_mlo,1960-06-01,319.58,317.45,,1.43
co2_mlo,1960-07-01,318.18,317.54,,1.64
co2_mlo,1960-08-01,315.9,317.22,,1.1
co2_mlo,1960-09-01,314.17,317.1,,0.33
co2_mlo,1960-10-01,313.83,316.85,,0.5
co2_mlo,1960-11-01,315.0,316.89,,0.19
co2_mlo,1960-12-01,316.19,316.96,,0.61
co2_mlo,1961-01-01,316.89,316.84,,0.46
co2_mlo,1961-02-01,317.7,317.05,,0.72
co2_mlo,1961-03-01,318.54,317.25,,0.96
co2_mlo,1961-04-01,319.48,317.16,,0.45
co2_mlo,1961-05-01,320.58,317.73,,0.55
co2_mlo,1961-06-01,319.77,317.61,,0.19
co2_mlo,1961-07-01,318.56,317.89,,0.38
co2_mlo,1961-08-01,316.79,318.09,,0.89
co2_mlo,1961-09-01,314.99,317.92,,0.82
co2_mlo,1961-10-01,315.31,318.34,,1.48
co2_mlo,1961-11-01,316.1,318.0,,1.1
co2_mlo,1961-12-01,317.01,317.78,,0.82
co2_mlo,1962-01-01,317.94,317.89,,1.05
co2_mlo,1962-02-01,318.55,317.89,,0.85
co2_mlo,1962-03-01,319.68,318.39,,1.14
co2_mlo,1962-04-01,320.57,318.24,,1.09
co2_mlo,1962-05-01,321.02,318.16,,0.44
co2_mlo,1962-06-01,320.62,318.45,,0.85
co2_mlo,1962-07-01,319.61,318.94,,1.05
co2_mlo,1962-08-01,317.4,318.71,,0.61
co2_mlo,1962-09-01,316.24,319.18,,1.25
co2_mlo,1962-10-01,315.42,318.46,,0.11
co2_mlo,1962-11-01,316.69,318.59,,0.59
co2_mlo,1962-12-01,317.7,318.47,,0.69
co2_mlo,1963-01-01,318.74,318.69,,0.8
co2_mlo,1963-02-01,319.07,318.41,,0.52
co2_mlo,1963-03-01,319.86,318.57,,0.18
co2_mlo,1963-04-01,321.38,319.05,,0.81
co2_mlo,1963-05-01,322.24,319.38,,1.22
co2_mlo,1963-06-01,321.49,319.31,,0.87
co2_mlo,1963-07-01,319.74,319.07,,0.13
co2_mlo,1963-08-01,317.77,319.07,,0.37
co2_mlo,1963-09-01,316.21,319.16,,-0.03
co2_mlo,1963-10-01,315.99,319.03,,0.57
co2_mlo,1963-11-01,317.07,318.98,,0.38
co2_mlo,1963-12-01,318.35,319.13,,0.65
co2_mlo,1964-01-01,319.57,319.52,,0.83
co2_mlo,1964-02-01,320.04,319.37,,0.97
co2_mlo,1964-03-01,320.75,319.41,,0.89
co2_mlo,1964-04-01,321.84,319.46,,0.46
co2_mlo,1964-05-01,322.25,319.37,,0.01
co2_mlo,1964-06-01,321.89,319.73,,0.4
co2_mlo,1964-07-01,320.44,319.79,,0.7
co2_mlo,1964-08-01,318.69,320.03,,0.92
co2_mlo,1964-09-01,316.71,319.67,,0.5
co2_mlo,1964-10-01,316.87,319.93,,0.88
co2_mlo,1964-11-01,317.68,319.59,,0.61
co2_mlo,1964-12-01,318.71,319.49,,0.36
co2_mlo,1965-01-01,319.44,319.38,,-0.13
co2_mlo,1965-02-01,320.44,319.79,,0.4
co2_mlo,1965-03-01,320.89,319.59,,0.14
co2_mlo,1965-04-01,322.14,319.79,,0.3
co2_mlo,1965-05-01,322.17,319.28,,-0.08
co2_mlo,1965-06-01,321.87,319.68,,-0.02
co2_mlo,1965-07-01,321.21,320.53,,0.77
co2_mlo,1965-08-01,318.87,320.18,,0.18
co2_mlo,1965-09-01,317.82,320.78,,1.11
co2_mlo,1965-10-01,317.3,320.37,,0.43
co2_mlo,1965-11-01,318.87,320.79,,1.19
co2_mlo,1965-12-01,319.42,320.2,,0.71
co2_mlo,1966-01-01,320.62,320.57,,1.18
co2_mlo,1966-02-01,321.6,320.94,,1.16
co2_mlo,1966-03-01,322.39,321.08,,1.5
co2_mlo,1966-04-01,323.7,321.34,,1.56
co2_mlo,1966-05-01,324.08,321.18,,1.91
co2_mlo,1966-06-01,323.75,321.55,,1.88
co2_mlo,1966-07-01,322.37,321.69,,1.16
co2_mlo,1966-08-01,320.36,321.68,,1.49
co2_mlo,1966-09-01,318.64,321.61,,0.82
co2_mlo,1966-10-01,318.1,321.18,,0.8
co2_mlo,1966-11-01,319.78,321.71,,0.91
co2_mlo,1966-12-01,321.02,321.81,,1.6
co2_mlo,1967-01-01,322.33,322.28,,1.71
co2_mlo,1967-02-01,322.5,321.83,,0.9
co2_mlo,1967-03-01,323.03,321.72,,0.64
co2_mlo,1967-04-01,324.41,322.05,,0.71
co2_mlo,1967-05-01,325.0,322.09,,0.92
co2_mlo,1967-06-01,324.09,321.89,,0.34
co2_mlo,1967-07-01,322.54,321.86,,0.17
co2_mlo,1967-08-01,320.92,322.24,,0.56
co2_mlo,1967-09-01,319.25,322.24,,0.61
co2_mlo,1967-10-01,319.39,322.48,,1.29
co2_mlo,1967-11-01,320.73,322.66,,0.95
co2_mlo,1967-12-01,321.96,322.74,,0.94
co2_mlo,1968-01-01,322.57,322.51,,0.24
co2_mlo,1968-02-01,323.15,322.48,,0.65
co2_mlo,1968-03-01,323.89,322.55,,0.86
co2_mlo,1968-04-01,325.02,322.63,,0.61
co2_mlo,1968-05-01,325.57,322.66,,0.57
co2_mlo,1968-06-01,325.36,323.17,,1.27
co2_mlo,1968-07-01,324.14,323.48,,1.6
co2_mlo,1968-08-01,322.11,323.46,,1.19
co2_mlo,1968-09-01,320.33,323.33,,1.08
co2_mlo,1968-10-01,320.25,323.34,,0.86
co2_mlo,1968-11-01,321.32,323.26,,0.59
co2_mlo,1968-12-01,322.89,323.68,,0.93
co2_mlo,1969-01-01,324.0,323.95,,1.43
co2_mlo,1969-02-01,324.41,323.75,,1.26
co2_mlo,1969-03-01,325.63,324.31,,1.74
co2_mlo,1969-04-01,326.66,324.28,,1.64
co2_mlo,1969-05-01,327.38,324.46,,1.81
co2_mlo,1969-06-01,326.71,324.49,,1.35
co2_mlo,1969-07-01,325.88,325.19,,1.74
co2_mlo,1969-08-01,323.66,324.99,,1.55
co2_mlo,1969-09-01,322.38,325.38,,2.05
co2_mlo,1969-10-01,321.78,324.89,,1.53
co2_mlo,1969-11-01,322.85,324.8,,1.53
co2_mlo,1969-12-01,324.11,324.91,,1.22
co2_mlo,1970-01-01,325.06,325.01,,1.06
co2_mlo,1970-02-01,325.99,325.31,,1.58
co2_mlo,1970-03-01,326.93,325.61,,1.3
co2_mlo,1970-04-01,328.13,325.75,,1.47
co2_mlo,1970-05-01,328.08,325.15,,0.7
co2_mlo,1970-06-01,327.67,325.44,,0.96
co2_mlo,1970-07-01,326.34,325.65,,0.46
co2_mlo,1970-08-01,324.68,326.02,,1.02
co2_mlo,1970-09-01,323.1,326.11,,0.72
co2_mlo,1970-10-01,323.06,326.18,,1.28
co2_mlo,1970-11-01,324.01,325.96,,1.16
co2_mlo,1970-12-01,325.13,325.93,,1.02
co2_mlo,1971-01-01,326.17,326.12,,1.11
co2_mlo,1971-02-01,326.69,326.01,,0.7
co2_mlo,1971-03-01,327.18,325.85,,0.25
co2_mlo,1971-04-01,327.78,325.39,,-0.35
co2_mlo,1971-05-01,328.93,325.99,,0.85
co2_mlo,1971-06-01,328.57,326.34,,0.9
co2_mlo,1971-07-01,327.36,326.67,,1.02
co2_mlo,1971-08-01,325.43,326.77,,0.75
co2_mlo,1971-09-01,323.36,326.38,,0.26
co2_mlo,1971-10-01,323.56,326.69,,0.5
co2_mlo,1971-11-01,324.8,326.75,,0.79
co2_mlo,1971-12-01,326.01,326.81,,0.88
co2_mlo,1972-01-01,326.77,326.71,,0.6
co2_mlo,1972-02-01,327.63,326.96,,0.94
co2_mlo,1972-03-01,327.75,326.39,,0.57
co2_mlo,1972-04-01,329.72,327.3,,1.94
co2_mlo,1972-05-01,330.07,327.12,,1.14
co2_mlo,1972-06-01,329.09,326.87,,0.52
co2_mlo,1972-07-01,328.04,327.38,,0.68
co2_mlo,1972-08-01,326.32,327.69,,0.89
co2_mlo,1972-09-01,324.84,327.88,,1.48
co2_mlo,1972-10-01,325.2,328.33,,1.64
co2_mlo,1972-11-01,326.5,328.46,,1.7
co2_mlo,1972-12-01,327.55,328.35,,1.54
co2_mlo,1973-01-01,328.55,328.49,,1.78
co2_mlo,1973-02-01,329.57,328.89,,1.94
co2_mlo,1973-03-01,330.3,328.97,,2.55
co2_mlo,1973-04-01,331.5,329.1,,1.78
co2_mlo,1973-05-01,332.48,329.52,,2.41
co2_mlo,1973-06-01,332.07,329.83,,2.98
co2_mlo,1973-07-01,330.87,330.18,,2.83
co2_mlo,1973-08-01,329.31,330.66,,2.99
co2_mlo,1973-09-01,327.52,330.56,,2.68
co2_mlo,1973-10-01,327.19,330.33,,1.99
co2_mlo,1973-11-01,328.17,330.13,,1.67
co2_mlo,1973-12-01,328.65,329.45,,1.1
co2_mlo,1974-01-01,329.36,329.3,,0.81
co2_mlo,1974-02-01,330.71,330.03,,1.14
co2_mlo,1974-03-01,331.49,330.15,,1.19
co2_mlo,1974-04-01,332.65,330.24,,1.15
co2_mlo,1974-05-01,333.19,330.22,False,0.71
co2_mlo,1974-06-01,332.2,329.79,False,0.13
co2_mlo,1974-07-01,331.07,330.21,False,0.2
co2_mlo,1974-08-01,329.15,330.54,False,-0.16
co2_mlo,1974-09-01,327.33,330.44,False,-0.19
co2_mlo,1974-10-01,327.28,330.53,False,0.09
co2_mlo,1974-11-01,328.31,330.5,False,0.14
co2_mlo,1974-12-01,329.58,330.55,False,0.93
co2_mlo,1975-01-01,330.73,330.84,False,1.37
co2_mlo,1975-02-01,331.46,330.85,False,0.75
co2_mlo,1975-03-01,331.94,330.37,False,0.45
co2_mlo,1975-04-01,333.11,330.53,False,0.46
co2_mlo,1975-05-01,333.95,330.98,False,0.76
co2_mlo,1975-06-01,333.42,331.01,False,1.22
co2_mlo,1975-07-01,331.97,331.12,False,0.9
co2_mlo,1975-08-01,329.95,331.33,False,0.8
co2_mlo,1975-09-01,328.49,331.6,False,1.16
co2_mlo,1975-10-01,328.36,331.61,False,1.08
co2_mlo,1975-11-01,329.38,331.57,False,1.07
co2_mlo,1975-12-01,330.77,331.74,True,1.19
co2_mlo,1976-01-01,331.56,331.67,False,0.83
co2_mlo,1976-02-01,332.74,332.14,False,1.28
co2_mlo,1976-03-01,333.36,331.79,False,1.42
co2_mlo,1976-04-01,334.74,332.16,False,1.63
co2_mlo,1976-05-01,334.72,331.75,False,0.77
co2_mlo,1976-06-01,333.97,331.56,False,0.55
co2_mlo,1976-07-01,333.08,332.23,False,1.11
co2_mlo,1976-08-01,330.68,332.07,False,0.73
co2_mlo,1976-09-01,328.96,332.07,False,0.47
co2_mlo,1976-10-01,328.72,331.98,False,0.36
co2_mlo,1976-11-01,330.16,332.35,False,0.78
co2_mlo,1976-12-01,331.62,332.59,False,0.85
co2_mlo,1977-01-01,332.68,332.77,False,1.12
co2_mlo,1977-02-01,333.17,332.58,False,0.43
co2_mlo,1977-03-01,334.96,333.4,False,1.6
co2_mlo,1977-04-01,336.14,333.54,False,1.4
co2_mlo,1977-05-01,336.93,334.0,False,2.21
co2_mlo,1977-06-01,336.17,333.79,False,2.2
co2_mlo,1977-07-01,334.89,334.01,False,1.81
co2_mlo,1977-08-01,332.56,333.91,False,1.88
co2_mlo,1977-09-01,331.29,334.36,False,2.33
co2_mlo,1977-10-01,331.28,334.51,False,2.56
co2_mlo,1977-11-01,332.46,334.68,False,2.3
co2_mlo,1977-12-01,333.6,334.58,False,1.98
co2_mlo,1978-01-01,334.94,335.01,False,2.26
co2_mlo,1978-02-01,335.26,334.6,False,2.09
co2_mlo,1978-03-01,336.66,335.0,False,1.7
co2_mlo,1978-04-01,337.69,335.07,False,1.55
co2_mlo,1978-05-01,338.02,335.08,False,1.09
co2_mlo,1978-06-01,338.01,335.6,False,1.84
co2_mlo,1978-07-01,336.5,335.65,False,1.61
co2_mlo,1978-08-01,334.42,335.87,False,1.86
co2_mlo,1978-09-01,332.36,335.51,False,1.07
co2_mlo,1978-10-01,332.45,335.72,False,1.17
co2_mlo,1978-11-01,333.76,335.99,False,1.3
co2_mlo,1978-12-01,334.91,335.87,False,1.31
co2_mlo,1979-01-01,336.14,336.22,False,1.2
co2_mlo,1979-02-01,336.69,336.0,False,1.43
co2_mlo,1979-03-01,338.27,336.56,False,1.61
co2_mlo,1979-04-01,338.82,336.11,False,1.13
co2_mlo,1979-05-01,339.24,336.24,False,1.22
co2_mlo,1979-06-01,339.26,336.83,False,1.25
co2_mlo,1979-07-01,337.54,336.69,False,1.04
co2_mlo,1979-08-01,335.72,337.2,False,1.3
co2_mlo,1979-09-01,333.97,337.19,False,1.61
co2_mlo,1979-10-01,334.24,337.57,False,1.79
co2_mlo,1979-11-01,335.32,337.59,False,1.56
co2_mlo,1979-12-01,336.81,337.83,False,1.9
co2_mlo,1980-01-01,337.9,338.13,False,1.76
co2_mlo,1980-02-01,338.34,337.85,False,1.65
co2_mlo,1980-03-01,340.07,338.51,False,1.8
co2_mlo,1980-04-01,340.93,338.31,False,2.11
co2_mlo,1980-05-01,341.45,338.4,False,2.21
co2_mlo,1980-06-01,341.36,338.85,False,2.1
co2_mlo,1980-07-01,339.45,338.56,False,1.91
co2_mlo,1980-08-01,337.67,339.07,False,1.95
co2_mlo,1980-09-01,336.25,339.38,False,2.28
co2_mlo,1980-10-01,336.14,339.4,False,1.9
co2_mlo,1980-11-01,337.3,339.46,False,1.98
co2_mlo,1980-12-01,338.29,339.26,False,1.48
co2_mlo,1981-01-01,339.29,339.42,False,1.39
co2_mlo,1981-02-01,340.55,339.98,False,2.21
co2_mlo,1981-03-01,341.63,340.08,False,1.56
co2_mlo,1981-04-01,342.6,339.98,False,1.67
co2_mlo,1981-05-01,343.04,339.97,False,1.59
co2_mlo,1981-06-01,342.54,340.06,False,1.18
co2_mlo,1981-07-01,340.82,339.92,False,1.37
co2_mlo,1981-08-01,338.48,339.87,False,0.81
co2_mlo,1981-09-01,336.95,340.17,False,0.7
co2_mlo,1981-10-01,337.05,340.39,False,0.91
co2_mlo,1981-11-01,338.58,340.75,False,1.28
co2_mlo,1981-12-01,339.91,340.85,False,1.62
co2_mlo,1982-01-01,340.93,341.09,False,1.64
co2_mlo,1982-02-01,341.76,341.16,False,1.21
co2_mlo,1982-03-01,342.78,341.18,False,1.15
co2_mlo,1982-04-01,343.96,341.32,False,1.36
co2_mlo,1982-05-01,344.77,341.67,False,1.73
co2_mlo,1982-06-01,343.88,341.43,False,1.34
co2_mlo,1982-07-01,342.42,341.61,False,1.6
co2_mlo,1982-08-01,340.24,341.64,False,1.76
co2_mlo,1982-09-01,338.37,341.56,False,1.42
co2_mlo,1982-10-01,338.41,341.77,False,1.36
co2_mlo,1982-11-01,339.44,341.59,False,0.86
co2_mlo,1982-12-01,340.78,341.71,False,0.87
co2_mlo,1983-01-01,341.57,341.75,False,0.64
co2_mlo,1983-02-01,342.78,342.25,False,1.02
co2_mlo,1983-03-01,343.37,341.85,False,0.59
co2_mlo,1983-04-01,345.4,342.76,False,1.44
co2_mlo,1983-05-01,346.14,342.97,False,1.37
co2_mlo,1983-06-01,345.76,343.3,False,1.88
co2_mlo,1983-07-01,344.32,343.56,False,1.9
co2_mlo,1983-08-01,342.51,343.89,False,2.27
co2_mlo,1983-09-01,340.46,343.59,False,2.09
co2_mlo,1983-10-01,340.53,343.86,False,2.12
co2_mlo,1983-11-01,341.79,343.92,False,2.35
co2_mlo,1983-12-01,343.2,344.12,False,2.42
co2_mlo,1984-01-01,344.21,344.32,False,2.64
co2_mlo,1984-02-01,344.92,344.39,False,2.14
co2_mlo,1984-03-01,345.68,344.26,False,2.31
co2_mlo,1984-04-01,347.37,344.75,True,1.97
co2_mlo,1984-05-01,347.77,344.59,False,1.63
co2_mlo,1984-06-01,347.16,344.73,False,1.4
co2_mlo,1984-07-01,345.79,345.02,False,1.47
co2_mlo,1984-08-01,343.74,345.12,False,1.23
co2_mlo,1984-09-01,341.59,344.76,False,1.13
co2_mlo,1984-10-01,341.86,345.19,False,1.33
co2_mlo,1984-11-01,343.31,345.41,False,1.52
co2_mlo,1984-12-01,345.0,345.88,False,1.8
co2_mlo,1985-01-01,345.48,345.59,False,1.27
co2_mlo,1985-02-01,346.41,345.92,False,1.49
co2_mlo,1985-03-01,347.91,346.56,False,2.23
co2_mlo,1985-04-01,348.66,346.08,False,1.29
co2_mlo,1985-05-01,349.28,346.12,False,1.51
co2_mlo,1985-06-01,348.65,346.23,False,1.49
co2_mlo,1985-07-01,346.9,346.08,False,1.11
co2_mlo,1985-08-01,345.26,346.57,False,1.52
co2_mlo,1985-09-01,343.47,346.59,False,1.88
co2_mlo,1985-10-01,343.35,346.6,False,1.49
co2_mlo,1985-11-01,344.73,346.82,False,1.42
co2_mlo,1985-12-01,346.12,347.04,False,1.12
co2_mlo,1986-01-01,346.78,346.82,False,1.3
co2_mlo,1986-02-01,347.48,346.98,False,1.07
co2_mlo,1986-03-01,348.25,346.93,False,0.34
co2_mlo,1986-04-01,349.86,347.29,False,1.2
co2_mlo,1986-05-01,350.52,347.42,False,1.24
co2_mlo,1986-06-01,349.98,347.61,False,1.33
co2_mlo,1986-07-01,348.25,347.43,False,1.35
co2_mlo,1986-08-01,346.17,347.51,False,0.91
co2_mlo,1986-09-01,345.48,348.61,False,2.01
co2_mlo,1986-10-01,344.82,348.04,False,1.47
co2_mlo,1986-11-01,346.22,348.28,False,1.49
co2_mlo,1986-12-01,347.48,348.36,False,1.36
co2_mlo,1987-01-01,348.73,348.66,False,1.95
co2_mlo,1987-02-01,348.92,348.24,False,1.44
co2_mlo,1987-03-01,349.81,348.39,False,1.56
co2_mlo,1987-04-01,351.4,348.84,False,1.54
co2_mlo,1987-05-01,352.15,349.09,False,1.63
co2_mlo,1987-06-01,351.58,349.29,False,1.6
co2_mlo,1987-07-01,350.21,349.51,False,1.96
co2_mlo,1987-08-01,348.2,349.65,False,2.03
co2_mlo,1987-09-01,346.66,349.85,False,1.18
co2_mlo,1987-10-01,346.72,349.96,False,1.9
co2_mlo,1987-11-01,348.08,350.15,False,1.86
co2_mlo,1987-12-01,349.28,350.14,False,1.8
co2_mlo,1988-01-01,350.51,350.49,False,1.78
co2_mlo,1988-02-01,351.7,350.99,False,2.78
co2_mlo,1988-03-01,352.5,350.99,False,2.69
co2_mlo,1988-04-01,353.67,351.03,False,2.27
co2_mlo,1988-05-01,354.35,351.22,False,2.2
co2_mlo,1988-06-01,353.88,351.55,False,2.3
co2_mlo,1988-07-01,352.8,352.16,False,2.59
co2_mlo,1988-08-01,350.49,352.01,False,2.29
co2_mlo,1988-09-01,348.97,352.18,False,2.31
co2_mlo,1988-10-01,349.37,352.62,False,2.65
co2_mlo,1988-11-01,350.42,352.53,False,2.34
co2_mlo,1988-12-01,351.62,352.52,False,2.34
co2_mlo,1989-01-01,353.07,352.99,False,2.56
co2_mlo,1989-02-01,353.43,352.69,False,1.73
co2_mlo,1989-03-01,354.08,352.6,False,1.58
co2_mlo,1989-04-01,355.72,353.07,False,2.05
co2_mlo,1989-05-01,355.95,352.78,False,1.6
co2_mlo,1989-06-01,355.44,353.06,False,1.56
co2_mlo,1989-07-01,354.05,353.38,False,1.25
co2_mlo,1989-08-01,351.84,353.43,False,1.35
co2_mlo,1989-09-01,350.09,353.37,False,1.12
co2_mlo,1989-10-01,350.33,353.57,False,0.96
co2_mlo,1989-11-01,351.55,353.68,False,1.13
co2_mlo,1989-12-01,352.91,353.84,False,1.29
co2_mlo,1990-01-01,353.86,353.78,False,0.79
co2_mlo,1990-02-01,355.1,354.37,False,1.67
co2_mlo,1990-03-01,355.75,354.27,False,1.67
co2_mlo,1990-04-01,356.38,353.76,False,0.66
co2_mlo,1990-05-01,357.38,354.23,False,1.43
co2_mlo,1990-06-01,356.39,354.02,False,0.95
co2_mlo,1990-07-01,354.89,354.24,False,0.84
co2_mlo,1990-08-01,353.06,354.68,False,1.22
co2_mlo,1990-09-01,351.38,354.69,False,1.29
co2_mlo,1990-10-01,351.69,354.94,False,1.36
co2_mlo,1990-11-01,353.14,355.18,False,1.59
co2_mlo,1990-12-01,354.41,355.26,False,1.5
co2_mlo,1991-01-01,354.93,354.91,False,1.07
co2_mlo,1991-02-01,355.82,355.11,False,0.72
co2_mlo,1991-03-01,357.33,355.79,False,1.58
co2_mlo,1991-04-01,358.77,356.13,False,2.39
co2_mlo,1991-05-01,359.23,356.1,False,1.85
co2_mlo,1991-06-01,358.23,355.88,False,1.84
co2_mlo,1991-07-01,356.3,355.69,False,1.41
co2_mlo,1991-08-01,353.97,355.59,False,0.91
co2_mlo,1991-09-01,352.34,355.66,False,0.96
co2_mlo,1991-10-01,352.43,355.69,False,0.74
co2_mlo,1991-11-01,353.89,355.87,False,0.75
co2_mlo,1991-12-01,355.21,356.02,False,0.8
co2_mlo,1992-01-01,356.34,356.29,False,1.41
co2_mlo,1992-02-01,357.21,356.47,False,1.39
co2_mlo,1992-03-01,357.97,356.38,False,0.64
co2_mlo,1992-04-01,359.22,356.51,False,0.45
co2_mlo,1992-05-01,359.71,356.52,False,0.48
co2_mlo,1992-06-01,359.44,357.07,False,1.21
co2_mlo,1992-07-01,357.15,356.58,False,0.85
co2_mlo,1992-08-01,354.99,356.67,False,1.02
co2_mlo,1992-09-01,353.01,356.36,False,0.67
co2_mlo,1992-10-01,353.4,356.72,False,0.97
co2_mlo,1992-11-01,354.42,356.48,False,0.53
co2_mlo,1992-12-01,355.68,356.5,False,0.47
co2_mlo,1993-01-01,357.1,357.06,False,0.76
co2_mlo,1993-02-01,357.42,356.54,False,0.21
co2_mlo,1993-03-01,358.59,356.88,False,0.62
co2_mlo,1993-04-01,359.39,356.71,False,0.17
co2_mlo,1993-05-01,360.3,357.14,False,0.59
co2_mlo,1993-06-01,359.64,357.24,False,0.2
co2_mlo,1993-07-01,357.45,356.87,False,0.3
co2_mlo,1993-08-01,355.76,357.44,False,0.77
co2_mlo,1993-09-01,354.14,357.51,False,1.13
co2_mlo,1993-10-01,354.23,357.61,False,0.83
co2_mlo,1993-11-01,355.53,357.65,False,1.11
co2_mlo,1993-12-01,357.03,357.92,False,1.35
co2_mlo,1994-01-01,358.36,358.25,False,1.26
co2_mlo,1994-02-01,359.04,358.21,False,1.62
co2_mlo,1994-03-01,360.11,358.41,False,1.52
co2_mlo,1994-04-01,361.36,358.59,False,1.97
co2_mlo,1994-05-01,361.78,358.59,False,1.48
co2_mlo,1994-06-01,360.94,358.57,False,1.3
co2_mlo,1994-07-01,359.51,358.91,False,2.06
co2_mlo,1994-08-01,357.59,359.29,False,1.83
co2_mlo,1994-09-01,355.86,359.31,False,1.72
co2_mlo,1994-10-01,356.21,359.63,False,1.98
co2_mlo,1994-11-01,357.65,359.8,False,2.12
co2_mlo,1994-12-01,359.1,359.96,False,2.07
co2_mlo,1995-01-01,360.04,359.91,False,1.68
co2_mlo,1995-02-01,361.0,360.18,False,1.96
co2_mlo,1995-03-01,361.98,360.37,False,1.87
co2_mlo,1995-04-01,363.44,360.76,False,2.08
co2_mlo,1995-05-01,363.83,360.73,False,2.05
co2_mlo,1995-06-01,363.33,360.98,False,2.39
co2_mlo,1995-07-01,361.78,361.11,False,2.27
co2_mlo,1995-08-01,359.33,360.93,False,1.74
co2_mlo,1995-09-01,358.32,361.7,False,2.46
co2_mlo,1995-10-01,358.14,361.52,False,1.93
co2_mlo,1995-11-01,359.61,361.75,False,1.96
co2_mlo,1995-12-01,360.82,361.67,False,1.72
co2_mlo,1996-01-01,362.2,361.98,False,2.16
co2_mlo,1996-02-01,363.36,362.47,False,2.36
co2_mlo,1996-03-01,364.28,362.64,False,2.3
co2_mlo,1996-04-01,364.69,361.99,False,1.25
co2_mlo,1996-05-01,365.25,362.23,False,1.42
co2_mlo,1996-06-01,365.06,362.82,False,1.73
co2_mlo,1996-07-01,363.69,362.98,False,1.91
co2_mlo,1996-08-01,361.55,363.13,False,2.22
co2_mlo,1996-09-01,359.69,363.14,False,1.37
co2_mlo,1996-10-01,359.72,363.12,False,1.58
co2_mlo,1996-11-01,361.04,363.18,False,1.43
co2_mlo,1996-12-01,362.39,363.23,False,1.57
co2_mlo,1997-01-01,363.24,363.03,False,1.04
co2_mlo,1997-02-01,364.21,363.4,False,0.85
co2_mlo,1997-03-01,364.65,363.02,False,0.37
co2_mlo,1997-04-01,366.49,363.82,False,1.8
co2_mlo,1997-05-01,366.77,363.87,False,1.52
co2_mlo,1997-06-01,365.73,363.56,False,0.67
co2_mlo,1997-07-01,364.46,363.74,False,0.77
co2_mlo,1997-08-01,362.4,363.98,False,0.85
co2_mlo,1997-09-01,360.44,363.83,False,0.75
co2_mlo,1997-10-01,360.97,364.28,False,1.25
co2_mlo,1997-11-01,362.65,364.71,False,1.61
co2_mlo,1997-12-01,364.51,365.28,False,2.12
co2_mlo,1998-01-01,365.39,365.19,False,2.15
co2_mlo,1998-02-01,366.1,365.29,False,1.89
co2_mlo,1998-03-01,367.36,365.73,False,2.71
co2_mlo,1998-04-01,368.79,366.17,False,2.3
co2_mlo,1998-05-01,369.56,366.68,False,2.79
co2_mlo,1998-06-01,369.13,366.95,False,3.4
co2_mlo,1998-07-01,367.98,367.29,False,3.52
co2_mlo,1998-08-01,366.1,367.69,False,3.7
co2_mlo,1998-09-01,364.16,367.51,False,3.72
co2_mlo,1998-10-01,364.54,367.82,False,3.57
co2_mlo,1998-11-01,365.67,367.7,False,3.02
co2_mlo,1998-12-01,367.3,368.05,False,2.79
co2_mlo,1999-01-01,368.35,368.13,False,2.96
co2_mlo,1999-02-01,369.28,368.46,False,3.18
co2_mlo,1999-03-01,369.84,368.24,False,2.48
co2_mlo,1999-04-01,371.15,368.62,False,2.36
co2_mlo,1999-05-01,371.12,368.31,False,1.56
co2_mlo,1999-06-01,370.46,368.29,False,1.33
co2_mlo,1999-07-01,369.61,368.93,False,1.63
co2_mlo,1999-08-01,367.06,368.63,False,0.96
co2_mlo,1999-09-01,364.95,368.28,False,0.79
co2_mlo,1999-10-01,365.52,368.8,False,0.98
co2_mlo,1999-11-01,366.88,368.86,False,1.21
co2_mlo,1999-12-01,368.26,368.93,False,0.96
co2_mlo,2000-01-01,369.45,369.24,False,1.1
co2_mlo,2000-02-01,369.71,368.99,False,0.43
co2_mlo,2000-03-01,370.75,369.24,False,0.91
co2_mlo,2000-04-01,371.98,369.44,False,0.83
co2_mlo,2000-05-01,371.75,368.87,False,0.63
co2_mlo,2000-06-01,371.87,369.66,False,1.41
co2_mlo,2000-07-01,370.02,369.36,False,0.41
co2_mlo,2000-08-01,368.27,369.87,False,1.21
co2_mlo,2000-09-01,367.15,370.46,False,2.2
co2_mlo,2000-10-01,367.18,370.42,False,1.66
co2_mlo,2000-11-01,368.53,370.48,False,1.65
co2_mlo,2000-12-01,369.83,370.46,False,1.57
co2_mlo,2001-01-01,370.76,370.6,False,1.31
co2_mlo,2001-02-01,371.69,370.95,False,1.98
co2_mlo,2001-03-01,372.63,371.06,False,1.88
co2_mlo,2001-04-01,373.55,370.99,False,1.57
co2_mlo,2001-05-01,374.03,371.11,False,2.28
co2_mlo,2001-06-01,373.4,371.18,False,1.53
co2_mlo,2001-07-01,371.68,371.08,False,1.66
co2_mlo,2001-08-01,369.78,371.39,False,1.51
co2_mlo,2001-09-01,368.34,371.61,False,1.19
co2_mlo,2001-10-01,368.61,371.85,False,1.43
co2_mlo,2001-11-01,369.94,371.92,False,1.41
co2_mlo,2001-12-01,371.42,372.09,False,1.59
co2_mlo,2002-01-01,372.7,372.48,False,1.94
co2_mlo,2002-02-01,373.37,372.49,False,1.68
co2_mlo,2002-03-01,374.3,372.61,False,1.67
co2_mlo,2002-04-01,375.19,372.54,False,1.64
co2_mlo,2002-05-01,375.93,372.98,False,1.9
co2_mlo,2002-06-01,375.69,373.46,False,2.29
co2_mlo,2002-07-01,374.16,373.58,False,2.48
co2_mlo,2002-08-01,372.03,373.7,False,2.25
co2_mlo,2002-09-01,370.92,374.28,False,2.58
co2_mlo,2002-10-01,370.73,374.06,False,2.12
co2_mlo,2002-11-01,372.43,374.52,False,2.49
co2_mlo,2002-12-01,373.98,374.72,False,2.56
co2_mlo,2003-01-01,375.07,374.82,False,2.37
co2_mlo,2003-02-01,375.82,374.95,False,2.45
co2_mlo,2003-03-01,376.64,374.99,False,2.34
co2_mlo,2003-04-01,377.92,375.24,False,2.73
co2_mlo,2003-05-01,378.78,375.73,False,2.85
co2_mlo,2003-06-01,378.46,376.22,False,2.77
co2_mlo,2003-07-01,376.88,376.37,False,2.72
co2_mlo,2003-08-01,374.57,376.27,False,2.54
co2_mlo,2003-09-01,373.34,376.65,False,2.42
co2_mlo,2003-10-01,373.31,376.65,False,2.58
co2_mlo,2003-11-01,374.84,376.99,False,2.41
co2_mlo,2003-12-01,376.17,376.93,False,2.19
co2_mlo,2004-01-01,377.17,376.96,False,2.1
co2_mlo,2004-02-01,378.05,377.19,False,2.23
co2_mlo,2004-03-01,379.06,377.4,False,2.42
co2_mlo,2004-04-01,380.54,377.8,False,2.62
co2_mlo,2004-05-01,380.8,377.66,False,2.02
co2_mlo,2004-06-01,379.87,377.57,False,1.41
co2_mlo,2004-07-01,377.65,377.12,False,0.77
co2_mlo,2004-08-01,376.17,377.9,False,1.6
co2_mlo,2004-09-01,374.43,377.8,False,1.09
co2_mlo,2004-10-01,374.63,377.99,False,1.32
co2_mlo,2004-11-01,376.33,378.49,False,1.49
co2_mlo,2004-12-01,377.68,378.48,False,1.51
co2_mlo,2005-01-01,378.63,378.37,False,1.46
co2_mlo,2005-02-01,379.91,379.1,False,1.86
co2_mlo,2005-03-01,380.95,379.45,False,1.89
co2_mlo,2005-04-01,382.48,379.84,False,1.94
co2_mlo,2005-05-01,382.64,379.49,False,1.84
co2_mlo,2005-06-01,382.4,380.07,False,2.53
co2_mlo,2005-07-01,380.93,380.38,False,3.28
co2_mlo,2005-08-01,378.93,380.61,False,2.76
co2_mlo,2005-09-01,376.89,380.2,False,2.46
co2_mlo,2005-10-01,377.19,380.5,False,2.56
co2_mlo,2005-11-01,378.54,380.69,False,2.21
co2_mlo,2005-12-01,380.31,381.09,False,2.63
co2_mlo,2006-01-01,381.58,381.33,False,2.95
co2_mlo,2006-02-01,382.4,381.58,False,2.49
co2_mlo,2006-03-01,382.86,381.32,False,1.91
co2_mlo,2006-04-01,384.8,382.11,False,2.32
co2_mlo,2006-05-01,385.22,382.06,False,2.58
co2_mlo,2006-06-01,384.24,381.93,False,1.84
co2_mlo,2006-07-01,382.65,382.1,False,1.72
co2_mlo,2006-08-01,380.6,382.27,False,1.67
co2_mlo,2006-09-01,379.04,382.35,False,2.15
co2_mlo,2006-10-01,379.33,382.66,False,2.14
co2_mlo,2006-11-01,380.35,382.52,False,1.81
co2_mlo,2006-12-01,382.02,382.84,False,1.71
co2_mlo,2007-01-01,383.1,382.88,False,1.52
co2_mlo,2007-02-01,384.12,383.22,False,1.72
co2_mlo,2007-03-01,384.81,383.17,False,1.95
co2_mlo,2007-04-01,386.73,383.95,False,1.93
co2_mlo,2007-05-01,386.78,383.56,False,1.56
co2_mlo,2007-06-01,386.33,384.06,False,2.09
co2_mlo,2007-07-01,384.73,384.25,False,2.08
co2_mlo,2007-08-01,382.24,383.95,False,1.64
co2_mlo,2007-09-01,381.2,384.56,False,2.16
co2_mlo,2007-10-01,381.37,384.72,False,2.04
co2_mlo,2007-11-01,382.7,384.9,False,2.35
co2_mlo,2007-12-01,384.19,385.07,False,2.17
co2_mlo,2008-01-01,385.78,385.54,False,2.68
co2_mlo,2008-02-01,386.06,385.2,False,1.94
co2_mlo,2008-03-01,386.28,384.72,False,1.47
co2_mlo,2008-04-01,387.33,384.71,False,0.6
co2_mlo,2008-05-01,388.78,385.69,False,2.0
co2_mlo,2008-06-01,387.99,385.68,False,1.66
co2_mlo,2008-07-01,386.62,386.05,False,1.89
co2_mlo,2008-08-01,384.32,385.98,False,2.08
co2_mlo,2008-09-01,383.41,386.69,False,2.21
co2_mlo,2008-10-01,383.22,386.5,False,1.85
co2_mlo,2008-11-01,384.41,386.58,False,1.71
co2_mlo,2008-12-01,385.79,386.64,False,1.6
co2_mlo,2009-01-01,387.17,386.86,False,1.39
co2_mlo,2009-02-01,387.7,386.81,False,1.64
co2_mlo,2009-03-01,389.04,387.54,False,2.76
co2_mlo,2009-04-01,389.76,387.15,False,2.43
co2_mlo,2009-05-01,390.36,387.24,False,1.58
co2_mlo,2009-06-01,389.7,387.46,False,1.71
co2_mlo,2009-07-01,388.24,387.77,False,1.62
co2_mlo,2009-08-01,386.29,387.99,False,1.97
co2_mlo,2009-09-01,384.95,388.22,False,1.54
co2_mlo,2009-10-01,384.64,387.88,False,1.42
co2_mlo,2009-11-01,386.23,388.36,False,1.82
co2_mlo,2009-12-01,387.63,388.43,False,1.84
co2_mlo,2010-01-01,388.91,388.62,False,1.74
co2_mlo,2010-02-01,390.41,389.47,False,2.71
co2_mlo,2010-03-01,391.37,389.85,False,2.33
co2_mlo,2010-04-01,392.67,390.12,False,2.91
co2_mlo,2010-05-01,393.21,390.09,False,2.85
co2_mlo,2010-06-01,392.38,390.1,False,2.68
co2_mlo,2010-07-01,390.41,389.93,False,2.17
co2_mlo,2010-08-01,388.54,390.21,False,2.25
co2_mlo,2010-09-01,387.03,390.32,False,2.08
co2_mlo,2010-10-01,387.43,390.72,False,2.79
co2_mlo,2010-11-01,388.87,390.99,False,2.64
co2_mlo,2010-12-01,389.99,390.8,False,2.36
co2_mlo,2011-01-01,391.5,391.19,False,2.59
co2_mlo,2011-02-01,392.05,391.12,False,1.64
co2_mlo,2011-03-01,392.8,391.27,False,1.43
co2_mlo,2011-04-01,393.44,390.83,False,0.77
co2_mlo,2011-05-01,394.41,391.24,False,1.2
co2_mlo,2011-06-01,393.95,391.64,False,1.57
co2_mlo,2011-07-01,392.72,392.24,False,2.31
co2_mlo,2011-08-01,390.33,392.04,False,1.79
co2_mlo,2011-09-01,389.28,392.6,False,2.25
co2_mlo,2011-10-01,389.19,392.53,False,1.76
co2_mlo,2011-11-01,390.48,392.64,False,1.61
co2_mlo,2011-12-01,392.06,392.86,False,2.07
co2_mlo,2012-01-01,393.31,393.07,False,1.81
co2_mlo,2012-02-01,394.04,393.2,False,1.99
co2_mlo,2012-03-01,394.59,392.99,False,1.79
co2_mlo,2012-04-01,396.38,393.65,False,2.94
co2_mlo,2012-05-01,396.93,393.73,False,2.52
co2_mlo,2012-06-01,395.91,393.63,False,1.96
co2_mlo,2012-07-01,394.56,394.12,False,1.84
co2_mlo,2012-08-01,392.59,394.37,False,2.26
co2_mlo,2012-09-01,391.32,394.75,False,2.04
co2_mlo,2012-10-01,391.27,394.64,False,2.08
co2_mlo,2012-11-01,393.2,395.25,False,2.72
co2_mlo,2012-12-01,394.57,395.27,False,2.51
co2_mlo,2013-01-01,395.78,395.62,False,2.47
co2_mlo,2013-02-01,397.03,396.23,False,2.99
co2_mlo,2013-03-01,397.66,396.07,False,3.07
co2_mlo,2013-04-01,398.64,395.79,False,2.26
co2_mlo,2013-05-01,400.02,396.64,False,3.09
co2_mlo,2013-06-01,398.81,396.48,False,2.9
co2_mlo,2013-07-01,397.51,397.13,False,2.95
co2_mlo,2013-08-01,395.39,397.27,False,2.8
co2_mlo,2013-09-01,393.72,397.24,False,2.4
co2_mlo,2013-10-01,393.9,397.25,False,2.63
co2_mlo,2013-11-01,395.36,397.35,False,2.16
co2_mlo,2013-12-01,397.03,397.78,False,2.46
co2_mlo,2014-01-01,398.04,397.74,False,2.26
co2_mlo,2014-02-01,398.27,397.45,False,1.24
co2_mlo,2014-03-01,399.91,398.37,False,2.25
co2_mlo,2014-04-01,401.51,398.63,False,2.87
co2_mlo,2014-05-01,401.96,398.56,False,1.94
co2_mlo,2014-06-01,401.43,399.1,False,2.62
co2_mlo,2014-07-01,399.27,398.85,False,1.76
co2_mlo,2014-08-01,397.18,399.07,False,1.79
co2_mlo,2014-09-01,395.54,399.11,False,1.82
co2_mlo,2014-10-01,396.16,399.58,False,2.26
co2_mlo,2014-11-01,397.4,399.49,False,2.04
co2_mlo,2014-12-01,399.08,399.81,False,2.05
co2_mlo,2015-01-01,400.18,399.92,False,2.14
co2_mlo,2015-02-01,400.55,399.77,False,2.28
co2_mlo,2015-03-01,401.74,400.22,False,1.83
co2_mlo,2015-04-01,403.35,400.46,False,1.84
co2_mlo,2015-05-01,404.15,400.7,False,2.19
co2_mlo,2015-06-01,402.97,400.65,False,1.54
co2_mlo,2015-07-01,401.46,401.11,False,2.19
co2_mlo,2015-08-01,399.11,401.04,False,1.93
co2_mlo,2015-09-01,397.82,401.43,False,2.28
co2_mlo,2015-10-01,398.49,401.89,False,2.33
co2_mlo,2015-11-01,400.27,402.24,False,2.87
co2_mlo,2015-12-01,402.06,402.72,False,2.98
co2_mlo,2016-01-01,402.73,402.45,False,2.55
co2_mlo,2016-02-01,404.25,403.4,False,3.7
co2_mlo,2016-03-01,405.06,403.54,False,3.32
co2_mlo,2016-04-01,407.6,404.77,False,4.25
co2_mlo,2016-05-01,407.9,404.41,False,3.75
co2_mlo,2016-06-01,406.99,404.59,False,4.02
co2_mlo,2016-07-01,404.59,404.24,False,3.13
co2_mlo,2016-08-01,402.45,404.41,False,3.34
co2_mlo,2016-09-01,401.23,404.85,False,3.41
co2_mlo,2016-10-01,401.79,405.23,False,3.3
co2_mlo,2016-11-01,403.72,405.74,False,3.45
co2_mlo,2016-12-01,404.64,405.33,False,2.58
co2_mlo,2017-01-01,406.36,406.04,False,3.63
co2_mlo,2017-02-01,406.66,405.8,False,2.41
co2_mlo,2017-03-01,407.54,406.05,False,2.48
co2_mlo,2017-04-01,409.22,406.37,False,1.62
co2_mlo,2017-05-01,409.89,406.37,False,1.99
co2_mlo,2017-06-01,409.08,406.68,False,2.09
co2_mlo,2017-07-01,407.33,407.01,False,2.74
co2_mlo,2017-08-01,405.32,407.31,False,2.87
co2_mlo,2017-09-01,403.57,407.17,False,2.34
co2_mlo,2017-10-01,403.82,407.23,False,2.03
co2_mlo,2017-11-01,405.31,407.36,False,1.59
co2_mlo,2017-12-01,407.0,407.71,False,2.36
co2_mlo,2018-01-01,408.15,407.83,False,1.79
co2_mlo,2018-02-01,408.52,407.61,False,1.86
co2_mlo,2018-03-01,409.59,408.06,False,2.05
co2_mlo,2018-04-01,410.45,407.65,False,1.23
co2_mlo,2018-05-01,411.44,407.98,False,1.55
co2_mlo,2018-06-01,410.99,408.6,False,1.91
co2_mlo,2018-07-01,408.9,408.6,False,1.57
co2_mlo,2018-08-01,407.16,409.17,False,1.84
co2_mlo,2018-09-01,405.71,409.3,False,2.14
co2_mlo,2018-10-01,406.19,409.56,False,2.37
co2_mlo,2018-11-01,408.21,410.24,False,2.9
co2_mlo,2018-12-01,409.27,409.99,False,2.27
co2_mlo,2019-01-01,411.03,410.69,False,2.88
co2_mlo,2019-02-01,411.96,410.97,False,3.44
co2_mlo,2019-03-01,412.18,410.71,False,2.59
co2_mlo,2019-04-01,413.54,410.92,False,3.09
co2_mlo,2019-05-01,414.86,411.47,False,3.42
co2_mlo,2019-06-01,414.15,411.74,False,3.16
co2_mlo,2019-07-01,411.96,411.64,False,3.06
co2_mlo,2019-08-01,410.17,412.1,False,3.01
co2_mlo,2019-09-01,408.76,412.26,False,3.05
co2_mlo,2019-10-01,408.74,412.09,False,2.55
co2_mlo,2019-11-01,410.47,412.5,False,2.26
co2_mlo,2019-12-01,411.97,412.71,False,2.7
co2_mlo,2020-01-01,413.59,413.22,False,2.56
co2_mlo,2020-02-01,414.32,413.41,False,2.36
co2_mlo,2020-03-01,414.72,413.35,False,2.54
co2_mlo,2020-04-01,416.42,413.92,False,2.88
co2_mlo,2020-05-01,417.28,413.98,False,2.42
co2_mlo,2020-06-01,416.58,414.16,False,2.43
co2_mlo,2020-07-01,414.58,414.19,False,2.62
co2_mlo,2020-08-01,412.75,414.6,False,2.58
co2_mlo,2020-09-01,411.5,414.91,False,2.74
co2_mlo,2020-10-01,411.49,414.79,False,2.75
co2_mlo,2020-11-01,413.1,415.12,False,2.63
co2_mlo,2020-12-01,414.23,414.91,False,2.26
co2_mlo,2021-01-01,415.49,415.23,False,1.9
co2_mlo,2021-02-01,416.72,415.8,False,2.4
co2_mlo,2021-03-01,417.61,416.17,False,2.89
co2_mlo,2021-04-01,419.01,416.58,False,2.59
co2_mlo,2021-05-01,419.09,415.88,False,1.81
co2_mlo,2021-06-01,418.93,416.48,False,2.35
co2_mlo,2021-07-01,416.9,416.48,False,2.32
co2_mlo,2021-08-01,414.42,416.27,False,1.67
co2_mlo,2021-09-01,413.26,416.63,False,1.76
co2_mlo,2021-10-01,413.9,417.14,False,2.41
co2_mlo,2021-11-01,414.97,416.93,False,1.87
co2_mlo,2021-12-01,416.67,417.37,False,2.44
co2_mlo,2022-01-01,418.13,417.86,False,2.64
co2_mlo,2022-02-01,419.24,418.32,False,2.52
co2_mlo,2022-03-01,418.76,417.31,False,1.15
co2_mlo,2022-04-01,420.19,417.67,False,1.18
co2_mlo,2022-05-01,420.97,417.7,False,1.88
co2_mlo,2022-06-01,420.94,418.47,False,2.01
co2_mlo,2022-07-01,418.85,418.41,False,1.95
co2_mlo,2022-08-01,417.15,419.03,False,2.73
co2_mlo,2022-09-01,415.91,419.3,False,2.65
co2_mlo,2022-10-01,415.74,418.97,False,1.84
co2_mlo,2022-11-01,417.47,419.51,False,2.5
co2_mlo,2022-12-01,418.99,419.79,False,2.32
co2_mlo,2023-01-01,419.48,419.19,False,1.35
co2_mlo,2023-02-01,420.31,419.36,False,1.07
co2_mlo,2023-03-01,420.99,419.53,False,2.23
co2_mlo,2023-04-01,423.35,420.84,False,3.16
co2_mlo,2023-05-01,424.0,420.72,False,3.03
co2_mlo,2023-06-01,423.68,421.24,False,2.74
co2_mlo,2023-07-01,421.83,421.49,False,2.98
co2_mlo,2023-08-01,419.68,421.64,False,2.53
co2_mlo,2023-09-01,418.5,421.92,False,2.59
co2_mlo,2023-10-01,418.82,422.04,False,3.08
co2_mlo,2023-11-01,420.46,422.43,False,2.99
co2_mlo,2023-12-01,421.86,422.59,False,2.87
co2_mlo,2024-01-01,422.8,422.51,False,3.32
co2_mlo,2024-02-01,424.55,423.6,False,4.24
co2_mlo,2024-03-01,425.38,423.92,False,4.39
co2_mlo,2024-04-01,426.51,424.0,False,3.16
co2_mlo,2024-05-01,426.9,423.62,False,2.9
co2_mlo,2024-06-01,426.91,424.47,False,3.23
co2_mlo,2024-07-01,425.55,425.21,False,3.72
co2_mlo,2024-08-01,422.99,424.95,False,3.31
co2_mlo,2024-09-01,422.03,425.45,False,3.53
co2_mlo,2024-10-01,422.38,425.6,False,3.56
co2_mlo,2024-11-01,423.85,425.82,False,3.39
co2_mlo,2024-12-01,425.4,426.13,False,3.54
co2_mlo,2025-01-01,426.65,426.36,False,3.85
co2_mlo,2025-02-01,427.09,426.14,False,2.54
co2_mlo,2025-03-01,428.15,426.68,False,2.77
co2_mlo,2025-04-01,429.64,427.13,False,3.13
co2_mlo,2025-05-01,430.51,427.23,False,3.61
co2_mlo,2025-06-01,429.61,427.17,False,2.7
co2_mlo,2025-07-01,427.87,427.53,False,2.32
co2_mlo,2025-08-01,425.48,427.44,False,2.49
co2_mlo,2025-09-01,424.37,427.79,False,2.34
co2_mlo,2025-10-01,424.87,428.09,False,2.49
co2_mlo,2025-11-01,426.46,428.42,False,2.61
co2_mlo,2025-12-01,427.49,428.22,False,2.09
co2_mlo,2026-01-01,428.62,428.32,False,1.97
co2_mlo,2026-02-01,429.35,428.4,False,2.26
co2_mlo,2026-03-01,430.15,428.68,False,2.0
co2_mlo,2026-04-01,431.12,428.61,False,1.48
co2_mlo,2026-05-01,432.34,429.06,False,1.83
co2_mlo,2026-06-01,431.43,428.99,False,1.82
co2_mlo,2026-07-01,429.13,428.78,False,1.26
co2_mlo,2026-08-01,427.55,429.51,False,2.07
co2_global,1979-01-01,336.56,335.92,,
co2_global,1979-02-01,337.29,336.26,,
co2_global,1979-03-01,337.88,336.51,,
co2_global,1979-04-01,338.32,336.72,,
co2_global,1979-05-01,338.26,336.71,,
co2_global,1979-06-01,337.38,336.61,,
co2_global,1979-07-01,335.56,336.41,,
co2_global,1979-08-01,334.36,336.65,,
co2_global,1979-09-01,335.02,337.4,,
co2_global,1979-10-01,336.36,337.71,,
co2_global,1979-11-01,337.36,337.68,,
co2_global,1979-12-01,337.89,337.66,,
co2_global,1980-01-01,338.58,337.94,,2.02
co2_global,1980-02-01,339.26,338.23,,1.97
co2_global,1980-03-01,339.6,338.23,,1.72
co2_global,1980-04-01,340.0,338.4,,1.68
co2_global,1980-05-01,340.44,338.89,,2.18
co2_global,1980-06-01,339.99,339.23,,2.61
co2_global,1980-07-01,338.44,339.28,,2.88
co2_global,1980-08-01,337.22,339.51,,2.86
co2_global,1980-09-01,337.05,339.44,,2.03
co2_global,1980-10-01,337.82,339.17,,1.46
co2_global,1980-11-01,338.93,339.25,,1.57
co2_global,1980-12-01,339.63,339.4,,1.74
co2_global,1981-01-01,340.18,339.54,,1.6
co2_global,1981-02-01,340.75,339.71,,1.49
co2_global,1981-03-01,341.38,340.02,,1.78
co2_global,1981-04-01,341.68,340.08,,1.68
co2_global,1981-05-01,341.43,339.88,,0.99
co2_global,1981-06-01,340.63,339.86,,0.64
co2_global,1981-07-01,339.22,340.07,,0.78
co2_global,1981-08-01,338.08,340.37,,0.86
co2_global,1981-09-01,337.97,340.36,,0.92
co2_global,1981-10-01,339.07,340.42,,1.25
co2_global,1981-11-01,340.17,340.5,,1.24
co2_global,1981-12-01,340.74,340.51,,1.11
co2_global,1982-01-01,341.36,340.74,,1.18
co2_global,1982-02-01,341.95,340.91,,1.2
co2_global,1982-03-01,342.23,340.84,,0.85
co2_global,1982-04-01,342.52,340.91,,0.84
co2_global,1982-05-01,342.37,340.82,,0.94
co2_global,1982-06-01,341.49,340.72,,0.86
co2_global,1982-07-01,339.75,340.61,,0.53
co2_global,1982-08-01,338.11,340.4,,0.03
co2_global,1982-09-01,338.16,340.54,,0.19
co2_global,1982-10-01,339.61,340.97,,0.54
co2_global,1982-11-01,340.95,341.27,,0.78
co2_global,1982-12-01,341.77,341.53,,1.03
co2_global,1983-01-01,342.37,341.71,,1.01
co2_global,1983-02-01,342.74,341.71,,0.79
co2_global,1983-03-01,343.04,341.7,,0.81
co2_global,1983-04-01,343.51,341.94,,0.99
co2_global,1983-05-01,343.84,342.3,,1.47
co2_global,1983-06-01,343.5,342.71,,2.01
co2_global,1983-07-01,342.14,342.9,,2.39
co2_global,1983-08-01,340.62,342.85,,2.51
co2_global,1983-09-01,340.53,342.94,,2.37
co2_global,1983-10-01,341.75,343.15,,2.14
co2_global,1983-11-01,342.83,343.19,,1.88
co2_global,1983-12-01,343.49,343.26,,1.72
co2_global,1984-01-01,344.32,343.66,,1.95
co2_global,1984-02-01,344.82,343.82,,2.08
co2_global,1984-03-01,344.96,343.6,,1.92
co2_global,1984-04-01,345.19,343.56,,1.68
co2_global,1984-05-01,345.33,343.77,,1.49
co2_global,1984-06-01,344.57,343.8,,1.07
co2_global,1984-07-01,343.2,344.02,,1.06
co2_global,1984-08-01,342.21,344.51,,1.59
co2_global,1984-09-01,342.13,344.57,,1.6
co2_global,1984-10-01,342.99,344.37,,1.24
co2_global,1984-11-01,344.16,344.46,,1.33
co2_global,1984-12-01,345.0,344.72,,1.51
co2_global,1985-01-01,345.35,344.66,,1.03
co2_global,1985-02-01,345.8,344.78,,0.98
co2_global,1985-03-01,346.64,345.32,,1.68
co2_global,1985-04-01,346.94,345.33,,1.75
co2_global,1985-05-01,346.78,345.2,,1.45
co2_global,1985-06-01,346.26,345.47,,1.69
co2_global,1985-07-01,344.92,345.75,,1.72
co2_global,1985-08-01,343.41,345.73,,1.2
co2_global,1985-09-01,343.37,345.82,,1.24
co2_global,1985-10-01,344.64,346.03,,1.65
co2_global,1985-11-01,345.79,346.11,,1.63
co2_global,1985-12-01,346.55,346.25,,1.55
co2_global,1986-01-01,347.11,346.42,,1.76
co2_global,1986-02-01,347.34,346.34,,1.54
co2_global,1986-03-01,347.71,346.38,,1.07
co2_global,1986-04-01,348.22,346.61,,1.28
co2_global,1986-05-01,348.32,346.75,,1.54
co2_global,1986-06-01,347.76,346.99,,1.5
co2_global,1986-07-01,346.29,347.15,,1.37
co2_global,1986-08-01,344.92,347.22,,1.51
co2_global,1986-09-01,344.86,347.26,,1.49
co2_global,1986-10-01,346.03,347.4,,1.39
co2_global,1986-11-01,347.3,347.62,,1.51
co2_global,1986-12-01,347.76,347.46,,1.21
co2_global,1987-01-01,348.01,347.24,,0.9
co2_global,1987-02-01,348.56,347.46,,1.22
co2_global,1987-03-01,349.28,347.87,,1.57
co2_global,1987-04-01,349.98,348.29,,1.76
co2_global,1987-05-01,350.26,348.69,,1.94
co2_global,1987-06-01,349.46,348.8,,1.7
co2_global,1987-07-01,347.84,348.83,,1.55
co2_global,1987-08-01,346.61,349.0,,1.69
co2_global,1987-09-01,346.7,349.14,,1.84
co2_global,1987-10-01,347.97,349.35,,1.94
co2_global,1987-11-01,349.25,349.57,,1.95
co2_global,1987-12-01,350.21,349.88,,2.45
co2_global,1988-01-01,350.91,350.13,,2.9
co2_global,1988-02-01,351.47,350.37,,2.91
co2_global,1988-03-01,351.85,350.39,,2.57
co2_global,1988-04-01,352.29,350.52,,2.31
co2_global,1988-05-01,352.46,350.82,,2.2
co2_global,1988-06-01,351.76,351.07,,2.3
co2_global,1988-07-01,350.28,351.27,,2.44
co2_global,1988-08-01,349.1,351.56,,2.49
co2_global,1988-09-01,349.27,351.79,,2.57
co2_global,1988-10-01,350.44,351.85,,2.47
co2_global,1988-11-01,351.61,351.98,,2.36
co2_global,1988-12-01,352.46,352.16,,2.25
co2_global,1989-01-01,353.01,352.19,,2.1
co2_global,1989-02-01,353.46,352.34,,1.99
co2_global,1989-03-01,354.01,352.58,,2.16
co2_global,1989-04-01,354.38,352.6,,2.09
co2_global,1989-05-01,354.19,352.51,,1.73
co2_global,1989-06-01,353.27,352.58,,1.51
co2_global,1989-07-01,351.56,352.6,,1.28
co2_global,1989-08-01,350.21,352.7,,1.11
co2_global,1989-09-01,350.56,353.1,,1.29
co2_global,1989-10-01,351.85,353.28,,1.41
co2_global,1989-11-01,353.04,353.39,,1.43
co2_global,1989-12-01,353.91,353.58,,1.45
co2_global,1990-01-01,354.48,353.7,,1.47
co2_global,1990-02-01,354.87,353.82,,1.41
co2_global,1990-03-01,355.2,353.77,,1.19
co2_global,1990-04-01,355.51,353.74,,1.13
co2_global,1990-05-01,355.41,353.75,,1.22
co2_global,1990-06-01,354.32,353.67,,1.05
co2_global,1990-07-01,352.7,353.8,,1.14
co2_global,1990-08-01,351.58,354.09,,1.37
co2_global,1990-09-01,351.79,354.31,,1.23
co2_global,1990-10-01,353.19,354.6,,1.34
co2_global,1990-11-01,354.45,354.7,,1.41
co2_global,1990-12-01,355.19,354.76,,1.28
co2_global,1991-01-01,355.76,354.96,,1.28
co2_global,1991-02-01,356.19,355.1,,1.32
co2_global,1991-03-01,356.69,355.25,,1.49
co2_global,1991-04-01,357.19,355.45,,1.68
co2_global,1991-05-01,357.11,355.49,,1.7
co2_global,1991-06-01,356.18,355.57,,1.86
co2_global,1991-07-01,354.53,355.65,,1.83
co2_global,1991-08-01,353.06,355.56,,1.48
co2_global,1991-09-01,352.93,355.45,,1.14
co2_global,1991-10-01,354.01,355.41,,0.82
co2_global,1991-11-01,355.16,355.38,,0.71
co2_global,1991-12-01,355.95,355.49,,0.76
co2_global,1992-01-01,356.54,355.72,,0.78
co2_global,1992-02-01,356.89,355.79,,0.7
co2_global,1992-03-01,357.26,355.79,,0.57
co2_global,1992-04-01,357.76,355.97,,0.57
co2_global,1992-05-01,357.83,356.19,,0.72
co2_global,1992-06-01,356.87,356.28,,0.69
co2_global,1992-07-01,355.18,356.34,,0.65
co2_global,1992-08-01,353.66,356.22,,0.6
co2_global,1992-09-01,353.57,356.13,,0.64
co2_global,1992-10-01,354.81,356.21,,0.8
co2_global,1992-11-01,355.99,356.2,,0.83
co2_global,1992-12-01,356.74,356.27,,0.79
co2_global,1993-01-01,357.2,356.36,,0.66
co2_global,1993-02-01,357.54,356.39,,0.65
co2_global,1993-03-01,357.96,356.51,,0.7
co2_global,1993-04-01,358.42,356.66,,0.66
co2_global,1993-05-01,358.38,356.73,,0.55
co2_global,1993-06-01,357.35,356.68,,0.48
co2_global,1993-07-01,355.73,356.75,,0.55
co2_global,1993-08-01,354.44,356.91,,0.78
co2_global,1993-09-01,354.47,357.05,,0.9
co2_global,1993-10-01,355.71,357.19,,0.9
co2_global,1993-11-01,356.96,357.3,,0.97
co2_global,1993-12-01,357.86,357.5,,1.12
co2_global,1994-01-01,358.48,357.62,,1.28
co2_global,1994-02-01,359.0,357.85,,1.46
co2_global,1994-03-01,359.36,357.9,,1.4
co2_global,1994-04-01,359.71,357.93,,1.29
co2_global,1994-05-01,359.74,358.06,,1.36
co2_global,1994-06-01,358.8,358.1,,1.45
co2_global,1994-07-01,357.27,358.26,,1.54
co2_global,1994-08-01,356.06,358.56,,1.62
co2_global,1994-09-01,356.02,358.67,,1.55
co2_global,1994-10-01,357.27,358.81,,1.56
co2_global,1994-11-01,358.69,359.03,,1.73
co2_global,1994-12-01,359.54,359.15,,1.68
co2_global,1995-01-01,360.13,359.28,,1.65
co2_global,1995-02-01,360.62,359.52,,1.62
co2_global,1995-03-01,361.08,359.71,,1.72
co2_global,1995-04-01,361.55,359.85,,1.84
co2_global,1995-05-01,361.47,359.85,,1.73
co2_global,1995-06-01,360.62,359.93,,1.82
co2_global,1995-07-01,359.0,360.0,,1.73
co2_global,1995-08-01,357.74,360.21,,1.68
co2_global,1995-09-01,358.06,360.65,,2.04
co2_global,1995-10-01,359.43,360.9,,2.16
co2_global,1995-11-01,360.77,361.04,,2.08
co2_global,1995-12-01,361.65,361.2,,2.11
co2_global,1996-01-01,362.14,361.23,,2.01
co2_global,1996-02-01,362.5,361.33,,1.88
co2_global,1996-03-01,362.82,361.4,,1.74
co2_global,1996-04-01,363.14,361.42,,1.59
co2_global,1996-05-01,363.29,361.68,,1.82
co2_global,1996-06-01,362.88,362.23,,2.26
co2_global,1996-07-01,361.57,362.6,,2.57
co2_global,1996-08-01,360.07,362.57,,2.33
co2_global,1996-09-01,359.7,362.31,,1.64
co2_global,1996-10-01,360.67,362.15,,1.24
co2_global,1996-11-01,361.78,362.08,,1.01
co2_global,1996-12-01,362.63,362.19,,0.98
co2_global,1997-01-01,363.26,362.33,,1.12
co2_global,1997-02-01,363.63,362.45,,1.13
co2_global,1997-03-01,364.02,362.62,,1.2
co2_global,1997-04-01,364.5,362.81,,1.36
co2_global,1997-05-01,364.5,362.92,,1.21
co2_global,1997-06-01,363.58,362.96,,0.7
co2_global,1997-07-01,361.93,362.95,,0.36
co2_global,1997-08-01,360.4,362.89,,0.33
co2_global,1997-09-01,360.4,363.0,,0.7
co2_global,1997-10-01,361.93,363.41,,1.26
co2_global,1997-11-01,363.61,363.9,,1.83
co2_global,1997-12-01,364.68,364.22,,2.05
co2_global,1998-01-01,365.19,364.26,,1.93
co2_global,1998-02-01,365.47,364.31,,1.84
co2_global,1998-03-01,365.93,364.53,,1.91
co2_global,1998-04-01,366.58,364.91,,2.08
co2_global,1998-05-01,366.86,365.33,,2.36
co2_global,1998-06-01,366.26,365.67,,2.68
co2_global,1998-07-01,364.83,365.88,,2.9
co2_global,1998-08-01,363.79,366.27,,3.39
co2_global,1998-09-01,364.03,366.61,,3.63
co2_global,1998-10-01,365.34,366.78,,3.41
co2_global,1998-11-01,366.6,366.85,,2.99
co2_global,1998-12-01,367.47,366.97,,2.79
co2_global,1999-01-01,368.11,367.18,,2.92
co2_global,1999-02-01,368.51,367.37,,3.04
co2_global,1999-03-01,368.9,367.52,,2.97
co2_global,1999-04-01,369.29,367.64,,2.71
co2_global,1999-05-01,369.21,367.7,,2.35
co2_global,1999-06-01,368.36,367.79,,2.1
co2_global,1999-07-01,366.69,367.74,,1.86
co2_global,1999-08-01,365.33,367.78,,1.54
co2_global,1999-09-01,365.45,367.99,,1.42
co2_global,1999-10-01,366.75,368.18,,1.41
co2_global,1999-11-01,368.04,368.27,,1.44
co2_global,1999-12-01,368.88,368.35,,1.41
co2_global,2000-01-01,369.38,368.47,,1.27
co2_global,2000-02-01,369.65,368.51,,1.14
co2_global,2000-03-01,369.97,368.57,,1.07
co2_global,2000-04-01,370.35,368.67,,1.06
co2_global,2000-05-01,370.24,368.72,,1.03
co2_global,2000-06-01,369.31,368.78,,0.95
co2_global,2000-07-01,367.91,369.05,,1.22
co2_global,2000-08-01,366.76,369.26,,1.43
co2_global,2000-09-01,366.71,369.25,,1.26
co2_global,2000-10-01,367.91,369.31,,1.16
co2_global,2000-11-01,369.28,369.44,,1.24
co2_global,2000-12-01,370.1,369.54,,1.22
co2_global,2001-01-01,370.69,369.79,,1.31
co2_global,2001-02-01,371.18,370.03,,1.53
co2_global,2001-03-01,371.59,370.17,,1.62
co2_global,2001-04-01,371.9,370.22,,1.55
co2_global,2001-05-01,371.76,370.24,,1.52
co2_global,2001-06-01,370.81,370.28,,1.5
co2_global,2001-07-01,369.45,370.56,,1.54
co2_global,2001-08-01,368.32,370.79,,1.56
co2_global,2001-09-01,368.36,370.88,,1.65
co2_global,2001-10-01,369.71,371.11,,1.8
co2_global,2001-11-01,371.05,371.25,,1.77
co2_global,2001-12-01,371.97,371.46,,1.87
co2_global,2002-01-01,372.51,371.56,,1.82
co2_global,2002-02-01,372.91,371.65,,1.73
co2_global,2002-03-01,373.38,371.86,,1.79
co2_global,2002-04-01,373.73,371.96,,1.83
co2_global,2002-05-01,373.71,372.14,,1.95
co2_global,2002-06-01,372.84,372.3,,2.03
co2_global,2002-07-01,371.41,372.54,,1.96
co2_global,2002-08-01,370.35,372.89,,2.03
co2_global,2002-09-01,370.67,373.29,,2.31
co2_global,2002-10-01,371.95,373.44,,2.24
co2_global,2002-11-01,373.28,373.58,,2.23
co2_global,2002-12-01,374.26,373.8,,2.29
co2_global,2003-01-01,374.94,373.94,,2.43
co2_global,2003-02-01,375.47,374.13,,2.56
co2_global,2003-03-01,375.91,374.34,,2.53
co2_global,2003-04-01,376.39,374.59,,2.66
co2_global,2003-05-01,376.54,374.95,,2.83
co2_global,2003-06-01,375.71,375.16,,2.87
co2_global,2003-07-01,374.16,375.31,,2.75
co2_global,2003-08-01,372.93,375.52,,2.58
co2_global,2003-09-01,373.09,375.76,,2.42
co2_global,2003-10-01,374.36,375.89,,2.41
co2_global,2003-11-01,375.65,375.99,,2.37
co2_global,2003-12-01,376.52,376.08,,2.26
co2_global,2004-01-01,377.21,376.23,,2.27
co2_global,2004-02-01,377.72,376.4,,2.25
co2_global,2004-03-01,378.14,376.54,,2.23
co2_global,2004-04-01,378.47,376.68,,2.08
co2_global,2004-05-01,378.4,376.82,,1.86
co2_global,2004-06-01,377.51,376.96,,1.8
co2_global,2004-07-01,375.95,377.15,,1.79
co2_global,2004-08-01,374.48,377.12,,1.55
co2_global,2004-09-01,374.38,377.04,,1.29
co2_global,2004-10-01,375.72,377.22,,1.36
co2_global,2004-11-01,377.19,377.48,,1.54
co2_global,2004-12-01,378.16,377.68,,1.64
co2_global,2005-01-01,378.73,377.75,,1.52
co2_global,2005-02-01,379.27,377.95,,1.55
co2_global,2005-03-01,379.87,378.26,,1.73
co2_global,2005-04-01,380.32,378.51,,1.85
co2_global,2005-05-01,380.42,378.8,,2.02
co2_global,2005-06-01,379.6,379.01,,2.09
co2_global,2005-07-01,377.94,379.11,,1.99
co2_global,2005-08-01,376.73,379.37,,2.25
co2_global,2005-09-01,376.76,379.47,,2.38
co2_global,2005-10-01,378.07,379.63,,2.35
co2_global,2005-11-01,379.53,379.85,,2.34
co2_global,2005-12-01,380.53,380.05,,2.37
co2_global,2006-01-01,381.34,380.33,,2.61
co2_global,2006-02-01,381.96,380.58,,2.69
co2_global,2006-03-01,382.35,380.71,,2.48
co2_global,2006-04-01,382.67,380.84,,2.35
co2_global,2006-05-01,382.62,380.97,,2.2
co2_global,2006-06-01,381.76,381.15,,2.16
co2_global,2006-07-01,380.06,381.26,,2.12
co2_global,2006-08-01,378.47,381.19,,1.74
co2_global,2006-09-01,378.63,381.41,,1.87
co2_global,2006-10-01,380.09,381.67,,2.02
co2_global,2006-11-01,381.45,381.77,,1.92
co2_global,2006-12-01,382.4,381.92,,1.87
co2_global,2007-01-01,383.03,382.0,,1.69
co2_global,2007-02-01,383.54,382.13,,1.58
co2_global,2007-03-01,384.01,382.35,,1.66
co2_global,2007-04-01,384.27,382.44,,1.6
co2_global,2007-05-01,384.12,382.49,,1.5
co2_global,2007-06-01,383.26,382.69,,1.5
co2_global,2007-07-01,381.55,382.82,,1.49
co2_global,2007-08-01,380.3,383.06,,1.83
co2_global,2007-09-01,380.69,383.46,,2.06
co2_global,2007-10-01,382.1,383.65,,2.01
co2_global,2007-11-01,383.45,383.73,,2.0
co2_global,2007-12-01,384.46,383.96,,2.06
co2_global,2008-01-01,385.23,384.21,,2.2
co2_global,2008-02-01,385.74,384.36,,2.2
co2_global,2008-03-01,386.15,384.51,,2.14
co2_global,2008-04-01,386.53,384.73,,2.26
co2_global,2008-05-01,386.49,384.86,,2.37
co2_global,2008-06-01,385.58,385.02,,2.32
co2_global,2008-07-01,384.1,385.42,,2.55
co2_global,2008-08-01,382.77,385.57,,2.47
co2_global,2008-09-01,382.54,385.28,,1.85
co2_global,2008-10-01,383.67,385.15,,1.57
co2_global,2008-11-01,385.18,385.4,,1.73
co2_global,2008-12-01,386.27,385.74,,1.81
co2_global,2009-01-01,387.03,385.98,,1.8
co2_global,2009-02-01,387.48,386.06,,1.74
co2_global,2009-03-01,387.71,386.05,,1.56
co2_global,2009-04-01,387.99,386.18,,1.46
co2_global,2009-05-01,387.95,386.35,,1.46
co2_global,2009-06-01,386.96,386.45,,1.38
co2_global,2009-07-01,385.01,386.42,,0.91
co2_global,2009-08-01,383.63,386.5,,0.86
co2_global,2009-09-01,383.93,386.66,,1.39
co2_global,2009-10-01,385.49,386.91,,1.82
co2_global,2009-11-01,386.94,387.12,,1.76
co2_global,2009-12-01,387.84,387.28,,1.57
co2_global,2010-01-01,388.62,387.61,,1.59
co2_global,2010-02-01,389.34,387.95,,1.86
co2_global,2010-03-01,389.68,388.03,,1.97
co2_global,2010-04-01,389.98,388.17,,1.99
co2_global,2010-05-01,389.95,388.35,,2.0
co2_global,2010-06-01,389.01,388.51,,2.05
co2_global,2010-07-01,387.35,388.74,,2.34
co2_global,2010-08-01,386.23,389.04,,2.6
co2_global,2010-09-01,386.7,389.4,,2.77
co2_global,2010-10-01,388.25,389.67,,2.76
co2_global,2010-11-01,389.62,389.8,,2.68
co2_global,2010-12-01,390.34,389.8,,2.5
co2_global,2011-01-01,390.85,389.82,,2.23
co2_global,2011-02-01,391.29,389.87,,1.95
co2_global,2011-03-01,391.66,390.03,,1.98
co2_global,2011-04-01,392.05,390.24,,2.07
co2_global,2011-05-01,392.08,390.45,,2.13
co2_global,2011-06-01,391.14,390.63,,2.13
co2_global,2011-07-01,389.2,390.56,,1.85
co2_global,2011-08-01,387.87,390.65,,1.64
co2_global,2011-09-01,388.27,390.98,,1.57
co2_global,2011-10-01,389.83,391.29,,1.58
co2_global,2011-11-01,391.2,391.42,,1.58
co2_global,2011-12-01,392.02,391.51,,1.68
co2_global,2012-01-01,392.61,391.56,,1.76
co2_global,2012-02-01,393.2,391.79,,1.91
co2_global,2012-03-01,393.72,392.08,,2.06
co2_global,2012-04-01,393.99,392.19,,1.94
co2_global,2012-05-01,393.88,392.27,,1.8
co2_global,2012-06-01,392.84,392.36,,1.7
co2_global,2012-07-01,391.0,392.42,,1.8
co2_global,2012-08-01,389.89,392.73,,2.02
co2_global,2012-09-01,390.55,393.26,,2.28
co2_global,2012-10-01,392.16,393.58,,2.33
co2_global,2012-11-01,393.56,393.73,,2.36
co2_global,2012-12-01,394.39,393.82,,2.37
co2_global,2013-01-01,395.07,394.09,,2.46
co2_global,2013-02-01,395.69,394.34,,2.49
co2_global,2013-03-01,396.28,394.66,,2.56
co2_global,2013-04-01,396.74,394.93,,2.75
co2_global,2013-05-01,396.75,395.13,,2.87
co2_global,2013-06-01,395.96,395.45,,3.12
co2_global,2013-07-01,394.48,395.83,,3.48
co2_global,2013-08-01,393.24,396.01,,3.35
co2_global,2013-09-01,393.21,395.88,,2.66
co2_global,2013-10-01,394.5,395.93,,2.34
co2_global,2013-11-01,395.96,396.15,,2.4
co2_global,2013-12-01,396.87,396.35,,2.48
co2_global,2014-01-01,397.51,396.46,,2.44
co2_global,2014-02-01,397.97,396.54,,2.28
co2_global,2014-03-01,398.27,396.6,,1.99
co2_global,2014-04-01,398.63,396.77,,1.89
co2_global,2014-05-01,398.69,397.03,,1.94
co2_global,2014-06-01,397.72,397.16,,1.76
co2_global,2014-07-01,396.13,397.45,,1.65
co2_global,2014-08-01,395.02,397.83,,1.78
co2_global,2014-09-01,395.12,397.89,,1.91
co2_global,2014-10-01,396.38,397.9,,1.88
co2_global,2014-11-01,397.86,398.16,,1.9
co2_global,2014-12-01,398.83,398.35,,1.96
co2_global,2015-01-01,399.56,398.52,,2.05
co2_global,2015-02-01,400.12,398.69,,2.15
co2_global,2015-03-01,400.57,398.86,,2.3
co2_global,2015-04-01,400.96,399.09,,2.33
co2_global,2015-05-01,400.91,399.27,,2.22
co2_global,2015-06-01,400.06,399.5,,2.34
co2_global,2015-07-01,398.38,399.66,,2.25
co2_global,2015-08-01,397.07,399.85,,2.05
co2_global,2015-09-01,397.34,400.14,,2.22
co2_global,2015-10-01,398.8,400.37,,2.42
co2_global,2015-11-01,400.37,400.68,,2.51
co2_global,2015-12-01,401.66,401.17,,2.83
co2_global,2016-01-01,402.62,401.59,,3.06
co2_global,2016-02-01,403.26,401.86,,3.14
co2_global,2016-03-01,403.85,402.18,,3.28
co2_global,2016-04-01,404.36,402.5,,3.4
co2_global,2016-05-01,404.4,402.76,,3.49
co2_global,2016-06-01,403.62,403.03,,3.56
co2_global,2016-07-01,402.1,403.31,,3.72
co2_global,2016-08-01,400.78,403.52,,3.71
co2_global,2016-09-01,400.96,403.76,,3.62
co2_global,2016-10-01,402.41,404.0,,3.61
co2_global,2016-11-01,403.76,404.09,,3.39
co2_global,2016-12-01,404.67,404.19,,3.01
co2_global,2017-01-01,405.33,404.25,,2.71
co2_global,2017-02-01,405.91,404.47,,2.65
co2_global,2017-03-01,406.32,404.63,,2.47
co2_global,2017-04-01,406.6,404.73,,2.24
co2_global,2017-05-01,406.64,405.0,,2.24
co2_global,2017-06-01,405.85,405.28,,2.23
co2_global,2017-07-01,404.11,405.37,,2.01
co2_global,2017-08-01,402.57,405.39,,1.79
co2_global,2017-09-01,402.66,405.5,,1.7
co2_global,2017-10-01,404.16,405.74,,1.75
co2_global,2017-11-01,405.7,406.0,,1.94
co2_global,2017-12-01,406.75,406.23,,2.08
co2_global,2018-01-01,407.53,406.48,,2.2
co2_global,2018-02-01,408.23,406.85,,2.32
co2_global,2018-03-01,408.77,407.12,,2.45
co2_global,2018-04-01,409.07,407.24,,2.47
co2_global,2018-05-01,408.94,407.31,,2.3
co2_global,2018-06-01,408.06,407.47,,2.21
co2_global,2018-07-01,406.48,407.76,,2.37
co2_global,2018-08-01,405.11,407.95,,2.54
co2_global,2018-09-01,405.18,408.03,,2.52
co2_global,2018-10-01,406.65,408.2,,2.49
co2_global,2018-11-01,408.13,408.34,,2.43
co2_global,2018-12-01,409.19,408.6,,2.44
co2_global,2019-01-01,409.92,408.9,,2.39
co2_global,2019-02-01,410.34,408.99,,2.11
co2_global,2019-03-01,410.89,409.24,,2.12
co2_global,2019-04-01,411.33,409.5,,2.26
co2_global,2019-05-01,411.34,409.7,,2.4
co2_global,2019-06-01,410.53,409.95,,2.47
co2_global,2019-07-01,408.88,410.17,,2.4
co2_global,2019-08-01,407.65,410.48,,2.54
co2_global,2019-09-01,407.92,410.76,,2.74
co2_global,2019-10-01,409.44,410.97,,2.79
co2_global,2019-11-01,410.87,411.04,,2.74
co2_global,2019-12-01,411.76,411.15,,2.57
co2_global,2020-01-01,412.43,411.34,,2.51
co2_global,2020-02-01,412.95,411.58,,2.61
co2_global,2020-03-01,413.44,411.81,,2.55
co2_global,2020-04-01,413.86,412.05,,2.53
co2_global,2020-05-01,413.81,412.19,,2.47
co2_global,2020-06-01,412.88,412.35,,2.35
co2_global,2020-07-01,411.17,412.52,,2.29
co2_global,2020-08-01,409.74,412.61,,2.09
co2_global,2020-09-01,410.0,412.85,,2.08
co2_global,2020-10-01,411.66,413.18,,2.22
co2_global,2020-11-01,413.25,413.37,,2.38
co2_global,2020-12-01,414.14,413.46,,2.38
co2_global,2021-01-01,414.73,413.69,,2.3
co2_global,2021-02-01,415.2,413.9,,2.25
co2_global,2021-03-01,415.49,413.9,,2.05
co2_global,2021-04-01,415.81,414.02,,1.95
co2_global,2021-05-01,416.01,414.42,,2.2
co2_global,2021-06-01,415.2,414.69,,2.32
co2_global,2021-07-01,413.45,414.82,,2.28
co2_global,2021-08-01,412.15,415.02,,2.41
co2_global,2021-09-01,412.38,415.2,,2.38
co2_global,2021-10-01,413.83,415.3,,2.17
co2_global,2021-11-01,415.58,415.61,,2.33
co2_global,2021-12-01,416.6,415.86,,2.46
co2_global,2022-01-01,417.18,416.05,,2.45
co2_global,2022-02-01,417.64,416.25,,2.44
co2_global,2022-03-01,418.15,416.56,,2.66
co2_global,2022-04-01,418.58,416.77,,2.77
co2_global,2022-05-01,418.45,416.83,,2.44
co2_global,2022-06-01,417.43,416.94,,2.23
co2_global,2022-07-01,415.67,417.09,,2.22
co2_global,2022-08-01,414.4,417.32,,2.25
co2_global,2022-09-01,414.62,417.48,,2.24
co2_global,2022-10-01,416.13,417.61,,2.3
co2_global,2022-11-01,417.84,417.91,,2.26
co2_global,2022-12-01,418.91,418.19,,2.31
co2_global,2023-01-01,419.37,418.19,,2.19
co2_global,2023-02-01,419.65,418.23,,2.01
co2_global,2023-03-01,419.98,418.41,,1.83
co2_global,2023-04-01,420.48,418.72,,1.9
co2_global,2023-05-01,420.54,419.0,,2.09
co2_global,2023-06-01,419.56,419.13,,2.13
co2_global,2023-07-01,417.92,419.31,,2.25
co2_global,2023-08-01,416.78,419.65,,2.38
co2_global,2023-09-01,417.17,420.02,,2.55
co2_global,2023-10-01,418.84,420.31,,2.71
co2_global,2023-11-01,420.4,420.46,,2.56
co2_global,2023-12-01,421.5,420.76,,2.59
co2_global,2024-01-01,422.2,421.02,,2.83
co2_global,2024-02-01,422.79,421.37,,3.14
co2_global,2024-03-01,423.38,421.8,,3.4
co2_global,2024-04-01,423.85,422.09,,3.37
co2_global,2024-05-01,423.93,422.39,,3.39
co2_global,2024-06-01,423.23,422.81,,3.67
co2_global,2024-07-01,421.61,423.0,,3.69
co2_global,2024-08-01,420.27,423.14,,3.49
co2_global,2024-09-01,420.59,423.43,,3.42
co2_global,2024-10-01,422.33,423.8,,3.49
co2_global,2024-11-01,424.07,424.13,,3.67
co2_global,2024-12-01,425.2,424.47,,3.7
co2_global,2025-01-01,426.01,424.83,,3.81
co2_global,2025-02-01,426.46,425.04,,3.67
co2_global,2025-03-01,426.66,425.09,,3.28
co2_global,2025-04-01,427.03,425.27,,3.18
co2_global,2025-05-01,427.04,425.5,,3.11
co2_global,2025-06-01,425.9,425.47,,2.67
co2_global,2025-07-01,424.09,425.48,,2.48
co2_global,2025-08-01,422.86,425.73,,2.59
co2_global,2025-09-01,423.06,425.91,,2.47
co2_global,2025-10-01,424.66,426.14,,2.33
co2_global,2025-11-01,426.39,426.45,,2.32
co2_global,2025-12-01,427.31,426.58,,2.11
co2_global,2026-01-01,428.02,426.84,,2.01
co2_global,2026-02-01,428.44,427.03,,1.98
co2_global,2026-03-01,428.48,426.9,,1.82
co2_global,2026-04-01,428.67,426.9,,1.64
co2_global,2026-05-01,428.59,427.05,,1.55
co2_global,2026-06-01,427.62,427.2,,1.72
ch4_global,1983-07-01,1625.98,1635.14,,
ch4_global,1983-08-01,1628.06,1635.64,,
ch4_global,1983-09-01,1638.42,1636.19,,
ch4_global,1983-10-01,1644.79,1636.82,,
ch4_global,1983-11-01,1642.61,1637.52,,
ch4_global,1983-12-01,1639.53,1638.3,,
ch4_global,1984-01-01,1638.73,1639.17,,
ch4_global,1984-02-01,1638.82,1640.08,,
ch4_global,1984-03-01,1640.86,1641.06,,
ch4_global,1984-04-01,1643.97,1642.1,,
ch4_global,1984-05-01,1643.16,1643.19,,
ch4_global,1984-06-01,1639.73,1644.31,,
ch4_global,1984-07-01,1637.99,1645.44,,12.01
ch4_global,1984-08-01,1641.71,1646.61,,13.65
ch4_global,1984-09-01,1650.61,1647.75,,12.19
ch4_global,1984-10-01,1654.58,1648.88,,9.79
ch4_global,1984-11-01,1653.79,1650.0,,11.18
ch4_global,1984-12-01,1656.21,1651.09,,16.68
ch4_global,1985-01-01,1655.63,1652.18,,16.9
ch4_global,1985-02-01,1652.29,1653.19,,13.47
ch4_global,1985-03-01,1654.64,1654.19,,13.78
ch4_global,1985-04-01,1658.2,1655.2,,14.23
ch4_global,1985-05-01,1655.89,1656.2,,12.73
ch4_global,1985-06-01,1650.04,1657.2,,10.31
ch4_global,1985-07-01,1646.79,1658.19,,8.8
ch4_global,1985-08-01,1652.25,1659.21,,10.54
ch4_global,1985-09-01,1662.47,1660.21,,11.86
ch4_global,1985-10-01,1667.49,1661.22,,12.91
ch4_global,1985-11-01,1666.83,1662.25,,13.04
ch4_global,1985-12-01,1666.06,1663.28,,9.85
ch4_global,1986-01-01,1666.28,1664.34,,10.65
ch4_global,1986-02-01,1666.93,1665.35,,14.64
ch4_global,1986-03-01,1669.26,1666.38,,14.62
ch4_global,1986-04-01,1670.8,1667.44,,12.6
ch4_global,1986-05-01,1668.46,1668.52,,12.57
ch4_global,1986-06-01,1664.76,1669.6,,14.72
ch4_global,1986-07-01,1662.33,1670.68,,15.54
ch4_global,1986-08-01,1664.39,1671.79,,12.14
ch4_global,1986-09-01,1672.57,1672.88,,10.1
ch4_global,1986-10-01,1678.66,1673.97,,11.17
ch4_global,1986-11-01,1678.99,1675.06,,12.16
ch4_global,1986-12-01,1679.12,1676.15,,13.06
ch4_global,1987-01-01,1679.42,1677.25,,13.14
ch4_global,1987-02-01,1679.04,1678.29,,12.11
ch4_global,1987-03-01,1680.01,1679.31,,10.75
ch4_global,1987-04-01,1681.36,1680.35,,10.56
ch4_global,1987-05-01,1681.87,1681.37,,13.41
ch4_global,1987-06-01,1679.98,1682.36,,15.22
ch4_global,1987-07-01,1675.97,1683.32,,13.64
ch4_global,1987-08-01,1677.21,1684.27,,12.82
ch4_global,1987-09-01,1685.58,1685.17,,13.01
ch4_global,1987-10-01,1691.53,1686.04,,12.87
ch4_global,1987-11-01,1691.2,1686.89,,12.21
ch4_global,1987-12-01,1690.51,1687.72,,11.39
ch4_global,1988-01-01,1691.97,1688.55,,12.55
ch4_global,1988-02-01,1692.54,1689.35,,13.5
ch4_global,1988-03-01,1691.29,1690.15,,11.28
ch4_global,1988-04-01,1690.06,1690.97,,8.7
ch4_global,1988-05-01,1689.11,1691.81,,7.24
ch4_global,1988-06-01,1687.18,1692.67,,7.2
ch4_global,1988-07-01,1686.02,1693.56,,10.05
ch4_global,1988-08-01,1689.46,1694.49,,12.25
ch4_global,1988-09-01,1696.11,1695.43,,10.53
ch4_global,1988-10-01,1701.13,1696.39,,9.6
ch4_global,1988-11-01,1702.85,1697.37,,11.65
ch4_global,1988-12-01,1701.91,1698.37,,11.4
ch4_global,1989-01-01,1700.55,1699.39,,8.58
ch4_global,1989-02-01,1701.14,1700.38,,8.6
ch4_global,1989-03-01,1702.54,1701.36,,11.25
ch4_global,1989-04-01,1703.62,1702.36,,13.56
ch4_global,1989-05-01,1703.36,1703.35,,14.25
ch4_global,1989-06-01,1700.17,1704.32,,12.99
ch4_global,1989-07-01,1698.21,1705.27,,12.19
ch4_global,1989-08-01,1702.03,1706.21,,12.57
ch4_global,1989-09-01,1707.21,1707.11,,11.1
ch4_global,1989-10-01,1710.55,1707.97,,9.42
ch4_global,1989-11-01,1713.15,1708.8,,10.3
ch4_global,1989-12-01,1713.19,1709.6,,11.28
ch4_global,1990-01-01,1712.0,1710.38,,11.45
ch4_global,1990-02-01,1713.33,1711.09,,12.19
ch4_global,1990-03-01,1714.23,1711.78,,11.69
ch4_global,1990-04-01,1712.49,1712.47,,8.87
ch4_global,1990-05-01,1710.63,1713.14,,7.27
ch4_global,1990-06-01,1708.41,1713.8,,8.24
ch4_global,1990-07-01,1706.52,1714.46,,8.31
ch4_global,1990-08-01,1710.16,1715.15,,8.13
ch4_global,1990-09-01,1717.59,1715.85,,10.38
ch4_global,1990-10-01,1722.16,1716.6,,11.61
ch4_global,1990-11-01,1723.57,1717.39,,10.42
ch4_global,1990-12-01,1723.32,1718.25,,10.13
ch4_global,1991-01-01,1721.75,1719.19,,9.75
ch4_global,1991-02-01,1721.44,1720.16,,8.11
ch4_global,1991-03-01,1722.08,1721.21,,7.85
ch4_global,1991-04-01,1722.37,1722.36,,9.88
ch4_global,1991-05-01,1722.09,1723.58,,11.46
ch4_global,1991-06-01,1718.84,1724.85,,10.43
ch4_global,1991-07-01,1715.92,1726.14,,9.4
ch4_global,1991-08-01,1719.07,1727.47,,8.91
ch4_global,1991-09-01,1726.01,1728.75,,8.42
ch4_global,1991-10-01,1732.77,1729.99,,10.61
ch4_global,1991-11-01,1737.55,1731.14,,13.98
ch4_global,1991-12-01,1739.57,1732.2,,16.25
ch4_global,1992-01-01,1738.91,1733.14,,17.16
ch4_global,1992-02-01,1737.32,1733.91,,15.88
ch4_global,1992-03-01,1736.79,1734.53,,14.71
ch4_global,1992-04-01,1736.65,1735.01,,14.28
ch4_global,1992-05-01,1735.06,1735.35,,12.97
ch4_global,1992-06-01,1731.57,1735.54,,12.73
ch4_global,1992-07-01,1728.79,1735.62,,12.87
ch4_global,1992-08-01,1730.35,1735.61,,11.28
ch4_global,1992-09-01,1734.59,1735.53,,8.58
ch4_global,1992-10-01,1737.66,1735.41,,4.89
ch4_global,1992-11-01,1739.23,1735.28,,1.68
ch4_global,1992-12-01,1738.52,1735.17,,-1.05
ch4_global,1993-01-01,1735.77,1735.1,,-3.14
ch4_global,1993-02-01,1734.37,1735.08,,-2.95
ch4_global,1993-03-01,1735.37,1735.14,,-1.42
ch4_global,1993-04-01,1736.59,1735.27,,-0.06
ch4_global,1993-05-01,1735.01,1735.48,,-0.05
ch4_global,1993-06-01,1730.87,1735.77,,-0.7
ch4_global,1993-07-01,1728.01,1736.14,,-0.78
ch4_global,1993-08-01,1731.16,1736.57,,0.81
ch4_global,1993-09-01,1738.44,1737.04,,3.85
ch4_global,1993-10-01,1743.37,1737.56,,5.71
ch4_global,1993-11-01,1745.23,1738.11,,6.0
ch4_global,1993-12-01,1744.3,1738.68,,5.78
ch4_global,1994-01-01,1741.4,1739.27,,5.63
ch4_global,1994-02-01,1740.79,1739.84,,6.42
ch4_global,1994-03-01,1741.87,1740.43,,6.5
ch4_global,1994-04-01,1741.98,1741.03,,5.39
ch4_global,1994-05-01,1740.75,1741.65,,5.74
ch4_global,1994-06-01,1736.91,1742.27,,6.04
ch4_global,1994-07-01,1732.3,1742.89,,4.29
ch4_global,1994-08-01,1734.07,1743.53,,2.91
ch4_global,1994-09-01,1742.98,1744.15,,4.54
ch4_global,1994-10-01,1749.86,1744.78,,6.49
ch4_global,1994-11-01,1751.39,1745.39,,6.16
ch4_global,1994-12-01,1751.72,1745.98,,7.42
ch4_global,1995-01-01,1751.14,1746.55,,9.74
ch4_global,1995-02-01,1749.5,1747.07,,8.71
ch4_global,1995-03-01,1748.98,1747.54,,7.11
ch4_global,1995-04-01,1749.42,1747.99,,7.44
ch4_global,1995-05-01,1747.66,1748.38,,6.91
ch4_global,1995-06-01,1742.81,1748.73,,5.9
ch4_global,1995-07-01,1740.16,1749.03,,7.86
ch4_global,1995-08-01,1743.61,1749.28,,9.54
ch4_global,1995-09-01,1749.77,1749.5,,6.79
ch4_global,1995-10-01,1754.34,1749.69,,4.48
ch4_global,1995-11-01,1755.52,1749.85,,4.13
ch4_global,1995-12-01,1753.85,1750.01,,2.13
ch4_global,1996-01-01,1752.23,1750.16,,1.09
ch4_global,1996-02-01,1752.74,1750.32,,3.24
ch4_global,1996-03-01,1752.24,1750.48,,3.26
ch4_global,1996-04-01,1749.64,1750.67,,0.22
ch4_global,1996-05-01,1748.3,1750.86,,0.64
ch4_global,1996-06-01,1746.0,1751.07,,3.19
ch4_global,1996-07-01,1742.05,1751.29,,1.89
ch4_global,1996-08-01,1744.29,1751.52,,0.68
ch4_global,1996-09-01,1752.6,1751.75,,2.83
ch4_global,1996-10-01,1758.87,1751.98,,4.53
ch4_global,1996-11-01,1760.07,1752.21,,4.55
ch4_global,1996-12-01,1756.94,1752.44,,3.09
ch4_global,1997-01-01,1753.39,1752.68,,1.16
ch4_global,1997-02-01,1753.86,1752.91,,1.12
ch4_global,1997-03-01,1755.67,1753.17,,3.43
ch4_global,1997-04-01,1755.53,1753.46,,5.89
ch4_global,1997-05-01,1753.81,1753.8,,5.51
ch4_global,1997-06-01,1750.07,1754.2,,4.07
ch4_global,1997-07-01,1746.04,1754.67,,3.99
ch4_global,1997-08-01,1747.77,1755.23,,3.48
ch4_global,1997-09-01,1754.97,1755.88,,2.37
ch4_global,1997-10-01,1760.28,1756.63,,1.41
ch4_global,1997-11-01,1761.72,1757.47,,1.65
ch4_global,1997-12-01,1761.89,1758.41,,4.95
ch4_global,1998-01-01,1761.47,1759.45,,8.08
ch4_global,1998-02-01,1761.48,1760.51,,7.62
ch4_global,1998-03-01,1762.95,1761.62,,7.28
ch4_global,1998-04-01,1764.74,1762.8,,9.21
ch4_global,1998-05-01,1764.32,1763.99,,10.51
ch4_global,1998-06-01,1760.35,1765.16,,10.28
ch4_global,1998-07-01,1756.15,1766.29,,10.11
ch4_global,1998-08-01,1760.23,1767.38,,12.46
ch4_global,1998-09-01,1770.7,1768.36,,15.73
ch4_global,1998-10-01,1776.27,1769.26,,15.99
ch4_global,1998-11-01,1775.55,1770.05,,13.83
ch4_global,1998-12-01,1774.09,1770.74,,12.2
ch4_global,1999-01-01,1773.79,1771.32,,12.32
ch4_global,1999-02-01,1773.89,1771.78,,12.41
ch4_global,1999-03-01,1774.56,1772.15,,11.61
ch4_global,1999-04-01,1774.95,1772.46,,10.21
ch4_global,1999-05-01,1772.66,1772.69,,8.34
ch4_global,1999-06-01,1767.32,1772.87,,6.97
ch4_global,1999-07-01,1762.94,1773.0,,6.79
ch4_global,1999-08-01,1764.65,1773.09,,4.42
ch4_global,1999-09-01,1771.01,1773.17,,0.31
ch4_global,1999-10-01,1776.59,1773.22,,0.32
ch4_global,1999-11-01,1778.54,1773.26,,2.99
ch4_global,1999-12-01,1777.23,1773.29,,3.14
ch4_global,2000-01-01,1775.53,1773.3,,1.74
ch4_global,2000-02-01,1775.45,1773.3,,1.56
ch4_global,2000-03-01,1776.49,1773.28,,1.93
ch4_global,2000-04-01,1777.21,1773.24,,2.26
ch4_global,2000-05-01,1774.58,1773.17,,1.92
ch4_global,2000-06-01,1768.12,1773.08,,0.8
ch4_global,2000-07-01,1763.46,1772.96,,0.52
ch4_global,2000-08-01,1765.46,1772.81,,0.81
ch4_global,2000-09-01,1772.02,1772.64,,1.01
ch4_global,2000-10-01,1777.08,1772.45,,0.49
ch4_global,2000-11-01,1777.73,1772.26,,-0.81
ch4_global,2000-12-01,1775.31,1772.06,,-1.92
ch4_global,2001-01-01,1772.87,1771.86,,-2.66
ch4_global,2001-02-01,1772.52,1771.68,,-2.93
ch4_global,2001-03-01,1773.64,1771.52,,-2.85
ch4_global,2001-04-01,1773.87,1771.38,,-3.34
ch4_global,2001-05-01,1770.89,1771.26,,-3.69
ch4_global,2001-06-01,1766.08,1771.17,,-2.04
ch4_global,2001-07-01,1763.01,1771.12,,-0.45
ch4_global,2001-08-01,1764.52,1771.09,,-0.94
ch4_global,2001-09-01,1770.44,1771.1,,-1.58
ch4_global,2001-10-01,1775.48,1771.13,,-1.6
ch4_global,2001-11-01,1776.59,1771.18,,-1.14
ch4_global,2001-12-01,1775.93,1771.26,,0.62
ch4_global,2002-01-01,1774.12,1771.35,,1.25
ch4_global,2002-02-01,1772.87,1771.46,,0.35
ch4_global,2002-03-01,1773.41,1771.59,,-0.23
ch4_global,2002-04-01,1772.74,1771.74,,-1.13
ch4_global,2002-05-01,1770.29,1771.92,,-0.6
ch4_global,2002-06-01,1766.88,1772.13,,0.8
ch4_global,2002-07-01,1764.26,1772.37,,1.25
ch4_global,2002-08-01,1767.0,1772.65,,2.48
ch4_global,2002-09-01,1773.75,1772.98,,3.31
ch4_global,2002-10-01,1778.25,1773.35,,2.77
ch4_global,2002-11-01,1779.5,1773.76,,2.91
ch4_global,2002-12-01,1779.65,1774.23,,3.72
ch4_global,2003-01-01,1777.53,1774.74,,3.41
ch4_global,2003-02-01,1774.83,1775.26,,1.96
ch4_global,2003-03-01,1774.84,1775.81,,1.43
ch4_global,2003-04-01,1775.8,1776.38,,3.06
ch4_global,2003-05-01,1774.46,1776.95,,4.17
ch4_global,2003-06-01,1771.66,1777.5,,4.78
ch4_global,2003-07-01,1770.69,1778.0,,6.43
ch4_global,2003-08-01,1774.3,1778.46,,7.3
ch4_global,2003-09-01,1780.54,1778.82,,6.79
ch4_global,2003-10-01,1784.67,1779.1,,6.42
ch4_global,2003-11-01,1785.29,1779.27,,5.79
ch4_global,2003-12-01,1783.58,1779.33,,3.93
ch4_global,2004-01-01,1780.8,1779.27,,3.27
ch4_global,2004-02-01,1779.77,1779.1,,4.94
ch4_global,2004-03-01,1780.95,1778.83,,6.11
ch4_global,2004-04-01,1780.86,1778.47,,5.06
ch4_global,2004-05-01,1777.74,1778.03,,3.28
ch4_global,2004-06-01,1772.41,1777.54,,0.75
ch4_global,2004-07-01,1768.09,1777.01,,-2.6
ch4_global,2004-08-01,1769.89,1776.48,,-4.41
ch4_global,2004-09-01,1775.82,1775.97,,-4.72
ch4_global,2004-10-01,1780.09,1775.49,,-4.58
ch4_global,2004-11-01,1780.61,1775.08,,-4.68
ch4_global,2004-12-01,1778.22,1774.74,,-5.36
ch4_global,2005-01-01,1776.11,1774.47,,-4.69
ch4_global,2005-02-01,1775.74,1774.3,,-4.03
ch4_global,2005-03-01,1775.56,1774.2,,-5.39
ch4_global,2005-04-01,1774.77,1774.17,,-6.09
ch4_global,2005-05-01,1772.51,1774.2,,-5.23
ch4_global,2005-06-01,1768.79,1774.28,,-3.62
ch4_global,2005-07-01,1766.39,1774.39,,-1.7
ch4_global,2005-08-01,1768.15,1774.51,,-1.74
ch4_global,2005-09-01,1773.19,1774.62,,-2.63
ch4_global,2005-10-01,1778.53,1774.71,,-1.56
ch4_global,2005-11-01,1781.24,1774.77,,0.63
ch4_global,2005-12-01,1780.27,1774.8,,2.05
ch4_global,2006-01-01,1779.55,1774.8,,3.44
ch4_global,2006-02-01,1779.47,1774.78,,3.73
ch4_global,2006-03-01,1777.31,1774.74,,1.75
ch4_global,2006-04-01,1776.02,1774.7,,1.25
ch4_global,2006-05-01,1774.88,1774.69,,2.37
ch4_global,2006-06-01,1769.21,1774.7,,0.42
ch4_global,2006-07-01,1764.16,1774.78,,-2.23
ch4_global,2006-08-01,1767.25,1774.92,,-0.9
ch4_global,2006-09-01,1774.58,1775.15,,1.39
ch4_global,2006-10-01,1778.25,1775.47,,-0.28
ch4_global,2006-11-01,1779.08,1775.88,,-2.16
ch4_global,2006-12-01,1779.91,1776.37,,-0.36
ch4_global,2007-01-01,1779.17,1776.96,,-0.38
ch4_global,2007-02-01,1778.57,1777.58,,-0.9
ch4_global,2007-03-01,1780.2,1778.25,,2.89
ch4_global,2007-04-01,1781.02,1778.97,,5.0
ch4_global,2007-05-01,1779.29,1779.71,,4.41
ch4_global,2007-06-01,1775.47,1780.44,,6.26
ch4_global,2007-07-01,1772.68,1781.16,,8.52
ch4_global,2007-08-01,1777.37,1781.86,,10.12
ch4_global,2007-09-01,1785.89,1782.51,,11.31
ch4_global,2007-10-01,1789.67,1783.12,,11.42
ch4_global,2007-11-01,1789.29,1783.7,,10.21
ch4_global,2007-12-01,1788.04,1784.24,,8.13
ch4_global,2008-01-01,1786.69,1784.77,,7.52
ch4_global,2008-02-01,1785.82,1785.26,,7.25
ch4_global,2008-03-01,1786.15,1785.75,,5.95
ch4_global,2008-04-01,1786.9,1786.25,,5.88
ch4_global,2008-05-01,1785.23,1786.77,,5.94
ch4_global,2008-06-01,1780.45,1787.3,,4.98
ch4_global,2008-07-01,1777.62,1787.85,,4.94
ch4_global,2008-08-01,1781.06,1788.42,,3.69
ch4_global,2008-09-01,1787.64,1789.0,,1.75
ch4_global,2008-10-01,1793.66,1789.59,,3.99
ch4_global,2008-11-01,1797.32,1790.17,,8.03
ch4_global,2008-12-01,1796.56,1790.75,,8.52
ch4_global,2009-01-01,1794.97,1791.31,,8.28
ch4_global,2009-02-01,1795.46,1791.82,,9.64
ch4_global,2009-03-01,1795.82,1792.3,,9.67
ch4_global,2009-04-01,1795.5,1792.77,,8.6
ch4_global,2009-05-01,1792.43,1793.2,,7.2
ch4_global,2009-06-01,1786.98,1793.59,,6.53
ch4_global,2009-07-01,1785.05,1793.96,,7.43
ch4_global,2009-08-01,1788.93,1794.31,,7.87
ch4_global,2009-09-01,1794.81,1794.64,,7.17
ch4_global,2009-10-01,1798.0,1794.97,,4.34
ch4_global,2009-11-01,1797.86,1795.29,,0.54
ch4_global,2009-12-01,1796.72,1795.63,,0.16
ch4_global,2010-01-01,1797.36,1795.98,,2.39
ch4_global,2010-02-01,1798.97,1796.33,,3.51
ch4_global,2010-03-01,1799.48,1796.7,,3.66
ch4_global,2010-04-01,1799.61,1797.09,,4.11
ch4_global,2010-05-01,1797.64,1797.51,,5.21
ch4_global,2010-06-01,1792.39,1797.94,,5.41
ch4_global,2010-07-01,1789.28,1798.37,,4.23
ch4_global,2010-08-01,1794.02,1798.82,,5.09
ch4_global,2010-09-01,1801.93,1799.27,,7.12
ch4_global,2010-10-01,1806.71,1799.72,,8.71
ch4_global,2010-11-01,1807.08,1800.16,,9.22
ch4_global,2010-12-01,1803.29,1800.6,,6.57
ch4_global,2011-01-01,1799.96,1801.04,,2.6
ch4_global,2011-02-01,1799.93,1801.45,,0.96
ch4_global,2011-03-01,1800.94,1801.86,,1.46
ch4_global,2011-04-01,1802.79,1802.27,,3.18
ch4_global,2011-05-01,1803.11,1802.68,,5.47
ch4_global,2011-06-01,1798.94,1803.09,,6.55
ch4_global,2011-07-01,1796.01,1803.5,,6.73
ch4_global,2011-08-01,1799.02,1803.92,,5.0
ch4_global,2011-09-01,1804.18,1804.34,,2.25
ch4_global,2011-10-01,1809.6,1804.76,,2.89
ch4_global,2011-11-01,1812.41,1805.19,,5.33
ch4_global,2011-12-01,1810.1,1805.62,,6.81
ch4_global,2012-01-01,1807.29,1806.07,,7.33
ch4_global,2012-02-01,1808.19,1806.5,,8.26
ch4_global,2012-03-01,1809.95,1806.94,,9.01
ch4_global,2012-04-01,1808.49,1807.39,,5.7
ch4_global,2012-05-01,1804.81,1807.83,,1.7
ch4_global,2012-06-01,1800.99,1808.28,,2.05
ch4_global,2012-07-01,1799.34,1808.71,,3.33
ch4_global,2012-08-01,1803.27,1809.14,,4.25
ch4_global,2012-09-01,1810.12,1809.55,,5.94
ch4_global,2012-10-01,1814.83,1809.95,,5.23
ch4_global,2012-11-01,1815.94,1810.32,,3.53
ch4_global,2012-12-01,1814.55,1810.68,,4.45
ch4_global,2013-01-01,1814.05,1811.03,,6.76
ch4_global,2013-02-01,1814.15,1811.35,,5.96
ch4_global,2013-03-01,1813.25,1811.67,,3.3
ch4_global,2013-04-01,1812.84,1812.0,,4.35
ch4_global,2013-05-01,1811.95,1812.34,,7.14
ch4_global,2013-06-01,1808.57,1812.71,,7.58
ch4_global,2013-07-01,1805.97,1813.12,,6.63
ch4_global,2013-08-01,1808.54,1813.59,,5.27
ch4_global,2013-09-01,1814.24,1814.12,,4.12
ch4_global,2013-10-01,1818.5,1814.71,,3.67
ch4_global,2013-11-01,1820.34,1815.39,,4.4
ch4_global,2013-12-01,1819.32,1816.14,,4.77
ch4_global,2014-01-01,1816.83,1817.0,,2.78
ch4_global,2014-02-01,1816.46,1817.88,,2.31
ch4_global,2014-03-01,1818.2,1818.83,,4.95
ch4_global,2014-04-01,1820.88,1819.87,,8.04
ch4_global,2014-05-01,1821.92,1820.96,,9.97
ch4_global,2014-06-01,1818.44,1822.09,,9.87
ch4_global,2014-07-01,1815.74,1823.22,,9.77
ch4_global,2014-08-01,1819.88,1824.38,,11.34
ch4_global,2014-09-01,1826.85,1825.51,,12.61
ch4_global,2014-10-01,1831.13,1826.62,,12.63
ch4_global,2014-11-01,1832.88,1827.69,,12.54
ch4_global,2014-12-01,1833.39,1828.73,,14.07
ch4_global,2015-01-01,1833.1,1829.74,,16.27
ch4_global,2015-02-01,1832.97,1830.66,,16.51
ch4_global,2015-03-01,1833.19,1831.55,,14.99
ch4_global,2015-04-01,1833.15,1832.44,,12.27
ch4_global,2015-05-01,1831.53,1833.29,,9.61
ch4_global,2015-06-01,1827.1,1834.13,,8.66
ch4_global,2015-07-01,1824.58,1834.95,,8.84
ch4_global,2015-08-01,1828.98,1835.76,,9.1
ch4_global,2015-09-01,1836.21,1836.56,,9.36
ch4_global,2015-10-01,1841.47,1837.34,,10.34
ch4_global,2015-11-01,1844.55,1838.12,,11.67
ch4_global,2015-12-01,1844.74,1838.89,,11.35
ch4_global,2016-01-01,1842.52,1839.65,,9.42
ch4_global,2016-02-01,1841.75,1840.36,,8.78
ch4_global,2016-03-01,1843.04,1841.06,,9.85
ch4_global,2016-04-01,1843.74,1841.73,,10.59
ch4_global,2016-05-01,1842.16,1842.38,,10.63
ch4_global,2016-06-01,1837.88,1843.0,,10.78
ch4_global,2016-07-01,1834.25,1843.59,,9.67
ch4_global,2016-08-01,1836.85,1844.15,,7.87
ch4_global,2016-09-01,1844.32,1844.68,,8.11
ch4_global,2016-10-01,1849.95,1845.19,,8.48
ch4_global,2016-11-01,1851.47,1845.68,,6.92
ch4_global,2016-12-01,1851.07,1846.16,,6.33
ch4_global,2017-01-01,1849.78,1846.64,,7.26
ch4_global,2017-02-01,1848.56,1847.1,,6.81
ch4_global,2017-03-01,1848.27,1847.57,,5.23
ch4_global,2017-04-01,1848.58,1848.07,,4.84
ch4_global,2017-05-01,1847.23,1848.59,,5.07
ch4_global,2017-06-01,1842.88,1849.13,,5.0
ch4_global,2017-07-01,1840.21,1849.69,,5.96
ch4_global,2017-08-01,1844.6,1850.29,,7.75
ch4_global,2017-09-01,1852.76,1850.9,,8.44
ch4_global,2017-10-01,1858.02,1851.54,,8.07
ch4_global,2017-11-01,1858.61,1852.2,,7.14
ch4_global,2017-12-01,1856.6,1852.88,,5.53
ch4_global,2018-01-01,1854.55,1853.59,,4.77
ch4_global,2018-02-01,1855.11,1854.28,,6.55
ch4_global,2018-03-01,1856.96,1854.98,,8.69
ch4_global,2018-04-01,1856.76,1855.72,,8.18
ch4_global,2018-05-01,1854.75,1856.46,,7.52
ch4_global,2018-06-01,1851.84,1857.2,,8.96
ch4_global,2018-07-01,1849.01,1857.94,,8.8
ch4_global,2018-08-01,1851.91,1858.7,,7.31
ch4_global,2018-09-01,1860.43,1859.43,,7.67
ch4_global,2018-10-01,1865.74,1860.16,,7.72
ch4_global,2018-11-01,1866.26,1860.88,,7.65
ch4_global,2018-12-01,1866.03,1861.59,,9.43
ch4_global,2019-01-01,1865.03,1862.31,,10.48
ch4_global,2019-02-01,1865.07,1862.99,,9.96
ch4_global,2019-03-01,1866.31,1863.68,,9.35
ch4_global,2019-04-01,1865.34,1864.4,,8.58
ch4_global,2019-05-01,1861.98,1865.13,,7.23
ch4_global,2019-06-01,1858.6,1865.88,,6.76
ch4_global,2019-07-01,1858.09,1866.65,,9.08
ch4_global,2019-08-01,1863.0,1867.47,,11.09
ch4_global,2019-09-01,1870.87,1868.31,,10.44
ch4_global,2019-10-01,1875.48,1869.18,,9.74
ch4_global,2019-11-01,1875.68,1870.11,,9.42
ch4_global,2019-12-01,1874.64,1871.07,,8.61
ch4_global,2020-01-01,1872.91,1872.1,,7.88
ch4_global,2020-02-01,1872.3,1873.14,,7.23
ch4_global,2020-03-01,1874.36,1874.22,,8.05
ch4_global,2020-04-01,1875.78,1875.36,,10.44
ch4_global,2020-05-01,1874.42,1876.53,,12.44
ch4_global,2020-06-01,1871.96,1877.74,,13.36
ch4_global,2020-07-01,1871.47,1878.98,,13.38
ch4_global,2020-08-01,1876.41,1880.28,,13.41
ch4_global,2020-09-01,1884.56,1881.58,,13.69
ch4_global,2020-10-01,1889.98,1882.91,,14.5
ch4_global,2020-11-01,1891.49,1884.27,,15.81
ch4_global,2020-12-01,1890.95,1885.65,,16.31
ch4_global,2021-01-01,1888.56,1887.08,,15.65
ch4_global,2021-02-01,1886.62,1888.47,,14.32
ch4_global,2021-03-01,1887.96,1889.88,,13.6
ch4_global,2021-04-01,1890.77,1891.36,,14.99
ch4_global,2021-05-01,1891.28,1892.85,,16.86
ch4_global,2021-06-01,1888.07,1894.36,,16.11
ch4_global,2021-07-01,1885.97,1895.88,,14.5
ch4_global,2021-08-01,1892.28,1897.42,,15.87
ch4_global,2021-09-01,1902.35,1898.93,,17.79
ch4_global,2021-10-01,1907.89,1900.42,,17.91
ch4_global,2021-11-01,1909.28,1901.9,,17.79
ch4_global,2021-12-01,1907.98,1903.34,,17.03
ch4_global,2022-01-01,1906.33,1904.77,,17.77
ch4_global,2022-02-01,1906.43,1906.08,,19.81
ch4_global,2022-03-01,1907.77,1907.35,,19.81
ch4_global,2022-04-01,1908.84,1908.6,,18.07
ch4_global,2022-05-01,1907.5,1909.8,,16.22
ch4_global,2022-06-01,1904.82,1910.94,,16.75
ch4_global,2022-07-01,1903.99,1912.02,,18.02
ch4_global,2022-08-01,1908.34,1913.06,,16.06
ch4_global,2022-09-01,1915.03,1914.03,,12.68
ch4_global,2022-10-01,1919.44,1914.95,,11.55
ch4_global,2022-11-01,1922.27,1915.83,,12.99
ch4_global,2022-12-01,1922.14,1916.66,,14.16
ch4_global,2023-01-01,1919.95,1917.47,,13.62
ch4_global,2023-02-01,1918.94,1918.21,,12.51
ch4_global,2023-03-01,1918.71,1918.92,,10.94
ch4_global,2023-04-01,1919.61,1919.64,,10.77
ch4_global,2023-05-01,1919.0,1920.33,,11.5
ch4_global,2023-06-01,1914.97,1921.02,,10.15
ch4_global,2023-07-01,1912.91,1921.69,,8.92
ch4_global,2023-08-01,1916.72,1922.37,,8.38
ch4_global,2023-09-01,1924.38,1923.03,,9.35
ch4_global,2023-10-01,1930.07,1923.7,,10.63
ch4_global,2023-11-01,1931.55,1924.37,,9.28
ch4_global,2023-12-01,1931.16,1925.05,,9.02
ch4_global,2024-01-01,1928.2,1925.74,,8.25
ch4_global,2024-02-01,1925.59,1926.42,,6.65
ch4_global,2024-03-01,1926.84,1927.11,,8.13
ch4_global,2024-04-01,1928.26,1927.81,,8.65
ch4_global,2024-05-01,1925.49,1928.51,,6.49
ch4_global,2024-06-01,1921.36,1929.21,,6.39
ch4_global,2024-07-01,1920.38,1929.9,,7.47
ch4_global,2024-08-01,1924.84,1930.58,,8.12
ch4_global,2024-09-01,1934.24,1931.24,,9.86
ch4_global,2024-10-01,1940.67,1931.87,,10.6
ch4_global,2024-11-01,1940.1,1932.46,,8.55
ch4_global,2024-12-01,1937.63,1933.03,,6.47
ch4_global,2025-01-01,1935.72,1933.57,,7.52
ch4_global,2025-02-01,1934.41,1934.04,,8.82
ch4_global,2025-03-01,1934.02,1934.49,,7.18
ch4_global,2025-04-01,1934.58,1934.92,,6.32
ch4_global,2025-05-01,1933.18,1935.32,,7.69
ch4_global,2025-06-01,1929.01,1935.71,,7.65
ch4_global,2025-07-01,1927.17,1936.09,,6.79
ch4_global,2025-08-01,1931.43,1936.47,,6.59
ch4_global,2025-09-01,1939.32,1936.87,,5.08
ch4_global,2025-10-01,1945.06,1937.28,,4.39
ch4_global,2025-11-01,1945.45,1937.72,,5.35
ch4_global,2025-12-01,1942.53,1938.2,,4.9
ch4_global,2026-01-01,1940.78,1938.74,,5.06
ch4_global,2026-02-01,1939.53,1939.28,,5.12
ch4_global,2026-03-01,1936.98,1939.88,,2.96
ch4_global,2026-04-01,1937.76,1940.53,,3.18
ch4_global,2026-05-01,1939.44,1941.23,,6.26
n2o_global,2001-01-01,316.3,316.03,,
n2o_global,2001-02-01,316.31,316.09,,
n2o_global,2001-03-01,316.21,316.15,,
n2o_global,2001-04-01,316.12,316.21,,
n2o_global,2001-05-01,316.11,316.28,,
n2o_global,2001-06-01,316.16,316.34,,
n2o_global,2001-07-01,316.23,316.41,,
n2o_global,2001-08-01,316.3,316.47,,
n2o_global,2001-09-01,316.41,316.53,,
n2o_global,2001-10-01,316.59,316.58,,
n2o_global,2001-11-01,316.76,316.64,,
n2o_global,2001-12-01,316.87,316.68,,
n2o_global,2002-01-01,316.93,316.73,,0.63
n2o_global,2002-02-01,316.97,316.77,,0.66
n2o_global,2002-03-01,316.96,316.81,,0.75
n2o_global,2002-04-01,316.9,316.84,,0.78
n2o_global,2002-05-01,316.85,316.88,,0.74
n2o_global,2002-06-01,316.83,316.92,,0.67
n2o_global,2002-07-01,316.82,316.95,,0.59
n2o_global,2002-08-01,316.82,316.99,,0.52
n2o_global,2002-09-01,316.87,317.03,,0.46
n2o_global,2002-10-01,316.99,317.08,,0.4
n2o_global,2002-11-01,317.13,317.13,,0.37
n2o_global,2002-12-01,317.24,317.18,,0.37
n2o_global,2003-01-01,317.29,317.24,,0.36
n2o_global,2003-02-01,317.34,317.3,,0.37
n2o_global,2003-03-01,317.41,317.37,,0.45
n2o_global,2003-04-01,317.48,317.44,,0.58
n2o_global,2003-05-01,317.51,317.51,,0.66
n2o_global,2003-06-01,317.53,317.58,,0.7
n2o_global,2003-07-01,317.56,317.65,,0.74
n2o_global,2003-08-01,317.63,317.72,,0.81
n2o_global,2003-09-01,317.77,317.79,,0.9
n2o_global,2003-10-01,317.93,317.86,,0.94
n2o_global,2003-11-01,318.04,317.92,,0.91
n2o_global,2003-12-01,318.11,317.98,,0.87
n2o_global,2004-01-01,318.18,318.04,,0.89
n2o_global,2004-02-01,318.19,318.09,,0.85
n2o_global,2004-03-01,318.16,318.14,,0.75
n2o_global,2004-04-01,318.14,318.18,,0.66
n2o_global,2004-05-01,318.14,318.22,,0.63
n2o_global,2004-06-01,318.13,318.26,,0.6
n2o_global,2004-07-01,318.14,318.3,,0.58
n2o_global,2004-08-01,318.17,318.34,,0.54
n2o_global,2004-09-01,318.22,318.38,,0.45
n2o_global,2004-10-01,318.34,318.42,,0.41
n2o_global,2004-11-01,318.56,318.47,,0.52
n2o_global,2004-12-01,318.76,318.51,,0.65
n2o_global,2005-01-01,318.87,318.56,,0.69
n2o_global,2005-02-01,318.89,318.62,,0.7
n2o_global,2005-03-01,318.86,318.67,,0.7
n2o_global,2005-04-01,318.78,318.73,,0.64
n2o_global,2005-05-01,318.66,318.8,,0.52
n2o_global,2005-06-01,318.59,318.87,,0.46
n2o_global,2005-07-01,318.65,318.95,,0.51
n2o_global,2005-08-01,318.77,319.03,,0.6
n2o_global,2005-09-01,318.9,319.11,,0.68
n2o_global,2005-10-01,319.11,319.2,,0.77
n2o_global,2005-11-01,319.36,319.28,,0.8
n2o_global,2005-12-01,319.57,319.36,,0.81
n2o_global,2006-01-01,319.73,319.45,,0.86
n2o_global,2006-02-01,319.8,319.52,,0.91
n2o_global,2006-03-01,319.77,319.59,,0.91
n2o_global,2006-04-01,319.7,319.66,,0.92
n2o_global,2006-05-01,319.69,319.73,,1.03
n2o_global,2006-06-01,319.66,319.79,,1.07
n2o_global,2006-07-01,319.63,319.84,,0.98
n2o_global,2006-08-01,319.68,319.89,,0.91
n2o_global,2006-09-01,319.82,319.94,,0.92
n2o_global,2006-10-01,320.0,319.98,,0.89
n2o_global,2006-11-01,320.16,320.03,,0.8
n2o_global,2006-12-01,320.27,320.07,,0.7
n2o_global,2007-01-01,320.36,320.11,,0.63
n2o_global,2007-02-01,320.38,320.16,,0.58
n2o_global,2007-03-01,320.28,320.21,,0.51
n2o_global,2007-04-01,320.19,320.27,,0.49
n2o_global,2007-05-01,320.22,320.33,,0.53
n2o_global,2007-06-01,320.25,320.4,,0.59
n2o_global,2007-07-01,320.18,320.48,,0.55
n2o_global,2007-08-01,320.23,320.57,,0.55
n2o_global,2007-09-01,320.46,320.66,,0.64
n2o_global,2007-10-01,320.74,320.75,,0.74
n2o_global,2007-11-01,320.96,320.85,,0.8
n2o_global,2007-12-01,321.16,320.95,,0.89
n2o_global,2008-01-01,321.33,321.05,,0.97
n2o_global,2008-02-01,321.39,321.14,,1.01
n2o_global,2008-03-01,321.38,321.24,,1.1
n2o_global,2008-04-01,321.39,321.33,,1.2
n2o_global,2008-05-01,321.43,321.41,,1.21
n2o_global,2008-06-01,321.46,321.5,,1.21
n2o_global,2008-07-01,321.43,321.57,,1.25
n2o_global,2008-08-01,321.4,321.64,,1.17
n2o_global,2008-09-01,321.49,321.71,,1.03
n2o_global,2008-10-01,321.65,321.77,,0.91
n2o_global,2008-11-01,321.8,321.83,,0.84
n2o_global,2008-12-01,321.97,321.88,,0.81
n2o_global,2009-01-01,322.21,321.94,,0.88
n2o_global,2009-02-01,322.34,321.99,,0.95
n2o_global,2009-03-01,322.26,322.04,,0.88
n2o_global,2009-04-01,322.1,322.09,,0.71
n2o_global,2009-05-01,321.98,322.15,,0.55
n2o_global,2009-06-01,321.94,322.21,,0.48
n2o_global,2009-07-01,322.02,322.27,,0.59
n2o_global,2009-08-01,322.15,322.33,,0.75
n2o_global,2009-09-01,322.3,322.4,,0.81
n2o_global,2009-10-01,322.51,322.47,,0.86
n2o_global,2009-11-01,322.71,322.55,,0.91
n2o_global,2009-12-01,322.84,322.63,,0.87
n2o_global,2010-01-01,322.91,322.71,,0.7
n2o_global,2010-02-01,322.93,322.79,,0.59
n2o_global,2010-03-01,322.94,322.88,,0.68
n2o_global,2010-04-01,322.97,322.97,,0.87
n2o_global,2010-05-01,323.0,323.06,,1.02
n2o_global,2010-06-01,323.0,323.15,,1.06
n2o_global,2010-07-01,323.02,323.24,,1.0
n2o_global,2010-08-01,323.1,323.33,,0.95
n2o_global,2010-09-01,323.26,323.43,,0.96
n2o_global,2010-10-01,323.5,323.52,,0.99
n2o_global,2010-11-01,323.75,323.61,,1.04
n2o_global,2010-12-01,323.92,323.7,,1.08
n2o_global,2011-01-01,324.03,323.79,,1.12
n2o_global,2011-02-01,324.07,323.87,,1.14
n2o_global,2011-03-01,324.07,323.95,,1.13
n2o_global,2011-04-01,324.07,324.04,,1.1
n2o_global,2011-05-01,324.05,324.12,,1.05
n2o_global,2011-06-01,324.05,324.19,,1.05
n2o_global,2011-07-01,324.06,324.27,,1.04
n2o_global,2011-08-01,324.1,324.34,,1.0
n2o_global,2011-09-01,324.24,324.42,,0.98
n2o_global,2011-10-01,324.45,324.49,,0.95
n2o_global,2011-11-01,324.64,324.55,,0.89
n2o_global,2011-12-01,324.77,324.62,,0.85
n2o_global,2012-01-01,324.9,324.69,,0.87
n2o_global,2012-02-01,324.97,324.75,,0.9
n2o_global,2012-03-01,324.95,324.81,,0.88
n2o_global,2012-04-01,324.92,324.88,,0.85
n2o_global,2012-05-01,324.9,324.95,,0.85
n2o_global,2012-06-01,324.86,325.01,,0.81
n2o_global,2012-07-01,324.87,325.08,,0.81
n2o_global,2012-08-01,324.97,325.15,,0.87
n2o_global,2012-09-01,325.12,325.22,,0.88
n2o_global,2012-10-01,325.28,325.28,,0.83
n2o_global,2012-11-01,325.43,325.36,,0.79
n2o_global,2012-12-01,325.53,325.43,,0.76
n2o_global,2013-01-01,325.58,325.5,,0.68
n2o_global,2013-02-01,325.63,325.57,,0.66
n2o_global,2013-03-01,325.68,325.65,,0.73
n2o_global,2013-04-01,325.74,325.72,,0.82
n2o_global,2013-05-01,325.81,325.8,,0.91
n2o_global,2013-06-01,325.9,325.88,,1.04
n2o_global,2013-07-01,325.96,325.97,,1.09
n2o_global,2013-08-01,325.98,326.05,,1.01
n2o_global,2013-09-01,326.05,326.14,,0.93
n2o_global,2013-10-01,326.2,326.23,,0.92
n2o_global,2013-11-01,326.38,326.33,,0.95
n2o_global,2013-12-01,326.52,326.43,,0.99
n2o_global,2014-01-01,326.61,326.53,,1.03
n2o_global,2014-02-01,326.66,326.63,,1.03
n2o_global,2014-03-01,326.72,326.73,,1.04
n2o_global,2014-04-01,326.79,326.83,,1.05
n2o_global,2014-05-01,326.83,326.94,,1.02
n2o_global,2014-06-01,326.89,327.05,,0.99
n2o_global,2014-07-01,327.03,327.15,,1.07
n2o_global,2014-08-01,327.19,327.26,,1.21
n2o_global,2014-09-01,327.34,327.37,,1.29
n2o_global,2014-10-01,327.52,327.47,,1.32
n2o_global,2014-11-01,327.72,327.57,,1.34
n2o_global,2014-12-01,327.87,327.67,,1.35
n2o_global,2015-01-01,327.98,327.76,,1.37
n2o_global,2015-02-01,328.04,327.85,,1.38
n2o_global,2015-03-01,328.04,327.93,,1.32
n2o_global,2015-04-01,327.97,328.02,,1.18
n2o_global,2015-05-01,327.92,328.1,,1.09
n2o_global,2015-06-01,327.95,328.18,,1.06
n2o_global,2015-07-01,328.03,328.25,,1.0
n2o_global,2015-08-01,328.12,328.32,,0.93
n2o_global,2015-09-01,328.24,328.39,,0.9
n2o_global,2015-10-01,328.42,328.46,,0.9
n2o_global,2015-11-01,328.61,328.53,,0.89
n2o_global,2015-12-01,328.77,328.59,,0.9
n2o_global,2016-01-01,328.87,328.65,,0.89
n2o_global,2016-02-01,328.9,328.71,,0.86
n2o_global,2016-03-01,328.88,328.76,,0.84
n2o_global,2016-04-01,328.88,328.82,,0.91
n2o_global,2016-05-01,328.91,328.87,,0.99
n2o_global,2016-06-01,328.91,328.92,,0.96
n2o_global,2016-07-01,328.84,328.97,,0.81
n2o_global,2016-08-01,328.78,329.03,,0.66
n2o_global,2016-09-01,328.86,329.08,,0.62
n2o_global,2016-10-01,329.05,329.14,,0.63
n2o_global,2016-11-01,329.23,329.19,,0.62
n2o_global,2016-12-01,329.36,329.25,,0.59
n2o_global,2017-01-01,329.46,329.31,,0.59
n2o_global,2017-02-01,329.52,329.38,,0.62
n2o_global,2017-03-01,329.54,329.44,,0.66
n2o_global,2017-04-01,329.53,329.51,,0.65
n2o_global,2017-05-01,329.51,329.59,,0.6
n2o_global,2017-06-01,329.58,329.67,,0.67
n2o_global,2017-07-01,329.7,329.76,,0.86
n2o_global,2017-08-01,329.79,329.85,,1.01
n2o_global,2017-09-01,329.87,329.94,,1.01
n2o_global,2017-10-01,330.01,330.04,,0.96
n2o_global,2017-11-01,330.15,330.14,,0.92
n2o_global,2017-12-01,330.29,330.24,,0.93
n2o_global,2018-01-01,330.45,330.35,,0.99
n2o_global,2018-02-01,330.6,330.46,,1.08
n2o_global,2018-03-01,330.69,330.56,,1.15
n2o_global,2018-04-01,330.71,330.67,,1.18
n2o_global,2018-05-01,330.7,330.77,,1.19
n2o_global,2018-06-01,330.7,330.88,,1.12
n2o_global,2018-07-01,330.75,330.98,,1.05
n2o_global,2018-08-01,330.88,331.08,,1.09
n2o_global,2018-09-01,331.08,331.17,,1.21
n2o_global,2018-10-01,331.29,331.26,,1.28
n2o_global,2018-11-01,331.48,331.34,,1.33
n2o_global,2018-12-01,331.68,331.42,,1.39
n2o_global,2019-01-01,331.78,331.5,,1.33
n2o_global,2019-02-01,331.75,331.57,,1.15
n2o_global,2019-03-01,331.66,331.64,,0.97
n2o_global,2019-04-01,331.61,331.7,,0.9
n2o_global,2019-05-01,331.64,331.77,,0.94
n2o_global,2019-06-01,331.73,331.84,,1.03
n2o_global,2019-07-01,331.84,331.91,,1.09
n2o_global,2019-08-01,331.88,331.98,,1.0
n2o_global,2019-09-01,331.93,332.05,,0.85
n2o_global,2019-10-01,332.08,332.13,,0.79
n2o_global,2019-11-01,332.26,332.22,,0.78
n2o_global,2019-12-01,332.4,332.31,,0.72
n2o_global,2020-01-01,332.5,332.4,,0.72
n2o_global,2020-02-01,332.55,332.5,,0.8
n2o_global,2020-03-01,332.61,332.61,,0.95
n2o_global,2020-04-01,332.69,332.71,,1.08
n2o_global,2020-05-01,332.77,332.83,,1.13
n2o_global,2020-06-01,332.87,332.94,,1.14
n2o_global,2020-07-01,332.99,333.05,,1.15
n2o_global,2020-08-01,333.11,333.17,,1.23
n2o_global,2020-09-01,333.24,333.28,,1.31
n2o_global,2020-10-01,333.41,333.4,,1.33
n2o_global,2020-11-01,333.61,333.51,,1.35
n2o_global,2020-12-01,333.76,333.62,,1.36
n2o_global,2021-01-01,333.88,333.73,,1.38
n2o_global,2021-02-01,333.96,333.83,,1.41
n2o_global,2021-03-01,334.01,333.93,,1.4
n2o_global,2021-04-01,334.06,334.04,,1.37
n2o_global,2021-05-01,334.1,334.14,,1.33
n2o_global,2021-06-01,334.13,334.25,,1.26
n2o_global,2021-07-01,334.15,334.35,,1.16
n2o_global,2021-08-01,334.23,334.46,,1.12
n2o_global,2021-09-01,334.4,334.57,,1.16
n2o_global,2021-10-01,334.62,334.68,,1.21
n2o_global,2021-11-01,334.84,334.8,,1.23
n2o_global,2021-12-01,335.04,334.91,,1.28
n2o_global,2022-01-01,335.21,335.02,,1.33
n2o_global,2022-02-01,335.31,335.13,,1.35
n2o_global,2022-03-01,335.38,335.24,,1.37
n2o_global,2022-04-01,335.43,335.36,,1.37
n2o_global,2022-05-01,335.45,335.47,,1.35
n2o_global,2022-06-01,335.48,335.57,,1.35
n2o_global,2022-07-01,335.54,335.68,,1.39
n2o_global,2022-08-01,335.63,335.78,,1.4
n2o_global,2022-09-01,335.75,335.88,,1.35
n2o_global,2022-10-01,335.92,335.97,,1.3
n2o_global,2022-11-01,336.12,336.07,,1.28
n2o_global,2022-12-01,336.29,336.16,,1.25
n2o_global,2023-01-01,336.41,336.25,,1.2
n2o_global,2023-02-01,336.49,336.33,,1.18
n2o_global,2023-03-01,336.53,336.41,,1.15
n2o_global,2023-04-01,336.54,336.5,,1.11
n2o_global,2023-05-01,336.54,336.58,,1.09
n2o_global,2023-06-01,336.56,336.67,,1.08
n2o_global,2023-07-01,336.6,336.75,,1.06
n2o_global,2023-08-01,336.65,336.84,,1.02
n2o_global,2023-09-01,336.73,336.92,,0.98
n2o_global,2023-10-01,336.89,337.01,,0.97
n2o_global,2023-11-01,337.09,337.09,,0.97
n2o_global,2023-12-01,337.3,337.17,,1.01
n2o_global,2024-01-01,337.46,337.26,,1.05
n2o_global,2024-02-01,337.54,337.34,,1.05
n2o_global,2024-03-01,337.56,337.42,,1.03
n2o_global,2024-04-01,337.6,337.5,,1.06
n2o_global,2024-05-01,337.66,337.58,,1.12
n2o_global,2024-06-01,337.69,337.66,,1.13
n2o_global,2024-07-01,337.66,337.75,,1.06
n2o_global,2024-08-01,337.62,337.83,,0.97
n2o_global,2024-09-01,337.67,337.92,,0.94
n2o_global,2024-10-01,337.85,338.01,,0.96
n2o_global,2024-11-01,338.08,338.1,,0.99
n2o_global,2024-12-01,338.29,338.19,,0.99
n2o_global,2025-01-01,338.43,338.29,,0.97
n2o_global,2025-02-01,338.51,338.38,,0.97
n2o_global,2025-03-01,338.59,338.48,,1.03
n2o_global,2025-04-01,338.64,338.58,,1.04
n2o_global,2025-05-01,338.65,338.68,,0.99
n2o_global,2025-06-01,338.67,338.79,,0.98
n2o_global,2025-07-01,338.75,338.9,,1.09
n2o_global,2025-08-01,338.85,339.0,,1.23
n2o_global,2025-09-01,338.98,339.11,,1.31
n2o_global,2025-10-01,339.2,339.21,,1.35
n2o_global,2025-11-01,339.46,339.31,,1.38
n2o_global,2025-12-01,339.64,339.41,,1.35
n2o_global,2026-01-01,339.73,339.51,,1.3
n2o_global,2026-02-01,339.75,339.61,,1.24
n2o_global,2026-03-01,339.75,339.7,,1.16
n2o_global,2026-04-01,339.78,339.79,,1.14
n2o_global,2026-05-01,339.82,339.89,,1.17
sf6_global,1997-07-01,4.0,4.01,,
sf6_global,1997-08-01,4.0,4.02,,
sf6_global,1997-09-01,4.02,4.04,,
sf6_global,1997-10-01,4.05,4.06,,
sf6_global,1997-11-01,4.08,4.08,,
sf6_global,1997-12-01,4.1,4.09,,
sf6_global,1998-01-01,4.11,4.11,,
sf6_global,1998-02-01,4.13,4.13,,
sf6_global,1998-03-01,4.15,4.15,,
sf6_global,1998-04-01,4.18,4.17,,
sf6_global,1998-05-01,4.19,4.18,,
sf6_global,1998-06-01,4.2,4.2,,
sf6_global,1998-07-01,4.21,4.22,,0.21
sf6_global,1998-08-01,4.22,4.24,,0.22
sf6_global,1998-09-01,4.24,4.25,,0.22
sf6_global,1998-10-01,4.27,4.27,,0.22
sf6_global,1998-11-01,4.29,4.28,,0.21
sf6_global,1998-12-01,4.31,4.3,,0.21
sf6_global,1999-01-01,4.33,4.31,,0.22
sf6_global,1999-02-01,4.35,4.32,,0.22
sf6_global,1999-03-01,4.36,4.34,,0.21
sf6_global,1999-04-01,4.36,4.35,,0.18
sf6_global,1999-05-01,4.35,4.36,,0.16
sf6_global,1999-06-01,4.36,4.38,,0.16
sf6_global,1999-07-01,4.37,4.39,,0.16
sf6_global,1999-08-01,4.38,4.41,,0.16
sf6_global,1999-09-01,4.4,4.42,,0.16
sf6_global,1999-10-01,4.43,4.44,,0.16
sf6_global,1999-11-01,4.46,4.45,,0.17
sf6_global,1999-12-01,4.48,4.47,,0.17
sf6_global,2000-01-01,4.49,4.49,,0.16
sf6_global,2000-02-01,4.51,4.5,,0.16
sf6_global,2000-03-01,4.53,4.52,,0.17
sf6_global,2000-04-01,4.55,4.54,,0.19
sf6_global,2000-05-01,4.57,4.56,,0.22
sf6_global,2000-06-01,4.58,4.57,,0.22
sf6_global,2000-07-01,4.58,4.59,,0.21
sf6_global,2000-08-01,4.59,4.61,,0.21
sf6_global,2000-09-01,4.62,4.63,,0.22
sf6_global,2000-10-01,4.65,4.64,,0.22
sf6_global,2000-11-01,4.66,4.66,,0.2
sf6_global,2000-12-01,4.68,4.68,,0.2
sf6_global,2001-01-01,4.69,4.69,,0.2
sf6_global,2001-02-01,4.71,4.71,,0.2
sf6_global,2001-03-01,4.73,4.72,,0.2
sf6_global,2001-04-01,4.75,4.74,,0.2
sf6_global,2001-05-01,4.76,4.76,,0.19
sf6_global,2001-06-01,4.76,4.77,,0.18
sf6_global,2001-07-01,4.77,4.79,,0.19
sf6_global,2001-08-01,4.79,4.8,,0.2
sf6_global,2001-09-01,4.81,4.82,,0.19
sf6_global,2001-10-01,4.83,4.83,,0.18
sf6_global,2001-11-01,4.86,4.85,,0.2
sf6_global,2001-12-01,4.88,4.87,,0.2
sf6_global,2002-01-01,4.89,4.88,,0.2
sf6_global,2002-02-01,4.91,4.9,,0.2
sf6_global,2002-03-01,4.93,4.92,,0.2
sf6_global,2002-04-01,4.95,4.93,,0.2
sf6_global,2002-05-01,4.96,4.95,,0.2
sf6_global,2002-06-01,4.97,4.97,,0.21
sf6_global,2002-07-01,4.98,4.99,,0.21
sf6_global,2002-08-01,4.99,5.01,,0.2
sf6_global,2002-09-01,5.01,5.03,,0.2
sf6_global,2002-10-01,5.03,5.05,,0.2
sf6_global,2002-11-01,5.06,5.07,,0.2
sf6_global,2002-12-01,5.09,5.09,,0.21
sf6_global,2003-01-01,5.11,5.11,,0.22
sf6_global,2003-02-01,5.12,5.13,,0.21
sf6_global,2003-03-01,5.15,5.15,,0.22
sf6_global,2003-04-01,5.19,5.17,,0.24
sf6_global,2003-05-01,5.22,5.2,,0.26
sf6_global,2003-06-01,5.23,5.22,,0.26
sf6_global,2003-07-01,5.24,5.24,,0.26
sf6_global,2003-08-01,5.25,5.26,,0.26
sf6_global,2003-09-01,5.28,5.28,,0.27
sf6_global,2003-10-01,5.3,5.3,,0.27
sf6_global,2003-11-01,5.32,5.32,,0.26
sf6_global,2003-12-01,5.34,5.34,,0.25
sf6_global,2004-01-01,5.36,5.36,,0.25
sf6_global,2004-02-01,5.38,5.38,,0.26
sf6_global,2004-03-01,5.4,5.4,,0.25
sf6_global,2004-04-01,5.42,5.41,,0.23
sf6_global,2004-05-01,5.44,5.43,,0.22
sf6_global,2004-06-01,5.44,5.45,,0.21
sf6_global,2004-07-01,5.45,5.47,,0.21
sf6_global,2004-08-01,5.47,5.48,,0.22
sf6_global,2004-09-01,5.49,5.5,,0.21
sf6_global,2004-10-01,5.51,5.52,,0.21
sf6_global,2004-11-01,5.54,5.53,,0.22
sf6_global,2004-12-01,5.56,5.55,,0.22
sf6_global,2005-01-01,5.58,5.57,,0.22
sf6_global,2005-02-01,5.6,5.59,,0.22
sf6_global,2005-03-01,5.62,5.61,,0.22
sf6_global,2005-04-01,5.64,5.62,,0.22
sf6_global,2005-05-01,5.65,5.64,,0.21
sf6_global,2005-06-01,5.65,5.66,,0.21
sf6_global,2005-07-01,5.66,5.68,,0.21
sf6_global,2005-08-01,5.68,5.7,,0.21
sf6_global,2005-09-01,5.7,5.72,,0.21
sf6_global,2005-10-01,5.73,5.74,,0.22
sf6_global,2005-11-01,5.75,5.76,,0.21
sf6_global,2005-12-01,5.78,5.78,,0.22
sf6_global,2006-01-01,5.81,5.8,,0.23
sf6_global,2006-02-01,5.83,5.82,,0.23
sf6_global,2006-03-01,5.85,5.84,,0.23
sf6_global,2006-04-01,5.87,5.86,,0.23
sf6_global,2006-05-01,5.89,5.88,,0.24
sf6_global,2006-06-01,5.9,5.9,,0.25
sf6_global,2006-07-01,5.91,5.92,,0.25
sf6_global,2006-08-01,5.93,5.94,,0.25
sf6_global,2006-09-01,5.95,5.96,,0.25
sf6_global,2006-10-01,5.97,5.99,,0.24
sf6_global,2006-11-01,6.0,6.01,,0.25
sf6_global,2006-12-01,6.03,6.03,,0.25
sf6_global,2007-01-01,6.06,6.05,,0.25
sf6_global,2007-02-01,6.09,6.07,,0.26
sf6_global,2007-03-01,6.12,6.1,,0.27
sf6_global,2007-04-01,6.14,6.12,,0.27
sf6_global,2007-05-01,6.15,6.14,,0.26
sf6_global,2007-06-01,6.16,6.16,,0.26
sf6_global,2007-07-01,6.17,6.19,,0.26
sf6_global,2007-08-01,6.19,6.21,,0.26
sf6_global,2007-09-01,6.22,6.24,,0.27
sf6_global,2007-10-01,6.26,6.26,,0.29
sf6_global,2007-11-01,6.28,6.28,,0.28
sf6_global,2007-12-01,6.31,6.31,,0.28
sf6_global,2008-01-01,6.34,6.33,,0.28
sf6_global,2008-02-01,6.37,6.36,,0.28
sf6_global,2008-03-01,6.39,6.38,,0.27
sf6_global,2008-04-01,6.41,6.41,,0.27
sf6_global,2008-05-01,6.44,6.43,,0.29
sf6_global,2008-06-01,6.45,6.45,,0.29
sf6_global,2008-07-01,6.46,6.48,,0.29
sf6_global,2008-08-01,6.48,6.5,,0.29
sf6_global,2008-09-01,6.51,6.53,,0.29
sf6_global,2008-10-01,6.55,6.55,,0.29
sf6_global,2008-11-01,6.59,6.58,,0.31
sf6_global,2008-12-01,6.62,6.6,,0.31
sf6_global,2009-01-01,6.64,6.63,,0.3
sf6_global,2009-02-01,6.67,6.65,,0.3
sf6_global,2009-03-01,6.69,6.67,,0.3
sf6_global,2009-04-01,6.71,6.7,,0.3
sf6_global,2009-05-01,6.72,6.72,,0.28
sf6_global,2009-06-01,6.73,6.74,,0.28
sf6_global,2009-07-01,6.75,6.77,,0.29
sf6_global,2009-08-01,6.77,6.79,,0.29
sf6_global,2009-09-01,6.8,6.82,,0.29
sf6_global,2009-10-01,6.83,6.84,,0.28
sf6_global,2009-11-01,6.86,6.86,,0.27
sf6_global,2009-12-01,6.89,6.89,,0.27
sf6_global,2010-01-01,6.92,6.91,,0.28
sf6_global,2010-02-01,6.95,6.94,,0.28
sf6_global,2010-03-01,6.98,6.96,,0.29
sf6_global,2010-04-01,6.99,6.98,,0.28
sf6_global,2010-05-01,7.01,7.0,,0.29
sf6_global,2010-06-01,7.03,7.03,,0.3
sf6_global,2010-07-01,7.05,7.05,,0.3
sf6_global,2010-08-01,7.07,7.07,,0.3
sf6_global,2010-09-01,7.08,7.09,,0.28
sf6_global,2010-10-01,7.11,7.12,,0.28
sf6_global,2010-11-01,7.13,7.14,,0.27
sf6_global,2010-12-01,7.16,7.16,,0.27
sf6_global,2011-01-01,7.18,7.18,,0.26
sf6_global,2011-02-01,7.2,7.2,,0.25
sf6_global,2011-03-01,7.23,7.22,,0.25
sf6_global,2011-04-01,7.26,7.24,,0.27
sf6_global,2011-05-01,7.28,7.27,,0.27
sf6_global,2011-06-01,7.29,7.29,,0.26
sf6_global,2011-07-01,7.3,7.31,,0.25
sf6_global,2011-08-01,7.31,7.34,,0.24
sf6_global,2011-09-01,7.33,7.36,,0.25
sf6_global,2011-10-01,7.37,7.38,,0.26
sf6_global,2011-11-01,7.41,7.41,,0.28
sf6_global,2011-12-01,7.44,7.44,,0.28
sf6_global,2012-01-01,7.47,7.46,,0.29
sf6_global,2012-02-01,7.5,7.49,,0.3
sf6_global,2012-03-01,7.53,7.51,,0.3
sf6_global,2012-04-01,7.55,7.54,,0.29
sf6_global,2012-05-01,7.57,7.56,,0.29
sf6_global,2012-06-01,7.59,7.59,,0.3
sf6_global,2012-07-01,7.6,7.62,,0.3
sf6_global,2012-08-01,7.62,7.64,,0.31
sf6_global,2012-09-01,7.65,7.67,,0.32
sf6_global,2012-10-01,7.69,7.69,,0.32
sf6_global,2012-11-01,7.73,7.72,,0.32
sf6_global,2012-12-01,7.75,7.75,,0.31
sf6_global,2013-01-01,7.78,7.77,,0.31
sf6_global,2013-02-01,7.81,7.8,,0.31
sf6_global,2013-03-01,7.83,7.82,,0.3
sf6_global,2013-04-01,7.86,7.85,,0.31
sf6_global,2013-05-01,7.88,7.87,,0.31
sf6_global,2013-06-01,7.9,7.9,,0.31
sf6_global,2013-07-01,7.92,7.92,,0.32
sf6_global,2013-08-01,7.94,7.95,,0.32
sf6_global,2013-09-01,7.97,7.98,,0.32
sf6_global,2013-10-01,8.0,8.01,,0.31
sf6_global,2013-11-01,8.04,8.03,,0.31
sf6_global,2013-12-01,8.06,8.06,,0.31
sf6_global,2014-01-01,8.09,8.09,,0.31
sf6_global,2014-02-01,8.11,8.12,,0.3
sf6_global,2014-03-01,8.14,8.15,,0.31
sf6_global,2014-04-01,8.18,8.18,,0.32
sf6_global,2014-05-01,8.21,8.2,,0.33
sf6_global,2014-06-01,8.23,8.23,,0.33
sf6_global,2014-07-01,8.26,8.26,,0.34
sf6_global,2014-08-01,8.28,8.29,,0.34
sf6_global,2014-09-01,8.32,8.32,,0.35
sf6_global,2014-10-01,8.35,8.35,,0.35
sf6_global,2014-11-01,8.39,8.38,,0.35
sf6_global,2014-12-01,8.42,8.41,,0.36
sf6_global,2015-01-01,8.44,8.44,,0.35
sf6_global,2015-02-01,8.47,8.46,,0.36
sf6_global,2015-03-01,8.5,8.49,,0.36
sf6_global,2015-04-01,8.52,8.52,,0.34
sf6_global,2015-05-01,8.54,8.54,,0.33
sf6_global,2015-06-01,8.56,8.57,,0.33
sf6_global,2015-07-01,8.57,8.6,,0.31
sf6_global,2015-08-01,8.6,8.62,,0.32
sf6_global,2015-09-01,8.63,8.65,,0.31
sf6_global,2015-10-01,8.67,8.68,,0.32
sf6_global,2015-11-01,8.71,8.7,,0.32
sf6_global,2015-12-01,8.74,8.73,,0.32
sf6_global,2016-01-01,8.77,8.76,,0.33
sf6_global,2016-02-01,8.8,8.79,,0.33
sf6_global,2016-03-01,8.83,8.81,,0.33
sf6_global,2016-04-01,8.86,8.84,,0.34
sf6_global,2016-05-01,8.89,8.87,,0.35
sf6_global,2016-06-01,8.9,8.9,,0.34
sf6_global,2016-07-01,8.91,8.92,,0.34
sf6_global,2016-08-01,8.92,8.95,,0.32
sf6_global,2016-09-01,8.94,8.98,,0.31
sf6_global,2016-10-01,8.99,9.01,,0.32
sf6_global,2016-11-01,9.03,9.04,,0.32
sf6_global,2016-12-01,9.07,9.07,,0.33
sf6_global,2017-01-01,9.1,9.1,,0.33
sf6_global,2017-02-01,9.13,9.12,,0.33
sf6_global,2017-03-01,9.17,9.15,,0.34
sf6_global,2017-04-01,9.2,9.18,,0.34
sf6_global,2017-05-01,9.23,9.21,,0.34
sf6_global,2017-06-01,9.24,9.24,,0.34
sf6_global,2017-07-01,9.26,9.27,,0.35
sf6_global,2017-08-01,9.29,9.3,,0.37
sf6_global,2017-09-01,9.32,9.33,,0.38
sf6_global,2017-10-01,9.35,9.36,,0.36
sf6_global,2017-11-01,9.39,9.39,,0.36
sf6_global,2017-12-01,9.42,9.41,,0.35
sf6_global,2018-01-01,9.45,9.44,,0.35
sf6_global,2018-02-01,9.48,9.47,,0.35
sf6_global,2018-03-01,9.51,9.5,,0.34
sf6_global,2018-04-01,9.53,9.53,,0.33
sf6_global,2018-05-01,9.55,9.56,,0.32
sf6_global,2018-06-01,9.58,9.59,,0.34
sf6_global,2018-07-01,9.61,9.62,,0.35
sf6_global,2018-08-01,9.63,9.65,,0.34
sf6_global,2018-09-01,9.66,9.67,,0.34
sf6_global,2018-10-01,9.71,9.7,,0.36
sf6_global,2018-11-01,9.75,9.73,,0.36
sf6_global,2018-12-01,9.78,9.76,,0.36
sf6_global,2019-01-01,9.8,9.79,,0.35
sf6_global,2019-02-01,9.82,9.82,,0.34
sf6_global,2019-03-01,9.85,9.85,,0.34
sf6_global,2019-04-01,9.88,9.88,,0.35
sf6_global,2019-05-01,9.9,9.9,,0.35
sf6_global,2019-06-01,9.93,9.93,,0.35
sf6_global,2019-07-01,9.96,9.96,,0.35
sf6_global,2019-08-01,9.98,9.99,,0.35
sf6_global,2019-09-01,10.0,10.01,,0.34
sf6_global,2019-10-01,10.03,10.04,,0.32
sf6_global,2019-11-01,10.07,10.07,,0.32
sf6_global,2019-12-01,10.1,10.09,,0.32
sf6_global,2020-01-01,10.12,10.12,,0.32
sf6_global,2020-02-01,10.15,10.14,,0.33
sf6_global,2020-03-01,10.18,10.17,,0.33
sf6_global,2020-04-01,10.2,10.2,,0.32
sf6_global,2020-05-01,10.23,10.22,,0.33
sf6_global,2020-06-01,10.26,10.25,,0.33
sf6_global,2020-07-01,10.28,10.28,,0.32
sf6_global,2020-08-01,10.3,10.31,,0.32
sf6_global,2020-09-01,10.32,10.34,,0.32
sf6_global,2020-10-01,10.36,10.36,,0.33
sf6_global,2020-11-01,10.39,10.39,,0.32
sf6_global,2020-12-01,10.42,10.43,,0.32
sf6_global,2021-01-01,10.46,10.46,,0.34
sf6_global,2021-02-01,10.48,10.49,,0.33
sf6_global,2021-03-01,10.52,10.52,,0.34
sf6_global,2021-04-01,10.56,10.55,,0.36
sf6_global,2021-05-01,10.6,10.58,,0.37
sf6_global,2021-06-01,10.63,10.62,,0.37
sf6_global,2021-07-01,10.64,10.65,,0.36
sf6_global,2021-08-01,10.67,10.68,,0.37
sf6_global,2021-09-01,10.7,10.72,,0.38
sf6_global,2021-10-01,10.74,10.75,,0.38
sf6_global,2021-11-01,10.79,10.78,,0.4
sf6_global,2021-12-01,10.82,10.82,,0.4
sf6_global,2022-01-01,10.85,10.85,,0.39
sf6_global,2022-02-01,10.88,10.88,,0.4
sf6_global,2022-03-01,10.92,10.91,,0.4
sf6_global,2022-04-01,10.96,10.94,,0.4
sf6_global,2022-05-01,10.99,10.97,,0.39
sf6_global,2022-06-01,11.01,11.0,,0.38
sf6_global,2022-07-01,11.03,11.03,,0.39
sf6_global,2022-08-01,11.05,11.07,,0.38
sf6_global,2022-09-01,11.07,11.1,,0.37
sf6_global,2022-10-01,11.11,11.13,,0.37
sf6_global,2022-11-01,11.15,11.16,,0.36
sf6_global,2022-12-01,11.19,11.19,,0.37
sf6_global,2023-01-01,11.23,11.22,,0.38
sf6_global,2023-02-01,11.25,11.25,,0.37
sf6_global,2023-03-01,11.29,11.29,,0.37
sf6_global,2023-04-01,11.33,11.32,,0.37
sf6_global,2023-05-01,11.36,11.35,,0.37
sf6_global,2023-06-01,11.39,11.39,,0.38
sf6_global,2023-07-01,11.42,11.42,,0.39
sf6_global,2023-08-01,11.45,11.46,,0.4
sf6_global,2023-09-01,11.47,11.49,,0.4
sf6_global,2023-10-01,11.51,11.52,,0.4
sf6_global,2023-11-01,11.56,11.56,,0.41
sf6_global,2023-12-01,11.61,11.59,,0.42
sf6_global,2024-01-01,11.63,11.63,,0.4
sf6_global,2024-02-01,11.66,11.66,,0.41
sf6_global,2024-03-01,11.7,11.69,,0.41
sf6_global,2024-04-01,11.74,11.72,,0.41
sf6_global,2024-05-01,11.77,11.76,,0.41
sf6_global,2024-06-01,11.79,11.79,,0.4
sf6_global,2024-07-01,11.82,11.82,,0.4
sf6_global,2024-08-01,11.85,11.86,,0.4
sf6_global,2024-09-01,11.88,11.89,,0.41
sf6_global,2024-10-01,11.91,11.92,,0.4
sf6_global,2024-11-01,11.95,11.96,,0.39
sf6_global,2024-12-01,11.99,11.99,,0.38
sf6_global,2025-01-01,12.03,12.03,,0.4
sf6_global,2025-02-01,12.06,12.07,,0.4
sf6_global,2025-03-01,12.1,12.1,,0.4
sf6_global,2025-04-01,12.15,12.14,,0.41
sf6_global,2025-05-01,12.19,12.18,,0.42
sf6_global,2025-06-01,12.23,12.22,,0.44
sf6_global,2025-07-01,12.26,12.26,,0.44
sf6_global,2025-08-01,12.29,12.3,,0.44
sf6_global,2025-09-01,12.32,12.35,,0.44
sf6_global,2025-10-01,12.37,12.39,,0.46
sf6_global,2025-11-01,12.43,12.43,,0.48
sf6_global,2025-12-01,12.48,12.47,,0.49
sf6_global,2026-01-01,12.53,12.51,,0.5
sf6_global,2026-02-01,12.56,12.55,,0.5
sf6_global,2026-03-01,12.6,12.59,,0.5
sf6_global,2026-04-01,12.65,12.63,,0.5
sf6_global,2026-05-01,12.7,12.67,,0.51
