date,world_60s_60n,north_atlantic_0_60n_0_80w,world_60s_60n_anom_1991_2020,north_atlantic_0_60n_0_80w_anom_1991_2020
1981-09-01,20.1472,23.7826,-0.2617,-0.4264
1981-09-02,20.1382,23.7736,-0.27,-0.4343
1981-09-03,20.1329,23.7954,-0.2733,-0.4078
1981-09-04,20.1296,23.8311,-0.2753,-0.3703
1981-09-05,20.1186,23.8661,-0.2834,-0.3289
1981-09-06,20.1106,23.8699,-0.2865,-0.3074
1981-09-07,20.1075,23.8679,-0.2819,-0.293
1981-09-08,20.1131,23.8573,-0.2705,-0.2857
1981-09-09,20.114,23.8005,-0.2645,-0.3249
1981-09-10,20.1094,23.7559,-0.2631,-0.3544
1981-09-11,20.1202,23.7634,-0.2452,-0.3267
1981-09-12,20.1134,23.7813,-0.2469,-0.2927
1981-09-13,20.1035,23.772,-0.2515,-0.2906
1981-09-14,20.0839,23.7394,-0.2634,-0.3078
1981-09-15,20.0661,23.7256,-0.2747,-0.3078
1981-09-16,20.0488,23.7389,-0.2858,-0.2771
1981-09-17,20.0302,23.7579,-0.2985,-0.2393
1981-09-18,20.0103,23.7431,-0.314,-0.2315
1981-09-19,20.0056,23.7351,-0.3157,-0.224
1981-09-20,19.9855,23.6894,-0.336,-0.2563
1981-09-21,19.9812,23.6753,-0.3386,-0.2509
1981-09-22,19.9929,23.6297,-0.3243,-0.2776
1981-09-23,20.0121,23.5656,-0.3032,-0.3255
1981-09-24,20.0351,23.4851,-0.2773,-0.3853
1981-09-25,20.0406,23.3959,-0.2689,-0.4579
1981-09-26,20.0371,23.3137,-0.2688,-0.5238
1981-09-27,20.0178,23.2539,-0.2829,-0.5667
1981-09-28,20.0006,23.2219,-0.2927,-0.5798
1981-09-29,19.9975,23.2085,-0.2893,-0.5711
1981-09-30,20.0135,23.1713,-0.2687,-0.5812
1981-10-01,20.0253,23.138,-0.2531,-0.584
1981-10-02,20.015,23.1262,-0.2585,-0.5633
1981-10-03,20.009,23.0754,-0.2588,-0.5818
1981-10-04,20.0005,23.0437,-0.2627,-0.5838
1981-10-05,19.9913,22.993,-0.2665,-0.6049
1981-10-06,19.9898,22.9618,-0.2636,-0.6059
1981-10-07,20.004,22.9483,-0.2467,-0.5943
1981-10-08,20.0114,22.9089,-0.234,-0.5991
1981-10-09,20.0186,22.9058,-0.2224,-0.5651
1981-10-10,20.0137,22.8964,-0.222,-0.5396
1981-10-11,19.999,22.8594,-0.2296,-0.5452
1981-10-12,19.9977,22.8566,-0.2251,-0.5176
1981-10-13,20.0068,22.8694,-0.211,-0.4711
1981-10-14,19.9931,22.8276,-0.2202,-0.4804
1981-10-15,19.9806,22.7641,-0.231,-0.5111
1981-10-16,19.9611,22.6895,-0.2499,-0.557
1981-10-17,19.9603,22.681,-0.2491,-0.5377
1981-10-18,19.9498,22.6679,-0.2564,-0.5251
1981-10-19,19.9336,22.6408,-0.2723,-0.5225
1981-10-20,19.9342,22.6571,-0.2692,-0.4732
1981-10-21,19.9506,22.6613,-0.2501,-0.4323
1981-10-22,19.9512,22.6676,-0.2467,-0.3886
1981-10-23,19.9345,22.6438,-0.2618,-0.3752
1981-10-24,19.9222,22.5683,-0.2732,-0.4136
1981-10-25,19.92,22.5152,-0.274,-0.4288
1981-10-26,19.9026,22.4426,-0.2883,-0.4608
1981-10-27,19.8682,22.411,-0.3189,-0.4524
1981-10-28,19.8362,22.3711,-0.3463,-0.4472
1981-10-29,19.8207,22.3001,-0.3569,-0.4728
1981-10-30,19.8092,22.2236,-0.3634,-0.5049
1981-10-31,19.7963,22.1785,-0.3714,-0.5091
1981-11-01,19.7896,22.1469,-0.371,-0.4987
1981-11-02,19.7718,22.0807,-0.384,-0.5195
1981-11-03,19.7596,22.0344,-0.3919,-0.5183
1981-11-04,19.762,22.0458,-0.3858,-0.4597
1981-11-05,19.7724,22.0533,-0.3733,-0.4137
1981-11-06,19.7883,22.0436,-0.3575,-0.3869
1981-11-07,19.8057,21.9999,-0.3402,-0.3922
1981-11-08,19.8118,21.9644,-0.3347,-0.3913
1981-11-09,19.8041,21.9101,-0.3438,-0.408
1981-11-10,19.8088,21.9026,-0.3402,-0.3767
1981-11-11,19.8199,21.9063,-0.3284,-0.3292
1981-11-12,19.8182,21.8776,-0.3306,-0.31
1981-11-13,19.8132,21.8082,-0.3351,-0.3313
1981-11-14,19.8229,21.7799,-0.3258,-0.3171
1981-11-15,19.8243,21.7557,-0.3224,-0.3048
1981-11-16,19.814,21.7168,-0.3329,-0.3139
1981-11-17,19.8014,21.6641,-0.3458,-0.3301
1981-11-18,19.8067,21.6247,-0.3393,-0.326
1981-11-19,19.8258,21.6158,-0.3209,-0.2916
1981-11-20,19.8434,21.6161,-0.3038,-0.2477
1981-11-21,19.8503,21.6123,-0.2998,-0.2141
1981-11-22,19.8554,21.5633,-0.2972,-0.225
1981-11-23,19.8475,21.4978,-0.3077,-0.248
1981-11-24,19.8794,21.456,-0.2775,-0.2518
1981-11-25,19.8951,21.4194,-0.2637,-0.2474
1981-11-26,19.9049,21.4176,-0.2536,-0.2011
1981-11-27,19.8994,21.3898,-0.2584,-0.189
1981-11-28,19.8942,21.3481,-0.2624,-0.1921
1981-11-29,19.8869,21.2777,-0.2671,-0.2167
1981-11-30,19.8978,21.2333,-0.2556,-0.2207
1981-12-01,19.9177,21.1872,-0.2389,-0.2318
1981-12-02,19.9247,21.1669,-0.2352,-0.2163
1981-12-03,19.9093,21.0918,-0.2534,-0.2542
1981-12-04,19.9019,21.0506,-0.2623,-0.2536
1981-12-05,19.9115,21.0279,-0.2567,-0.236
1981-12-06,19.921,21.0428,-0.2506,-0.1846
1981-12-07,19.9229,21.0102,-0.2507,-0.1774
1981-12-08,19.9369,20.9701,-0.2368,-0.1791
1981-12-09,19.9406,20.9321,-0.2343,-0.181
1981-12-10,19.9386,20.9039,-0.2364,-0.1691
1981-12-11,19.9345,20.8619,-0.2397,-0.1684
1981-12-12,19.9319,20.821,-0.2441,-0.1649
1981-12-13,19.934,20.815,-0.2466,-0.1338
1981-12-14,19.9409,20.7939,-0.2436,-0.1227
1981-12-15,19.9498,20.7336,-0.2383,-0.147
1981-12-16,19.9623,20.6626,-0.2298,-0.1749
1981-12-17,19.9738,20.6167,-0.2226,-0.1803
1981-12-18,19.9743,20.5751,-0.2257,-0.1863
1981-12-19,19.989,20.5397,-0.2136,-0.1894
1981-12-20,19.9739,20.4907,-0.2306,-0.2045
1981-12-21,19.9822,20.4469,-0.2246,-0.2174
1981-12-22,19.9973,20.4427,-0.2125,-0.1976
1981-12-23,20.0249,20.4593,-0.1919,-0.1592
1981-12-24,20.0345,20.4722,-0.1916,-0.1155
1981-12-25,20.0263,20.4302,-0.2086,-0.1247
1981-12-26,20.027,20.3789,-0.2122,-0.1421
1981-12-27,20.0324,20.3316,-0.2102,-0.154
1981-12-28,20.0273,20.2859,-0.2181,-0.1643
1981-12-29,20.02,20.2375,-0.2297,-0.1824
1981-12-30,20.0259,20.204,-0.2262,-0.184
1981-12-31,20.0429,20.1754,-0.2137,-0.1811
1982-01-01,20.0792,20.1338,-0.1701,-0.168
1982-01-02,20.1142,20.0575,-0.1382,-0.214
1982-01-03,20.1242,19.9996,-0.1327,-0.2442
1982-01-04,20.1179,20.0051,-0.1442,-0.2032
1982-01-05,20.1116,19.992,-0.1541,-0.1828
1982-01-06,20.1138,19.9798,-0.1549,-0.1663
1982-01-07,20.101,19.9718,-0.1719,-0.1472
1982-01-08,20.1083,19.9282,-0.1699,-0.161
1982-01-09,20.099,19.8546,-0.1836,-0.2059
1982-01-10,20.0989,19.802,-0.1889,-0.2311
1982-01-11,20.1036,19.7515,-0.1906,-0.2558
1982-01-12,20.0961,19.6654,-0.204,-0.3192
1982-01-13,20.1047,19.5767,-0.2027,-0.3807
1982-01-14,20.1142,19.5237,-0.1991,-0.4071
1982-01-15,20.1205,19.4669,-0.1965,-0.4412
1982-01-16,20.127,19.4377,-0.1947,-0.4471
1982-01-17,20.1303,19.4439,-0.1961,-0.4172
1982-01-18,20.1253,19.4565,-0.2059,-0.3855
1982-01-19,20.1107,19.4531,-0.2261,-0.3693
1982-01-20,20.111,19.4792,-0.23,-0.3228
1982-01-21,20.1041,19.4649,-0.2405,-0.3202
1982-01-22,20.0873,19.4172,-0.2621,-0.3546
1982-01-23,20.0792,19.3188,-0.2752,-0.4277
1982-01-24,20.0641,19.2237,-0.2961,-0.4992
1982-01-25,20.0658,19.2126,-0.302,-0.4887
1982-01-26,20.0675,19.245,-0.3049,-0.434
1982-01-27,20.0707,19.253,-0.3046,-0.4027
1982-01-28,20.0728,19.2619,-0.3071,-0.3763
1982-01-29,20.0758,19.2415,-0.311,-0.3803
1982-01-30,20.073,19.2422,-0.32,-0.3666
1982-01-31,20.0754,19.2507,-0.3216,-0.3463
1982-02-01,20.0913,19.2765,-0.3084,-0.3049
1982-02-02,20.1042,19.3191,-0.2986,-0.2461
1982-02-03,20.1088,19.3303,-0.3004,-0.2203
1982-02-04,20.1217,19.3489,-0.2946,-0.1843
1982-02-05,20.1271,19.3042,-0.2958,-0.212
1982-02-06,20.1202,19.2407,-0.3072,-0.2578
1982-02-07,20.1201,19.1663,-0.3131,-0.3176
1982-02-08,20.1371,19.1543,-0.3023,-0.3186
1982-02-09,20.1547,19.1393,-0.2912,-0.3249
1982-02-10,20.1549,19.1464,-0.2966,-0.3105
1982-02-11,20.1419,19.1387,-0.3156,-0.3152
1982-02-12,20.1315,19.1276,-0.3315,-0.3138
1982-02-13,20.1239,19.1074,-0.3414,-0.3146
1982-02-14,20.1111,19.0764,-0.3579,-0.327
1982-02-15,20.0965,18.9999,-0.3782,-0.3848
1982-02-16,20.1004,18.9927,-0.3782,-0.3811
1982-02-17,20.1258,19.0283,-0.356,-0.341
1982-02-18,20.1416,19.027,-0.3436,-0.3354
1982-02-19,20.1502,19.0219,-0.3384,-0.3372
1982-02-20,20.1536,19.0323,-0.3391,-0.3195
1982-02-21,20.1494,19.0092,-0.3472,-0.3337
1982-02-22,20.1423,18.9466,-0.3588,-0.3876
1982-02-23,20.1291,18.8707,-0.3771,-0.4569
1982-02-24,20.1284,18.8351,-0.3815,-0.4877
1982-02-25,20.1325,18.8608,-0.3809,-0.4641
1982-02-26,20.1312,18.8742,-0.3833,-0.4469
1982-02-27,20.1156,18.8904,-0.4005,-0.4296
1982-02-28,20.1307,18.9516,-0.3835,-0.3778
1982-03-01,20.161,19.0267,-0.3563,-0.2921
1982-03-02,20.1809,19.0651,-0.3361,-0.2555
1982-03-03,20.1893,19.0209,-0.3296,-0.2976
1982-03-04,20.1903,18.9989,-0.3296,-0.3148
1982-03-05,20.1757,18.9561,-0.3432,-0.3517
1982-03-06,20.1664,18.886,-0.3523,-0.4139
1982-03-07,20.1774,18.8912,-0.341,-0.3987
1982-03-08,20.1782,18.8937,-0.3404,-0.3951
1982-03-09,20.1702,18.9275,-0.3506,-0.367
1982-03-10,20.1703,18.9784,-0.3528,-0.3208
1982-03-11,20.1959,19.0197,-0.3289,-0.2805
1982-03-12,20.21,19.0555,-0.3185,-0.2482
1982-03-13,20.2183,19.0821,-0.3123,-0.2249
1982-03-14,20.2228,19.0539,-0.3105,-0.2612
1982-03-15,20.2197,19.0246,-0.3166,-0.303
1982-03-16,20.2141,19.0582,-0.3262,-0.2869
1982-03-17,20.2244,19.0614,-0.3189,-0.2964
1982-03-18,20.2425,19.0998,-0.3069,-0.265
1982-03-19,20.2563,19.1414,-0.2987,-0.2302
1982-03-20,20.2661,19.1669,-0.2924,-0.2118
1982-03-21,20.2537,19.1491,-0.3052,-0.2377
1982-03-22,20.2508,19.1654,-0.3081,-0.2267
1982-03-23,20.2479,19.165,-0.3103,-0.2315
1982-03-24,20.2422,19.2038,-0.3125,-0.1953
1982-03-25,20.2318,19.249,-0.3215,-0.1573
1982-03-26,20.2164,19.2659,-0.3369,-0.1485
1982-03-27,20.2035,19.2544,-0.3499,-0.1683
1982-03-28,20.1974,19.2248,-0.3568,-0.2037
1982-03-29,20.1775,19.2144,-0.3757,-0.2261
1982-03-30,20.165,19.1988,-0.3872,-0.2545
1982-03-31,20.1704,19.2206,-0.3797,-0.2412
1982-04-01,20.2068,19.2904,-0.3419,-0.1819
1982-04-02,20.226,19.2641,-0.3192,-0.2262
1982-04-03,20.2208,19.1872,-0.3218,-0.3195
1982-04-04,20.1938,19.0999,-0.3462,-0.4213
1982-04-05,20.1793,19.0361,-0.3582,-0.5046
1982-04-06,20.1665,19.0123,-0.3682,-0.5413
1982-04-07,20.1814,19.0331,-0.3504,-0.5337
1982-04-08,20.1927,19.0808,-0.336,-0.5025
1982-04-09,20.2099,19.1343,-0.3175,-0.4689
1982-04-10,20.2075,19.1847,-0.3179,-0.4382
1982-04-11,20.1882,19.2305,-0.3314,-0.4063
1982-04-12,20.1678,19.2573,-0.3464,-0.3909
1982-04-13,20.1791,19.3233,-0.3313,-0.3394
1982-04-14,20.1764,19.372,-0.3314,-0.3122
1982-04-15,20.1818,19.4155,-0.3223,-0.2946
1982-04-16,20.1928,19.4376,-0.3098,-0.2975
1982-04-17,20.1992,19.4617,-0.3015,-0.294
1982-04-18,20.2035,19.4704,-0.2945,-0.3077
1982-04-19,20.2189,19.5269,-0.2755,-0.2732
1982-04-20,20.2222,19.5524,-0.2716,-0.2792
1982-04-21,20.2414,19.5984,-0.2503,-0.2629
1982-04-22,20.2652,19.6169,-0.2267,-0.2753
1982-04-23,20.2554,19.5589,-0.2347,-0.3656
1982-04-24,20.2273,19.4621,-0.2617,-0.4915
1982-04-25,20.1902,19.4369,-0.2976,-0.5437
1982-04-26,20.1623,19.4756,-0.3218,-0.5287
1982-04-27,20.1333,19.5116,-0.3473,-0.5165
1982-04-28,20.1246,19.5307,-0.3523,-0.5237
1982-04-29,20.1321,19.5525,-0.3404,-0.5229
1982-04-30,20.1586,19.6742,-0.3096,-0.422
1982-05-01,20.1963,19.8379,-0.2667,-0.2895
1982-05-02,20.1994,19.8731,-0.2597,-0.2893
1982-05-03,20.1889,19.9572,-0.2693,-0.2449
1982-05-04,20.181,19.9895,-0.2741,-0.2467
1982-05-05,20.1593,19.9816,-0.2908,-0.2845
1982-05-06,20.1388,19.9471,-0.3059,-0.3468
1982-05-07,20.1247,19.8743,-0.3142,-0.4464
1982-05-08,20.1187,19.8613,-0.316,-0.4912
1982-05-09,20.1366,19.9599,-0.2948,-0.4242
1982-05-10,20.1381,20.0672,-0.2909,-0.3445
1982-05-11,20.1353,20.1145,-0.2908,-0.3298
1982-05-12,20.1292,20.0996,-0.2933,-0.3737
1982-05-13,20.1516,20.1089,-0.2692,-0.4027
1982-05-14,20.1684,20.1146,-0.2499,-0.4253
1982-05-15,20.1776,20.105,-0.239,-0.4614
1982-05-16,20.1852,20.1663,-0.2276,-0.432
1982-05-17,20.178,20.225,-0.2323,-0.4077
1982-05-18,20.1612,20.2822,-0.2465,-0.387
1982-05-19,20.1455,20.3209,-0.2591,-0.3893
1982-05-20,20.1368,20.3621,-0.2657,-0.3893
1982-05-21,20.1258,20.3978,-0.2741,-0.3948
1982-05-22,20.1339,20.4432,-0.2643,-0.3864
1982-05-23,20.1521,20.5096,-0.244,-0.3607
1982-05-24,20.1617,20.5672,-0.2304,-0.3394
1982-05-25,20.1521,20.5551,-0.2353,-0.3938
1982-05-26,20.1447,20.5675,-0.2383,-0.4231
1982-05-27,20.1332,20.5932,-0.2456,-0.439
1982-05-28,20.1355,20.6361,-0.2406,-0.4433
1982-05-29,20.1448,20.6949,-0.2274,-0.4349
1982-05-30,20.151,20.7475,-0.2162,-0.425
1982-05-31,20.1548,20.8347,-0.2075,-0.379
1982-06-01,20.138,20.9278,-0.2211,-0.3318
1982-06-02,20.123,20.9495,-0.2333,-0.3487
1982-06-03,20.0915,21.0072,-0.2622,-0.33
1982-06-04,20.0722,21.0606,-0.2777,-0.3173
1982-06-05,20.0772,21.1193,-0.2664,-0.2992
1982-06-06,20.0746,21.1548,-0.2615,-0.3055
1982-06-07,20.0631,21.1729,-0.2681,-0.3321
1982-06-08,20.0447,21.1812,-0.2838,-0.3678
1982-06-09,20.0314,21.2502,-0.2954,-0.3479
1982-06-10,20.0127,21.2872,-0.3103,-0.3564
1982-06-11,20.0129,21.3166,-0.3074,-0.3745
1982-06-12,20.0202,21.3886,-0.2979,-0.3462
1982-06-13,20.024,21.4212,-0.2931,-0.3591
1982-06-14,20.0114,21.471,-0.305,-0.3588
1982-06-15,19.9807,21.4731,-0.3367,-0.4079
1982-06-16,19.9547,21.4575,-0.3678,-0.4796
1982-06-17,19.9428,21.4491,-0.3811,-0.5382
1982-06-18,19.9298,21.4539,-0.3929,-0.585
1982-06-19,19.9344,21.5285,-0.3867,-0.5623
1982-06-20,19.9486,21.634,-0.3715,-0.4989
1982-06-21,19.9618,21.6862,-0.3591,-0.4902
1982-06-22,19.9695,21.7269,-0.3535,-0.4985
1982-06-23,19.9609,21.7533,-0.3642,-0.5205
1982-06-24,19.9627,21.836,-0.3636,-0.4922
1982-06-25,19.9634,21.878,-0.3629,-0.5028
1982-06-26,19.9569,21.9243,-0.3694,-0.5063
1982-06-27,19.9527,21.9475,-0.3739,-0.5288
1982-06-28,19.954,21.9698,-0.3737,-0.5468
1982-06-29,19.9555,21.9691,-0.3724,-0.5876
1982-06-30,19.9622,22.0031,-0.3665,-0.596
1982-07-01,19.9752,22.0413,-0.3554,-0.5963
1982-07-02,19.9658,22.0531,-0.3636,-0.6229
1982-07-03,19.9453,22.0725,-0.3837,-0.6417
1982-07-04,19.9359,22.1072,-0.3951,-0.6499
1982-07-05,19.9246,22.117,-0.4082,-0.6882
1982-07-06,19.9278,22.1481,-0.4056,-0.7029
1982-07-07,19.959,22.2388,-0.3734,-0.6544
1982-07-08,19.9865,22.3533,-0.3438,-0.5839
1982-07-09,19.9949,22.4151,-0.3344,-0.568
1982-07-10,19.9985,22.4084,-0.3323,-0.6176
1982-07-11,20.001,22.386,-0.3328,-0.6751
1982-07-12,19.9917,22.396,-0.3444,-0.6992
1982-07-13,19.9799,22.4063,-0.3591,-0.7155
1982-07-14,19.9814,22.5673,-0.3596,-0.5862
1982-07-15,19.9819,22.6957,-0.3612,-0.4923
1982-07-16,19.9633,22.7735,-0.3829,-0.4537
1982-07-17,19.9248,22.7309,-0.423,-0.5325
1982-07-18,19.9067,22.721,-0.4411,-0.5787
1982-07-19,19.9134,22.7852,-0.4344,-0.5507
1982-07-20,19.9289,22.841,-0.4184,-0.5242
1982-07-21,19.9475,22.8637,-0.4013,-0.5345
1982-07-22,19.9554,22.9048,-0.3966,-0.5319
1982-07-23,19.9709,22.9335,-0.383,-0.5403
1982-07-24,19.9847,22.9538,-0.3713,-0.5557
1982-07-25,19.9881,23.0025,-0.3708,-0.5396
1982-07-26,19.9864,23.006,-0.377,-0.5642
1982-07-27,19.9856,23.0105,-0.3844,-0.5982
1982-07-28,19.9867,23.0318,-0.3911,-0.6211
1982-07-29,19.9696,23.0616,-0.4134,-0.6271
1982-07-30,19.9542,23.1071,-0.4332,-0.6255
1982-07-31,19.9486,23.1645,-0.4418,-0.6052
1982-08-01,19.9401,23.2199,-0.4495,-0.5753
1982-08-02,19.9293,23.2507,-0.4604,-0.5679
1982-08-03,19.9469,23.2547,-0.4421,-0.5916
1982-08-04,19.9745,23.2488,-0.4157,-0.6237
1982-08-05,19.9984,23.2234,-0.3939,-0.6769
1982-08-06,20.0123,23.1771,-0.3806,-0.7551
1982-08-07,20.0096,23.1569,-0.3861,-0.7995
1982-08-08,20.0026,23.1799,-0.3948,-0.7968
1982-08-09,20.01,23.2751,-0.3868,-0.7146
1982-08-10,20.001,23.3197,-0.3977,-0.6933
1982-08-11,20.0102,23.4207,-0.3914,-0.6242
1982-08-12,20.004,23.4313,-0.4002,-0.6443
1982-08-13,19.9964,23.5152,-0.4095,-0.5832
1982-08-14,19.9933,23.5377,-0.4147,-0.5826
1982-08-15,19.9972,23.508,-0.4118,-0.6278
1982-08-16,19.9969,23.436,-0.413,-0.7101
1982-08-17,19.9989,23.3772,-0.41,-0.7723
1982-08-18,20.0095,23.3685,-0.397,-0.7748
1982-08-19,20.0309,23.3756,-0.3758,-0.7725
1982-08-20,20.0421,23.3744,-0.3658,-0.7875
1982-08-21,20.0425,23.4249,-0.3673,-0.7551
1982-08-22,20.0389,23.4932,-0.3707,-0.6942
1982-08-23,20.0339,23.4918,-0.3755,-0.704
1982-08-24,20.0309,23.4827,-0.3784,-0.7196
1982-08-25,20.0223,23.5183,-0.3872,-0.6894
1982-08-26,20.016,23.5394,-0.3936,-0.6752
1982-08-27,20.0085,23.5149,-0.4027,-0.7107
1982-08-28,20.0126,23.4959,-0.3981,-0.7316
1982-08-29,20.0135,23.4338,-0.3977,-0.7946
1982-08-30,20.0144,23.3476,-0.3963,-0.875
1982-08-31,20.0141,23.3271,-0.3947,-0.8879
1982-09-01,20.0234,23.379,-0.3855,-0.83
1982-09-02,20.0454,23.4717,-0.3628,-0.7362
1982-09-03,20.06,23.5065,-0.3462,-0.6967
1982-09-04,20.0627,23.539,-0.3422,-0.6624
1982-09-05,20.0635,23.5612,-0.3385,-0.6338
1982-09-06,20.0674,23.5591,-0.3297,-0.6182
1982-09-07,20.0765,23.5053,-0.3129,-0.6556
1982-09-08,20.093,23.4908,-0.2906,-0.6522
1982-09-09,20.1008,23.4733,-0.2777,-0.6521
1982-09-10,20.0954,23.4295,-0.2771,-0.6808
1982-09-11,20.0818,23.3868,-0.2836,-0.7033
1982-09-12,20.0622,23.394,-0.2981,-0.68
1982-09-13,20.0542,23.4112,-0.3008,-0.6514
1982-09-14,20.0533,23.455,-0.294,-0.5922
1982-09-15,20.0657,23.4718,-0.2751,-0.5616
1982-09-16,20.0561,23.4679,-0.2785,-0.5481
1982-09-17,20.0545,23.4524,-0.2742,-0.5448
1982-09-18,20.0514,23.4401,-0.2729,-0.5345
1982-09-19,20.0429,23.4285,-0.2784,-0.5306
1982-09-20,20.026,23.3994,-0.2955,-0.5463
1982-09-21,19.9985,23.3749,-0.3213,-0.5513
1982-09-22,19.9702,23.32,-0.347,-0.5873
1982-09-23,19.9576,23.2959,-0.3577,-0.5952
1982-09-24,19.9379,23.2522,-0.3745,-0.6182
1982-09-25,19.9315,23.2276,-0.378,-0.6262
1982-09-26,19.9352,23.145,-0.3707,-0.6925
1982-09-27,19.9342,23.1522,-0.3665,-0.6684
1982-09-28,19.9297,23.1341,-0.3636,-0.6676
1982-09-29,19.9604,23.1814,-0.3264,-0.5982
1982-09-30,19.9733,23.1186,-0.3089,-0.6339
1982-10-01,19.9993,23.102,-0.2791,-0.62
1982-10-02,20.0176,23.0898,-0.2559,-0.5997
1982-10-03,20.0151,22.9905,-0.2527,-0.6667
1982-10-04,20.0277,22.9545,-0.2355,-0.673
1982-10-05,20.0273,22.9334,-0.2305,-0.6645
1982-10-06,20.0149,22.9399,-0.2385,-0.6278
1982-10-07,19.9994,22.9573,-0.2513,-0.5853
1982-10-08,19.9991,22.95,-0.2463,-0.558
1982-10-09,19.989,22.9139,-0.252,-0.557
1982-10-10,19.963,22.823,-0.2727,-0.613
1982-10-11,19.9519,22.7211,-0.2767,-0.6835
1982-10-12,19.9495,22.6443,-0.2733,-0.7299
1982-10-13,19.9502,22.5976,-0.2676,-0.7429
1982-10-14,19.9757,22.5471,-0.2376,-0.7609
1982-10-15,19.9977,22.5274,-0.2139,-0.7478
1982-10-16,20.0197,22.504,-0.1913,-0.7425
1982-10-17,20.0221,22.4769,-0.1873,-0.7418
1982-10-18,20.0094,22.3989,-0.1968,-0.7941
1982-10-19,20.0021,22.3461,-0.2038,-0.8172
1982-10-20,19.9898,22.3043,-0.2136,-0.826
1982-10-21,19.9535,22.2321,-0.2472,-0.8615
1982-10-22,19.9293,22.1945,-0.2686,-0.8617
1982-10-23,19.9135,22.1778,-0.2828,-0.8412
1982-10-24,19.9019,22.1278,-0.2935,-0.8541
1982-10-25,19.8954,22.0753,-0.2986,-0.8687
1982-10-26,19.8824,22.0247,-0.3085,-0.8787
1982-10-27,19.8716,22.0328,-0.3155,-0.8306
1982-10-28,19.8689,22.0448,-0.3136,-0.7735
1982-10-29,19.8681,22.0395,-0.3095,-0.7334
1982-10-30,19.8583,21.9999,-0.3143,-0.7286
1982-10-31,19.8666,22.0102,-0.3011,-0.6774
1982-11-01,19.8845,22.0029,-0.2761,-0.6427
1982-11-02,19.9064,21.9848,-0.2494,-0.6154
1982-11-03,19.918,21.9558,-0.2335,-0.5969
1982-11-04,19.9289,21.9103,-0.2189,-0.5952
1982-11-05,19.9318,21.8675,-0.2139,-0.5995
1982-11-06,19.9215,21.8111,-0.2243,-0.6194
1982-11-07,19.9015,21.7428,-0.2444,-0.6493
1982-11-08,19.8905,21.733,-0.256,-0.6227
1982-11-09,19.891,21.674,-0.2569,-0.6441
1982-11-10,19.8689,21.5678,-0.2801,-0.7115
1982-11-11,19.8597,21.4551,-0.2886,-0.7804
1982-11-12,19.8572,21.3568,-0.2916,-0.8308
1982-11-13,19.853,21.3175,-0.2953,-0.822
1982-11-14,19.8534,21.2771,-0.2953,-0.8199
1982-11-15,19.8408,21.2405,-0.3059,-0.82
1982-11-16,19.8351,21.2609,-0.3118,-0.7698
1982-11-17,19.8591,21.2856,-0.2881,-0.7086
1982-11-18,19.8694,21.3223,-0.2766,-0.6284
1982-11-19,19.8891,21.3088,-0.2576,-0.5986
1982-11-20,19.8934,21.2441,-0.2538,-0.6197
1982-11-21,19.8933,21.1416,-0.2568,-0.6848
1982-11-22,19.8913,21.0762,-0.2613,-0.7121
1982-11-23,19.8765,21.022,-0.2787,-0.7238
1982-11-24,19.8736,20.9879,-0.2833,-0.7199
1982-11-25,19.8652,20.9068,-0.2936,-0.76
1982-11-26,19.8713,20.8712,-0.2872,-0.7475
1982-11-27,19.8715,20.8393,-0.2863,-0.7395
1982-11-28,19.8939,20.8418,-0.2627,-0.6984
1982-11-29,19.9079,20.8433,-0.2461,-0.6511
1982-11-30,19.9085,20.8279,-0.2449,-0.6261
1982-12-01,19.9156,20.7893,-0.241,-0.6297
1982-12-02,19.9154,20.7074,-0.2445,-0.6758
1982-12-03,19.9278,20.6563,-0.2349,-0.6897
1982-12-04,19.9264,20.5935,-0.2378,-0.7107
1982-12-05,19.921,20.5133,-0.2472,-0.7506
1982-12-06,19.9377,20.4133,-0.2339,-0.8141
1982-12-07,19.9543,20.3338,-0.2193,-0.8538
1982-12-08,19.9857,20.3232,-0.188,-0.826
1982-12-09,20.0097,20.3189,-0.1652,-0.7942
1982-12-10,20.0092,20.3084,-0.1658,-0.7646
1982-12-11,19.9983,20.2988,-0.1759,-0.7315
1982-12-12,19.9953,20.2832,-0.1807,-0.7027
1982-12-13,19.9978,20.2534,-0.1828,-0.6955
1982-12-14,19.9826,20.1777,-0.2019,-0.7389
1982-12-15,19.9811,20.0799,-0.207,-0.8007
1982-12-16,19.9951,20.0155,-0.197,-0.8221
1982-12-17,20.0135,19.9786,-0.1829,-0.8184
1982-12-18,20.0257,20.0084,-0.1743,-0.753
1982-12-19,20.0382,20.0538,-0.1644,-0.6753
1982-12-20,20.0453,20.0507,-0.1592,-0.6445
1982-12-21,20.0482,20.0257,-0.1586,-0.6386
1982-12-22,20.0575,20.0294,-0.1523,-0.6109
1982-12-23,20.0485,19.9908,-0.1683,-0.6277
1982-12-24,20.0547,19.9139,-0.1714,-0.6738
1982-12-25,20.0612,19.8825,-0.1737,-0.6724
1982-12-26,20.0693,19.8631,-0.1699,-0.6579
1982-12-27,20.0567,19.8065,-0.1859,-0.6791
1982-12-28,20.0606,19.7795,-0.1848,-0.6707
1982-12-29,20.0557,19.76,-0.194,-0.6599
1982-12-30,20.0537,19.7287,-0.1984,-0.6593
1982-12-31,20.0651,19.7299,-0.1915,-0.6266
1983-01-01,20.09,19.757,-0.1593,-0.5448
1983-01-02,20.1224,19.7678,-0.13,-0.5037
1983-01-03,20.1419,19.7719,-0.115,-0.4719
1983-01-04,20.1481,19.7474,-0.114,-0.4609
1983-01-05,20.1395,19.7029,-0.1262,-0.4719
1983-01-06,20.1438,19.6839,-0.1249,-0.4622
1983-01-07,20.1454,19.6388,-0.1275,-0.4802
1983-01-08,20.1454,19.5871,-0.1328,-0.5021
1983-01-09,20.1433,19.5419,-0.1393,-0.5186
1983-01-10,20.1535,19.5058,-0.1343,-0.5273
1983-01-11,20.1643,19.4688,-0.1299,-0.5385
1983-01-12,20.1656,19.4358,-0.1345,-0.5488
1983-01-13,20.172,19.3723,-0.1354,-0.5851
1983-01-14,20.1893,19.3521,-0.124,-0.5787
1983-01-15,20.2105,19.3584,-0.1065,-0.5497
1983-01-16,20.2143,19.3311,-0.1074,-0.5537
1983-01-17,20.2186,19.3139,-0.1078,-0.5472
1983-01-18,20.2151,19.3442,-0.1161,-0.4978
1983-01-19,20.2267,19.3703,-0.1101,-0.4521
1983-01-20,20.2402,19.3742,-0.1008,-0.4278
1983-01-21,20.2467,19.3821,-0.0979,-0.403
1983-01-22,20.2479,19.3467,-0.1015,-0.4251
1983-01-23,20.2442,19.3056,-0.1102,-0.4409
1983-01-24,20.2423,19.2805,-0.1179,-0.4424
1983-01-25,20.2502,19.2747,-0.1176,-0.4266
1983-01-26,20.266,19.2671,-0.1064,-0.4119
1983-01-27,20.2877,19.2255,-0.0876,-0.4302
1983-01-28,20.3009,19.1753,-0.079,-0.4629
1983-01-29,20.3128,19.1206,-0.074,-0.5012
1983-01-30,20.3076,19.0846,-0.0854,-0.5242
1983-01-31,20.2951,19.1192,-0.1018,-0.4778
1983-02-01,20.2712,19.1514,-0.1285,-0.43
1983-02-02,20.2506,19.1319,-0.1522,-0.4333
1983-02-03,20.254,19.1096,-0.1552,-0.441
1983-02-04,20.2722,19.1456,-0.1441,-0.3876
1983-02-05,20.2857,19.1568,-0.1372,-0.3594
1983-02-06,20.3211,19.1619,-0.1063,-0.3366
1983-02-07,20.3448,19.1725,-0.0884,-0.3114
1983-02-08,20.3477,19.2008,-0.0917,-0.2721
1983-02-09,20.3541,19.2387,-0.0918,-0.2255
1983-02-10,20.3599,19.2344,-0.0916,-0.2225
1983-02-11,20.367,19.1926,-0.0905,-0.2613
1983-02-12,20.3672,19.1823,-0.0958,-0.2591
1983-02-13,20.3488,19.182,-0.1165,-0.24
1983-02-14,20.3343,19.1715,-0.1347,-0.2319
1983-02-15,20.3249,19.1265,-0.1498,-0.2582
1983-02-16,20.3355,19.107,-0.1431,-0.2668
1983-02-17,20.3495,19.1026,-0.1323,-0.2667
1983-02-18,20.3506,19.0964,-0.1346,-0.266
1983-02-19,20.3577,19.0651,-0.1309,-0.294
1983-02-20,20.3552,19.0654,-0.1375,-0.2864
1983-02-21,20.3668,19.0845,-0.1298,-0.2584
1983-02-22,20.3749,19.1385,-0.1262,-0.1957
1983-02-23,20.3748,19.1678,-0.1314,-0.1598
1983-02-24,20.3791,19.207,-0.1308,-0.1158
1983-02-25,20.399,19.2056,-0.1144,-0.1193
1983-02-26,20.4087,19.1679,-0.1058,-0.1532
1983-02-27,20.4189,19.1565,-0.0972,-0.1635
1983-02-28,20.4126,19.1148,-0.1016,-0.2146
1983-03-01,20.3919,19.1116,-0.1254,-0.2072
1983-03-02,20.3585,19.1318,-0.1585,-0.1888
1983-03-03,20.3544,19.1591,-0.1645,-0.1594
1983-03-04,20.3531,19.1595,-0.1668,-0.1542
1983-03-05,20.3475,19.1525,-0.1714,-0.1553
1983-03-06,20.3582,19.1657,-0.1605,-0.1342
1983-03-07,20.3764,19.1929,-0.142,-0.097
1983-03-08,20.3866,19.2221,-0.132,-0.0667
1983-03-09,20.3871,19.2499,-0.1337,-0.0446
1983-03-10,20.3847,19.2859,-0.1384,-0.0133
1983-03-11,20.3806,19.3209,-0.1442,0.0207
1983-03-12,20.3736,19.3267,-0.1549,0.023
1983-03-13,20.3824,19.3089,-0.1482,0.0019
1983-03-14,20.39,19.3306,-0.1433,0.0155
1983-03-15,20.3911,19.3686,-0.1452,0.041
1983-03-16,20.3754,19.3997,-0.1649,0.0546
1983-03-17,20.3558,19.3924,-0.1875,0.0346
1983-03-18,20.3454,19.3846,-0.204,0.0198
1983-03-19,20.3425,19.3811,-0.2125,0.0095
1983-03-20,20.3467,19.4049,-0.2118,0.0262
1983-03-21,20.3408,19.4175,-0.2181,0.0307
1983-03-22,20.349,19.4208,-0.2099,0.0287
1983-03-23,20.3513,19.4381,-0.2069,0.0416
1983-03-24,20.3467,19.4191,-0.208,0.02
1983-03-25,20.3411,19.3644,-0.2122,-0.0419
1983-03-26,20.3403,19.3009,-0.213,-0.1135
1983-03-27,20.3327,19.2631,-0.2207,-0.1596
1983-03-28,20.3278,19.2616,-0.2264,-0.1669
1983-03-29,20.3344,19.3379,-0.2188,-0.1026
1983-03-30,20.3576,19.3917,-0.1946,-0.0616
1983-03-31,20.3689,19.4148,-0.1812,-0.047
1983-04-01,20.3656,19.4227,-0.1831,-0.0496
1983-04-02,20.3798,19.5186,-0.1654,0.0283
1983-04-03,20.382,19.585,-0.1606,0.0783
1983-04-04,20.3749,19.5932,-0.1651,0.072
1983-04-05,20.3578,19.5549,-0.1797,0.0142
1983-04-06,20.3515,19.5208,-0.1832,-0.0328
1983-04-07,20.3523,19.4987,-0.1795,-0.0681
1983-04-08,20.3583,19.408,-0.1704,-0.1753
1983-04-09,20.3491,19.3823,-0.1783,-0.2209
1983-04-10,20.3361,19.385,-0.1893,-0.2379
1983-04-11,20.3452,19.4961,-0.1744,-0.1407
1983-04-12,20.3464,19.5834,-0.1678,-0.0648
1983-04-13,20.3542,19.621,-0.1562,-0.0417
1983-04-14,20.3609,19.6156,-0.1469,-0.0686
1983-04-15,20.3448,19.5666,-0.1593,-0.1435
1983-04-16,20.3143,19.5348,-0.1883,-0.2003
1983-04-17,20.2996,19.549,-0.2011,-0.2067
1983-04-18,20.2845,19.564,-0.2135,-0.2141
1983-04-19,20.2622,19.5977,-0.2322,-0.2024
1983-04-20,20.2646,19.6496,-0.2292,-0.182
1983-04-21,20.27,19.6803,-0.2217,-0.181
1983-04-22,20.2778,19.7328,-0.2141,-0.1594
1983-04-23,20.2631,19.7554,-0.227,-0.1691
1983-04-24,20.2673,19.753,-0.2217,-0.2006
1983-04-25,20.2579,19.7604,-0.2299,-0.2202
1983-04-26,20.2579,19.8199,-0.2262,-0.1844
1983-04-27,20.2591,19.8722,-0.2215,-0.1559
1983-04-28,20.2597,19.9109,-0.2172,-0.1435
1983-04-29,20.2643,19.9393,-0.2082,-0.1361
1983-04-30,20.2609,19.9641,-0.2073,-0.1321
1983-05-01,20.2579,20.0104,-0.2051,-0.117
1983-05-02,20.2469,20.0418,-0.2122,-0.1206
1983-05-03,20.2138,20.0576,-0.2444,-0.1445
1983-05-04,20.2002,20.0867,-0.2549,-0.1495
1983-05-05,20.1962,20.1284,-0.2539,-0.1377
1983-05-06,20.2097,20.1896,-0.235,-0.1043
1983-05-07,20.2242,20.2116,-0.2147,-0.1091
1983-05-08,20.2456,20.2615,-0.1891,-0.091
1983-05-09,20.249,20.2933,-0.1824,-0.0908
1983-05-10,20.2457,20.3002,-0.1833,-0.1115
1983-05-11,20.2365,20.2955,-0.1896,-0.1488
1983-05-12,20.2172,20.2882,-0.2053,-0.1851
1983-05-13,20.1861,20.2998,-0.2347,-0.2118
1983-05-14,20.1623,20.3006,-0.256,-0.2393
1983-05-15,20.154,20.2869,-0.2626,-0.2795
1983-05-16,20.1712,20.3098,-0.2416,-0.2885
1983-05-17,20.1756,20.3133,-0.2347,-0.3194
1983-05-18,20.1826,20.3415,-0.2251,-0.3277
1983-05-19,20.1885,20.3977,-0.2161,-0.3125
1983-05-20,20.1963,20.4452,-0.2062,-0.3062
1983-05-21,20.1993,20.4712,-0.2006,-0.3214
1983-05-22,20.1956,20.5291,-0.2026,-0.3005
1983-05-23,20.1918,20.5745,-0.2043,-0.2958
1983-05-24,20.1896,20.586,-0.2025,-0.3206
1983-05-25,20.2002,20.6213,-0.1872,-0.3276
1983-05-26,20.211,20.6941,-0.172,-0.2965
1983-05-27,20.2207,20.7844,-0.1581,-0.2478
1983-05-28,20.2119,20.7981,-0.1642,-0.2813
1983-05-29,20.1967,20.798,-0.1755,-0.3318
1983-05-30,20.1937,20.8833,-0.1735,-0.2892
1983-05-31,20.1954,20.948,-0.1669,-0.2657
1983-06-01,20.1791,20.9871,-0.18,-0.2725
1983-06-02,20.1588,21.0307,-0.1975,-0.2675
1983-06-03,20.1568,21.0675,-0.1969,-0.2697
1983-06-04,20.1597,21.1174,-0.1902,-0.2605
1983-06-05,20.1548,21.1747,-0.1888,-0.2438
1983-06-06,20.1549,21.2324,-0.1812,-0.2279
1983-06-07,20.1689,21.3168,-0.1623,-0.1882
1983-06-08,20.1754,21.3959,-0.1531,-0.1531
1983-06-09,20.1654,21.4379,-0.1614,-0.1602
1983-06-10,20.1639,21.4395,-0.1591,-0.2041
1983-06-11,20.1688,21.4089,-0.1515,-0.2822
1983-06-12,20.1765,21.4772,-0.1416,-0.2576
1983-06-13,20.1802,21.51,-0.1369,-0.2703
1983-06-14,20.1748,21.5088,-0.1416,-0.321
1983-06-15,20.1709,21.4891,-0.1465,-0.3919
1983-06-16,20.1685,21.5268,-0.154,-0.4103
1983-06-17,20.1594,21.5794,-0.1645,-0.4079
1983-06-18,20.1537,21.6696,-0.169,-0.3693
1983-06-19,20.1605,21.7865,-0.1606,-0.3043
1983-06-20,20.1677,21.8737,-0.1524,-0.2592
1983-06-21,20.1633,21.9281,-0.1576,-0.2483
1983-06-22,20.1563,21.9521,-0.1667,-0.2733
1983-06-23,20.1496,22.0188,-0.1755,-0.255
1983-06-24,20.1425,22.0975,-0.1838,-0.2307
1983-06-25,20.1131,22.0661,-0.2132,-0.3147
1983-06-26,20.1003,22.0701,-0.226,-0.3605
1983-06-27,20.078,22.0516,-0.2486,-0.4247
1983-06-28,20.0666,22.0784,-0.2611,-0.4382
1983-06-29,20.0582,22.1227,-0.2697,-0.434
1983-06-30,20.0426,22.1747,-0.2861,-0.4244
1983-07-01,20.0096,22.2126,-0.321,-0.425
1983-07-02,19.9756,22.2607,-0.3538,-0.4153
1983-07-03,19.9735,22.274,-0.3555,-0.4402
1983-07-04,19.9888,22.3022,-0.3422,-0.4549
1983-07-05,19.9975,22.3656,-0.3353,-0.4396
1983-07-06,20.0116,22.4476,-0.3218,-0.4034
1983-07-07,19.9908,22.4845,-0.3416,-0.4087
1983-07-08,19.973,22.5368,-0.3573,-0.4004
1983-07-09,19.9579,22.6083,-0.3714,-0.3748
1983-07-10,19.9697,22.7051,-0.3611,-0.3209
1983-07-11,19.9941,22.7856,-0.3397,-0.2755
1983-07-12,20.0159,22.8472,-0.3202,-0.248
1983-07-13,20.0454,22.9175,-0.2936,-0.2043
1983-07-14,20.0705,23.003,-0.2705,-0.1505
1983-07-15,20.0871,23.0486,-0.256,-0.1394
1983-07-16,20.0741,23.0354,-0.2721,-0.1918
1983-07-17,20.0715,23.0643,-0.2764,-0.1991
1983-07-18,20.0759,23.049,-0.2719,-0.2507
1983-07-19,20.0889,23.0471,-0.2589,-0.2888
1983-07-20,20.0871,23.0,-0.2602,-0.3652
1983-07-21,20.0994,22.9566,-0.2494,-0.4416
1983-07-22,20.0874,22.9253,-0.2646,-0.5114
1983-07-23,20.0767,22.9325,-0.2772,-0.5413
1983-07-24,20.0828,23.008,-0.2732,-0.5015
1983-07-25,20.0775,23.0338,-0.2814,-0.5083
1983-07-26,20.0791,23.1223,-0.2843,-0.4479
1983-07-27,20.1004,23.2085,-0.2696,-0.4002
1983-07-28,20.1252,23.2873,-0.2526,-0.3656
1983-07-29,20.1378,23.3265,-0.2452,-0.3622
1983-07-30,20.1532,23.3609,-0.2342,-0.3717
1983-07-31,20.1459,23.3912,-0.2445,-0.3785
1983-08-01,20.1409,23.3646,-0.2487,-0.4306
1983-08-02,20.1539,23.4234,-0.2358,-0.3952
1983-08-03,20.137,23.4161,-0.252,-0.4302
1983-08-04,20.1012,23.3819,-0.289,-0.4906
1983-08-05,20.0932,23.3817,-0.2991,-0.5186
1983-08-06,20.094,23.3923,-0.2989,-0.5399
1983-08-07,20.1014,23.5569,-0.2943,-0.3995
1983-08-08,20.0994,23.5871,-0.298,-0.3896
1983-08-09,20.1171,23.6324,-0.2797,-0.3573
1983-08-10,20.1389,23.6553,-0.2598,-0.3577
1983-08-11,20.1515,23.675,-0.2501,-0.3699
1983-08-12,20.1693,23.7168,-0.2349,-0.3588
1983-08-13,20.168,23.6904,-0.2379,-0.408
1983-08-14,20.1484,23.6462,-0.2596,-0.4741
1983-08-15,20.1311,23.6218,-0.2779,-0.514
1983-08-16,20.1127,23.5581,-0.2972,-0.588
1983-08-17,20.0976,23.4673,-0.3113,-0.6822
1983-08-18,20.1029,23.4911,-0.3036,-0.6522
1983-08-19,20.1033,23.5418,-0.3034,-0.6063
1983-08-20,20.1059,23.5943,-0.302,-0.5676
1983-08-21,20.0912,23.5326,-0.3186,-0.6474
1983-08-22,20.0901,23.5213,-0.3195,-0.6661
1983-08-23,20.1024,23.5246,-0.307,-0.6712
1983-08-24,20.1307,23.6889,-0.2786,-0.5134
1983-08-25,20.136,23.7038,-0.2735,-0.5039
1983-08-26,20.1399,23.7494,-0.2697,-0.4652
1983-08-27,20.1352,23.7869,-0.276,-0.4387
1983-08-28,20.1368,23.808,-0.2739,-0.4195
1983-08-29,20.1341,23.7964,-0.2771,-0.432
1983-08-30,20.1113,23.7461,-0.2994,-0.4765
1983-08-31,20.0928,23.7147,-0.316,-0.5003
1983-09-01,20.079,23.6553,-0.3299,-0.5537
1983-09-02,20.0706,23.5553,-0.3376,-0.6526
1983-09-03,20.0659,23.4964,-0.3403,-0.7067
1983-09-04,20.0682,23.5122,-0.3367,-0.6892
1983-09-05,20.0774,23.5735,-0.3246,-0.6215
1983-09-06,20.0881,23.5948,-0.309,-0.5825
1983-09-07,20.0954,23.664,-0.294,-0.4969
1983-09-08,20.1012,23.7247,-0.2824,-0.4183
1983-09-09,20.1059,23.7392,-0.2726,-0.3862
1983-09-10,20.1103,23.7413,-0.2622,-0.369
1983-09-11,20.1249,23.7314,-0.2405,-0.3587
1983-09-12,20.1506,23.7423,-0.2097,-0.3317
1983-09-13,20.1775,23.7654,-0.1775,-0.2972
1983-09-14,20.1806,23.7636,-0.1667,-0.2836
1983-09-15,20.159,23.6333,-0.1818,-0.4001
1983-09-16,20.1345,23.5719,-0.2001,-0.4441
1983-09-17,20.1172,23.5735,-0.2115,-0.4237
1983-09-18,20.0972,23.5886,-0.2271,-0.386
1983-09-19,20.0835,23.5861,-0.2378,-0.373
1983-09-20,20.0775,23.574,-0.244,-0.3717
1983-09-21,20.0786,23.5651,-0.2412,-0.3611
1983-09-22,20.0787,23.5318,-0.2385,-0.3755
1983-09-23,20.0745,23.4725,-0.2408,-0.4186
1983-09-24,20.0696,23.4228,-0.2428,-0.4476
1983-09-25,20.0665,23.3871,-0.243,-0.4667
1983-09-26,20.0441,23.3553,-0.2618,-0.4822
1983-09-27,20.0017,23.2778,-0.299,-0.5429
1983-09-28,19.9755,23.2321,-0.3178,-0.5696
1983-09-29,19.9667,23.1913,-0.3201,-0.5883
1983-09-30,19.966,23.1795,-0.3162,-0.573
1983-10-01,19.9516,23.1326,-0.3268,-0.5894
1983-10-02,19.9384,23.0666,-0.3351,-0.6229
1983-10-03,19.936,23.0215,-0.3318,-0.6357
1983-10-04,19.9566,23.0279,-0.3066,-0.5996
1983-10-05,19.9946,23.0953,-0.2632,-0.5026
1983-10-06,20.013,23.1483,-0.2404,-0.4194
1983-10-07,20.0085,23.1513,-0.2422,-0.3913
1983-10-08,20.0067,23.0982,-0.2387,-0.4098
1983-10-09,20.0128,23.0898,-0.2282,-0.3811
1983-10-10,20.0189,23.0402,-0.2168,-0.3958
1983-10-11,20.018,22.9579,-0.2106,-0.4467
1983-10-12,20.0249,22.8822,-0.1979,-0.492
1983-10-13,20.0267,22.8332,-0.1911,-0.5073
1983-10-14,20.027,22.7907,-0.1863,-0.5173
1983-10-15,20.0207,22.7967,-0.1909,-0.4785
1983-10-16,19.9979,22.7803,-0.2131,-0.4662
1983-10-17,19.972,22.7601,-0.2374,-0.4586
1983-10-18,19.9375,22.7337,-0.2687,-0.4593
1983-10-19,19.9092,22.7135,-0.2967,-0.4498
1983-10-20,19.9046,22.6546,-0.2988,-0.4757
1983-10-21,19.9082,22.5956,-0.2925,-0.498
1983-10-22,19.8976,22.5652,-0.3003,-0.491
1983-10-23,19.8866,22.5498,-0.3097,-0.4692
1983-10-24,19.8774,22.4949,-0.318,-0.487
1983-10-25,19.8809,22.4491,-0.3131,-0.4949
1983-10-26,19.8742,22.385,-0.3167,-0.5184
1983-10-27,19.8654,22.3518,-0.3217,-0.5116
1983-10-28,19.8538,22.2908,-0.3287,-0.5275
1983-10-29,19.8493,22.2673,-0.3283,-0.5056
1983-10-30,19.8623,22.2669,-0.3103,-0.4616
1983-10-31,19.8759,22.2411,-0.2918,-0.4465
1983-11-01,19.8927,22.1948,-0.2679,-0.4508
1983-11-02,19.9143,22.1244,-0.2415,-0.4758
1983-11-03,19.9402,22.0952,-0.2113,-0.4575
1983-11-04,19.9625,22.0521,-0.1853,-0.4534
1983-11-05,19.9572,21.9801,-0.1885,-0.4869
1983-11-06,19.9471,21.9372,-0.1987,-0.4933
1983-11-07,19.9344,21.9096,-0.2115,-0.4825
1983-11-08,19.9097,21.8639,-0.2368,-0.4918
1983-11-09,19.8946,21.8757,-0.2533,-0.4424
1983-11-10,19.8969,21.8555,-0.2521,-0.4238
1983-11-11,19.8959,21.8124,-0.2524,-0.4231
1983-11-12,19.8969,21.7725,-0.2519,-0.4151
1983-11-13,19.8964,21.7756,-0.2519,-0.3639
1983-11-14,19.8819,21.7558,-0.2668,-0.3412
1983-11-15,19.8766,21.7053,-0.2701,-0.3552
1983-11-16,19.8689,21.6754,-0.278,-0.3553
1983-11-17,19.8673,21.6591,-0.2799,-0.3351
1983-11-18,19.8678,21.6524,-0.2782,-0.2983
1983-11-19,19.8517,21.6069,-0.295,-0.3005
1983-11-20,19.8374,21.5809,-0.3098,-0.2829
1983-11-21,19.8312,21.5524,-0.3189,-0.274
1983-11-22,19.8275,21.478,-0.3251,-0.3103
1983-11-23,19.8415,21.4668,-0.3137,-0.279
1983-11-24,19.8516,21.4265,-0.3053,-0.2813
1983-11-25,19.8561,21.3466,-0.3027,-0.3202
1983-11-26,19.868,21.2957,-0.2905,-0.323
1983-11-27,19.8932,21.3074,-0.2646,-0.2714
1983-11-28,19.9126,21.3255,-0.244,-0.2147
1983-11-29,19.9146,21.2907,-0.2394,-0.2037
1983-11-30,19.9067,21.2555,-0.2467,-0.1985
1983-12-01,19.8934,21.214,-0.2632,-0.205
1983-12-02,19.9002,21.18,-0.2597,-0.2032
1983-12-03,19.9006,21.112,-0.2621,-0.234
1983-12-04,19.9129,21.0547,-0.2513,-0.2495
1983-12-05,19.9345,21.0205,-0.2337,-0.2434
1983-12-06,19.9574,21.0277,-0.2142,-0.1997
1983-12-07,19.9666,21.0136,-0.207,-0.174
1983-12-08,19.9734,20.9537,-0.2003,-0.1955
1983-12-09,19.9635,20.9068,-0.2114,-0.2063
1983-12-10,19.9666,20.8806,-0.2084,-0.1924
1983-12-11,19.9734,20.8643,-0.2008,-0.166
1983-12-12,19.9758,20.8185,-0.2002,-0.1674
1983-12-13,19.9717,20.7473,-0.2089,-0.2016
1983-12-14,19.9817,20.7128,-0.2028,-0.2038
1983-12-15,19.9764,20.6411,-0.2117,-0.2395
1983-12-16,19.9574,20.5814,-0.2347,-0.2562
1983-12-17,19.9381,20.5274,-0.2583,-0.2696
1983-12-18,19.9394,20.5067,-0.2606,-0.2547
1983-12-19,19.9259,20.4572,-0.2767,-0.2719
1983-12-20,19.9153,20.4015,-0.2892,-0.2937
1983-12-21,19.9233,20.3781,-0.2835,-0.2862
1983-12-22,19.9316,20.3494,-0.2782,-0.2909
1983-12-23,19.9458,20.3396,-0.271,-0.2789
1983-12-24,19.9507,20.3176,-0.2754,-0.2701
1983-12-25,19.9468,20.2658,-0.2881,-0.2891
1983-12-26,19.9361,20.1638,-0.3031,-0.3572
1983-12-27,19.9234,20.0497,-0.3192,-0.4359
1983-12-28,19.9333,19.9684,-0.3121,-0.4818
1983-12-29,19.9453,19.9499,-0.3044,-0.47
1983-12-30,19.9447,19.9353,-0.3074,-0.4527
1983-12-31,19.9438,19.919,-0.3128,-0.4375
1984-01-01,19.9556,19.9007,-0.2937,-0.4011
1984-01-02,19.9817,19.9196,-0.2707,-0.3519
1984-01-03,19.9914,19.9346,-0.2655,-0.3092
1984-01-04,20.0287,19.9101,-0.2334,-0.2982
1984-01-05,20.0644,19.8908,-0.2013,-0.284
1984-01-06,20.0715,19.8389,-0.1972,-0.3072
1984-01-07,20.089,19.7985,-0.1839,-0.3205
1984-01-08,20.093,19.7636,-0.1852,-0.3256
1984-01-09,20.0897,19.7362,-0.1929,-0.3243
1984-01-10,20.0809,19.7558,-0.2069,-0.2773
1984-01-11,20.0869,19.7799,-0.2073,-0.2274
1984-01-12,20.0941,19.7723,-0.206,-0.2123
1984-01-13,20.0767,19.7373,-0.2307,-0.2201
1984-01-14,20.0732,19.699,-0.2401,-0.2318
1984-01-15,20.0802,19.6217,-0.2368,-0.2864
1984-01-16,20.0621,19.5962,-0.2596,-0.2886
1984-01-17,20.0485,19.5915,-0.2779,-0.2696
1984-01-18,20.0422,19.5627,-0.289,-0.2793
1984-01-19,20.0382,19.5184,-0.2986,-0.304
1984-01-20,20.0612,19.4864,-0.2798,-0.3156
1984-01-21,20.0753,19.4498,-0.2693,-0.3353
1984-01-22,20.083,19.3977,-0.2664,-0.3741
1984-01-23,20.0713,19.3393,-0.2831,-0.4072
1984-01-24,20.0836,19.3512,-0.2766,-0.3717
1984-01-25,20.0924,19.3682,-0.2754,-0.3331
1984-01-26,20.0962,19.358,-0.2762,-0.321
1984-01-27,20.1181,19.3642,-0.2572,-0.2915
1984-01-28,20.1206,19.3715,-0.2593,-0.2667
1984-01-29,20.135,19.3677,-0.2518,-0.2541
1984-01-30,20.1555,19.3244,-0.2375,-0.2844
1984-01-31,20.1569,19.3244,-0.2401,-0.2726
1984-02-01,20.1602,19.3217,-0.2395,-0.2597
1984-02-02,20.1736,19.3018,-0.2292,-0.2634
1984-02-03,20.1866,19.2901,-0.2226,-0.2605
1984-02-04,20.1885,19.288,-0.2278,-0.2452
1984-02-05,20.1833,19.2679,-0.2396,-0.2483
1984-02-06,20.1809,19.1992,-0.2465,-0.2993
1984-02-07,20.1843,19.1495,-0.2489,-0.3344
1984-02-08,20.1887,19.1241,-0.2507,-0.3488
1984-02-09,20.1926,19.1083,-0.2533,-0.3559
1984-02-10,20.2002,19.1175,-0.2513,-0.3394
1984-02-11,20.2039,19.1353,-0.2536,-0.3186
1984-02-12,20.2318,19.1779,-0.2312,-0.2635
1984-02-13,20.2329,19.14,-0.2324,-0.2819
1984-02-14,20.22,19.0735,-0.249,-0.3299
1984-02-15,20.2169,19.0659,-0.2578,-0.3188
1984-02-16,20.2289,19.0873,-0.2497,-0.2865
1984-02-17,20.2344,19.1043,-0.2474,-0.265
1984-02-18,20.23,19.1093,-0.2552,-0.2531
1984-02-19,20.2251,19.1041,-0.2635,-0.255
1984-02-20,20.2263,19.1028,-0.2664,-0.249
1984-02-21,20.2271,19.1042,-0.2695,-0.2387
1984-02-22,20.2303,19.1197,-0.2708,-0.2145
1984-02-23,20.2326,19.1353,-0.2736,-0.1923
1984-02-24,20.2492,19.1418,-0.2607,-0.181
1984-02-25,20.2539,19.1485,-0.2595,-0.1764
1984-02-26,20.2618,19.114,-0.2527,-0.2071
1984-02-27,20.2511,19.1184,-0.265,-0.2016
1984-02-28,20.2376,19.1118,-0.2766,-0.2176
1984-02-29,20.2192,19.1056,-0.295,-0.2238
1984-03-01,20.2079,19.0942,-0.3094,-0.2246
1984-03-02,20.1835,19.0741,-0.3335,-0.2465
1984-03-03,20.1692,19.0386,-0.3497,-0.2799
1984-03-04,20.1659,19.0305,-0.354,-0.2832
1984-03-05,20.1815,19.0072,-0.3374,-0.3006
1984-03-06,20.198,18.9986,-0.3207,-0.3013
1984-03-07,20.22,18.9967,-0.2984,-0.2932
1984-03-08,20.2282,19.0121,-0.2904,-0.2767
1984-03-09,20.2288,19.0326,-0.292,-0.2619
1984-03-10,20.2384,19.0369,-0.2847,-0.2623
1984-03-11,20.255,19.0603,-0.2698,-0.2399
1984-03-12,20.267,19.0637,-0.2615,-0.24
1984-03-13,20.274,19.0403,-0.2566,-0.2667
1984-03-14,20.2771,19.0231,-0.2562,-0.292
1984-03-15,20.2845,19.0332,-0.2518,-0.2944
1984-03-16,20.2737,19.0508,-0.2666,-0.2943
1984-03-17,20.2641,19.0394,-0.2792,-0.3184
1984-03-18,20.2643,19.0204,-0.2851,-0.3444
1984-03-19,20.2797,18.9927,-0.2753,-0.3789
1984-03-20,20.2933,18.9741,-0.2652,-0.4046
1984-03-21,20.284,18.9891,-0.2749,-0.3977
1984-03-22,20.2699,19.0127,-0.289,-0.3794
1984-03-23,20.2682,19.0112,-0.29,-0.3853
1984-03-24,20.2585,19.058,-0.2962,-0.3411
1984-03-25,20.2438,19.1048,-0.3095,-0.3015
1984-03-26,20.2254,19.133,-0.3279,-0.2814
1984-03-27,20.2287,19.1591,-0.3247,-0.2636
1984-03-28,20.2356,19.1792,-0.3186,-0.2493
1984-03-29,20.2215,19.1925,-0.3317,-0.248
1984-03-30,20.2333,19.1663,-0.3189,-0.287
1984-03-31,20.2382,19.1387,-0.3119,-0.3231
1984-04-01,20.2565,19.1472,-0.2922,-0.3251
1984-04-02,20.2702,19.1194,-0.275,-0.3709
1984-04-03,20.2794,19.1491,-0.2632,-0.3576
1984-04-04,20.2832,19.1664,-0.2568,-0.3548
1984-04-05,20.2846,19.2257,-0.2529,-0.315
1984-04-06,20.2629,19.2401,-0.2718,-0.3135
1984-04-07,20.2561,19.2546,-0.2757,-0.3122
1984-04-08,20.2615,19.2583,-0.2672,-0.325
1984-04-09,20.2465,19.2663,-0.2809,-0.3369
1984-04-10,20.2565,19.3261,-0.2689,-0.2968
1984-04-11,20.234,19.3532,-0.2856,-0.2836
1984-04-12,20.2196,19.3661,-0.2946,-0.2821
1984-04-13,20.2178,19.3684,-0.2926,-0.2943
1984-04-14,20.2169,19.349,-0.2909,-0.3352
1984-04-15,20.207,19.3521,-0.2971,-0.358
1984-04-16,20.1841,19.3738,-0.3185,-0.3613
1984-04-17,20.1709,19.4231,-0.3298,-0.3326
1984-04-18,20.175,19.4912,-0.323,-0.2869
1984-04-19,20.1757,19.5273,-0.3187,-0.2728
1984-04-20,20.1777,19.5631,-0.3161,-0.2685
1984-04-21,20.1712,19.5519,-0.3205,-0.3094
1984-04-22,20.1685,19.5897,-0.3234,-0.3026
1984-04-23,20.151,19.5966,-0.3391,-0.3279
1984-04-24,20.1531,19.5959,-0.3359,-0.3577
1984-04-25,20.1509,19.6031,-0.3369,-0.3775
1984-04-26,20.1499,19.6551,-0.3342,-0.3492
1984-04-27,20.1401,19.6859,-0.3405,-0.3422
1984-04-28,20.1344,19.7276,-0.3425,-0.3268
1984-04-29,20.1176,19.7666,-0.3549,-0.3088
1984-04-30,20.0992,19.8617,-0.369,-0.2345
1984-05-01,20.0811,19.9082,-0.3819,-0.2192
1984-05-02,20.079,19.9327,-0.3801,-0.2297
1984-05-03,20.0783,19.9413,-0.3799,-0.2608
1984-05-04,20.0949,19.9938,-0.3602,-0.2424
1984-05-05,20.1167,20.0398,-0.3334,-0.2263
1984-05-06,20.1211,20.0298,-0.3236,-0.2641
1984-05-07,20.1166,20.0105,-0.3223,-0.3102
1984-05-08,20.1292,19.9806,-0.3055,-0.3719
1984-05-09,20.1355,19.9738,-0.2959,-0.4103
1984-05-10,20.1513,20.0477,-0.2777,-0.364
1984-05-11,20.1791,20.1742,-0.247,-0.2701
1984-05-12,20.1947,20.2613,-0.2278,-0.212
1984-05-13,20.1748,20.2436,-0.246,-0.268
1984-05-14,20.1551,20.2409,-0.2632,-0.299
1984-05-15,20.1393,20.2271,-0.2773,-0.3393
1984-05-16,20.1187,20.2021,-0.2941,-0.3962
1984-05-17,20.0977,20.1893,-0.3126,-0.4434
1984-05-18,20.0865,20.1771,-0.3212,-0.4921
1984-05-19,20.0791,20.2364,-0.3255,-0.4738
1984-05-20,20.0634,20.306,-0.3391,-0.4454
1984-05-21,20.0558,20.3496,-0.3441,-0.443
1984-05-22,20.0525,20.3646,-0.3457,-0.465
1984-05-23,20.0567,20.4376,-0.3394,-0.4327
1984-05-24,20.0572,20.5067,-0.3349,-0.3999
1984-05-25,20.0524,20.5306,-0.335,-0.4183
1984-05-26,20.0361,20.5323,-0.3469,-0.4583
1984-05-27,20.0288,20.5943,-0.35,-0.4379
1984-05-28,20.0146,20.6526,-0.3615,-0.4268
1984-05-29,19.9935,20.6793,-0.3787,-0.4505
1984-05-30,19.9867,20.6694,-0.3805,-0.5031
1984-05-31,19.9686,20.6563,-0.3937,-0.5574
1984-06-01,19.9627,20.683,-0.3964,-0.5766
1984-06-02,19.9618,20.7068,-0.3945,-0.5914
1984-06-03,19.9689,20.7512,-0.3848,-0.586
1984-06-04,19.9746,20.8202,-0.3753,-0.5577
1984-06-05,19.9649,20.7811,-0.3787,-0.6374
1984-06-06,19.9548,20.7597,-0.3813,-0.7006
1984-06-07,19.9258,20.7448,-0.4054,-0.7602
1984-06-08,19.9235,20.7803,-0.405,-0.7687
1984-06-09,19.9325,20.8767,-0.3943,-0.7214
1984-06-10,19.9377,21.0146,-0.3853,-0.629
1984-06-11,19.9444,21.0945,-0.3759,-0.5966
1984-06-12,19.9593,21.1482,-0.3588,-0.5866
1984-06-13,19.9782,21.2551,-0.3389,-0.5252
1984-06-14,19.9913,21.3419,-0.3251,-0.4879
1984-06-15,19.994,21.3039,-0.3234,-0.5771
1984-06-16,19.9886,21.291,-0.3339,-0.6461
1984-06-17,19.9921,21.3182,-0.3318,-0.6691
1984-06-18,19.9971,21.3704,-0.3256,-0.6685
1984-06-19,20.0053,21.4275,-0.3158,-0.6634
1984-06-20,20.005,21.5257,-0.3151,-0.6072
1984-06-21,19.9951,21.5425,-0.3258,-0.6339
1984-06-22,19.989,21.5579,-0.334,-0.6675
1984-06-23,19.9792,21.5659,-0.3459,-0.7079
1984-06-24,19.9747,21.5663,-0.3516,-0.7619
1984-06-25,19.9653,21.5659,-0.361,-0.8149
1984-06-26,19.956,21.5978,-0.3703,-0.8328
1984-06-27,19.9587,21.7299,-0.3679,-0.7464
1984-06-28,19.9661,21.8734,-0.3616,-0.6432
1984-06-29,19.9603,21.9096,-0.3676,-0.6471
1984-06-30,19.9609,22.0479,-0.3678,-0.5512
1984-07-01,19.9538,22.0895,-0.3768,-0.5481
1984-07-02,19.9487,22.1121,-0.3807,-0.5639
1984-07-03,19.945,22.1351,-0.384,-0.5791
1984-07-04,19.9553,22.2081,-0.3757,-0.549
1984-07-05,19.9455,22.2419,-0.3873,-0.5633
1984-07-06,19.9409,22.1929,-0.3925,-0.6581
1984-07-07,19.9292,22.1358,-0.4032,-0.7574
1984-07-08,19.9149,22.1392,-0.4154,-0.798
1984-07-09,19.9114,22.1823,-0.4179,-0.8008
1984-07-10,19.9225,22.2494,-0.4083,-0.7766
1984-07-11,19.9327,22.3354,-0.4011,-0.7257
1984-07-12,19.9439,22.4096,-0.3922,-0.6856
1984-07-13,19.9589,22.5157,-0.3801,-0.6061
1984-07-14,19.9619,22.5326,-0.3791,-0.6209
1984-07-15,19.9554,22.4792,-0.3877,-0.7088
1984-07-16,19.9527,22.4739,-0.3935,-0.7533
1984-07-17,19.9666,22.6046,-0.3813,-0.6588
1984-07-18,19.9919,22.7849,-0.3559,-0.5148
1984-07-19,20.0152,22.9159,-0.3326,-0.42
1984-07-20,20.0334,23.0243,-0.3139,-0.3409
1984-07-21,20.0342,23.0815,-0.3146,-0.3167
1984-07-22,20.0288,23.0923,-0.3232,-0.3444
1984-07-23,20.0058,23.0508,-0.3481,-0.423
1984-07-24,19.9956,23.0352,-0.3604,-0.4743
1984-07-25,19.989,22.9913,-0.3699,-0.5508
1984-07-26,19.9851,22.9718,-0.3783,-0.5984
1984-07-27,19.9883,22.9867,-0.3818,-0.622
1984-07-28,19.9977,23.0123,-0.3801,-0.6406
1984-07-29,20.0141,23.1,-0.3689,-0.5887
1984-07-30,19.9882,23.0866,-0.3992,-0.646
1984-07-31,19.9699,23.1327,-0.4205,-0.637
1984-08-01,19.9712,23.2122,-0.4184,-0.583
1984-08-02,19.9748,23.2673,-0.4149,-0.5513
1984-08-03,19.9678,23.2754,-0.4212,-0.5709
1984-08-04,19.9673,23.3019,-0.4229,-0.5706
1984-08-05,19.9593,23.3464,-0.433,-0.5539
1984-08-06,19.9439,23.3632,-0.449,-0.569
1984-08-07,19.9335,23.3332,-0.4622,-0.6232
1984-08-08,19.9555,23.3584,-0.4419,-0.6183
1984-08-09,19.9675,23.3481,-0.4293,-0.6416
1984-08-10,19.9809,23.3434,-0.4178,-0.6697
1984-08-11,19.9993,23.3575,-0.4023,-0.6874
1984-08-12,20.0336,23.464,-0.3706,-0.6116
1984-08-13,20.0683,23.5133,-0.3376,-0.5851
1984-08-14,20.1009,23.5614,-0.3071,-0.5589
1984-08-15,20.1155,23.6162,-0.2935,-0.5196
1984-08-16,20.1079,23.6387,-0.302,-0.5074
1984-08-17,20.11,23.6592,-0.2989,-0.4903
1984-08-18,20.1125,23.667,-0.294,-0.4763
1984-08-19,20.1011,23.6387,-0.3056,-0.5094
1984-08-20,20.0924,23.5989,-0.3155,-0.563
1984-08-21,20.0841,23.5653,-0.3257,-0.6147
1984-08-22,20.0847,23.569,-0.3249,-0.6184
1984-08-23,20.0831,23.59,-0.3263,-0.6058
1984-08-24,20.0763,23.6056,-0.333,-0.5967
1984-08-25,20.066,23.5871,-0.3435,-0.6206
1984-08-26,20.0825,23.6662,-0.3271,-0.5484
1984-08-27,20.1096,23.7177,-0.3016,-0.5079
1984-08-28,20.1428,23.8137,-0.2679,-0.4138
1984-08-29,20.18,23.866,-0.2312,-0.3624
1984-08-30,20.1922,23.9299,-0.2185,-0.2927
1984-08-31,20.1911,23.9257,-0.2177,-0.2893
1984-09-01,20.1821,23.8986,-0.2268,-0.3104
1984-09-02,20.161,23.8142,-0.2472,-0.3937
1984-09-03,20.146,23.765,-0.2602,-0.4382
1984-09-04,20.1366,23.6553,-0.2683,-0.5461
1984-09-05,20.109,23.5924,-0.293,-0.6026
1984-09-06,20.102,23.6347,-0.2951,-0.5426
1984-09-07,20.1026,23.7039,-0.2868,-0.457
1984-09-08,20.0906,23.6888,-0.293,-0.4542
1984-09-09,20.0835,23.6759,-0.295,-0.4495
1984-09-10,20.1001,23.6968,-0.2724,-0.4135
1984-09-11,20.1372,23.7178,-0.2282,-0.3723
1984-09-12,20.1529,23.6723,-0.2074,-0.4017
1984-09-13,20.1316,23.599,-0.2234,-0.4636
1984-09-14,20.1045,23.5032,-0.2428,-0.544
1984-09-15,20.0794,23.4793,-0.2614,-0.5541
1984-09-16,20.0682,23.468,-0.2664,-0.548
1984-09-17,20.0768,23.4395,-0.2519,-0.5577
1984-09-18,20.0828,23.4268,-0.2415,-0.5478
1984-09-19,20.0742,23.4439,-0.2471,-0.5152
1984-09-20,20.0544,23.3942,-0.2671,-0.5515
1984-09-21,20.0586,23.3949,-0.2612,-0.5313
1984-09-22,20.0649,23.3892,-0.2523,-0.5181
1984-09-23,20.0633,23.3954,-0.252,-0.4957
1984-09-24,20.0626,23.4244,-0.2498,-0.446
1984-09-25,20.0479,23.4263,-0.2616,-0.4275
1984-09-26,20.0296,23.4164,-0.2763,-0.4211
1984-09-27,20.0049,23.3441,-0.2958,-0.4765
1984-09-28,19.9859,23.2579,-0.3074,-0.5438
1984-09-29,19.9647,23.1048,-0.3221,-0.6748
1984-09-30,19.9341,23.0441,-0.3481,-0.7084
1984-10-01,19.9254,23.054,-0.353,-0.668
1984-10-02,19.9407,23.0651,-0.3328,-0.6244
1984-10-03,19.9436,23.0392,-0.3242,-0.618
1984-10-04,19.9457,22.9804,-0.3175,-0.6471
1984-10-05,19.9274,22.9299,-0.3304,-0.668
1984-10-06,19.901,22.8976,-0.3524,-0.6701
1984-10-07,19.887,22.8918,-0.3637,-0.6508
1984-10-08,19.8671,22.8321,-0.3783,-0.6759
1984-10-09,19.8464,22.7604,-0.3946,-0.7105
1984-10-10,19.8379,22.7294,-0.3978,-0.7066
1984-10-11,19.844,22.6928,-0.3846,-0.7118
1984-10-12,19.8525,22.6625,-0.3703,-0.7117
1984-10-13,19.8655,22.6273,-0.3523,-0.7132
1984-10-14,19.8721,22.6322,-0.3412,-0.6758
1984-10-15,19.8757,22.6537,-0.3359,-0.6215
1984-10-16,19.8826,22.641,-0.3284,-0.6055
1984-10-17,19.8747,22.6379,-0.3347,-0.5808
1984-10-18,19.8524,22.6167,-0.3538,-0.5763
1984-10-19,19.8204,22.5396,-0.3855,-0.6237
1984-10-20,19.8008,22.4802,-0.4026,-0.6501
1984-10-21,19.7806,22.4548,-0.4201,-0.6388
1984-10-22,19.7662,22.3971,-0.4317,-0.6591
1984-10-23,19.7674,22.3367,-0.4289,-0.6823
1984-10-24,19.7512,22.228,-0.4442,-0.7539
1984-10-25,19.7458,22.1434,-0.4482,-0.8006
1984-10-26,19.7394,22.0579,-0.4515,-0.8455
1984-10-27,19.7492,22.029,-0.4379,-0.8344
1984-10-28,19.7679,22.0335,-0.4146,-0.7848
1984-10-29,19.7733,22.0261,-0.4043,-0.7468
1984-10-30,19.7668,22.015,-0.4058,-0.7135
1984-10-31,19.7718,21.9829,-0.3959,-0.7047
1984-11-01,19.7898,21.9464,-0.3708,-0.6992
1984-11-02,19.7977,21.8903,-0.3581,-0.7099
1984-11-03,19.8121,21.8181,-0.3394,-0.7346
1984-11-04,19.8394,21.7665,-0.3084,-0.739
1984-11-05,19.8561,21.7281,-0.2896,-0.7389
1984-11-06,19.8627,21.7296,-0.2831,-0.7009
1984-11-07,19.8695,21.7565,-0.2764,-0.6356
1984-11-08,19.8585,21.7084,-0.288,-0.6473
1984-11-09,19.8534,21.6476,-0.2945,-0.6705
1984-11-10,19.8508,21.5987,-0.2982,-0.6806
1984-11-11,19.8571,21.5718,-0.2912,-0.6637
1984-11-12,19.8575,21.5281,-0.2913,-0.6595
1984-11-13,19.8534,21.4759,-0.2949,-0.6636
1984-11-14,19.8623,21.4399,-0.2864,-0.6571
1984-11-15,19.8638,21.4433,-0.2829,-0.6172
1984-11-16,19.8549,21.4303,-0.292,-0.6004
1984-11-17,19.8401,21.3851,-0.3071,-0.6091
1984-11-18,19.8015,21.2904,-0.3445,-0.6603
1984-11-19,19.7892,21.2705,-0.3575,-0.6369
1984-11-20,19.7861,21.2557,-0.3611,-0.6081
1984-11-21,19.7589,21.2133,-0.3912,-0.6131
1984-11-22,19.7248,21.1466,-0.4278,-0.6417
1984-11-23,19.7084,21.1034,-0.4468,-0.6424
1984-11-24,19.7174,21.0668,-0.4395,-0.641
1984-11-25,19.735,21.0064,-0.4238,-0.6604
1984-11-26,19.7433,20.9369,-0.4152,-0.6818
1984-11-27,19.7521,20.8861,-0.4057,-0.6927
1984-11-28,19.7718,20.8401,-0.3848,-0.7001
1984-11-29,19.7879,20.806,-0.3661,-0.6884
1984-11-30,19.8034,20.8111,-0.35,-0.6429
1984-12-01,19.8091,20.8006,-0.3475,-0.6184
1984-12-02,19.8135,20.7945,-0.3464,-0.5887
1984-12-03,19.8149,20.7641,-0.3478,-0.5819
1984-12-04,19.8071,20.7476,-0.3571,-0.5566
1984-12-05,19.8012,20.7142,-0.367,-0.5497
1984-12-06,19.7958,20.6744,-0.3758,-0.553
1984-12-07,19.7991,20.5888,-0.3745,-0.5988
1984-12-08,19.7996,20.5441,-0.3741,-0.6051
1984-12-09,19.8328,20.5195,-0.3421,-0.5936
1984-12-10,19.834,20.482,-0.341,-0.591
1984-12-11,19.8339,20.4503,-0.3403,-0.58
1984-12-12,19.8383,20.4267,-0.3377,-0.5592
1984-12-13,19.833,20.4065,-0.3476,-0.5423
1984-12-14,19.7836,20.2886,-0.4009,-0.628
1984-12-15,19.744,20.1827,-0.4441,-0.6979
1984-12-16,19.7891,20.2432,-0.403,-0.5943
1984-12-17,19.8327,20.2309,-0.3637,-0.5661
1984-12-18,19.8517,20.1771,-0.3483,-0.5843
1984-12-19,19.8588,20.0964,-0.3438,-0.6327
1984-12-20,19.8676,20.0256,-0.3369,-0.6696
1984-12-21,19.8534,19.9983,-0.3534,-0.666
1984-12-22,19.8367,19.9772,-0.3731,-0.6631
1984-12-23,19.8297,20.0003,-0.3871,-0.6182
1984-12-24,19.8392,20.0683,-0.3869,-0.5194
1984-12-25,19.8381,20.0949,-0.3968,-0.46
1984-12-26,19.8476,20.0848,-0.3916,-0.4362
1984-12-27,19.8586,20.0459,-0.384,-0.4397
1984-12-28,19.8743,19.9744,-0.3711,-0.4758
1984-12-29,19.8707,19.907,-0.379,-0.5129
1984-12-30,19.8572,19.8756,-0.3949,-0.5124
1984-12-31,19.8478,19.8362,-0.4088,-0.5203
1985-01-01,19.8574,19.7595,-0.3919,-0.5423
1985-01-02,19.8807,19.7356,-0.3717,-0.5359
1985-01-03,19.9235,19.7169,-0.3334,-0.5269
1985-01-04,19.9919,19.7123,-0.2702,-0.496
1985-01-05,20.0566,19.723,-0.2091,-0.4518
1985-01-06,20.0984,19.7145,-0.1703,-0.4316
1985-01-07,20.127,19.728,-0.1459,-0.391
1985-01-08,20.1466,19.6925,-0.1316,-0.3967
1985-01-09,20.0911,19.6075,-0.1915,-0.453
1985-01-10,19.9696,19.4338,-0.3182,-0.5993
1985-01-11,19.9261,19.3574,-0.3681,-0.6499
1985-01-12,19.9163,19.3513,-0.3838,-0.6333
1985-01-13,19.9146,19.3353,-0.3928,-0.6221
1985-01-14,19.9091,19.3118,-0.4042,-0.619
1985-01-15,19.8963,19.2562,-0.4207,-0.6519
1985-01-16,19.885,19.1885,-0.4367,-0.6963
1985-01-17,19.8775,19.1323,-0.4489,-0.7288
1985-01-18,19.8791,19.1222,-0.4521,-0.7198
1985-01-19,19.8913,19.1152,-0.4455,-0.7072
1985-01-20,19.9065,19.1199,-0.4345,-0.6821
1985-01-21,19.9157,19.1217,-0.4289,-0.6634
1985-01-22,19.9181,19.0998,-0.4313,-0.672
1985-01-23,19.9303,19.0658,-0.4241,-0.6807
1985-01-24,19.9352,19.0088,-0.425,-0.7141
1985-01-25,19.9288,18.9849,-0.439,-0.7164
1985-01-26,19.9265,18.9984,-0.4459,-0.6806
1985-01-27,19.9426,19.0055,-0.4327,-0.6502
1985-01-28,19.9425,19.0107,-0.4374,-0.6275
1985-01-29,19.9534,19.007,-0.4334,-0.6148
1985-01-30,19.9553,19.0083,-0.4377,-0.6005
1985-01-31,19.9686,18.9877,-0.4284,-0.6093
1985-02-01,19.9983,18.9755,-0.4014,-0.6059
1985-02-02,20.0172,18.9774,-0.3856,-0.5878
1985-02-03,20.0374,19.0119,-0.3718,-0.5387
1985-02-04,20.0381,18.9904,-0.3782,-0.5428
1985-02-05,20.058,18.9566,-0.3649,-0.5596
1985-02-06,20.0804,18.9289,-0.347,-0.5696
1985-02-07,20.0892,18.9221,-0.344,-0.5618
1985-02-08,20.088,18.9059,-0.3514,-0.567
1985-02-09,20.1009,18.9088,-0.345,-0.5554
1985-02-10,20.1135,18.8975,-0.338,-0.5594
1985-02-11,20.0976,18.8886,-0.3599,-0.5653
1985-02-12,20.0853,18.8792,-0.3777,-0.5622
1985-02-13,20.0919,18.8766,-0.3734,-0.5453
1985-02-14,20.0995,18.8878,-0.3695,-0.5156
1985-02-15,20.1072,18.8619,-0.3675,-0.5228
1985-02-16,20.1123,18.8339,-0.3663,-0.5399
1985-02-17,20.1039,18.7897,-0.3779,-0.5796
1985-02-18,20.089,18.7739,-0.3962,-0.5885
1985-02-19,20.0787,18.7816,-0.4099,-0.5775
1985-02-20,20.0547,18.757,-0.438,-0.5948
1985-02-21,20.0404,18.7268,-0.4562,-0.6161
1985-02-22,20.0442,18.7006,-0.4569,-0.6336
1985-02-23,20.0465,18.6436,-0.4597,-0.684
1985-02-24,20.0583,18.6387,-0.4516,-0.6841
1985-02-25,20.0651,18.6501,-0.4483,-0.6748
1985-02-26,20.0675,18.6561,-0.447,-0.665
1985-02-27,20.0881,18.7009,-0.428,-0.6191
1985-02-28,20.1022,18.7255,-0.412,-0.6039
1985-03-01,20.1309,18.7517,-0.3864,-0.5671
1985-03-02,20.1411,18.7615,-0.3759,-0.5591
1985-03-03,20.1403,18.764,-0.3786,-0.5545
1985-03-04,20.1371,18.7593,-0.3828,-0.5544
1985-03-05,20.1173,18.7618,-0.4016,-0.546
1985-03-06,20.0787,18.7277,-0.44,-0.5722
1985-03-07,20.0587,18.7014,-0.4597,-0.5885
1985-03-08,20.0505,18.6936,-0.4681,-0.5952
1985-03-09,20.0714,18.7113,-0.4494,-0.5832
1985-03-10,20.0719,18.7184,-0.4512,-0.5808
1985-03-11,20.0868,18.743,-0.438,-0.5572
1985-03-12,20.0862,18.7307,-0.4423,-0.573
1985-03-13,20.0963,18.7439,-0.4343,-0.5631
1985-03-14,20.1043,18.7732,-0.429,-0.5419
1985-03-15,20.1232,18.7785,-0.4131,-0.5491
1985-03-16,20.1405,18.7811,-0.3998,-0.564
1985-03-17,20.1372,18.7969,-0.4061,-0.5609
1985-03-18,20.1361,18.7813,-0.4133,-0.5835
1985-03-19,20.143,18.7652,-0.412,-0.6064
1985-03-20,20.1453,18.7584,-0.4132,-0.6203
1985-03-21,20.1508,18.7507,-0.4081,-0.6361
1985-03-22,20.1712,18.7607,-0.3877,-0.6314
1985-03-23,20.1735,18.7531,-0.3847,-0.6434
1985-03-24,20.1581,18.7464,-0.3966,-0.6527
1985-03-25,20.1423,18.7493,-0.411,-0.657
1985-03-26,20.1308,18.7528,-0.4225,-0.6616
1985-03-27,20.1353,18.7759,-0.4181,-0.6468
1985-03-28,20.1373,18.7955,-0.4169,-0.633
1985-03-29,20.142,18.8363,-0.4112,-0.6042
1985-03-30,20.1442,18.868,-0.408,-0.5853
1985-03-31,20.154,18.8953,-0.3961,-0.5665
1985-04-01,20.1529,18.8926,-0.3958,-0.5797
1985-04-02,20.1397,18.8779,-0.4055,-0.6124
1985-04-03,20.1334,18.9078,-0.4092,-0.5989
1985-04-04,20.1336,18.9212,-0.4064,-0.6
1985-04-05,20.1348,18.9235,-0.4027,-0.6172
1985-04-06,20.133,18.9135,-0.4017,-0.6401
1985-04-07,20.1348,18.9297,-0.397,-0.6371
1985-04-08,20.1183,18.9293,-0.4104,-0.654
1985-04-09,20.0896,18.9271,-0.4378,-0.6761
1985-04-10,20.0537,18.9012,-0.4717,-0.7217
1985-04-11,20.0335,18.8827,-0.4861,-0.7541
1985-04-12,20.0114,18.8704,-0.5028,-0.7778
1985-04-13,19.9955,18.848,-0.5149,-0.8147
1985-04-14,19.9924,18.8535,-0.5154,-0.8307
1985-04-15,19.9848,18.8684,-0.5193,-0.8417
1985-04-16,19.9848,18.8979,-0.5178,-0.8372
1985-04-17,19.9942,18.9161,-0.5065,-0.8396
1985-04-18,20.0077,18.9578,-0.4903,-0.8203
1985-04-19,20.0111,19.0082,-0.4833,-0.7919
1985-04-20,19.9914,19.0097,-0.5024,-0.8219
1985-04-21,19.9848,19.0315,-0.5069,-0.8298
1985-04-22,19.9897,19.0904,-0.5022,-0.8019
1985-04-23,19.9988,19.1237,-0.4913,-0.8008
1985-04-24,20.0162,19.153,-0.4728,-0.8006
1985-04-25,20.022,19.2156,-0.4658,-0.765
1985-04-26,20.0333,19.2712,-0.4508,-0.7331
1985-04-27,20.0447,19.3436,-0.4359,-0.6845
1985-04-28,20.0307,19.366,-0.4462,-0.6884
1985-04-29,20.0396,19.4399,-0.4329,-0.6355
1985-04-30,20.0347,19.4988,-0.4335,-0.5974
1985-05-01,20.0375,19.5525,-0.4255,-0.5749
1985-05-02,20.0483,19.5949,-0.4108,-0.5675
1985-05-03,20.047,19.6327,-0.4112,-0.5694
1985-05-04,20.0427,19.6207,-0.4124,-0.6155
1985-05-05,20.0468,19.596,-0.4033,-0.6701
1985-05-06,20.0483,19.5936,-0.3964,-0.7003
1985-05-07,20.0555,19.5957,-0.3834,-0.725
1985-05-08,20.0603,19.6206,-0.3744,-0.7319
1985-05-09,20.0773,19.6413,-0.3541,-0.7428
1985-05-10,20.0749,19.6624,-0.3541,-0.7493
1985-05-11,20.0637,19.6703,-0.3624,-0.774
1985-05-12,20.0472,19.6901,-0.3753,-0.7832
1985-05-13,20.0258,19.7096,-0.395,-0.802
1985-05-14,19.9979,19.7546,-0.4204,-0.7853
1985-05-15,19.9797,19.8008,-0.4369,-0.7656
1985-05-16,19.9851,19.8528,-0.4277,-0.7455
1985-05-17,19.9732,19.9274,-0.4371,-0.7053
1985-05-18,19.9694,20.0348,-0.4383,-0.6344
1985-05-19,19.9688,20.1077,-0.4358,-0.6025
1985-05-20,19.9719,20.1519,-0.4306,-0.5995
1985-05-21,19.957,20.1727,-0.4429,-0.6199
1985-05-22,19.9348,20.2194,-0.4634,-0.6102
1985-05-23,19.9137,20.224,-0.4824,-0.6463
1985-05-24,19.9059,20.2346,-0.4862,-0.672
1985-05-25,19.8954,20.2525,-0.492,-0.6964
1985-05-26,19.8856,20.2734,-0.4974,-0.7172
1985-05-27,19.8771,20.358,-0.5017,-0.6742
1985-05-28,19.8637,20.4257,-0.5124,-0.6537
1985-05-29,19.858,20.4936,-0.5142,-0.6362
1985-05-30,19.8627,20.6069,-0.5045,-0.5656
1985-05-31,19.8672,20.6878,-0.4951,-0.5259
1985-06-01,19.8797,20.7242,-0.4794,-0.5354
1985-06-02,19.8811,20.8069,-0.4752,-0.4913
1985-06-03,19.8845,20.8718,-0.4692,-0.4654
1985-06-04,19.8915,20.8953,-0.4584,-0.4826
1985-06-05,19.8952,20.9229,-0.4484,-0.4956
1985-06-06,19.9043,21.0041,-0.4318,-0.4562
1985-06-07,19.9114,21.0811,-0.4198,-0.4239
1985-06-08,19.9246,21.1023,-0.4039,-0.4467
1985-06-09,19.9244,21.1242,-0.4025,-0.4739
1985-06-10,19.9313,21.1946,-0.3917,-0.449
1985-06-11,19.9317,21.2605,-0.3886,-0.4306
1985-06-12,19.9309,21.3337,-0.3872,-0.4011
1985-06-13,19.9172,21.3831,-0.3999,-0.3972
1985-06-14,19.928,21.5155,-0.3884,-0.3143
1985-06-15,19.8912,21.5355,-0.4262,-0.3455
1985-06-16,19.8757,21.5526,-0.4468,-0.3845
1985-06-17,19.8599,21.5602,-0.464,-0.4271
1985-06-18,19.8431,21.5743,-0.4796,-0.4646
1985-06-19,19.8333,21.672,-0.4878,-0.4188
1985-06-20,19.8195,21.7484,-0.5006,-0.3845
1985-06-21,19.8135,21.8073,-0.5074,-0.3691
1985-06-22,19.8128,21.8194,-0.5102,-0.406
1985-06-23,19.8108,21.8505,-0.5143,-0.4233
1985-06-24,19.802,21.8903,-0.5243,-0.4379
1985-06-25,19.7928,21.9152,-0.5335,-0.4656
1985-06-26,19.8034,21.9854,-0.5229,-0.4452
1985-06-27,19.8078,22.0293,-0.5188,-0.447
1985-06-28,19.8074,22.102,-0.5203,-0.4146
1985-06-29,19.8181,22.1761,-0.5098,-0.3806
1985-06-30,19.8123,22.2,-0.5164,-0.3991
1985-07-01,19.7956,22.2104,-0.535,-0.4272
1985-07-02,19.7915,22.2203,-0.5379,-0.4557
1985-07-03,19.8048,22.335,-0.5242,-0.3792
1985-07-04,19.8076,22.4127,-0.5234,-0.3444
1985-07-05,19.8285,22.4142,-0.5043,-0.391
1985-07-06,19.8321,22.3946,-0.5013,-0.4564
1985-07-07,19.8303,22.4162,-0.5021,-0.477
1985-07-08,19.8225,22.4578,-0.5078,-0.4794
1985-07-09,19.8238,22.5403,-0.5055,-0.4428
1985-07-10,19.8451,22.6341,-0.4857,-0.3919
1985-07-11,19.8626,22.7219,-0.4712,-0.3392
1985-07-12,19.8778,22.7774,-0.4583,-0.3178
1985-07-13,19.8759,22.8142,-0.4631,-0.3076
1985-07-14,19.872,22.8314,-0.469,-0.3221
1985-07-15,19.8836,22.8293,-0.4595,-0.3587
1985-07-16,19.9119,22.8248,-0.4343,-0.4024
1985-07-17,19.936,22.8217,-0.4119,-0.4417
1985-07-18,19.9733,22.8516,-0.3745,-0.4481
1985-07-19,19.9933,22.8398,-0.3545,-0.4961
1985-07-20,20.0004,22.8666,-0.3469,-0.4986
1985-07-21,20.006,22.8456,-0.3428,-0.5526
1985-07-22,19.9933,22.8148,-0.3587,-0.6219
1985-07-23,19.9863,22.815,-0.3676,-0.6588
1985-07-24,19.9866,22.8734,-0.3694,-0.6361
1985-07-25,19.9969,23.0306,-0.362,-0.5115
1985-07-26,19.99,23.0849,-0.3734,-0.4853
1985-07-27,19.9959,23.1482,-0.3742,-0.4605
1985-07-28,19.9895,23.2045,-0.3883,-0.4484
1985-07-29,19.9805,23.2403,-0.4025,-0.4484
1985-07-30,19.9669,23.2741,-0.4205,-0.4585
1985-07-31,19.9493,23.2894,-0.4411,-0.4803
1985-08-01,19.9245,23.2774,-0.4651,-0.5178
1985-08-02,19.9122,23.2625,-0.4775,-0.5561
1985-08-03,19.9017,23.2421,-0.4873,-0.6042
1985-08-04,19.9036,23.2417,-0.4866,-0.6308
1985-08-05,19.8979,23.2339,-0.4944,-0.6664
1985-08-06,19.8963,23.2535,-0.4966,-0.6787
1985-08-07,19.8923,23.2862,-0.5034,-0.6702
1985-08-08,19.9001,23.2893,-0.4973,-0.6874
1985-08-09,19.8953,23.2919,-0.5015,-0.6978
1985-08-10,19.887,23.3149,-0.5117,-0.6981
1985-08-11,19.8793,23.3787,-0.5223,-0.6662
1985-08-12,19.8762,23.4284,-0.528,-0.6472
1985-08-13,19.8829,23.4383,-0.523,-0.6601
1985-08-14,19.8866,23.3991,-0.5214,-0.7212
1985-08-15,19.8908,23.3509,-0.5182,-0.7849
1985-08-16,19.8948,23.3405,-0.5151,-0.8056
1985-08-17,19.8922,23.3623,-0.5167,-0.7872
1985-08-18,19.8966,23.3646,-0.5099,-0.7787
1985-08-19,19.8901,23.3618,-0.5166,-0.7863
1985-08-20,19.8734,23.3391,-0.5345,-0.8228
1985-08-21,19.8662,23.3549,-0.5436,-0.8251
1985-08-22,19.8736,23.4067,-0.536,-0.7807
1985-08-23,19.8863,23.4401,-0.5231,-0.7557
1985-08-24,19.9074,23.4774,-0.5019,-0.7249
1985-08-25,19.9127,23.4661,-0.4968,-0.7416
1985-08-26,19.9172,23.4514,-0.4924,-0.7632
1985-08-27,19.9229,23.4489,-0.4883,-0.7767
1985-08-28,19.937,23.4961,-0.4737,-0.7314
1985-08-29,19.9564,23.5562,-0.4548,-0.6722
1985-08-30,19.9639,23.5519,-0.4468,-0.6707
1985-08-31,19.9548,23.5059,-0.454,-0.7091
1985-09-01,19.9505,23.4658,-0.4584,-0.7432
1985-09-02,19.9457,23.3699,-0.4625,-0.838
1985-09-03,19.9528,23.3532,-0.4534,-0.8499
1985-09-04,19.9487,23.3513,-0.4562,-0.8501
1985-09-05,19.9523,23.3544,-0.4497,-0.8406
1985-09-06,19.9465,23.3606,-0.4506,-0.8167
1985-09-07,19.9355,23.3648,-0.4539,-0.7961
1985-09-08,19.9243,23.3766,-0.4593,-0.7664
1985-09-09,19.9218,23.4478,-0.4567,-0.6776
1985-09-10,19.9144,23.491,-0.4581,-0.6193
1985-09-11,19.9121,23.5302,-0.4533,-0.5599
1985-09-12,19.9086,23.5352,-0.4517,-0.5388
1985-09-13,19.9039,23.4771,-0.4511,-0.5855
1985-09-14,19.9054,23.4067,-0.4419,-0.6405
1985-09-15,19.9059,23.3985,-0.4349,-0.6349
1985-09-16,19.9073,23.3993,-0.4273,-0.6167
1985-09-17,19.9008,23.4199,-0.4279,-0.5773
1985-09-18,19.8884,23.3792,-0.4359,-0.5954
1985-09-19,19.8699,23.3228,-0.4514,-0.6363
1985-09-20,19.853,23.2824,-0.4685,-0.6633
1985-09-21,19.8496,23.3093,-0.4702,-0.6169
1985-09-22,19.8617,23.3392,-0.4555,-0.5681
1985-09-23,19.8789,23.2824,-0.4364,-0.6087
1985-09-24,19.8795,23.2364,-0.4329,-0.634
1985-09-25,19.886,23.2123,-0.4235,-0.6415
1985-09-26,19.8931,23.1564,-0.4128,-0.6811
1985-09-27,19.8967,23.1286,-0.404,-0.6921
1985-09-28,19.8943,23.1157,-0.399,-0.686
1985-09-29,19.8933,23.1031,-0.3935,-0.6765
1985-09-30,19.8946,23.1375,-0.3876,-0.615
1985-10-01,19.8862,23.0973,-0.3922,-0.6247
1985-10-02,19.8728,23.0024,-0.4007,-0.6871
1985-10-03,19.8518,22.8915,-0.416,-0.7657
1985-10-04,19.8333,22.844,-0.4299,-0.7835
1985-10-05,19.814,22.8061,-0.4438,-0.7918
1985-10-06,19.8,22.7804,-0.4534,-0.7873
1985-10-07,19.7948,22.7588,-0.4559,-0.7838
1985-10-08,19.7805,22.7167,-0.4649,-0.7913
1985-10-09,19.776,22.6892,-0.465,-0.7817
1985-10-10,19.7783,22.6786,-0.4574,-0.7574
1985-10-11,19.7728,22.6685,-0.4558,-0.7361
1985-10-12,19.7938,22.7032,-0.429,-0.671
1985-10-13,19.7859,22.6631,-0.4319,-0.6774
1985-10-14,19.7877,22.6239,-0.4256,-0.6841
1985-10-15,19.7873,22.6047,-0.4243,-0.6705
1985-10-16,19.7776,22.5991,-0.4334,-0.6474
1985-10-17,19.7762,22.5511,-0.4332,-0.6676
1985-10-18,19.7802,22.5042,-0.426,-0.6888
1985-10-19,19.8034,22.4581,-0.4025,-0.7052
1985-10-20,19.8049,22.4278,-0.3985,-0.7025
1985-10-21,19.8223,22.4075,-0.3784,-0.6861
1985-10-22,19.8287,22.3547,-0.3692,-0.7015
1985-10-23,19.8327,22.2937,-0.3636,-0.7253
1985-10-24,19.8402,22.2044,-0.3552,-0.7775
1985-10-25,19.8279,22.1533,-0.3661,-0.7907
1985-10-26,19.8282,22.1448,-0.3627,-0.7586
1985-10-27,19.8172,22.1526,-0.3699,-0.7108
1985-10-28,19.8067,22.1191,-0.3758,-0.6992
1985-10-29,19.7955,22.0671,-0.3821,-0.7058
1985-10-30,19.7926,22.0182,-0.38,-0.7103
1985-10-31,19.7888,21.9941,-0.3789,-0.6935
1985-11-01,19.7852,21.972,-0.3754,-0.6736
1985-11-02,19.788,21.9554,-0.3678,-0.6448
1985-11-03,19.791,21.9522,-0.3605,-0.6005
1985-11-04,19.7823,21.9301,-0.3655,-0.5754
1985-11-05,19.772,21.8998,-0.3737,-0.5672
1985-11-06,19.7638,21.8742,-0.382,-0.5563
1985-11-07,19.7592,21.8506,-0.3867,-0.5415
1985-11-08,19.7527,21.8134,-0.3938,-0.5423
1985-11-09,19.7267,21.7759,-0.4212,-0.5422
1985-11-10,19.7094,21.7266,-0.4396,-0.5526
1985-11-11,19.7043,21.6961,-0.444,-0.5394
1985-11-12,19.7066,21.6514,-0.4422,-0.5362
1985-11-13,19.6922,21.581,-0.4561,-0.5585
1985-11-14,19.6816,21.4873,-0.4671,-0.6097
1985-11-15,19.681,21.3864,-0.4657,-0.6741
1985-11-16,19.6648,21.2923,-0.4821,-0.7384
1985-11-17,19.6564,21.225,-0.4908,-0.7692
1985-11-18,19.6508,21.1825,-0.4952,-0.7682
1985-11-19,19.6556,21.1393,-0.4911,-0.7681
1985-11-20,19.662,21.0981,-0.4852,-0.7657
1985-11-21,19.6802,21.0793,-0.4699,-0.7471
1985-11-22,19.6935,21.055,-0.4591,-0.7333
1985-11-23,19.7127,21.003,-0.4425,-0.7428
1985-11-24,19.735,20.9743,-0.4219,-0.7335
1985-11-25,19.7487,20.9666,-0.4101,-0.7002
1985-11-26,19.7503,20.9495,-0.4082,-0.6692
1985-11-27,19.7477,20.8972,-0.4101,-0.6816
1985-11-28,19.7556,20.859,-0.401,-0.6812
1985-11-29,19.7758,20.8383,-0.3782,-0.6561
1985-11-30,19.7884,20.8104,-0.365,-0.6436
1985-12-01,19.8038,20.8214,-0.3528,-0.5976
1985-12-02,19.8085,20.8003,-0.3514,-0.5829
1985-12-03,19.797,20.7626,-0.3657,-0.5834
1985-12-04,19.7917,20.7161,-0.3725,-0.5881
1985-12-05,19.7916,20.63,-0.3766,-0.6339
1985-12-06,19.7905,20.5516,-0.3811,-0.6758
1985-12-07,19.7922,20.4887,-0.3814,-0.6989
1985-12-08,19.7927,20.4346,-0.381,-0.7146
1985-12-09,19.7852,20.3626,-0.3897,-0.7505
1985-12-10,19.798,20.3812,-0.3771,-0.6918
1985-12-11,19.7977,20.3898,-0.3765,-0.6405
1985-12-12,19.7934,20.3779,-0.3826,-0.608
1985-12-13,19.7803,20.3429,-0.4003,-0.606
1985-12-14,19.7759,20.301,-0.4086,-0.6156
1985-12-15,19.7659,20.2367,-0.4222,-0.6439
1985-12-16,19.7709,20.2028,-0.4212,-0.6348
1985-12-17,19.7831,20.1696,-0.4133,-0.6274
1985-12-18,19.7924,20.1241,-0.4076,-0.6373
1985-12-19,19.8166,20.0909,-0.386,-0.6382
1985-12-20,19.8152,20.0329,-0.3893,-0.6623
1985-12-21,19.8037,19.986,-0.4031,-0.6783
1985-12-22,19.7979,19.9383,-0.4119,-0.702
1985-12-23,19.7865,19.8857,-0.4303,-0.7328
1985-12-24,19.7898,19.8153,-0.4363,-0.7724
1985-12-25,19.8139,19.7834,-0.421,-0.7715
1985-12-26,19.8346,19.7323,-0.4046,-0.7887
1985-12-27,19.8486,19.6911,-0.394,-0.7945
1985-12-28,19.8663,19.6382,-0.3791,-0.812
1985-12-29,19.8737,19.5951,-0.376,-0.8248
1985-12-30,19.8779,19.572,-0.3742,-0.816
1985-12-31,19.8974,19.5743,-0.3592,-0.7822
1986-01-01,19.8914,19.5664,-0.3579,-0.7354
1986-01-02,19.8852,19.5322,-0.3672,-0.7393
1986-01-03,19.8837,19.5076,-0.3732,-0.7362
1986-01-04,19.8721,19.4683,-0.39,-0.74
1986-01-05,19.8807,19.4354,-0.385,-0.7394
1986-01-06,19.8808,19.4152,-0.3879,-0.7309
1986-01-07,19.8833,19.4129,-0.3896,-0.7061
1986-01-08,19.8821,19.3992,-0.3961,-0.69
1986-01-09,19.8753,19.391,-0.4073,-0.6695
1986-01-10,19.8766,19.396,-0.4112,-0.6371
1986-01-11,19.8756,19.3907,-0.4186,-0.6166
1986-01-12,19.8846,19.3614,-0.4155,-0.6232
1986-01-13,19.8957,19.3009,-0.4117,-0.6565
1986-01-14,19.8944,19.2285,-0.4189,-0.7023
1986-01-15,19.9008,19.1781,-0.4162,-0.73
1986-01-16,19.9055,19.1143,-0.4162,-0.7705
1986-01-17,19.9155,19.1117,-0.4109,-0.7494
1986-01-18,19.926,19.1254,-0.4052,-0.7166
1986-01-19,19.9373,19.1253,-0.3995,-0.6971
1986-01-20,19.9416,19.1093,-0.3994,-0.6927
1986-01-21,19.9428,19.08,-0.4018,-0.7051
1986-01-22,19.9384,19.0591,-0.411,-0.7127
1986-01-23,19.9418,19.0594,-0.4126,-0.6871
1986-01-24,19.948,19.0555,-0.4122,-0.6674
1986-01-25,19.9407,19.046,-0.4271,-0.6553
1986-01-26,19.9389,19.0488,-0.4335,-0.6302
1986-01-27,19.9456,19.0389,-0.4297,-0.6168
1986-01-28,19.9438,18.9968,-0.4361,-0.6414
1986-01-29,19.946,18.9333,-0.4408,-0.6885
1986-01-30,19.9463,18.89,-0.4467,-0.7188
1986-01-31,19.9576,18.8836,-0.4394,-0.7134
1986-02-01,19.9702,18.895,-0.4295,-0.6864
1986-02-02,19.9916,18.8701,-0.4112,-0.6951
1986-02-03,20.0144,18.8445,-0.3948,-0.7061
1986-02-04,20.0303,18.8378,-0.386,-0.6954
1986-02-05,20.0314,18.8224,-0.3915,-0.6938
1986-02-06,20.0405,18.8043,-0.3869,-0.6942
1986-02-07,20.0506,18.8261,-0.3826,-0.6578
1986-02-08,20.0688,18.852,-0.3706,-0.6209
1986-02-09,20.0718,18.882,-0.3741,-0.5822
1986-02-10,20.0754,18.872,-0.3761,-0.5849
1986-02-11,20.0841,18.8624,-0.3734,-0.5915
1986-02-12,20.0969,18.8465,-0.3661,-0.5949
1986-02-13,20.1113,18.8337,-0.354,-0.5882
1986-02-14,20.1163,18.8386,-0.3527,-0.5648
1986-02-15,20.1218,18.8305,-0.3529,-0.5542
1986-02-16,20.1143,18.8006,-0.3643,-0.5732
1986-02-17,20.0952,18.7613,-0.3866,-0.608
1986-02-18,20.0881,18.7513,-0.3971,-0.6111
1986-02-19,20.0911,18.7316,-0.3975,-0.6275
1986-02-20,20.0985,18.7279,-0.3942,-0.6239
1986-02-21,20.1031,18.7365,-0.3935,-0.6064
1986-02-22,20.1161,18.7644,-0.385,-0.5698
1986-02-23,20.1192,18.7974,-0.387,-0.5302
1986-02-24,20.128,18.8158,-0.3819,-0.507
1986-02-25,20.1327,18.8249,-0.3807,-0.5
1986-02-26,20.1414,18.8052,-0.3731,-0.5159
1986-02-27,20.1375,18.8117,-0.3786,-0.5083
1986-02-28,20.1259,18.8164,-0.3883,-0.513
1986-03-01,20.1246,18.8273,-0.3927,-0.4915
1986-03-02,20.1253,18.8127,-0.3917,-0.5079
1986-03-03,20.1244,18.778,-0.3945,-0.5405
1986-03-04,20.1259,18.7482,-0.394,-0.5655
1986-03-05,20.1316,18.7553,-0.3873,-0.5525
1986-03-06,20.1379,18.7563,-0.3808,-0.5436
1986-03-07,20.1449,18.7658,-0.3735,-0.5241
1986-03-08,20.1342,18.752,-0.3844,-0.5368
1986-03-09,20.1339,18.7145,-0.3869,-0.58
1986-03-10,20.1288,18.6911,-0.3943,-0.6081
1986-03-11,20.1384,18.7007,-0.3864,-0.5995
1986-03-12,20.1454,18.712,-0.3831,-0.5917
1986-03-13,20.1415,18.7001,-0.3891,-0.6069
1986-03-14,20.1457,18.7141,-0.3876,-0.601
1986-03-15,20.1521,18.7481,-0.3842,-0.5795
1986-03-16,20.1642,18.7509,-0.3761,-0.5942
1986-03-17,20.1602,18.796,-0.3831,-0.5618
1986-03-18,20.1646,18.831,-0.3848,-0.5338
1986-03-19,20.1597,18.8593,-0.3953,-0.5123
1986-03-20,20.1572,18.8699,-0.4013,-0.5088
1986-03-21,20.1498,18.8574,-0.4091,-0.5294
1986-03-22,20.153,18.8079,-0.4059,-0.5842
1986-03-23,20.1638,18.7571,-0.3944,-0.6394
1986-03-24,20.1668,18.7399,-0.3879,-0.6592
1986-03-25,20.1589,18.7219,-0.3944,-0.6844
1986-03-26,20.1488,18.749,-0.4045,-0.6654
1986-03-27,20.1506,18.781,-0.4028,-0.6417
1986-03-28,20.1434,18.7895,-0.4108,-0.639
1986-03-29,20.1397,18.7893,-0.4135,-0.6512
1986-03-30,20.1347,18.8081,-0.4175,-0.6452
1986-03-31,20.1392,18.8269,-0.4109,-0.6349
1986-04-01,20.1557,18.8903,-0.393,-0.582
1986-04-02,20.1568,18.8984,-0.3884,-0.5919
1986-04-03,20.1528,18.9077,-0.3898,-0.599
1986-04-04,20.1429,18.8987,-0.3971,-0.6225
1986-04-05,20.1415,18.894,-0.396,-0.6467
1986-04-06,20.1603,18.9193,-0.3744,-0.6343
1986-04-07,20.1658,18.9277,-0.366,-0.6391
1986-04-08,20.1629,18.9358,-0.3658,-0.6475
1986-04-09,20.1441,18.9604,-0.3833,-0.6428
1986-04-10,20.1283,19.028,-0.3971,-0.5949
1986-04-11,20.1203,19.1184,-0.3993,-0.5184
1986-04-12,20.1125,19.1624,-0.4017,-0.4858
1986-04-13,20.1164,19.2046,-0.394,-0.4581
1986-04-14,20.1263,19.2079,-0.3815,-0.4763
1986-04-15,20.1367,19.1854,-0.3674,-0.5247
1986-04-16,20.1311,19.1568,-0.3715,-0.5783
1986-04-17,20.116,19.1244,-0.3847,-0.6313
1986-04-18,20.112,19.1051,-0.386,-0.673
1986-04-19,20.1022,19.1058,-0.3922,-0.6943
1986-04-20,20.0893,19.0967,-0.4045,-0.7349
1986-04-21,20.0711,19.1266,-0.4206,-0.7347
1986-04-22,20.0542,19.1632,-0.4377,-0.7291
1986-04-23,20.0443,19.2286,-0.4458,-0.6959
1986-04-24,20.0412,19.2456,-0.4478,-0.708
1986-04-25,20.0395,19.2621,-0.4483,-0.7185
1986-04-26,20.0411,19.2534,-0.443,-0.7509
1986-04-27,20.0521,19.3281,-0.4285,-0.7
1986-04-28,20.0466,19.3844,-0.4303,-0.67
1986-04-29,20.0357,19.4238,-0.4368,-0.6516
1986-04-30,20.0327,19.4745,-0.4355,-0.6217
1986-05-01,20.0361,19.5282,-0.4269,-0.5992
1986-05-02,20.0566,19.5886,-0.4025,-0.5738
1986-05-03,20.0792,19.6231,-0.379,-0.579
1986-05-04,20.0962,19.6561,-0.3589,-0.5801
1986-05-05,20.1006,19.6901,-0.3495,-0.576
1986-05-06,20.0916,19.7166,-0.3531,-0.5773
1986-05-07,20.0747,19.742,-0.3642,-0.5787
1986-05-08,20.0659,19.7443,-0.3688,-0.6082
1986-05-09,20.0579,19.7429,-0.3735,-0.6412
1986-05-10,20.0473,19.7368,-0.3817,-0.6749
1986-05-11,20.038,19.7295,-0.3881,-0.7148
1986-05-12,20.0306,19.8182,-0.3919,-0.6551
1986-05-13,20.019,19.8798,-0.4018,-0.6318
1986-05-14,20.0032,19.9502,-0.4151,-0.5897
1986-05-15,19.991,20.0293,-0.4256,-0.5371
1986-05-16,19.9899,20.0977,-0.4229,-0.5006
1986-05-17,19.9832,20.1473,-0.4271,-0.4854
1986-05-18,19.9827,20.1586,-0.425,-0.5106
1986-05-19,19.9645,20.157,-0.4401,-0.5532
1986-05-20,19.9589,20.1687,-0.4436,-0.5827
1986-05-21,19.9589,20.1922,-0.441,-0.6004
1986-05-22,19.9775,20.3372,-0.4207,-0.4924
1986-05-23,19.9946,20.4215,-0.4015,-0.4488
1986-05-24,19.9892,20.483,-0.4029,-0.4236
1986-05-25,19.9862,20.5178,-0.4012,-0.4311
1986-05-26,19.9832,20.4862,-0.3998,-0.5044
1986-05-27,19.9825,20.4537,-0.3963,-0.5785
1986-05-28,19.983,20.4628,-0.3931,-0.6166
1986-05-29,19.9896,20.541,-0.3826,-0.5888
1986-05-30,19.9933,20.5901,-0.3739,-0.5824
1986-05-31,19.9935,20.6339,-0.3688,-0.5798
1986-06-01,19.9771,20.6622,-0.382,-0.5974
1986-06-02,19.9664,20.7164,-0.3899,-0.5818
1986-06-03,19.9587,20.7518,-0.395,-0.5854
1986-06-04,19.9679,20.7927,-0.382,-0.5852
1986-06-05,19.9676,20.8094,-0.376,-0.6091
1986-06-06,19.9614,20.829,-0.3747,-0.6313
1986-06-07,19.956,20.8999,-0.3752,-0.6051
1986-06-08,19.9663,21.0299,-0.3622,-0.5191
1986-06-09,19.9693,21.0654,-0.3575,-0.5327
1986-06-10,19.9725,21.0525,-0.3505,-0.5911
1986-06-11,19.9695,21.0363,-0.3508,-0.6548
1986-06-12,19.9686,21.0848,-0.3495,-0.65
1986-06-13,19.9783,21.1673,-0.3388,-0.613
1986-06-14,19.9829,21.23,-0.3335,-0.5998
1986-06-15,19.9884,21.2984,-0.329,-0.5826
1986-06-16,19.9965,21.344,-0.326,-0.5931
1986-06-17,20.002,21.3712,-0.3219,-0.6161
1986-06-18,20.0027,21.4148,-0.32,-0.6241
1986-06-19,20.0028,21.4527,-0.3183,-0.6381
1986-06-20,20.0016,21.4967,-0.3185,-0.6362
1986-06-21,20.0075,21.5318,-0.3134,-0.6446
1986-06-22,20.0046,21.5628,-0.3184,-0.6626
1986-06-23,20.0078,21.6121,-0.3173,-0.6617
1986-06-24,20.0162,21.6363,-0.3101,-0.6919
1986-06-25,20.025,21.6969,-0.3013,-0.6839
1986-06-26,20.0357,21.8118,-0.2906,-0.6188
1986-06-27,20.0389,21.8759,-0.2877,-0.6004
1986-06-28,20.0455,21.9557,-0.2822,-0.5609
1986-06-29,20.0417,21.9824,-0.2862,-0.5743
1986-06-30,20.0201,22.0071,-0.3086,-0.592
1986-07-01,19.9889,22.0259,-0.3417,-0.6117
1986-07-02,19.9613,22.0481,-0.3681,-0.6279
1986-07-03,19.9406,22.0874,-0.3884,-0.6268
1986-07-04,19.9283,22.1129,-0.4027,-0.6442
1986-07-05,19.9157,22.1112,-0.4171,-0.694
1986-07-06,19.9165,22.149,-0.4169,-0.702
1986-07-07,19.9243,22.2399,-0.4081,-0.6533
1986-07-08,19.9292,22.2923,-0.4011,-0.6449
1986-07-09,19.9318,22.3316,-0.3975,-0.6515
1986-07-10,19.9255,22.3742,-0.4053,-0.6518
1986-07-11,19.9273,22.4424,-0.4065,-0.6187
1986-07-12,19.9424,22.5857,-0.3937,-0.5095
1986-07-13,19.9406,22.6079,-0.3984,-0.5139
1986-07-14,19.9445,22.6194,-0.3965,-0.5341
1986-07-15,19.9476,22.6158,-0.3955,-0.5722
1986-07-16,19.9542,22.6178,-0.392,-0.6094
1986-07-17,19.9581,22.619,-0.3897,-0.6444
1986-07-18,19.9592,22.6091,-0.3886,-0.6906
1986-07-19,19.9619,22.6076,-0.3859,-0.7283
1986-07-20,19.9618,22.6903,-0.3855,-0.6749
1986-07-21,19.9726,22.8018,-0.3762,-0.5964
1986-07-22,19.984,22.8828,-0.368,-0.554
1986-07-23,19.9972,22.9421,-0.3567,-0.5317
1986-07-24,20.0059,23.0125,-0.3501,-0.497
1986-07-25,20.0107,23.0254,-0.3482,-0.5167
1986-07-26,20.011,23.0061,-0.3524,-0.5641
1986-07-27,20.0007,22.9851,-0.3694,-0.6236
1986-07-28,19.9852,22.9902,-0.3926,-0.6627
1986-07-29,19.9831,23.0319,-0.3999,-0.6568
1986-07-30,19.9835,23.0425,-0.4039,-0.6901
1986-07-31,19.988,23.059,-0.4024,-0.7107
1986-08-01,19.9927,23.0775,-0.3969,-0.7177
1986-08-02,19.9868,23.0862,-0.4029,-0.7324
1986-08-03,19.9773,23.1045,-0.4117,-0.7418
1986-08-04,19.969,23.142,-0.4212,-0.7305
1986-08-05,19.9629,23.1525,-0.4294,-0.7478
1986-08-06,19.975,23.191,-0.4179,-0.7412
1986-08-07,19.975,23.2088,-0.4207,-0.7476
1986-08-08,19.9778,23.2338,-0.4196,-0.7429
1986-08-09,19.9871,23.2548,-0.4097,-0.7349
1986-08-10,19.988,23.2673,-0.4107,-0.7458
1986-08-11,19.9926,23.3116,-0.409,-0.7333
1986-08-12,19.9905,23.31,-0.4137,-0.7656
1986-08-13,19.9819,23.2834,-0.424,-0.815
1986-08-14,19.9805,23.3203,-0.4275,-0.8
1986-08-15,19.9842,23.3603,-0.4248,-0.7755
1986-08-16,19.9731,23.3774,-0.4368,-0.7687
1986-08-17,19.9678,23.3867,-0.4411,-0.7628
1986-08-18,19.9689,23.3668,-0.4376,-0.7765
1986-08-19,19.9715,23.3402,-0.4352,-0.8079
1986-08-20,19.9737,23.3384,-0.4342,-0.8235
1986-08-21,19.982,23.3781,-0.4278,-0.8019
1986-08-22,19.9943,23.4109,-0.4153,-0.7765
1986-08-23,19.9975,23.4154,-0.4119,-0.7804
1986-08-24,19.9933,23.4219,-0.416,-0.7804
1986-08-25,20.0017,23.4305,-0.4078,-0.7772
1986-08-26,20.0069,23.4101,-0.4027,-0.8045
1986-08-27,20.0085,23.3754,-0.4027,-0.8502
1986-08-28,20.0223,23.398,-0.3884,-0.8295
1986-08-29,20.0312,23.4519,-0.38,-0.7765
1986-08-30,20.0423,23.4919,-0.3684,-0.7307
1986-08-31,20.0418,23.5033,-0.367,-0.7117
1986-09-01,20.0345,23.5388,-0.3744,-0.6702
1986-09-02,20.0304,23.5692,-0.3778,-0.6387
1986-09-03,20.0207,23.5458,-0.3855,-0.6574
1986-09-04,20.0175,23.5396,-0.3874,-0.6618
1986-09-05,20.0129,23.5151,-0.3891,-0.6799
1986-09-06,20.0013,23.4416,-0.3958,-0.7357
1986-09-07,19.989,23.3679,-0.4004,-0.793
1986-09-08,19.9815,23.3393,-0.4021,-0.8037
1986-09-09,19.981,23.3282,-0.3975,-0.7972
1986-09-10,19.9777,23.346,-0.3948,-0.7643
1986-09-11,19.9849,23.397,-0.3805,-0.6931
1986-09-12,20.0021,23.4601,-0.3582,-0.6139
1986-09-13,20.0224,23.5276,-0.3326,-0.535
1986-09-14,20.0266,23.5231,-0.3207,-0.5241
1986-09-15,20.0092,23.5058,-0.3316,-0.5276
1986-09-16,20.0022,23.4803,-0.3324,-0.5357
1986-09-17,20.002,23.4175,-0.3267,-0.5797
1986-09-18,20.0014,23.3578,-0.3229,-0.6168
1986-09-19,20.0101,23.2916,-0.3112,-0.6675
1986-09-20,20.0192,23.2567,-0.3023,-0.689
1986-09-21,20.0343,23.2351,-0.2855,-0.6911
1986-09-22,20.0429,23.2176,-0.2743,-0.6897
1986-09-23,20.052,23.1944,-0.2633,-0.6967
1986-09-24,20.0549,23.1273,-0.2575,-0.7431
1986-09-25,20.0559,23.0816,-0.2536,-0.7722
1986-09-26,20.0592,23.0375,-0.2467,-0.8
1986-09-27,20.0686,23.0054,-0.2321,-0.8152
1986-09-28,20.0602,22.9645,-0.2331,-0.8372
1986-09-29,20.0456,22.9884,-0.2412,-0.7912
1986-09-30,20.0261,22.9981,-0.2561,-0.7544
1986-10-01,19.997,23.009,-0.2814,-0.713
1986-10-02,19.9923,23.0218,-0.2812,-0.6677
1986-10-03,19.9942,23.0458,-0.2736,-0.6114
1986-10-04,20.0025,23.0406,-0.2607,-0.5869
1986-10-05,20.0016,23.0135,-0.2562,-0.5844
1986-10-06,19.9934,22.9471,-0.26,-0.6206
1986-10-07,19.9919,22.8914,-0.2588,-0.6512
1986-10-08,19.9849,22.8331,-0.2605,-0.6749
1986-10-09,19.9813,22.7768,-0.2597,-0.6941
1986-10-10,19.9708,22.7016,-0.2649,-0.7344
1986-10-11,19.9519,22.6348,-0.2767,-0.7698
1986-10-12,19.948,22.6203,-0.2748,-0.7539
1986-10-13,19.9487,22.6021,-0.2691,-0.7384
1986-10-14,19.9523,22.5888,-0.261,-0.7192
1986-10-15,19.9422,22.5395,-0.2694,-0.7357
1986-10-16,19.9356,22.4816,-0.2754,-0.7649
1986-10-17,19.934,22.4367,-0.2754,-0.782
1986-10-18,19.9293,22.3477,-0.2769,-0.8453
1986-10-19,19.9262,22.3121,-0.2797,-0.8512
1986-10-20,19.9222,22.2771,-0.2812,-0.8532
1986-10-21,19.918,22.2567,-0.2827,-0.8369
1986-10-22,19.9233,22.2287,-0.2746,-0.8275
1986-10-23,19.9257,22.1871,-0.2706,-0.8319
1986-10-24,19.9364,22.1562,-0.259,-0.8257
1986-10-25,19.9376,22.1434,-0.2564,-0.8006
1986-10-26,19.9341,22.1129,-0.2568,-0.7905
1986-10-27,19.9319,22.0557,-0.2552,-0.8077
1986-10-28,19.921,21.9812,-0.2615,-0.8371
1986-10-29,19.9094,21.9126,-0.2682,-0.8603
1986-10-30,19.9089,21.8829,-0.2637,-0.8456
1986-10-31,19.9056,21.8688,-0.2621,-0.8188
1986-11-01,19.9059,21.8754,-0.2547,-0.7702
1986-11-02,19.9065,21.8643,-0.2493,-0.7359
1986-11-03,19.9057,21.8421,-0.2458,-0.7106
1986-11-04,19.9059,21.8042,-0.2419,-0.7013
1986-11-05,19.9073,21.7577,-0.2384,-0.7093
1986-11-06,19.9022,21.7104,-0.2436,-0.7201
1986-11-07,19.8882,21.6647,-0.2577,-0.7274
1986-11-08,19.8632,21.6052,-0.2833,-0.7505
1986-11-09,19.852,21.5597,-0.2959,-0.7584
1986-11-10,19.8586,21.551,-0.2904,-0.7283
1986-11-11,19.8576,21.5256,-0.2907,-0.7099
1986-11-12,19.8589,21.4485,-0.2899,-0.7391
1986-11-13,19.8466,21.348,-0.3017,-0.7915
1986-11-14,19.8384,21.3119,-0.3103,-0.7851
1986-11-15,19.8383,21.283,-0.3084,-0.7775
1986-11-16,19.8402,21.2175,-0.3067,-0.8132
1986-11-17,19.8319,21.1544,-0.3153,-0.8398
1986-11-18,19.8353,21.1156,-0.3107,-0.8351
1986-11-19,19.8434,21.093,-0.3033,-0.8144
1986-11-20,19.8559,21.0634,-0.2913,-0.8004
1986-11-21,19.8657,21.0275,-0.2844,-0.7989
1986-11-22,19.8793,21.0062,-0.2733,-0.7821
1986-11-23,19.8814,20.974,-0.2738,-0.7718
1986-11-24,19.8836,20.9621,-0.2733,-0.7457
1986-11-25,19.8884,20.9742,-0.2704,-0.6926
1986-11-26,19.8834,20.9559,-0.2751,-0.6628
1986-11-27,19.8751,20.8984,-0.2827,-0.6804
1986-11-28,19.8747,20.8406,-0.2819,-0.6996
1986-11-29,19.8768,20.7921,-0.2772,-0.7023
1986-11-30,19.8597,20.7399,-0.2937,-0.7141
1986-12-01,19.8492,20.7025,-0.3074,-0.7165
1986-12-02,19.8573,20.6732,-0.3026,-0.71
1986-12-03,19.867,20.6095,-0.2957,-0.7365
1986-12-04,19.8684,20.5379,-0.2958,-0.7663
1986-12-05,19.8771,20.481,-0.2911,-0.7829
1986-12-06,19.8924,20.4346,-0.2792,-0.7928
1986-12-07,19.8802,20.3463,-0.2934,-0.8413
1986-12-08,19.8718,20.2977,-0.3019,-0.8515
1986-12-09,19.8618,20.2629,-0.3131,-0.8502
1986-12-10,19.8596,20.2511,-0.3154,-0.8219
1986-12-11,19.8693,20.2148,-0.3049,-0.8155
1986-12-12,19.8753,20.1751,-0.3007,-0.8108
1986-12-13,19.8822,20.1376,-0.2984,-0.8113
1986-12-14,19.8874,20.1292,-0.2971,-0.7874
1986-12-15,19.8896,20.1471,-0.2985,-0.7335
1986-12-16,19.8793,20.1518,-0.3128,-0.6857
1986-12-17,19.8729,20.1383,-0.3235,-0.6587
1986-12-18,19.8675,20.1013,-0.3325,-0.6601
1986-12-19,19.851,20.0685,-0.3516,-0.6606
1986-12-20,19.8406,20.0536,-0.3639,-0.6416
1986-12-21,19.8483,19.9994,-0.3585,-0.6649
1986-12-22,19.8784,19.9572,-0.3314,-0.6831
1986-12-23,19.8937,19.9553,-0.3231,-0.6632
1986-12-24,19.9009,19.9449,-0.3252,-0.6428
1986-12-25,19.9187,19.9147,-0.3162,-0.6402
1986-12-26,19.9424,19.8753,-0.2968,-0.6457
1986-12-27,19.9563,19.8015,-0.2863,-0.6841
1986-12-28,19.9617,19.7524,-0.2837,-0.6978
1986-12-29,19.9641,19.729,-0.2856,-0.6909
1986-12-30,19.9655,19.7051,-0.2866,-0.6829
1986-12-31,19.9718,19.7211,-0.2848,-0.6354
1987-01-01,19.9827,19.7232,-0.2666,-0.5786
1987-01-02,19.9902,19.7129,-0.2622,-0.5586
1987-01-03,19.9975,19.7124,-0.2594,-0.5314
1987-01-04,20.0053,19.6974,-0.2568,-0.5109
1987-01-05,20.0048,19.657,-0.2609,-0.5178
1987-01-06,19.9947,19.5968,-0.274,-0.5493
1987-01-07,19.9911,19.5491,-0.2818,-0.5699
1987-01-08,19.9947,19.5359,-0.2835,-0.5533
1987-01-09,20.0087,19.5466,-0.2739,-0.5139
1987-01-10,20.0086,19.5434,-0.2792,-0.4897
1987-01-11,20.002,19.5018,-0.2922,-0.5055
1987-01-12,19.9911,19.4661,-0.309,-0.5185
1987-01-13,19.9931,19.4369,-0.3143,-0.5205
1987-01-14,20.0023,19.4084,-0.311,-0.5224
1987-01-15,20.0182,19.4293,-0.2988,-0.4788
1987-01-16,20.0167,19.435,-0.305,-0.4498
1987-01-17,20.0232,19.4195,-0.3032,-0.4416
1987-01-18,20.0276,19.4095,-0.3036,-0.4325
1987-01-19,20.039,19.3989,-0.2978,-0.4235
1987-01-20,20.0609,19.3878,-0.2801,-0.4142
1987-01-21,20.0806,19.3394,-0.264,-0.4457
1987-01-22,20.0949,19.3345,-0.2545,-0.4373
1987-01-23,20.0907,19.3203,-0.2637,-0.4262
1987-01-24,20.0812,19.3194,-0.279,-0.4035
1987-01-25,20.0811,19.3039,-0.2867,-0.3974
1987-01-26,20.0943,19.3068,-0.2781,-0.3722
1987-01-27,20.1026,19.2554,-0.2727,-0.4003
1987-01-28,20.1134,19.2145,-0.2665,-0.4237
1987-01-29,20.1381,19.1907,-0.2487,-0.4311
1987-01-30,20.1617,19.167,-0.2313,-0.4418
1987-01-31,20.1741,19.1529,-0.2229,-0.4441
1987-02-01,20.1898,19.1353,-0.2099,-0.446
1987-02-02,20.1911,19.117,-0.2117,-0.4482
1987-02-03,20.1826,19.093,-0.2266,-0.4576
1987-02-04,20.1775,19.0727,-0.2388,-0.4605
1987-02-05,20.1809,19.0627,-0.242,-0.4535
1987-02-06,20.1829,19.0264,-0.2445,-0.4721
1987-02-07,20.183,19.0073,-0.2502,-0.4766
1987-02-08,20.1943,19.0024,-0.2451,-0.4705
1987-02-09,20.2006,18.9881,-0.2453,-0.4761
1987-02-10,20.2018,18.9517,-0.2497,-0.5052
1987-02-11,20.1991,18.9519,-0.2584,-0.502
1987-02-12,20.2063,18.9453,-0.2567,-0.4961
1987-02-13,20.1991,18.9486,-0.2662,-0.4733
1987-02-14,20.193,18.9452,-0.276,-0.4582
1987-02-15,20.1921,18.9466,-0.2826,-0.4381
1987-02-16,20.1991,18.9551,-0.2795,-0.4187
1987-02-17,20.2033,18.9506,-0.2785,-0.4187
1987-02-18,20.1978,18.9415,-0.2874,-0.4209
1987-02-19,20.1967,18.9157,-0.2919,-0.4434
1987-02-20,20.1933,18.8877,-0.2994,-0.4641
1987-02-21,20.1967,18.8833,-0.2999,-0.4596
1987-02-22,20.1918,18.8954,-0.3093,-0.4388
1987-02-23,20.1953,18.8974,-0.3109,-0.4302
1987-02-24,20.1859,18.9053,-0.324,-0.4175
1987-02-25,20.1731,18.8952,-0.3403,-0.4297
1987-02-26,20.1942,18.9054,-0.3203,-0.4157
1987-02-27,20.2204,18.9145,-0.2957,-0.4055
1987-02-28,20.234,18.9011,-0.2802,-0.4283
1987-03-01,20.2273,18.8807,-0.29,-0.4381
1987-03-02,20.2251,18.8814,-0.2919,-0.4392
1987-03-03,20.2293,18.9134,-0.2896,-0.4051
1987-03-04,20.2385,18.9335,-0.2814,-0.3802
1987-03-05,20.2506,18.9692,-0.2683,-0.3386
1987-03-06,20.2637,18.9942,-0.255,-0.3057
1987-03-07,20.284,19.0142,-0.2344,-0.2757
1987-03-08,20.3187,19.0593,-0.1999,-0.2295
1987-03-09,20.3474,19.0809,-0.1734,-0.2136
1987-03-10,20.3591,19.106,-0.164,-0.1932
1987-03-11,20.3637,19.1245,-0.1611,-0.1757
1987-03-12,20.3702,19.1079,-0.1583,-0.1958
1987-03-13,20.3796,19.1352,-0.151,-0.1718
1987-03-14,20.3828,19.1827,-0.1505,-0.1324
1987-03-15,20.3888,19.2087,-0.1475,-0.1189
1987-03-16,20.3907,19.2254,-0.1496,-0.1197
1987-03-17,20.381,19.2297,-0.1623,-0.1281
1987-03-18,20.3603,19.1982,-0.1891,-0.1666
1987-03-19,20.3434,19.1669,-0.2116,-0.2048
1987-03-20,20.3488,19.1726,-0.2097,-0.2061
1987-03-21,20.3557,19.1768,-0.2032,-0.21
1987-03-22,20.3503,19.1498,-0.2086,-0.2423
1987-03-23,20.3329,19.1588,-0.2253,-0.2377
1987-03-24,20.3299,19.1549,-0.2248,-0.2442
1987-03-25,20.3215,19.1258,-0.2318,-0.2805
1987-03-26,20.3146,19.1363,-0.2387,-0.2781
1987-03-27,20.3153,19.1782,-0.2381,-0.2445
1987-03-28,20.3141,19.2132,-0.2401,-0.2153
1987-03-29,20.3075,19.2579,-0.2457,-0.1826
1987-03-30,20.2957,19.2707,-0.2565,-0.1826
1987-03-31,20.2856,19.2785,-0.2645,-0.1833
1987-04-01,20.2734,19.3014,-0.2753,-0.1709
1987-04-02,20.2564,19.3206,-0.2888,-0.1697
1987-04-03,20.2631,19.3678,-0.2795,-0.1389
1987-04-04,20.2695,19.4176,-0.2705,-0.1036
1987-04-05,20.2719,19.4551,-0.2656,-0.0856
1987-04-06,20.2651,19.4685,-0.2696,-0.0851
1987-04-07,20.2622,19.4607,-0.2696,-0.1061
1987-04-08,20.2537,19.4401,-0.275,-0.1432
1987-04-09,20.252,19.418,-0.2754,-0.1852
1987-04-10,20.2723,19.4202,-0.2531,-0.2027
1987-04-11,20.2822,19.428,-0.2374,-0.2088
1987-04-12,20.3,19.4459,-0.2142,-0.2023
1987-04-13,20.2976,19.4872,-0.2128,-0.1755
1987-04-14,20.2928,19.5165,-0.215,-0.1677
1987-04-15,20.2949,19.5654,-0.2092,-0.1447
1987-04-16,20.3004,19.6511,-0.2022,-0.084
1987-04-17,20.2999,19.6805,-0.2008,-0.0752
1987-04-18,20.2874,19.6444,-0.2106,-0.1337
1987-04-19,20.2777,19.6481,-0.2167,-0.152
1987-04-20,20.2701,19.6708,-0.2237,-0.1608
1987-04-21,20.2622,19.7025,-0.2295,-0.1588
1987-04-22,20.2624,19.7251,-0.2295,-0.1671
1987-04-23,20.2552,19.7398,-0.2349,-0.1847
1987-04-24,20.2504,19.763,-0.2386,-0.1906
1987-04-25,20.235,19.7742,-0.2528,-0.2064
1987-04-26,20.2194,19.7912,-0.2647,-0.2131
1987-04-27,20.2054,19.8181,-0.2752,-0.21
1987-04-28,20.2127,19.8467,-0.2642,-0.2077
1987-04-29,20.2224,19.8759,-0.2501,-0.1995
1987-04-30,20.225,19.9192,-0.2432,-0.177
1987-05-01,20.2172,19.9443,-0.2458,-0.1831
1987-05-02,20.2184,19.9881,-0.2407,-0.1743
1987-05-03,20.2217,20.0496,-0.2365,-0.1525
1987-05-04,20.2153,20.087,-0.2398,-0.1492
1987-05-05,20.2085,20.0973,-0.2416,-0.1688
1987-05-06,20.2042,20.1001,-0.2405,-0.1938
1987-05-07,20.2005,20.1367,-0.2384,-0.184
1987-05-08,20.1926,20.19,-0.2421,-0.1625
1987-05-09,20.1815,20.2223,-0.2499,-0.1618
1987-05-10,20.1627,20.2552,-0.2663,-0.1565
1987-05-11,20.144,20.271,-0.2821,-0.1733
1987-05-12,20.1269,20.2786,-0.2956,-0.1947
1987-05-13,20.1316,20.3395,-0.2892,-0.1721
1987-05-14,20.1481,20.3738,-0.2702,-0.1661
1987-05-15,20.1566,20.3964,-0.26,-0.17
1987-05-16,20.1611,20.4342,-0.2517,-0.1641
1987-05-17,20.1626,20.4357,-0.2477,-0.197
1987-05-18,20.1615,20.4261,-0.2462,-0.2431
1987-05-19,20.1615,20.4476,-0.2431,-0.2626
1987-05-20,20.1647,20.5075,-0.2378,-0.2439
1987-05-21,20.1737,20.5485,-0.2262,-0.2441
1987-05-22,20.1652,20.5491,-0.233,-0.2805
1987-05-23,20.1504,20.6001,-0.2457,-0.2702
1987-05-24,20.1391,20.7026,-0.253,-0.204
1987-05-25,20.1466,20.7906,-0.2408,-0.1583
1987-05-26,20.1543,20.8466,-0.2287,-0.144
1987-05-27,20.1578,20.9328,-0.221,-0.0994
1987-05-28,20.1599,21.0224,-0.2162,-0.057
1987-05-29,20.1623,21.0832,-0.2099,-0.0466
1987-05-30,20.1563,21.1086,-0.2109,-0.0639
1987-05-31,20.1312,21.1132,-0.2311,-0.1005
1987-06-01,20.1074,21.1097,-0.2517,-0.1499
1987-06-02,20.0896,21.1508,-0.2667,-0.1474
1987-06-03,20.0766,21.2184,-0.2771,-0.1188
1987-06-04,20.0769,21.2891,-0.273,-0.0888
1987-06-05,20.0914,21.3599,-0.2522,-0.0586
1987-06-06,20.0969,21.4238,-0.2392,-0.0365
1987-06-07,20.0894,21.4971,-0.2418,-0.0079
1987-06-08,20.0779,21.519,-0.2506,-0.03
1987-06-09,20.0666,21.587,-0.2602,-0.0111
1987-06-10,20.052,21.6577,-0.271,0.0141
1987-06-11,20.0502,21.7408,-0.2701,0.0497
1987-06-12,20.0493,21.7765,-0.2688,0.0417
1987-06-13,20.042,21.8184,-0.2751,0.0381
1987-06-14,20.0458,21.8486,-0.2706,0.0188
1987-06-15,20.0422,21.83,-0.2752,-0.051
1987-06-16,20.0314,21.8295,-0.2911,-0.1076
1987-06-17,20.0225,21.8887,-0.3014,-0.0986
1987-06-18,20.0133,21.9607,-0.3094,-0.0782
1987-06-19,20.0152,21.9698,-0.3059,-0.1211
1987-06-20,20.028,21.9775,-0.2921,-0.1554
1987-06-21,20.0333,21.982,-0.2876,-0.1944
1987-06-22,20.04,22.0168,-0.283,-0.2086
1987-06-23,20.0426,22.0538,-0.2825,-0.22
1987-06-24,20.0462,22.0749,-0.2801,-0.2533
1987-06-25,20.0623,22.1182,-0.264,-0.2626
1987-06-26,20.0832,22.1884,-0.2431,-0.2422
1987-06-27,20.092,22.2565,-0.2346,-0.2198
1987-06-28,20.1011,22.292,-0.2266,-0.2246
1987-06-29,20.1055,22.3417,-0.2224,-0.215
1987-06-30,20.1018,22.3732,-0.2269,-0.2259
1987-07-01,20.1056,22.4081,-0.225,-0.2295
1987-07-02,20.1081,22.4571,-0.2213,-0.2189
1987-07-03,20.1154,22.5125,-0.2136,-0.2017
1987-07-04,20.1362,22.6038,-0.1948,-0.1533
1987-07-05,20.1424,22.6784,-0.1904,-0.1268
1987-07-06,20.1324,22.738,-0.201,-0.113
1987-07-07,20.1191,22.7592,-0.2133,-0.134
1987-07-08,20.1312,22.8258,-0.1991,-0.1114
1987-07-09,20.1517,22.9449,-0.1776,-0.0382
1987-07-10,20.1605,23.013,-0.1703,-0.013
1987-07-11,20.1601,23.0281,-0.1737,-0.033
1987-07-12,20.1588,23.0295,-0.1773,-0.0657
1987-07-13,20.1601,23.0477,-0.1789,-0.0741
1987-07-14,20.1593,23.09,-0.1817,-0.0635
1987-07-15,20.154,23.1313,-0.1891,-0.0567
1987-07-16,20.1436,23.1621,-0.2026,-0.0651
1987-07-17,20.142,23.2076,-0.2059,-0.0558
1987-07-18,20.1411,23.2344,-0.2067,-0.0653
1987-07-19,20.137,23.3018,-0.2108,-0.0341
1987-07-20,20.1395,23.3533,-0.2078,-0.0119
1987-07-21,20.1408,23.399,-0.208,0.0008
1987-07-22,20.149,23.4676,-0.203,0.0309
1987-07-23,20.1455,23.5246,-0.2084,0.0508
1987-07-24,20.154,23.5555,-0.202,0.046
1987-07-25,20.1587,23.5684,-0.2002,0.0263
1987-07-26,20.1608,23.5477,-0.2026,-0.0225
1987-07-27,20.1669,23.5192,-0.2032,-0.0895
1987-07-28,20.1837,23.5151,-0.1941,-0.1378
1987-07-29,20.2021,23.5529,-0.1809,-0.1358
1987-07-30,20.203,23.593,-0.1844,-0.1396
1987-07-31,20.1892,23.6032,-0.2012,-0.1665
1987-08-01,20.1601,23.5525,-0.2295,-0.2427
1987-08-02,20.1497,23.5831,-0.24,-0.2355
1987-08-03,20.1514,23.6676,-0.2376,-0.1787
1987-08-04,20.1572,23.7519,-0.233,-0.1206
1987-08-05,20.1584,23.7891,-0.2339,-0.1112
1987-08-06,20.1788,23.8464,-0.2141,-0.0858
1987-08-07,20.1987,23.9193,-0.197,-0.0371
1987-08-08,20.203,23.9301,-0.1944,-0.0466
1987-08-09,20.2028,23.9931,-0.194,0.0034
1987-08-10,20.2156,24.027,-0.1831,0.014
1987-08-11,20.2272,24.0424,-0.1744,-0.0025
1987-08-12,20.2286,24.0546,-0.1756,-0.021
1987-08-13,20.2343,24.0591,-0.1716,-0.0393
1987-08-14,20.2415,24.0513,-0.1665,-0.069
1987-08-15,20.246,24.0464,-0.163,-0.0894
1987-08-16,20.2452,24.0381,-0.1647,-0.108
1987-08-17,20.2347,24.0348,-0.1742,-0.1147
1987-08-18,20.2284,24.0151,-0.1781,-0.1282
1987-08-19,20.2429,24.0109,-0.1638,-0.1372
1987-08-20,20.257,24.0242,-0.1509,-0.1377
1987-08-21,20.2629,24.0603,-0.1469,-0.1197
1987-08-22,20.2559,24.0828,-0.1537,-0.1046
1987-08-23,20.2409,24.0892,-0.1685,-0.1066
1987-08-24,20.2422,24.1242,-0.1671,-0.0781
1987-08-25,20.241,24.1639,-0.1685,-0.0438
1987-08-26,20.2414,24.1505,-0.1682,-0.0641
1987-08-27,20.2449,24.1526,-0.1663,-0.073
1987-08-28,20.252,24.164,-0.1587,-0.0635
1987-08-29,20.2625,24.1848,-0.1487,-0.0436
1987-08-30,20.2699,24.1785,-0.1408,-0.0441
1987-08-31,20.2655,24.1563,-0.1433,-0.0587
1987-09-01,20.2515,24.1181,-0.1574,-0.0909
1987-09-02,20.2378,24.072,-0.1704,-0.1359
1987-09-03,20.2213,23.9931,-0.1849,-0.2101
1987-09-04,20.2094,23.9183,-0.1955,-0.2831
1987-09-05,20.2108,23.8983,-0.1912,-0.2967
1987-09-06,20.2151,23.8836,-0.182,-0.2937
1987-09-07,20.2105,23.8921,-0.1789,-0.2688
1987-09-08,20.2106,23.8863,-0.173,-0.2567
1987-09-09,20.2113,23.8927,-0.1672,-0.2327
1987-09-10,20.2145,23.9233,-0.158,-0.187
1987-09-11,20.2184,23.9597,-0.147,-0.1303
1987-09-12,20.2264,23.9869,-0.1339,-0.0871
1987-09-13,20.2355,23.9983,-0.1195,-0.0643
1987-09-14,20.2227,23.95,-0.1246,-0.0972
1987-09-15,20.2044,23.9084,-0.1364,-0.125
1987-09-16,20.2066,23.9327,-0.128,-0.0833
1987-09-17,20.2219,23.9402,-0.1068,-0.057
1987-09-18,20.2365,23.9001,-0.0878,-0.0745
1987-09-19,20.2474,23.8512,-0.0739,-0.1079
1987-09-20,20.2493,23.8336,-0.0722,-0.1121
1987-09-21,20.2522,23.8373,-0.0676,-0.0889
1987-09-22,20.2445,23.8154,-0.0727,-0.0919
1987-09-23,20.2133,23.7571,-0.102,-0.134
1987-09-24,20.1986,23.7209,-0.1138,-0.1495
1987-09-25,20.2121,23.7111,-0.0974,-0.1427
1987-09-26,20.2172,23.6969,-0.0887,-0.1406
1987-09-27,20.2147,23.7108,-0.086,-0.1099
1987-09-28,20.2071,23.7059,-0.0862,-0.0958
1987-09-29,20.1874,23.7307,-0.0994,-0.0489
1987-09-30,20.1709,23.6939,-0.1113,-0.0586
1987-10-01,20.1659,23.6406,-0.1125,-0.0814
1987-10-02,20.144,23.5665,-0.1295,-0.123
1987-10-03,20.1191,23.4714,-0.1487,-0.1858
1987-10-04,20.1126,23.4286,-0.1506,-0.1989
1987-10-05,20.1115,23.4103,-0.1463,-0.1876
1987-10-06,20.113,23.3919,-0.1404,-0.1758
1987-10-07,20.111,23.3148,-0.1397,-0.2278
1987-10-08,20.0987,23.2207,-0.1467,-0.2873
1987-10-09,20.0959,23.1684,-0.1451,-0.3025
1987-10-10,20.0847,23.1302,-0.151,-0.3058
1987-10-11,20.0566,23.1132,-0.172,-0.2914
1987-10-12,20.0376,23.0989,-0.1852,-0.2753
1987-10-13,20.0225,23.0844,-0.1953,-0.2561
1987-10-14,20.0223,23.0594,-0.191,-0.2486
1987-10-15,20.0176,22.9952,-0.194,-0.28
1987-10-16,20.0053,22.9378,-0.2057,-0.3087
1987-10-17,20.0013,22.9006,-0.2081,-0.3181
1987-10-18,19.9952,22.8505,-0.211,-0.3425
1987-10-19,19.9895,22.8062,-0.2164,-0.3571
1987-10-20,19.992,22.8144,-0.2114,-0.3159
1987-10-21,19.9927,22.7974,-0.208,-0.2962
1987-10-22,20.0012,22.7704,-0.1967,-0.2858
1987-10-23,20.0158,22.7116,-0.1805,-0.3074
1987-10-24,20.0268,22.6713,-0.1686,-0.3106
1987-10-25,20.0383,22.6402,-0.1557,-0.3038
1987-10-26,20.0442,22.558,-0.1467,-0.3454
1987-10-27,20.0469,22.4726,-0.1402,-0.3908
1987-10-28,20.0418,22.3801,-0.1407,-0.4382
1987-10-29,20.029,22.3041,-0.1486,-0.4688
1987-10-30,20.0199,22.2697,-0.1527,-0.4588
1987-10-31,20.0233,22.3004,-0.1444,-0.3872
1987-11-01,20.0298,22.2944,-0.1308,-0.3512
1987-11-02,20.0299,22.2753,-0.1259,-0.3249
1987-11-03,20.0286,22.2538,-0.1229,-0.2989
1987-11-04,20.038,22.2313,-0.1098,-0.2742
1987-11-05,20.0327,22.2032,-0.113,-0.2638
1987-11-06,20.0321,22.1769,-0.1137,-0.2536
1987-11-07,20.0289,22.1267,-0.117,-0.2654
1987-11-08,20.0241,22.1065,-0.1224,-0.2492
1987-11-09,20.02,22.087,-0.1279,-0.2311
1987-11-10,20.02,22.0513,-0.129,-0.2279
1987-11-11,20.0213,22.0087,-0.127,-0.2268
1987-11-12,20.0252,21.9433,-0.1236,-0.2443
1987-11-13,20.025,21.8854,-0.1233,-0.2541
1987-11-14,20.0245,21.8311,-0.1242,-0.2659
1987-11-15,20.0216,21.8178,-0.1251,-0.2427
1987-11-16,20.0122,21.7693,-0.1347,-0.2614
1987-11-17,20.0218,21.7197,-0.1254,-0.2745
1987-11-18,20.0206,21.6551,-0.1254,-0.2956
1987-11-19,20.0136,21.5595,-0.1331,-0.3479
1987-11-20,20.0185,21.4746,-0.1287,-0.3892
1987-11-21,20.0285,21.41,-0.1216,-0.4164
1987-11-22,20.0418,21.4191,-0.1108,-0.3692
1987-11-23,20.0341,21.3809,-0.1211,-0.3649
1987-11-24,20.0377,21.3345,-0.1192,-0.3733
1987-11-25,20.0522,21.2756,-0.1066,-0.3912
1987-11-26,20.0573,21.2295,-0.1012,-0.3892
1987-11-27,20.0539,21.178,-0.1039,-0.4008
1987-11-28,20.0375,21.1273,-0.1191,-0.4129
1987-11-29,20.0378,21.1127,-0.1162,-0.3817
1987-11-30,20.0334,21.1151,-0.12,-0.3389
1987-12-01,20.0296,21.0893,-0.127,-0.3297
1987-12-02,20.0496,21.0699,-0.1103,-0.3133
1987-12-03,20.0611,21.0167,-0.1016,-0.3293
1987-12-04,20.0571,20.9847,-0.1071,-0.3195
1987-12-05,20.05,20.9473,-0.1182,-0.3166
1987-12-06,20.0419,20.9084,-0.1297,-0.319
1987-12-07,20.0391,20.8892,-0.1345,-0.2984
1987-12-08,20.0359,20.8644,-0.1378,-0.2848
1987-12-09,20.0436,20.8389,-0.1313,-0.2742
1987-12-10,20.0426,20.7748,-0.1324,-0.2982
1987-12-11,20.0411,20.7212,-0.1331,-0.3091
1987-12-12,20.0439,20.6953,-0.1321,-0.2906
1987-12-13,20.0595,20.7102,-0.1211,-0.2386
1987-12-14,20.0659,20.7118,-0.1186,-0.2048
1987-12-15,20.0689,20.6926,-0.1192,-0.188
1987-12-16,20.0617,20.6583,-0.1304,-0.1792
1987-12-17,20.0616,20.636,-0.1348,-0.161
1987-12-18,20.0472,20.601,-0.1528,-0.1604
1987-12-19,20.0404,20.5641,-0.1622,-0.165
1987-12-20,20.0509,20.4907,-0.1536,-0.2045
1987-12-21,20.0606,20.4646,-0.1462,-0.1997
1987-12-22,20.0565,20.4497,-0.1533,-0.1906
1987-12-23,20.0595,20.4166,-0.1573,-0.2019
1987-12-24,20.0633,20.392,-0.1628,-0.1957
1987-12-25,20.0793,20.4082,-0.1556,-0.1467
1987-12-26,20.087,20.396,-0.1522,-0.125
1987-12-27,20.0869,20.3434,-0.1557,-0.1422
1987-12-28,20.0974,20.3042,-0.148,-0.146
1987-12-29,20.1038,20.2651,-0.1459,-0.1548
1987-12-30,20.1104,20.2043,-0.1417,-0.1837
1987-12-31,20.1127,20.1084,-0.1439,-0.2481
1988-01-01,20.1166,20.0514,-0.1327,-0.2504
1988-01-02,20.1313,20.0254,-0.1211,-0.2461
1988-01-03,20.1558,19.9984,-0.1011,-0.2454
1988-01-04,20.1749,19.958,-0.0872,-0.2503
1988-01-05,20.1885,19.9534,-0.0772,-0.2214
1988-01-06,20.207,19.9358,-0.0617,-0.2103
1988-01-07,20.2347,19.8574,-0.0382,-0.2616
1988-01-08,20.2417,19.7722,-0.0365,-0.317
1988-01-09,20.2225,19.7002,-0.0601,-0.3603
1988-01-10,20.2116,19.6593,-0.0762,-0.3738
1988-01-11,20.2079,19.6384,-0.0863,-0.3689
1988-01-12,20.2087,19.635,-0.0914,-0.3496
1988-01-13,20.2116,19.6541,-0.0958,-0.3033
1988-01-14,20.2192,19.6435,-0.0941,-0.2873
1988-01-15,20.2398,19.6119,-0.0772,-0.2962
1988-01-16,20.2483,19.5879,-0.0734,-0.2969
1988-01-17,20.2566,19.564,-0.0698,-0.2971
1988-01-18,20.2764,19.5291,-0.0548,-0.3129
1988-01-19,20.2833,19.5169,-0.0535,-0.3055
1988-01-20,20.285,19.4879,-0.056,-0.3141
1988-01-21,20.279,19.4491,-0.0656,-0.336
1988-01-22,20.2689,19.4323,-0.0805,-0.3395
1988-01-23,20.266,19.395,-0.0884,-0.3515
1988-01-24,20.2646,19.3505,-0.0956,-0.3724
1988-01-25,20.2839,19.3688,-0.0839,-0.3325
1988-01-26,20.2947,19.3712,-0.0777,-0.3078
1988-01-27,20.3061,19.3673,-0.0692,-0.2884
1988-01-28,20.3097,19.3529,-0.0702,-0.2853
1988-01-29,20.3048,19.3121,-0.082,-0.3097
1988-01-30,20.3012,19.2581,-0.0918,-0.3507
1988-01-31,20.2967,19.2142,-0.1002,-0.3828
1988-02-01,20.2851,19.1878,-0.1146,-0.3936
1988-02-02,20.2918,19.1785,-0.111,-0.3867
1988-02-03,20.3062,19.1556,-0.103,-0.395
1988-02-04,20.3213,19.1684,-0.095,-0.3648
1988-02-05,20.3356,19.199,-0.0873,-0.3172
1988-02-06,20.3391,19.1857,-0.0883,-0.3128
1988-02-07,20.3452,19.1606,-0.088,-0.3233
1988-02-08,20.3584,19.1147,-0.081,-0.3582
1988-02-09,20.3677,19.083,-0.0782,-0.3812
1988-02-10,20.3904,19.0918,-0.0611,-0.3651
1988-02-11,20.4072,19.0754,-0.0503,-0.3785
1988-02-12,20.4233,19.0626,-0.0397,-0.3788
1988-02-13,20.4437,19.0644,-0.0216,-0.3575
1988-02-14,20.4566,19.0369,-0.0124,-0.3665
1988-02-15,20.4644,19.0469,-0.0103,-0.3378
1988-02-16,20.4551,19.0402,-0.0235,-0.3336
1988-02-17,20.4442,19.0524,-0.0376,-0.3169
1988-02-18,20.4343,19.0733,-0.0509,-0.2891
1988-02-19,20.4264,19.0769,-0.0622,-0.2822
1988-02-20,20.4129,19.067,-0.0798,-0.2848
1988-02-21,20.4107,19.0752,-0.0859,-0.2677
1988-02-22,20.409,19.0769,-0.0921,-0.2573
1988-02-23,20.4127,19.0578,-0.0935,-0.2698
1988-02-24,20.4171,19.0472,-0.0928,-0.2756
1988-02-25,20.4164,19.0108,-0.097,-0.3141
1988-02-26,20.4113,18.9878,-0.1032,-0.3333
1988-02-27,20.4049,19.0075,-0.1112,-0.3125
1988-02-28,20.4008,18.9891,-0.1134,-0.3403
1988-02-29,20.401,18.9765,-0.1132,-0.3529
1988-03-01,20.3862,18.9736,-0.1311,-0.3452
1988-03-02,20.3807,19.0161,-0.1363,-0.3045
1988-03-03,20.3984,19.0354,-0.1205,-0.2831
1988-03-04,20.401,19.0381,-0.1189,-0.2756
1988-03-05,20.4052,19.0225,-0.1137,-0.2853
1988-03-06,20.4107,19.0163,-0.108,-0.2836
1988-03-07,20.4167,19.0218,-0.1017,-0.2681
1988-03-08,20.4275,19.0525,-0.0911,-0.2363
1988-03-09,20.4378,19.0869,-0.083,-0.2076
1988-03-10,20.445,19.1042,-0.0781,-0.195
1988-03-11,20.4409,19.0485,-0.0839,-0.2517
1988-03-12,20.4386,19.057,-0.0899,-0.2467
1988-03-13,20.4408,19.0931,-0.0898,-0.2139
1988-03-14,20.4473,19.1748,-0.086,-0.1403
1988-03-15,20.4503,19.215,-0.086,-0.1126
1988-03-16,20.4467,19.2193,-0.0936,-0.1258
1988-03-17,20.4289,19.2361,-0.1144,-0.1217
1988-03-18,20.401,19.2309,-0.1484,-0.1339
1988-03-19,20.3703,19.2037,-0.1847,-0.1679
1988-03-20,20.3617,19.1733,-0.1968,-0.2054
1988-03-21,20.3532,19.1741,-0.2057,-0.2127
1988-03-22,20.3457,19.1785,-0.2132,-0.2136
1988-03-23,20.3562,19.1957,-0.202,-0.2008
1988-03-24,20.367,19.2196,-0.1877,-0.1795
1988-03-25,20.3757,19.2056,-0.1776,-0.2007
1988-03-26,20.3846,19.2125,-0.1687,-0.2019
1988-03-27,20.3936,19.2516,-0.1598,-0.1711
1988-03-28,20.398,19.2893,-0.1562,-0.1392
1988-03-29,20.3785,19.2678,-0.1747,-0.1727
1988-03-30,20.3545,19.2174,-0.1977,-0.2359
1988-03-31,20.3371,19.1248,-0.213,-0.337
1988-04-01,20.3426,19.1222,-0.2061,-0.3501
1988-04-02,20.3543,19.1211,-0.1909,-0.3692
1988-04-03,20.3737,19.1557,-0.1689,-0.351
1988-04-04,20.3832,19.2362,-0.1568,-0.285
1988-04-05,20.3793,19.2854,-0.1582,-0.2553
1988-04-06,20.3824,19.3094,-0.1523,-0.2442
1988-04-07,20.3957,19.3634,-0.1361,-0.2034
1988-04-08,20.3907,19.4017,-0.138,-0.1816
1988-04-09,20.3667,19.4204,-0.1607,-0.1828
1988-04-10,20.3591,19.4656,-0.1663,-0.1573
1988-04-11,20.3463,19.4942,-0.1733,-0.1426
1988-04-12,20.3356,19.5209,-0.1786,-0.1273
1988-04-13,20.3202,19.5363,-0.1902,-0.1264
1988-04-14,20.3118,19.5715,-0.196,-0.1127
1988-04-15,20.3028,19.5876,-0.2013,-0.1225
1988-04-16,20.3094,19.5694,-0.1932,-0.1657
1988-04-17,20.3106,19.5622,-0.1901,-0.1935
1988-04-18,20.3114,19.6055,-0.1866,-0.1726
1988-04-19,20.3126,19.6556,-0.1818,-0.1445
1988-04-20,20.3192,19.7181,-0.1746,-0.1135
1988-04-21,20.3087,19.7956,-0.183,-0.0657
1988-04-22,20.2952,19.8384,-0.1967,-0.0539
1988-04-23,20.287,19.8433,-0.2031,-0.0812
1988-04-24,20.2799,19.8466,-0.2091,-0.107
1988-04-25,20.276,19.8707,-0.2118,-0.1099
1988-04-26,20.2872,19.9355,-0.1969,-0.0688
1988-04-27,20.2906,19.9876,-0.19,-0.0405
1988-04-28,20.2862,20.0148,-0.1907,-0.0396
1988-04-29,20.2776,20.0431,-0.1949,-0.0323
1988-04-30,20.2643,20.0359,-0.2039,-0.0603
1988-05-01,20.2205,19.9923,-0.2425,-0.1351
1988-05-02,20.1842,20.0053,-0.2749,-0.1571
1988-05-03,20.1739,20.041,-0.2843,-0.1611
1988-05-04,20.1656,20.0692,-0.2895,-0.167
1988-05-05,20.1527,20.1015,-0.2974,-0.1646
1988-05-06,20.1557,20.1329,-0.289,-0.161
1988-05-07,20.1597,20.111,-0.2792,-0.2097
1988-05-08,20.1789,20.1086,-0.2558,-0.2439
1988-05-09,20.2,20.0958,-0.2314,-0.2883
1988-05-10,20.2065,20.1158,-0.2225,-0.2959
1988-05-11,20.2128,20.1725,-0.2133,-0.2718
1988-05-12,20.2181,20.2713,-0.2044,-0.202
1988-05-13,20.2226,20.3726,-0.1982,-0.139
1988-05-14,20.2268,20.4288,-0.1915,-0.1111
1988-05-15,20.2235,20.483,-0.1931,-0.0834
1988-05-16,20.2164,20.5443,-0.1964,-0.054
1988-05-17,20.21,20.5816,-0.2003,-0.0511
1988-05-18,20.2067,20.6366,-0.201,-0.0326
1988-05-19,20.203,20.7018,-0.2016,-0.0084
1988-05-20,20.1944,20.7691,-0.2081,0.0177
1988-05-21,20.1773,20.8069,-0.2226,0.0143
1988-05-22,20.1586,20.8424,-0.2396,0.0128
1988-05-23,20.156,20.8637,-0.2401,-0.0066
1988-05-24,20.1415,20.8803,-0.2506,-0.0263
1988-05-25,20.1496,20.9328,-0.2378,-0.0161
1988-05-26,20.1489,20.9985,-0.2341,0.0079
1988-05-27,20.1345,21.0131,-0.2443,-0.0191
1988-05-28,20.127,21.0126,-0.2491,-0.0668
1988-05-29,20.1117,21.0497,-0.2605,-0.0801
1988-05-30,20.1022,21.0656,-0.265,-0.1069
1988-05-31,20.0931,21.0688,-0.2692,-0.1449
1988-06-01,20.0905,21.1035,-0.2686,-0.1561
1988-06-02,20.0901,21.1892,-0.2662,-0.109
1988-06-03,20.0809,21.2458,-0.2728,-0.0914
1988-06-04,20.084,21.3607,-0.2659,-0.0172
1988-06-05,20.077,21.458,-0.2666,0.0395
1988-06-06,20.0694,21.5434,-0.2667,0.0831
1988-06-07,20.069,21.5897,-0.2622,0.0847
1988-06-08,20.0852,21.6202,-0.2433,0.0712
1988-06-09,20.114,21.6736,-0.2128,0.0755
1988-06-10,20.1513,21.7447,-0.1717,0.1011
1988-06-11,20.1681,21.771,-0.1522,0.0799
1988-06-12,20.1746,21.775,-0.1435,0.0402
1988-06-13,20.1696,21.7798,-0.1475,-0.0005
1988-06-14,20.1496,21.7724,-0.1668,-0.0574
1988-06-15,20.1336,21.827,-0.1838,-0.054
1988-06-16,20.1175,21.8952,-0.205,-0.0419
1988-06-17,20.0967,21.9374,-0.2272,-0.0499
1988-06-18,20.0816,21.9768,-0.2411,-0.0621
1988-06-19,20.0753,22.0463,-0.2458,-0.0446
1988-06-20,20.0768,22.0759,-0.2433,-0.057
1988-06-21,20.0785,22.0902,-0.2424,-0.0862
1988-06-22,20.1028,22.166,-0.2202,-0.0594
1988-06-23,20.1074,22.236,-0.2177,-0.0378
1988-06-24,20.0838,22.2593,-0.2425,-0.0689
1988-06-25,20.0611,22.2853,-0.2652,-0.0955
1988-06-26,20.0469,22.2961,-0.2794,-0.1345
1988-06-27,20.0496,22.2923,-0.277,-0.184
1988-06-28,20.0455,22.2867,-0.2822,-0.2299
1988-06-29,20.039,22.3083,-0.2889,-0.2484
1988-06-30,20.0297,22.3679,-0.299,-0.2312
1988-07-01,20.0206,22.3864,-0.31,-0.2512
1988-07-02,20.0243,22.4146,-0.3051,-0.2614
1988-07-03,20.0248,22.4588,-0.3042,-0.2554
1988-07-04,20.0193,22.5122,-0.3117,-0.2449
1988-07-05,20.0034,22.5478,-0.3294,-0.2574
1988-07-06,20.0009,22.595,-0.3325,-0.256
1988-07-07,20.0101,22.69,-0.3223,-0.2032
1988-07-08,20.0077,22.7487,-0.3226,-0.1885
1988-07-09,20.0057,22.7719,-0.3236,-0.2112
1988-07-10,20.005,22.8036,-0.3258,-0.2224
1988-07-11,20.0089,22.8593,-0.3249,-0.2018
1988-07-12,20.0151,22.9,-0.321,-0.1952
1988-07-13,20.0161,22.9641,-0.3229,-0.1578
1988-07-14,20.0242,23.0682,-0.3168,-0.0853
1988-07-15,20.0371,23.1316,-0.306,-0.0564
1988-07-16,20.042,23.1465,-0.3042,-0.0807
1988-07-17,20.0416,23.192,-0.3063,-0.0714
1988-07-18,20.0483,23.2204,-0.2995,-0.0793
1988-07-19,20.0451,23.193,-0.3027,-0.1429
1988-07-20,20.0473,23.174,-0.3,-0.1912
1988-07-21,20.0593,23.197,-0.2895,-0.2012
1988-07-22,20.07,23.2602,-0.282,-0.1765
1988-07-23,20.0761,23.3373,-0.2778,-0.1365
1988-07-24,20.085,23.3835,-0.271,-0.126
1988-07-25,20.0942,23.4166,-0.2647,-0.1255
1988-07-26,20.0904,23.3825,-0.273,-0.1877
1988-07-27,20.0923,23.377,-0.2777,-0.2317
1988-07-28,20.1037,23.3989,-0.2741,-0.254
1988-07-29,20.0992,23.4012,-0.2838,-0.2875
1988-07-30,20.0914,23.4081,-0.296,-0.3245
1988-07-31,20.0879,23.4466,-0.3025,-0.3231
1988-08-01,20.0769,23.4436,-0.3127,-0.3516
1988-08-02,20.0712,23.4438,-0.3185,-0.3748
1988-08-03,20.0679,23.4749,-0.3211,-0.3714
1988-08-04,20.0857,23.5528,-0.3045,-0.3197
1988-08-05,20.1006,23.5825,-0.2917,-0.3178
1988-08-06,20.0996,23.6011,-0.2933,-0.3311
1988-08-07,20.09,23.6002,-0.3057,-0.3562
1988-08-08,20.0821,23.6094,-0.3153,-0.3673
1988-08-09,20.0863,23.6302,-0.3105,-0.3595
1988-08-10,20.0963,23.6304,-0.3024,-0.3826
1988-08-11,20.0946,23.6305,-0.307,-0.4144
1988-08-12,20.0836,23.6423,-0.3206,-0.4333
1988-08-13,20.0637,23.667,-0.3422,-0.4314
1988-08-14,20.0607,23.6867,-0.3473,-0.4336
1988-08-15,20.0612,23.6722,-0.3478,-0.4636
1988-08-16,20.0709,23.6158,-0.339,-0.5303
1988-08-17,20.09,23.632,-0.3189,-0.5175
1988-08-18,20.0859,23.6677,-0.3206,-0.4756
1988-08-19,20.0922,23.693,-0.3145,-0.4551
1988-08-20,20.1043,23.6837,-0.3036,-0.4782
1988-08-21,20.1234,23.7046,-0.2864,-0.4754
1988-08-22,20.1362,23.7023,-0.2734,-0.4851
1988-08-23,20.1394,23.7256,-0.27,-0.4702
1988-08-24,20.1418,23.7328,-0.2675,-0.4695
1988-08-25,20.133,23.7627,-0.2765,-0.445
1988-08-26,20.1296,23.7657,-0.28,-0.4489
1988-08-27,20.147,23.7884,-0.2642,-0.4372
1988-08-28,20.1529,23.7969,-0.2578,-0.4306
1988-08-29,20.153,23.8211,-0.2582,-0.4073
1988-08-30,20.1366,23.806,-0.2741,-0.4166
1988-08-31,20.1195,23.8248,-0.2893,-0.3902
1988-09-01,20.1149,23.8258,-0.294,-0.3832
1988-09-02,20.1099,23.7912,-0.2983,-0.4167
1988-09-03,20.1074,23.7867,-0.2988,-0.4165
1988-09-04,20.1051,23.7671,-0.2998,-0.4343
1988-09-05,20.1105,23.754,-0.2915,-0.441
1988-09-06,20.1253,23.725,-0.2718,-0.4523
1988-09-07,20.1183,23.6582,-0.2711,-0.5027
1988-09-08,20.1152,23.635,-0.2684,-0.508
1988-09-09,20.1201,23.6562,-0.2584,-0.4692
1988-09-10,20.1095,23.6481,-0.263,-0.4622
1988-09-11,20.097,23.583,-0.2684,-0.5071
1988-09-12,20.0781,23.5426,-0.2822,-0.5314
1988-09-13,20.0634,23.5423,-0.2916,-0.5203
1988-09-14,20.0495,23.5501,-0.2978,-0.4971
1988-09-15,20.0431,23.5818,-0.2977,-0.4516
1988-09-16,20.0366,23.6132,-0.298,-0.4028
1988-09-17,20.0344,23.5999,-0.2943,-0.3973
1988-09-18,20.0357,23.554,-0.2886,-0.4206
1988-09-19,20.0521,23.5344,-0.2692,-0.4247
1988-09-20,20.0786,23.5201,-0.2429,-0.4256
1988-09-21,20.0556,23.5198,-0.2642,-0.4064
1988-09-22,20.009,23.4949,-0.3082,-0.4124
1988-09-23,19.9633,23.4374,-0.352,-0.4537
1988-09-24,19.9381,23.3823,-0.3743,-0.4881
1988-09-25,19.9205,23.3477,-0.389,-0.5061
1988-09-26,19.9168,23.3303,-0.3891,-0.5072
1988-09-27,19.9218,23.294,-0.3789,-0.5267
1988-09-28,19.9274,23.2715,-0.3659,-0.5302
1988-09-29,19.9398,23.2412,-0.347,-0.5384
1988-09-30,19.9419,23.1975,-0.3403,-0.555
1988-10-01,19.9409,23.1926,-0.3375,-0.5294
1988-10-02,19.9417,23.1791,-0.3318,-0.5104
1988-10-03,19.9582,23.1838,-0.3096,-0.4734
1988-10-04,19.9592,23.1803,-0.304,-0.4472
1988-10-05,19.9493,23.1343,-0.3085,-0.4636
1988-10-06,19.9438,23.0753,-0.3096,-0.4924
1988-10-07,19.9494,23.0138,-0.3013,-0.5288
1988-10-08,19.9492,23.009,-0.2962,-0.499
1988-10-09,19.9431,22.9895,-0.2979,-0.4814
1988-10-10,19.9511,22.97,-0.2846,-0.466
1988-10-11,19.9723,22.9391,-0.2563,-0.4655
1988-10-12,19.9851,22.935,-0.2377,-0.4392
1988-10-13,19.9811,22.9035,-0.2367,-0.437
1988-10-14,19.966,22.8631,-0.2473,-0.4449
1988-10-15,19.9472,22.8019,-0.2644,-0.4733
1988-10-16,19.93,22.7348,-0.281,-0.5117
1988-10-17,19.9155,22.698,-0.2939,-0.5207
1988-10-18,19.9107,22.6781,-0.2955,-0.5149
1988-10-19,19.9043,22.6478,-0.3016,-0.5155
1988-10-20,19.8968,22.637,-0.3066,-0.4933
1988-10-21,19.8946,22.6178,-0.3061,-0.4758
1988-10-22,19.9098,22.5946,-0.2881,-0.4616
1988-10-23,19.9212,22.5733,-0.2751,-0.4457
1988-10-24,19.9165,22.5417,-0.2789,-0.4402
1988-10-25,19.9082,22.5122,-0.2858,-0.4318
1988-10-26,19.8869,22.4982,-0.304,-0.4052
1988-10-27,19.8799,22.4796,-0.3072,-0.3838
1988-10-28,19.8734,22.4338,-0.3091,-0.3845
1988-10-29,19.8666,22.3864,-0.311,-0.3865
1988-10-30,19.8668,22.3284,-0.3058,-0.4001
1988-10-31,19.8584,22.2606,-0.3093,-0.427
1988-11-01,19.8338,22.2036,-0.3268,-0.442
1988-11-02,19.8061,22.1525,-0.3497,-0.4477
1988-11-03,19.7911,22.122,-0.3604,-0.4307
1988-11-04,19.7801,22.0799,-0.3677,-0.4256
1988-11-05,19.7733,22.0527,-0.3724,-0.4143
1988-11-06,19.7641,22.0655,-0.3817,-0.365
1988-11-07,19.7654,22.0476,-0.3805,-0.3445
1988-11-08,19.8055,22.0097,-0.341,-0.346
1988-11-09,19.8194,21.9458,-0.3285,-0.3723
1988-11-10,19.8208,21.862,-0.3282,-0.4173
1988-11-11,19.8034,21.8104,-0.3449,-0.4251
1988-11-12,19.7839,21.7676,-0.3649,-0.42
1988-11-13,19.7876,21.7398,-0.3607,-0.3997
1988-11-14,19.7969,21.6985,-0.3518,-0.3985
1988-11-15,19.8009,21.6587,-0.3458,-0.4018
1988-11-16,19.803,21.614,-0.3439,-0.4167
1988-11-17,19.7975,21.5593,-0.3497,-0.4349
1988-11-18,19.7832,21.5447,-0.3628,-0.406
1988-11-19,19.7648,21.5319,-0.3819,-0.3755
1988-11-20,19.7417,21.4531,-0.4055,-0.4107
1988-11-21,19.733,21.3914,-0.4171,-0.435
1988-11-22,19.7294,21.346,-0.4232,-0.4423
1988-11-23,19.7251,21.3027,-0.4301,-0.4431
1988-11-24,19.7272,21.2932,-0.4297,-0.4146
1988-11-25,19.7231,21.2467,-0.4357,-0.4201
1988-11-26,19.734,21.2316,-0.4245,-0.3871
1988-11-27,19.7353,21.2055,-0.4225,-0.3733
1988-11-28,19.7272,21.1786,-0.4294,-0.3616
1988-11-29,19.7179,21.1201,-0.4361,-0.3743
1988-11-30,19.7182,21.0512,-0.4352,-0.4028
1988-12-01,19.7191,20.981,-0.4375,-0.438
1988-12-02,19.7283,20.951,-0.4316,-0.4322
1988-12-03,19.7495,20.9132,-0.4132,-0.4328
1988-12-04,19.759,20.906,-0.4052,-0.3982
1988-12-05,19.7561,20.8936,-0.4121,-0.3703
1988-12-06,19.7424,20.8838,-0.4292,-0.3436
1988-12-07,19.7391,20.8786,-0.4345,-0.309
1988-12-08,19.7335,20.8414,-0.4402,-0.3078
1988-12-09,19.7236,20.7619,-0.4513,-0.3512
1988-12-10,19.7163,20.6875,-0.4587,-0.3855
1988-12-11,19.7182,20.6294,-0.456,-0.4009
1988-12-12,19.7226,20.5703,-0.4534,-0.4156
1988-12-13,19.7282,20.5222,-0.4524,-0.4266
1988-12-14,19.7403,20.4635,-0.4442,-0.4531
1988-12-15,19.7644,20.4254,-0.4237,-0.4552
1988-12-16,19.7857,20.4021,-0.4064,-0.4354
1988-12-17,19.799,20.3801,-0.3974,-0.4169
1988-12-18,19.7979,20.3486,-0.4021,-0.4128
1988-12-19,19.7947,20.3199,-0.4079,-0.4092
1988-12-20,19.7972,20.3019,-0.4073,-0.3933
1988-12-21,19.816,20.2526,-0.3908,-0.4117
1988-12-22,19.8495,20.1736,-0.3603,-0.4667
1988-12-23,19.8733,20.1243,-0.3435,-0.4942
1988-12-24,19.8834,20.071,-0.3427,-0.5167
1988-12-25,19.8951,20.0529,-0.3398,-0.502
1988-12-26,19.9016,20.0156,-0.3376,-0.5054
1988-12-27,19.9071,19.9841,-0.3355,-0.5015
1988-12-28,19.8977,19.9476,-0.3477,-0.5026
1988-12-29,19.8799,19.9223,-0.3698,-0.4976
1988-12-30,19.8566,19.8906,-0.3955,-0.4974
1988-12-31,19.8532,19.8477,-0.4034,-0.5088
1989-01-01,19.8567,19.8245,-0.3926,-0.4773
1989-01-02,19.8553,19.7983,-0.3971,-0.4732
1989-01-03,19.8657,19.7822,-0.3912,-0.4616
1989-01-04,19.8888,19.7557,-0.3733,-0.4526
1989-01-05,19.9029,19.6652,-0.3628,-0.5096
1989-01-06,19.9214,19.6259,-0.3473,-0.5202
1989-01-07,19.9264,19.6207,-0.3465,-0.4983
1989-01-08,19.9339,19.6333,-0.3443,-0.4559
1989-01-09,19.9514,19.6382,-0.3312,-0.4223
1989-01-10,19.963,19.6183,-0.3248,-0.4148
1989-01-11,19.9748,19.5752,-0.3194,-0.4321
1989-01-12,19.9957,19.5176,-0.3044,-0.467
1989-01-13,20.0075,19.4822,-0.2999,-0.4752
1989-01-14,20.011,19.4383,-0.3023,-0.4925
1989-01-15,20.0151,19.3911,-0.3019,-0.517
1989-01-16,20.0232,19.3785,-0.2985,-0.5063
1989-01-17,20.0228,19.3801,-0.3036,-0.481
1989-01-18,20.0261,19.3782,-0.3051,-0.4638
1989-01-19,20.0374,19.36,-0.2994,-0.4624
1989-01-20,20.0448,19.35,-0.2962,-0.452
1989-01-21,20.0501,19.3369,-0.2945,-0.4482
1989-01-22,20.0583,19.2903,-0.2911,-0.4815
1989-01-23,20.0503,19.2286,-0.3041,-0.5179
1989-01-24,20.0378,19.2012,-0.3224,-0.5217
1989-01-25,20.0371,19.1746,-0.3307,-0.5267
1989-01-26,20.0376,19.1452,-0.3348,-0.5338
1989-01-27,20.0346,19.1248,-0.3407,-0.5309
1989-01-28,20.0377,19.1182,-0.3422,-0.52
1989-01-29,20.0433,19.1256,-0.3435,-0.4962
1989-01-30,20.0574,19.1341,-0.3356,-0.4747
1989-01-31,20.072,19.1389,-0.325,-0.4581
1989-02-01,20.0679,19.1373,-0.3318,-0.4441
1989-02-02,20.0648,19.1425,-0.338,-0.4227
1989-02-03,20.064,19.1435,-0.3452,-0.4071
1989-02-04,20.0678,19.1352,-0.3485,-0.398
1989-02-05,20.0708,19.1493,-0.3521,-0.3669
1989-02-06,20.0854,19.1527,-0.342,-0.3458
1989-02-07,20.1025,19.1508,-0.3307,-0.3331
1989-02-08,20.1006,19.166,-0.3388,-0.3069
1989-02-09,20.0942,19.1814,-0.3517,-0.2828
1989-02-10,20.0952,19.1691,-0.3563,-0.2878
1989-02-11,20.0853,19.1535,-0.3722,-0.3004
1989-02-12,20.0744,19.1658,-0.3886,-0.2756
1989-02-13,20.0754,19.1544,-0.3899,-0.2675
1989-02-14,20.0859,19.1324,-0.3831,-0.271
1989-02-15,20.1042,19.0915,-0.3705,-0.2932
1989-02-16,20.1195,19.063,-0.3591,-0.3108
1989-02-17,20.1355,19.0563,-0.3463,-0.313
1989-02-18,20.1386,19.0522,-0.3466,-0.3102
1989-02-19,20.1428,19.0542,-0.3458,-0.3049
1989-02-20,20.1537,19.0433,-0.339,-0.3085
1989-02-21,20.1569,19.0062,-0.3397,-0.3367
1989-02-22,20.163,18.9683,-0.3381,-0.3659
1989-02-23,20.1648,18.9297,-0.3414,-0.3979
1989-02-24,20.156,18.9092,-0.3539,-0.4136
1989-02-25,20.1298,18.9028,-0.3836,-0.4221
1989-02-26,20.1184,18.9006,-0.3961,-0.4205
1989-02-27,20.1257,18.9279,-0.3904,-0.3921
1989-02-28,20.1411,18.9479,-0.3731,-0.3815
1989-03-01,20.1606,18.9674,-0.3567,-0.3514
1989-03-02,20.1799,18.9803,-0.3371,-0.3403
1989-03-03,20.1831,18.9487,-0.3358,-0.3698
1989-03-04,20.1862,18.931,-0.3337,-0.3827
1989-03-05,20.1856,18.9112,-0.3333,-0.3966
1989-03-06,20.1916,18.8999,-0.3271,-0.4
1989-03-07,20.1875,18.8603,-0.3309,-0.4296
1989-03-08,20.1866,18.8363,-0.332,-0.4525
1989-03-09,20.1928,18.8163,-0.328,-0.4782
1989-03-10,20.1849,18.7956,-0.3382,-0.5036
1989-03-11,20.1695,18.7947,-0.3553,-0.5055
1989-03-12,20.1592,18.8134,-0.3693,-0.4903
1989-03-13,20.1508,18.8159,-0.3798,-0.4911
1989-03-14,20.1531,18.8315,-0.3802,-0.4836
1989-03-15,20.1548,18.8664,-0.3815,-0.4612
1989-03-16,20.1676,18.9141,-0.3727,-0.431
1989-03-17,20.1797,18.9543,-0.3636,-0.4035
1989-03-18,20.1858,18.9594,-0.3636,-0.4054
1989-03-19,20.1973,18.9417,-0.3577,-0.4299
1989-03-20,20.1973,18.9164,-0.3612,-0.4623
1989-03-21,20.1926,18.9116,-0.3663,-0.4752
1989-03-22,20.1897,18.9259,-0.3692,-0.4662
1989-03-23,20.1908,18.9352,-0.3674,-0.4613
1989-03-24,20.197,18.9587,-0.3577,-0.4404
1989-03-25,20.2134,18.9625,-0.3399,-0.4438
1989-03-26,20.2294,18.9511,-0.3239,-0.4633
1989-03-27,20.2313,18.9462,-0.3221,-0.4765
1989-03-28,20.2304,18.9281,-0.3238,-0.5004
1989-03-29,20.2232,18.9361,-0.33,-0.5044
1989-03-30,20.2118,18.9843,-0.3404,-0.469
1989-03-31,20.1968,19.0192,-0.3533,-0.4426
1989-04-01,20.1665,19.0193,-0.3822,-0.453
1989-04-02,20.1369,19.0057,-0.4083,-0.4846
1989-04-03,20.1205,19.0027,-0.4221,-0.504
1989-04-04,20.1149,18.9758,-0.4251,-0.5454
1989-04-05,20.1229,19.0041,-0.4146,-0.5366
1989-04-06,20.1196,19.0221,-0.4151,-0.5315
1989-04-07,20.1288,19.0204,-0.403,-0.5464
1989-04-08,20.1377,19.0153,-0.391,-0.568
1989-04-09,20.1451,19.0134,-0.3823,-0.5898
1989-04-10,20.1417,19.0315,-0.3837,-0.5914
1989-04-11,20.1451,19.0687,-0.3745,-0.5681
1989-04-12,20.1463,19.087,-0.3679,-0.5612
1989-04-13,20.1487,19.1025,-0.3617,-0.5602
1989-04-14,20.1432,19.0967,-0.3646,-0.5875
1989-04-15,20.1461,19.1027,-0.358,-0.6074
1989-04-16,20.1495,19.1113,-0.3531,-0.6238
1989-04-17,20.1502,19.1214,-0.3505,-0.6343
1989-04-18,20.1732,19.1748,-0.3248,-0.6033
1989-04-19,20.2031,19.2568,-0.2913,-0.5433
1989-04-20,20.2173,19.349,-0.2765,-0.4826
1989-04-21,20.2275,19.4049,-0.2642,-0.4564
1989-04-22,20.216,19.3966,-0.2759,-0.4957
1989-04-23,20.2013,19.3925,-0.2888,-0.532
1989-04-24,20.1851,19.3877,-0.3039,-0.5659
1989-04-25,20.1817,19.3952,-0.3061,-0.5854
1989-04-26,20.1728,19.4074,-0.3113,-0.5969
1989-04-27,20.1761,19.434,-0.3045,-0.5941
1989-04-28,20.1885,19.4676,-0.2884,-0.5868
1989-04-29,20.1853,19.4913,-0.2872,-0.5841
1989-04-30,20.1832,19.5432,-0.285,-0.553
1989-05-01,20.1763,19.6147,-0.2867,-0.5127
1989-05-02,20.1709,19.6606,-0.2882,-0.5018
1989-05-03,20.1733,19.704,-0.2849,-0.4981
1989-05-04,20.1658,19.7919,-0.2893,-0.4443
1989-05-05,20.1543,19.8573,-0.2958,-0.4088
1989-05-06,20.1489,19.8973,-0.2958,-0.3966
1989-05-07,20.1486,19.9317,-0.2903,-0.389
1989-05-08,20.145,19.9352,-0.2897,-0.4173
1989-05-09,20.1373,19.9176,-0.2941,-0.4665
1989-05-10,20.121,19.8858,-0.308,-0.5259
1989-05-11,20.1093,19.8859,-0.3168,-0.5584
1989-05-12,20.0946,19.9215,-0.3279,-0.5518
1989-05-13,20.0927,19.9916,-0.3281,-0.52
1989-05-14,20.082,20.0111,-0.3363,-0.5288
1989-05-15,20.0694,20.0404,-0.3472,-0.526
1989-05-16,20.0665,20.1115,-0.3463,-0.4868
1989-05-17,20.0579,20.1676,-0.3524,-0.4651
1989-05-18,20.0487,20.2306,-0.359,-0.4386
1989-05-19,20.0533,20.289,-0.3513,-0.4212
1989-05-20,20.0627,20.358,-0.3398,-0.3934
1989-05-21,20.0759,20.4054,-0.324,-0.3872
1989-05-22,20.0832,20.4263,-0.315,-0.4033
1989-05-23,20.0795,20.44,-0.3166,-0.4303
1989-05-24,20.0792,20.5463,-0.3129,-0.3603
1989-05-25,20.0768,20.7121,-0.3106,-0.2368
1989-05-26,20.0754,20.8449,-0.3076,-0.1457
1989-05-27,20.0567,20.9241,-0.3221,-0.1081
1989-05-28,20.0438,21.0149,-0.3323,-0.0645
1989-05-29,20.0199,21.057,-0.3523,-0.0728
1989-05-30,19.994,21.0726,-0.3732,-0.0999
1989-05-31,19.9715,21.115,-0.3908,-0.0987
1989-06-01,19.9541,21.1537,-0.405,-0.1059
1989-06-02,19.9582,21.1832,-0.3981,-0.115
1989-06-03,19.9561,21.2193,-0.3976,-0.1179
1989-06-04,19.9655,21.2566,-0.3844,-0.1213
1989-06-05,19.9923,21.3191,-0.3513,-0.0994
1989-06-06,20.0115,21.391,-0.3246,-0.0693
1989-06-07,20.0166,21.4763,-0.3146,-0.0287
1989-06-08,20.0124,21.5128,-0.3161,-0.0362
1989-06-09,20.0009,21.5013,-0.3259,-0.0968
1989-06-10,19.9951,21.5032,-0.3279,-0.1404
1989-06-11,19.9965,21.5404,-0.3238,-0.1507
1989-06-12,19.993,21.5756,-0.3251,-0.1592
1989-06-13,19.9976,21.6284,-0.3195,-0.1519
1989-06-14,20.0053,21.6977,-0.3111,-0.1321
1989-06-15,20.0172,21.8,-0.3002,-0.081
1989-06-16,20.0187,21.8911,-0.3038,-0.046
1989-06-17,20.0159,21.9754,-0.308,-0.0119
1989-06-18,20.016,22.0618,-0.3067,0.0229
1989-06-19,20.0019,22.1036,-0.3192,0.0128
1989-06-20,19.9911,22.0904,-0.329,-0.0425
1989-06-21,19.9834,22.1139,-0.3375,-0.0625
1989-06-22,19.9865,22.2031,-0.3365,-0.0223
1989-06-23,19.9852,22.2387,-0.3399,-0.0351
1989-06-24,19.9914,22.2692,-0.3349,-0.059
1989-06-25,19.9986,22.3086,-0.3277,-0.0722
1989-06-26,20.0018,22.3542,-0.3245,-0.0764
1989-06-27,19.9961,22.3919,-0.3305,-0.0844
1989-06-28,20.0094,22.4749,-0.3183,-0.0417
1989-06-29,20.0269,22.4945,-0.301,-0.0622
1989-06-30,20.0193,22.4912,-0.3094,-0.1079
1989-07-01,19.9922,22.5008,-0.3384,-0.1368
1989-07-02,19.9748,22.4814,-0.3546,-0.1946
1989-07-03,19.9752,22.5112,-0.3538,-0.203
1989-07-04,19.9774,22.5629,-0.3536,-0.1942
1989-07-05,19.9894,22.6436,-0.3434,-0.1616
1989-07-06,20.0142,22.7928,-0.3192,-0.0582
1989-07-07,20.033,22.8644,-0.2994,-0.0288
1989-07-08,20.0448,22.8864,-0.2855,-0.0509
1989-07-09,20.0505,22.8951,-0.2788,-0.088
1989-07-10,20.0593,22.9166,-0.2715,-0.1094
1989-07-11,20.0655,22.9479,-0.2683,-0.1132
1989-07-12,20.0818,23.0303,-0.2543,-0.0649
1989-07-13,20.0957,23.1035,-0.2433,-0.0183
1989-07-14,20.1078,23.1801,-0.2332,0.0266
1989-07-15,20.1079,23.2255,-0.2352,0.0375
1989-07-16,20.1122,23.2613,-0.234,0.0341
1989-07-17,20.1231,23.2849,-0.2248,0.0215
1989-07-18,20.1216,23.298,-0.2262,-0.0017
1989-07-19,20.1248,23.3334,-0.223,-0.0025
1989-07-20,20.1268,23.3722,-0.2205,0.007
1989-07-21,20.1223,23.4245,-0.2265,0.0263
1989-07-22,20.1187,23.472,-0.2333,0.0353
1989-07-23,20.125,23.5072,-0.2289,0.0334
1989-07-24,20.1406,23.552,-0.2154,0.0425
1989-07-25,20.1504,23.532,-0.2085,-0.0101
1989-07-26,20.1397,23.512,-0.2237,-0.0582
1989-07-27,20.1285,23.5347,-0.2416,-0.074
1989-07-28,20.1316,23.6215,-0.2462,-0.0314
1989-07-29,20.1237,23.6304,-0.2593,-0.0583
1989-07-30,20.1143,23.623,-0.2731,-0.1096
1989-07-31,20.0998,23.6439,-0.2906,-0.1258
1989-08-01,20.0843,23.685,-0.3053,-0.1102
1989-08-02,20.0589,23.7176,-0.3308,-0.101
1989-08-03,20.0533,23.7908,-0.3357,-0.0555
1989-08-04,20.0547,23.873,-0.3355,0.0005
1989-08-05,20.0649,23.8911,-0.3274,-0.0092
1989-08-06,20.074,23.9004,-0.3189,-0.0318
1989-08-07,20.0847,23.9219,-0.311,-0.0345
1989-08-08,20.1037,23.9856,-0.2937,0.0089
1989-08-09,20.1075,23.9531,-0.2893,-0.0366
1989-08-10,20.12,23.9389,-0.2787,-0.0741
1989-08-11,20.1277,23.9867,-0.2739,-0.0582
1989-08-12,20.125,24.0114,-0.2792,-0.0642
1989-08-13,20.1181,24.0099,-0.2878,-0.0885
1989-08-14,20.1117,23.9917,-0.2963,-0.1286
1989-08-15,20.1007,23.965,-0.3083,-0.1708
1989-08-16,20.0965,23.9768,-0.3134,-0.1693
1989-08-17,20.0846,23.9719,-0.3243,-0.1776
1989-08-18,20.0675,23.9401,-0.339,-0.2032
1989-08-19,20.0595,23.9208,-0.3472,-0.2273
1989-08-20,20.0673,23.9273,-0.3406,-0.2346
1989-08-21,20.0913,23.9535,-0.3185,-0.2265
1989-08-22,20.1135,23.9702,-0.2961,-0.2172
1989-08-23,20.128,24.001,-0.2814,-0.1948
1989-08-24,20.1348,24.0146,-0.2745,-0.1877
1989-08-25,20.1404,24.0229,-0.2691,-0.1848
1989-08-26,20.1427,24.0059,-0.2669,-0.2087
1989-08-27,20.1417,23.9817,-0.2695,-0.2439
1989-08-28,20.1465,23.994,-0.2642,-0.2335
1989-08-29,20.1479,24.0309,-0.2633,-0.1975
1989-08-30,20.1326,24.0222,-0.2781,-0.2004
1989-08-31,20.1158,23.9739,-0.293,-0.2411
1989-09-01,20.0993,23.9201,-0.3096,-0.2889
1989-09-02,20.092,23.8808,-0.3162,-0.3271
1989-09-03,20.0881,23.8502,-0.3181,-0.3529
1989-09-04,20.0822,23.8083,-0.3227,-0.3931
1989-09-05,20.0851,23.8102,-0.3169,-0.3848
1989-09-06,20.0762,23.7822,-0.3209,-0.3951
1989-09-07,20.0758,23.7398,-0.3136,-0.4211
1989-09-08,20.0693,23.6838,-0.3143,-0.4592
1989-09-09,20.0645,23.6267,-0.314,-0.4987
1989-09-10,20.0543,23.6104,-0.3182,-0.4999
1989-09-11,20.0476,23.635,-0.3178,-0.455
1989-09-12,20.0447,23.6583,-0.3156,-0.4157
1989-09-13,20.0458,23.6491,-0.3092,-0.4135
1989-09-14,20.0599,23.6645,-0.2874,-0.3827
1989-09-15,20.0773,23.6713,-0.2635,-0.3621
1989-09-16,20.0812,23.663,-0.2534,-0.353
1989-09-17,20.0872,23.638,-0.2415,-0.3592
1989-09-18,20.0894,23.5639,-0.2349,-0.4107
1989-09-19,20.095,23.532,-0.2263,-0.4271
1989-09-20,20.1027,23.5264,-0.2188,-0.4193
1989-09-21,20.0969,23.479,-0.2229,-0.4472
1989-09-22,20.0863,23.4295,-0.2309,-0.4778
1989-09-23,20.0782,23.4021,-0.2371,-0.489
1989-09-24,20.0658,23.3752,-0.2466,-0.4952
1989-09-25,20.0583,23.3381,-0.2512,-0.5157
1989-09-26,20.0507,23.3047,-0.2552,-0.5328
1989-09-27,20.0266,23.2291,-0.2741,-0.5916
1989-09-28,19.9994,23.1783,-0.2939,-0.6234
1989-09-29,19.9911,23.1427,-0.2957,-0.6369
1989-09-30,19.9879,23.0981,-0.2943,-0.6544
1989-10-01,19.9769,23.108,-0.3015,-0.614
1989-10-02,19.9751,23.1289,-0.2984,-0.5606
1989-10-03,19.9546,23.1293,-0.3132,-0.5279
1989-10-04,19.9321,23.1032,-0.3311,-0.5243
1989-10-05,19.9234,23.0988,-0.3344,-0.4991
1989-10-06,19.9163,23.092,-0.3371,-0.4757
1989-10-07,19.9088,23.1103,-0.3419,-0.4323
1989-10-08,19.9093,23.0804,-0.3361,-0.4276
1989-10-09,19.9047,23.0264,-0.3363,-0.4445
1989-10-10,19.8966,22.9806,-0.3391,-0.4554
1989-10-11,19.8858,22.9292,-0.3428,-0.4754
1989-10-12,19.8806,22.8908,-0.3422,-0.4834
1989-10-13,19.8827,22.8655,-0.3351,-0.475
1989-10-14,19.8856,22.8622,-0.3277,-0.4458
1989-10-15,19.8886,22.8893,-0.323,-0.3859
1989-10-16,19.8916,22.8984,-0.3194,-0.3481
1989-10-17,19.8979,22.8859,-0.3115,-0.3328
1989-10-18,19.8834,22.8071,-0.3228,-0.3859
1989-10-19,19.8756,22.7274,-0.3303,-0.4359
1989-10-20,19.8838,22.6902,-0.3196,-0.4401
1989-10-21,19.8892,22.652,-0.3115,-0.4416
1989-10-22,19.8901,22.6172,-0.3078,-0.439
1989-10-23,19.8822,22.5576,-0.3141,-0.4614
1989-10-24,19.8711,22.4843,-0.3243,-0.4976
1989-10-25,19.8727,22.4613,-0.3213,-0.4827
1989-10-26,19.8759,22.4442,-0.315,-0.4592
1989-10-27,19.8712,22.4151,-0.3159,-0.4483
1989-10-28,19.8815,22.3804,-0.301,-0.4379
1989-10-29,19.888,22.3602,-0.2896,-0.4127
1989-10-30,19.8904,22.3391,-0.2822,-0.3894
1989-10-31,19.8997,22.3082,-0.268,-0.3794
1989-11-01,19.9214,22.2708,-0.2392,-0.3748
1989-11-02,19.924,22.2164,-0.2318,-0.3838
1989-11-03,19.9146,22.1563,-0.2369,-0.3964
1989-11-04,19.9097,22.089,-0.2381,-0.4165
1989-11-05,19.8897,22.0182,-0.256,-0.4488
1989-11-06,19.8791,21.9644,-0.2667,-0.4661
1989-11-07,19.8767,21.9391,-0.2692,-0.453
1989-11-08,19.8779,21.8802,-0.2686,-0.4755
1989-11-09,19.8783,21.8503,-0.2696,-0.4678
1989-11-10,19.8756,21.8351,-0.2734,-0.4442
1989-11-11,19.8759,21.7844,-0.2724,-0.4511
1989-11-12,19.8828,21.7318,-0.266,-0.4558
1989-11-13,19.8797,21.6951,-0.2686,-0.4444
1989-11-14,19.8752,21.6605,-0.2735,-0.4365
1989-11-15,19.8707,21.6164,-0.276,-0.4441
1989-11-16,19.8794,21.5642,-0.2675,-0.4665
1989-11-17,19.8699,21.4962,-0.2773,-0.498
1989-11-18,19.8641,21.4529,-0.2819,-0.4978
1989-11-19,19.8586,21.4414,-0.2881,-0.466
1989-11-20,19.8505,21.3939,-0.2967,-0.4699
1989-11-21,19.8467,21.3262,-0.3034,-0.5002
1989-11-22,19.8525,21.2739,-0.3001,-0.5144
1989-11-23,19.8577,21.2557,-0.2975,-0.4901
1989-11-24,19.8613,21.2157,-0.2956,-0.4921
1989-11-25,19.8555,21.1933,-0.3033,-0.4735
1989-11-26,19.8558,21.1685,-0.3027,-0.4502
1989-11-27,19.8538,21.123,-0.304,-0.4558
1989-11-28,19.8549,21.0777,-0.3017,-0.4625
1989-11-29,19.873,21.0508,-0.281,-0.4436
1989-11-30,19.8981,21.0119,-0.2553,-0.4421
1989-12-01,19.9122,20.9615,-0.2444,-0.4575
1989-12-02,19.9097,20.928,-0.2502,-0.4552
1989-12-03,19.9018,20.8726,-0.2609,-0.4734
1989-12-04,19.8966,20.8407,-0.2676,-0.4635
1989-12-05,19.8932,20.8181,-0.275,-0.4458
1989-12-06,19.893,20.7932,-0.2786,-0.4342
1989-12-07,19.9034,20.7483,-0.2702,-0.4393
1989-12-08,19.9206,20.7316,-0.2531,-0.4176
1989-12-09,19.9327,20.7189,-0.2422,-0.3942
1989-12-10,19.9403,20.6942,-0.2347,-0.3788
1989-12-11,19.9373,20.6286,-0.2369,-0.4017
1989-12-12,19.9391,20.5946,-0.2369,-0.3913
1989-12-13,19.9283,20.6026,-0.2523,-0.3463
1989-12-14,19.9137,20.6191,-0.2708,-0.2975
1989-12-15,19.9033,20.6149,-0.2848,-0.2657
1989-12-16,19.8861,20.5795,-0.306,-0.2581
1989-12-17,19.8723,20.5286,-0.3241,-0.2684
1989-12-18,19.8683,20.4886,-0.3317,-0.2728
1989-12-19,19.8566,20.4106,-0.346,-0.3185
1989-12-20,19.8559,20.3118,-0.3486,-0.3834
1989-12-21,19.8693,20.2437,-0.3375,-0.4206
1989-12-22,19.8808,20.1855,-0.329,-0.4548
1989-12-23,19.8964,20.1614,-0.3204,-0.4571
1989-12-24,19.9154,20.1558,-0.3107,-0.4319
1989-12-25,19.9311,20.1249,-0.3038,-0.43
1989-12-26,19.9422,20.0808,-0.297,-0.4402
1989-12-27,19.9534,20.0346,-0.2892,-0.451
1989-12-28,19.9557,19.9821,-0.2897,-0.4681
1989-12-29,19.9642,19.9478,-0.2855,-0.4721
1989-12-30,19.9749,19.9381,-0.2772,-0.4499
1989-12-31,19.9726,19.8988,-0.284,-0.4577
1990-01-01,19.9838,19.8417,-0.2655,-0.4601
1990-01-02,19.9944,19.8002,-0.258,-0.4713
1990-01-03,19.992,19.759,-0.2649,-0.4848
1990-01-04,20.0008,19.739,-0.2613,-0.4693
1990-01-05,20.0013,19.7144,-0.2644,-0.4604
1990-01-06,20.0026,19.6645,-0.2661,-0.4816
1990-01-07,19.9994,19.6088,-0.2735,-0.5102
1990-01-08,19.9966,19.5783,-0.2816,-0.5109
1990-01-09,19.997,19.5481,-0.2856,-0.5124
1990-01-10,20.0058,19.5528,-0.282,-0.4803
1990-01-11,20.0174,19.5476,-0.2768,-0.4597
1990-01-12,20.0283,19.5205,-0.2718,-0.4641
1990-01-13,20.0321,19.4935,-0.2753,-0.4639
1990-01-14,20.0469,19.4699,-0.2664,-0.4609
1990-01-15,20.0758,19.4563,-0.2412,-0.4518
1990-01-16,20.0958,19.4252,-0.2259,-0.4596
1990-01-17,20.0998,19.3934,-0.2266,-0.4677
1990-01-18,20.0947,19.3814,-0.2365,-0.4606
1990-01-19,20.0972,19.3833,-0.2396,-0.4391
1990-01-20,20.1004,19.361,-0.2406,-0.441
1990-01-21,20.0941,19.3076,-0.2505,-0.4775
1990-01-22,20.0924,19.248,-0.257,-0.5238
1990-01-23,20.0901,19.2221,-0.2643,-0.5244
1990-01-24,20.0937,19.226,-0.2665,-0.4969
1990-01-25,20.1194,19.2333,-0.2484,-0.468
1990-01-26,20.1326,19.2601,-0.2398,-0.4189
1990-01-27,20.1337,19.2774,-0.2416,-0.3783
1990-01-28,20.1456,19.2886,-0.2343,-0.3496
1990-01-29,20.1555,19.296,-0.2313,-0.3258
1990-01-30,20.1578,19.2684,-0.2352,-0.3404
1990-01-31,20.1467,19.2041,-0.2503,-0.3929
1990-02-01,20.1464,19.1576,-0.2533,-0.4238
1990-02-02,20.1613,19.1387,-0.2415,-0.4265
1990-02-03,20.1768,19.1324,-0.2324,-0.4182
1990-02-04,20.1995,19.1264,-0.2168,-0.4068
1990-02-05,20.2153,19.0921,-0.2076,-0.4241
1990-02-06,20.2233,19.086,-0.2041,-0.4125
1990-02-07,20.2358,19.085,-0.1974,-0.3989
1990-02-08,20.2485,19.0932,-0.1909,-0.3797
1990-02-09,20.2599,19.0967,-0.186,-0.3675
1990-02-10,20.2642,19.0487,-0.1873,-0.4082
1990-02-11,20.3019,19.0287,-0.1556,-0.4252
1990-02-12,20.3138,18.9995,-0.1492,-0.4419
1990-02-13,20.3195,19.0109,-0.1458,-0.411
1990-02-14,20.3232,19.0312,-0.1458,-0.3722
1990-02-15,20.3214,19.0804,-0.1533,-0.3043
1990-02-16,20.3206,19.0941,-0.158,-0.2797
1990-02-17,20.3131,19.0751,-0.1687,-0.2942
1990-02-18,20.3189,19.0612,-0.1663,-0.3012
1990-02-19,20.3379,19.0651,-0.1507,-0.294
1990-02-20,20.3527,19.0635,-0.14,-0.2883
1990-02-21,20.3664,19.027,-0.1302,-0.3159
1990-02-22,20.3658,19.0004,-0.1353,-0.3338
1990-02-23,20.3696,18.9889,-0.1366,-0.3387
1990-02-24,20.3726,18.9738,-0.1373,-0.349
1990-02-25,20.3728,18.9717,-0.1406,-0.3532
1990-02-26,20.3667,18.9381,-0.1478,-0.383
1990-02-27,20.3547,18.9041,-0.1614,-0.4159
1990-02-28,20.3309,18.8921,-0.1833,-0.4373
1990-03-01,20.3044,18.8826,-0.2129,-0.4362
1990-03-02,20.3052,18.8927,-0.2118,-0.4279
1990-03-03,20.3199,18.9207,-0.199,-0.3978
1990-03-04,20.3282,18.9216,-0.1917,-0.3921
1990-03-05,20.3258,18.9216,-0.1931,-0.3862
1990-03-06,20.3217,18.9649,-0.197,-0.335
1990-03-07,20.3189,19.0056,-0.1995,-0.2843
1990-03-08,20.3037,19.0105,-0.2149,-0.2783
1990-03-09,20.2962,18.9881,-0.2246,-0.3064
1990-03-10,20.2852,18.9551,-0.2379,-0.3441
1990-03-11,20.28,18.945,-0.2448,-0.3552
1990-03-12,20.2764,18.9316,-0.2521,-0.3721
1990-03-13,20.2801,18.9066,-0.2505,-0.4004
1990-03-14,20.2833,18.8546,-0.25,-0.4605
1990-03-15,20.2839,18.8417,-0.2524,-0.4859
1990-03-16,20.2905,18.8768,-0.2498,-0.4683
1990-03-17,20.3077,18.9671,-0.2356,-0.3907
1990-03-18,20.3285,19.0574,-0.2209,-0.3074
1990-03-19,20.3481,19.1004,-0.2069,-0.2712
1990-03-20,20.3635,19.1411,-0.195,-0.2376
1990-03-21,20.3741,19.1432,-0.1848,-0.2436
1990-03-22,20.3764,19.1286,-0.1825,-0.2635
1990-03-23,20.3574,19.0964,-0.2008,-0.3001
1990-03-24,20.3522,19.0697,-0.2025,-0.3294
1990-03-25,20.362,19.0545,-0.1913,-0.3518
1990-03-26,20.3596,19.094,-0.1937,-0.3204
1990-03-27,20.3638,19.1455,-0.1896,-0.2772
1990-03-28,20.3632,19.1809,-0.191,-0.2476
1990-03-29,20.3559,19.1702,-0.1973,-0.2703
1990-03-30,20.3497,19.174,-0.2025,-0.2793
1990-03-31,20.3518,19.2352,-0.1983,-0.2266
1990-04-01,20.3622,19.2674,-0.1865,-0.2049
1990-04-02,20.377,19.2851,-0.1682,-0.2052
1990-04-03,20.3812,19.2575,-0.1614,-0.2492
1990-04-04,20.3776,19.2507,-0.1624,-0.2705
1990-04-05,20.3601,19.2842,-0.1774,-0.2565
1990-04-06,20.3431,19.3579,-0.1916,-0.1957
1990-04-07,20.3384,19.4317,-0.1934,-0.1351
1990-04-08,20.3369,19.4733,-0.1918,-0.11
1990-04-09,20.3307,19.4606,-0.1967,-0.1426
1990-04-10,20.3215,19.4251,-0.2039,-0.1978
1990-04-11,20.3191,19.4184,-0.2005,-0.2184
1990-04-12,20.3207,19.4234,-0.1935,-0.2248
1990-04-13,20.3118,19.4024,-0.1986,-0.2603
1990-04-14,20.3145,19.4128,-0.1933,-0.2714
1990-04-15,20.3219,19.4536,-0.1822,-0.2565
1990-04-16,20.3311,19.5406,-0.1715,-0.1945
1990-04-17,20.3271,19.5845,-0.1736,-0.1712
1990-04-18,20.3285,19.6404,-0.1695,-0.1377
1990-04-19,20.3313,19.6396,-0.1631,-0.1605
1990-04-20,20.3163,19.5519,-0.1775,-0.2797
1990-04-21,20.3145,19.5334,-0.1772,-0.3279
1990-04-22,20.3184,19.5478,-0.1735,-0.3445
1990-04-23,20.3211,19.5748,-0.169,-0.3497
1990-04-24,20.3162,19.5835,-0.1728,-0.3701
1990-04-25,20.3191,19.6165,-0.1687,-0.3641
1990-04-26,20.3305,19.6554,-0.1536,-0.3489
1990-04-27,20.3356,19.68,-0.145,-0.3481
1990-04-28,20.3445,19.711,-0.1324,-0.3434
1990-04-29,20.3591,19.792,-0.1134,-0.2834
1990-04-30,20.364,19.8556,-0.1042,-0.2406
1990-05-01,20.3453,19.859,-0.1177,-0.2684
1990-05-02,20.3234,19.859,-0.1357,-0.3034
1990-05-03,20.3166,19.8399,-0.1416,-0.3622
1990-05-04,20.3107,19.8433,-0.1444,-0.3929
1990-05-05,20.3032,19.8887,-0.1469,-0.3774
1990-05-06,20.2859,19.9287,-0.1588,-0.3652
1990-05-07,20.2691,19.9711,-0.1698,-0.3496
1990-05-08,20.2529,20.0006,-0.1818,-0.3519
1990-05-09,20.2527,20.0237,-0.1787,-0.3604
1990-05-10,20.2654,20.0746,-0.1636,-0.3371
1990-05-11,20.271,20.1025,-0.1551,-0.3418
1990-05-12,20.2607,20.1301,-0.1618,-0.3432
1990-05-13,20.2555,20.1961,-0.1653,-0.3155
1990-05-14,20.249,20.2353,-0.1693,-0.3046
1990-05-15,20.2519,20.2644,-0.1647,-0.302
1990-05-16,20.2454,20.2646,-0.1674,-0.3337
1990-05-17,20.2362,20.2654,-0.1741,-0.3673
1990-05-18,20.224,20.3164,-0.1837,-0.3528
1990-05-19,20.2287,20.4207,-0.1759,-0.2895
1990-05-20,20.2272,20.5409,-0.1753,-0.2105
1990-05-21,20.2302,20.6124,-0.1697,-0.1802
1990-05-22,20.2315,20.6673,-0.1667,-0.1623
1990-05-23,20.2391,20.7001,-0.157,-0.1702
1990-05-24,20.2458,20.7217,-0.1463,-0.1849
1990-05-25,20.2393,20.7297,-0.1481,-0.2192
1990-05-26,20.2383,20.8331,-0.1447,-0.1575
1990-05-27,20.2259,20.9247,-0.1529,-0.1075
1990-05-28,20.2103,20.938,-0.1658,-0.1414
1990-05-29,20.1953,20.9427,-0.1769,-0.1871
1990-05-30,20.1841,20.9412,-0.1831,-0.2313
1990-05-31,20.1692,20.9692,-0.1931,-0.2445
1990-06-01,20.1512,20.9873,-0.2079,-0.2723
1990-06-02,20.1449,21.0709,-0.2114,-0.2273
1990-06-03,20.1239,21.124,-0.2298,-0.2132
1990-06-04,20.1156,21.1486,-0.2343,-0.2293
1990-06-05,20.1054,21.1683,-0.2382,-0.2502
1990-06-06,20.0914,21.1462,-0.2447,-0.3141
1990-06-07,20.0813,21.1556,-0.2499,-0.3494
1990-06-08,20.0668,21.1811,-0.2617,-0.3679
1990-06-09,20.0526,21.2146,-0.2742,-0.3835
1990-06-10,20.0552,21.2915,-0.2678,-0.3521
1990-06-11,20.0569,21.3442,-0.2634,-0.3469
1990-06-12,20.0588,21.3942,-0.2593,-0.3406
1990-06-13,20.0586,21.4349,-0.2585,-0.3454
1990-06-14,20.0616,21.4744,-0.2548,-0.3554
1990-06-15,20.0596,21.5068,-0.2578,-0.3742
1990-06-16,20.0496,21.5547,-0.2729,-0.3824
1990-06-17,20.0577,21.603,-0.2662,-0.3843
1990-06-18,20.0581,21.6205,-0.2646,-0.4184
1990-06-19,20.0542,21.6563,-0.2669,-0.4345
1990-06-20,20.0465,21.6559,-0.2736,-0.477
1990-06-21,20.0481,21.6765,-0.2728,-0.4999
1990-06-22,20.0638,21.7055,-0.2592,-0.5199
1990-06-23,20.0759,21.7564,-0.2492,-0.5174
1990-06-24,20.0903,21.8252,-0.236,-0.503
1990-06-25,20.0957,21.8975,-0.2306,-0.4833
1990-06-26,20.1103,21.9733,-0.216,-0.4573
1990-06-27,20.1121,22.0116,-0.2145,-0.4647
1990-06-28,20.1128,22.0408,-0.2149,-0.4758
1990-06-29,20.1105,22.0573,-0.2174,-0.4994
1990-06-30,20.1238,22.0993,-0.2049,-0.4998
1990-07-01,20.1259,22.167,-0.2047,-0.4706
1990-07-02,20.1182,22.2128,-0.2112,-0.4632
1990-07-03,20.1001,22.2622,-0.2289,-0.452
1990-07-04,20.0973,22.3545,-0.2337,-0.4026
1990-07-05,20.0965,22.4404,-0.2363,-0.3648
1990-07-06,20.088,22.476,-0.2454,-0.375
1990-07-07,20.0774,22.4858,-0.255,-0.4074
1990-07-08,20.076,22.5545,-0.2543,-0.3827
1990-07-09,20.0811,22.6198,-0.2482,-0.3633
1990-07-10,20.086,22.6458,-0.2448,-0.3802
1990-07-11,20.0845,22.6589,-0.2493,-0.4022
1990-07-12,20.0704,22.6719,-0.2657,-0.4233
1990-07-13,20.0626,22.693,-0.2764,-0.4288
1990-07-14,20.07,22.7387,-0.271,-0.4148
1990-07-15,20.0838,22.8551,-0.2593,-0.3329
1990-07-16,20.1023,22.9683,-0.2439,-0.2589
1990-07-17,20.1231,23.0185,-0.2248,-0.2449
1990-07-18,20.1381,23.0744,-0.2097,-0.2253
1990-07-19,20.1569,23.1322,-0.1909,-0.2037
1990-07-20,20.1538,23.1647,-0.1935,-0.2005
1990-07-21,20.1597,23.2084,-0.1891,-0.1898
1990-07-22,20.1747,23.2547,-0.1773,-0.1821
1990-07-23,20.1972,23.3153,-0.1567,-0.1585
1990-07-24,20.2051,23.3481,-0.1509,-0.1614
1990-07-25,20.2112,23.354,-0.1477,-0.1881
1990-07-26,20.2058,23.3205,-0.1576,-0.2497
1990-07-27,20.2096,23.3101,-0.1605,-0.2986
1990-07-28,20.2105,23.2857,-0.1673,-0.3672
1990-07-29,20.2152,23.3015,-0.1678,-0.3872
1990-07-30,20.2213,23.3255,-0.1661,-0.4071
1990-07-31,20.2215,23.3453,-0.1689,-0.4244
1990-08-01,20.2277,23.3709,-0.1619,-0.4243
1990-08-02,20.2292,23.3745,-0.1605,-0.4441
1990-08-03,20.22,23.4207,-0.169,-0.4256
1990-08-04,20.2167,23.4902,-0.1735,-0.3823
1990-08-05,20.2302,23.5558,-0.1621,-0.3445
1990-08-06,20.229,23.6038,-0.1639,-0.3284
1990-08-07,20.2159,23.6692,-0.1798,-0.2872
1990-08-08,20.2099,23.7123,-0.1875,-0.2644
1990-08-09,20.2158,23.7902,-0.181,-0.1995
1990-08-10,20.2055,23.8293,-0.1932,-0.1837
1990-08-11,20.1918,23.8347,-0.2098,-0.2102
1990-08-12,20.2021,23.883,-0.2021,-0.1926
1990-08-13,20.1973,23.8908,-0.2086,-0.2076
1990-08-14,20.1962,23.9147,-0.2118,-0.2056
1990-08-15,20.1962,23.8952,-0.2128,-0.2406
1990-08-16,20.1898,23.8821,-0.2201,-0.264
1990-08-17,20.1701,23.8472,-0.2388,-0.3023
1990-08-18,20.1649,23.8137,-0.2416,-0.3296
1990-08-19,20.1655,23.8451,-0.2412,-0.303
1990-08-20,20.1521,23.8208,-0.2558,-0.3411
1990-08-21,20.1488,23.8177,-0.261,-0.3623
1990-08-22,20.1505,23.8383,-0.2591,-0.3491
1990-08-23,20.1496,23.8226,-0.2598,-0.3732
1990-08-24,20.1427,23.8167,-0.2666,-0.3856
1990-08-25,20.141,23.8163,-0.2685,-0.3914
1990-08-26,20.1434,23.817,-0.2662,-0.3976
1990-08-27,20.1436,23.8384,-0.2676,-0.3872
1990-08-28,20.1446,23.8684,-0.2661,-0.3591
1990-08-29,20.1371,23.8589,-0.2741,-0.3695
1990-08-30,20.1472,23.8699,-0.2635,-0.3527
1990-08-31,20.1462,23.8546,-0.2626,-0.3604
1990-09-01,20.1448,23.8236,-0.2641,-0.3854
1990-09-02,20.1441,23.8345,-0.2641,-0.3734
1990-09-03,20.143,23.8344,-0.2632,-0.3688
1990-09-04,20.1412,23.828,-0.2637,-0.3734
1990-09-05,20.1346,23.8389,-0.2674,-0.3561
1990-09-06,20.1437,23.9036,-0.2534,-0.2737
1990-09-07,20.1368,23.933,-0.2526,-0.2279
1990-09-08,20.1267,23.9217,-0.2569,-0.2213
1990-09-09,20.1165,23.8927,-0.262,-0.2327
1990-09-10,20.114,23.8717,-0.2585,-0.2386
1990-09-11,20.1028,23.8843,-0.2626,-0.2058
1990-09-12,20.1015,23.9012,-0.2588,-0.1728
1990-09-13,20.1125,23.893,-0.2425,-0.1696
1990-09-14,20.1212,23.849,-0.2261,-0.1982
1990-09-15,20.1273,23.8368,-0.2135,-0.1966
1990-09-16,20.143,23.8731,-0.1916,-0.1429
1990-09-17,20.1537,23.8866,-0.175,-0.1106
1990-09-18,20.1476,23.8608,-0.1767,-0.1138
1990-09-19,20.1285,23.8181,-0.1928,-0.141
1990-09-20,20.1222,23.7913,-0.1993,-0.1544
1990-09-21,20.1196,23.7767,-0.2002,-0.1495
1990-09-22,20.1217,23.7546,-0.1955,-0.1527
1990-09-23,20.1247,23.7494,-0.1906,-0.1417
1990-09-24,20.1354,23.773,-0.177,-0.0974
1990-09-25,20.1368,23.7876,-0.1727,-0.0662
1990-09-26,20.1326,23.7902,-0.1733,-0.0473
1990-09-27,20.1345,23.7938,-0.1662,-0.0268
1990-09-28,20.1357,23.7921,-0.1576,-0.0096
1990-09-29,20.1365,23.7238,-0.1503,-0.0558
1990-09-30,20.1299,23.62,-0.1523,-0.1325
1990-10-01,20.125,23.5475,-0.1534,-0.1745
1990-10-02,20.122,23.5247,-0.1515,-0.1648
1990-10-03,20.1162,23.5141,-0.1516,-0.1431
1990-10-04,20.0967,23.4957,-0.1665,-0.1318
1990-10-05,20.072,23.4782,-0.1858,-0.1197
1990-10-06,20.0462,23.448,-0.2072,-0.1197
1990-10-07,20.0327,23.4048,-0.218,-0.1378
1990-10-08,20.0372,23.36,-0.2082,-0.148
1990-10-09,20.037,23.2963,-0.204,-0.1746
1990-10-10,20.0176,23.2292,-0.2181,-0.2068
1990-10-11,20.0062,23.1824,-0.2224,-0.2222
1990-10-12,20.0212,23.1352,-0.2016,-0.239
1990-10-13,20.042,23.1222,-0.1758,-0.2183
1990-10-14,20.0445,23.0932,-0.1688,-0.2148
1990-10-15,20.0294,23.034,-0.1822,-0.2412
1990-10-16,20.0166,22.963,-0.1944,-0.2835
1990-10-17,20.0227,22.9188,-0.1867,-0.2999
1990-10-18,20.033,22.9086,-0.1732,-0.2844
1990-10-19,20.0404,22.8951,-0.1655,-0.2682
1990-10-20,20.0489,22.8319,-0.1545,-0.2984
1990-10-21,20.0729,22.751,-0.1278,-0.3426
1990-10-22,20.0859,22.7234,-0.112,-0.3328
1990-10-23,20.1011,22.7303,-0.0952,-0.2887
1990-10-24,20.1192,22.7062,-0.0762,-0.2757
1990-10-25,20.1174,22.662,-0.0766,-0.282
1990-10-26,20.1026,22.6302,-0.0883,-0.2732
1990-10-27,20.0757,22.5363,-0.1114,-0.3271
1990-10-28,20.0529,22.4544,-0.1296,-0.3639
1990-10-29,20.037,22.4177,-0.1406,-0.3552
1990-10-30,20.0344,22.3912,-0.1382,-0.3373
1990-10-31,20.0319,22.3548,-0.1358,-0.3328
1990-11-01,20.0291,22.297,-0.1315,-0.3486
1990-11-02,20.0267,22.2596,-0.1291,-0.3406
1990-11-03,20.0307,22.2201,-0.1208,-0.3326
1990-11-04,20.024,22.2026,-0.1238,-0.3029
1990-11-05,20.0128,22.1748,-0.1329,-0.2922
1990-11-06,19.9927,22.1485,-0.1531,-0.282
1990-11-07,19.9802,22.1149,-0.1657,-0.2772
1990-11-08,19.9647,22.0556,-0.1818,-0.3001
1990-11-09,19.9499,22.0149,-0.198,-0.3032
1990-11-10,19.9461,21.9807,-0.2029,-0.2986
1990-11-11,19.9402,21.9116,-0.2081,-0.3239
1990-11-12,19.9325,21.871,-0.2163,-0.3166
1990-11-13,19.9261,21.8493,-0.2222,-0.2902
1990-11-14,19.9239,21.8095,-0.2248,-0.2875
1990-11-15,19.926,21.7834,-0.2207,-0.2771
1990-11-16,19.9357,21.7676,-0.2112,-0.2631
1990-11-17,19.935,21.7165,-0.2122,-0.2777
1990-11-18,19.9425,21.6415,-0.2035,-0.3092
1990-11-19,19.9526,21.6019,-0.1941,-0.3055
1990-11-20,19.9411,21.5511,-0.2061,-0.3127
1990-11-21,19.9226,21.4832,-0.2275,-0.3432
1990-11-22,19.9219,21.4406,-0.2307,-0.3477
1990-11-23,19.9242,21.4,-0.231,-0.3458
1990-11-24,19.9269,21.3133,-0.23,-0.3945
1990-11-25,19.9233,21.2423,-0.2355,-0.4245
1990-11-26,19.9129,21.1916,-0.2456,-0.4271
1990-11-27,19.9176,21.1756,-0.2402,-0.4032
1990-11-28,19.9339,21.1628,-0.2227,-0.3774
1990-11-29,19.9343,21.1072,-0.2197,-0.3872
1990-11-30,19.9456,21.0566,-0.2078,-0.3974
1990-12-01,19.969,21.0614,-0.1876,-0.3576
1990-12-02,19.9926,21.017,-0.1673,-0.3662
1990-12-03,20.0083,20.9756,-0.1544,-0.3704
1990-12-04,20.0048,20.92,-0.1594,-0.3842
1990-12-05,20.0022,20.8773,-0.166,-0.3866
1990-12-06,19.9986,20.8407,-0.173,-0.3867
1990-12-07,20.0024,20.8334,-0.1712,-0.3542
1990-12-08,20.0191,20.8379,-0.1546,-0.3113
1990-12-09,20.0315,20.7815,-0.1434,-0.3316
1990-12-10,20.0458,20.7313,-0.1292,-0.3417
1990-12-11,20.0515,20.7062,-0.1227,-0.3241
1990-12-12,20.0446,20.6794,-0.1314,-0.3065
1990-12-13,20.0278,20.638,-0.1528,-0.3108
1990-12-14,20.0162,20.6157,-0.1683,-0.3009
1990-12-15,20.0125,20.6003,-0.1756,-0.2803
1990-12-16,20.0127,20.5621,-0.1794,-0.2754
1990-12-17,20.0196,20.5338,-0.1768,-0.2632
1990-12-18,20.0249,20.4874,-0.1751,-0.274
1990-12-19,20.038,20.4461,-0.1646,-0.283
1990-12-20,20.0501,20.3933,-0.1544,-0.3019
1990-12-21,20.0406,20.3415,-0.1662,-0.3228
1990-12-22,20.0365,20.2874,-0.1733,-0.3529
1990-12-23,20.0356,20.2653,-0.1812,-0.3532
1990-12-24,20.0411,20.2404,-0.185,-0.3473
1990-12-25,20.0401,20.1927,-0.1948,-0.3622
1990-12-26,20.0346,20.1401,-0.2046,-0.3809
1990-12-27,20.0391,20.1057,-0.2035,-0.3799
1990-12-28,20.0445,20.0841,-0.2009,-0.3661
1990-12-29,20.0617,20.0403,-0.188,-0.3796
1990-12-30,20.0761,20.0043,-0.176,-0.3837
1990-12-31,20.07,19.9615,-0.1866,-0.395
1991-01-01,20.0482,19.9024,-0.2011,-0.3994
1991-01-02,20.0348,19.8242,-0.2176,-0.4473
1991-01-03,20.0373,19.7657,-0.2196,-0.4781
1991-01-04,20.0432,19.7414,-0.2189,-0.4669
1991-01-05,20.0441,19.7545,-0.2216,-0.4203
1991-01-06,20.0472,19.7503,-0.2215,-0.3958
1991-01-07,20.0598,19.7386,-0.2131,-0.3804
1991-01-08,20.0776,19.7272,-0.2006,-0.362
1991-01-09,20.1009,19.7017,-0.1817,-0.3588
1991-01-10,20.1395,19.6844,-0.1483,-0.3487
1991-01-11,20.1684,19.6701,-0.1258,-0.3372
1991-01-12,20.1757,19.6096,-0.1244,-0.375
1991-01-13,20.1777,19.5306,-0.1297,-0.4268
1991-01-14,20.1768,19.4771,-0.1365,-0.4537
1991-01-15,20.1685,19.4515,-0.1485,-0.4566
1991-01-16,20.1609,19.4295,-0.1608,-0.4553
1991-01-17,20.1585,19.3976,-0.1679,-0.4635
1991-01-18,20.1508,19.3907,-0.1804,-0.4513
1991-01-19,20.1568,19.3831,-0.18,-0.4393
1991-01-20,20.1639,19.3734,-0.1771,-0.4286
1991-01-21,20.1636,19.3586,-0.181,-0.4265
1991-01-22,20.1416,19.3426,-0.2078,-0.4292
1991-01-23,20.1395,19.3361,-0.2149,-0.4104
1991-01-24,20.14,19.3217,-0.2202,-0.4012
1991-01-25,20.1427,19.3104,-0.2251,-0.3909
1991-01-26,20.1459,19.2958,-0.2265,-0.3832
1991-01-27,20.1569,19.2724,-0.2184,-0.3833
1991-01-28,20.1666,19.2551,-0.2133,-0.3831
1991-01-29,20.1809,19.2524,-0.2059,-0.3694
1991-01-30,20.1811,19.24,-0.2119,-0.3688
1991-01-31,20.1853,19.2291,-0.2116,-0.3679
1991-02-01,20.2097,19.2142,-0.19,-0.3671
1991-02-02,20.2286,19.1834,-0.1742,-0.3818
1991-02-03,20.2413,19.1929,-0.1679,-0.3577
1991-02-04,20.2534,19.1871,-0.1629,-0.3461
1991-02-05,20.2739,19.1701,-0.149,-0.3461
1991-02-06,20.2924,19.1682,-0.135,-0.3303
1991-02-07,20.3116,19.1594,-0.1216,-0.3245
1991-02-08,20.319,19.1443,-0.1204,-0.3286
1991-02-09,20.3367,19.1378,-0.1092,-0.3264
1991-02-10,20.3506,19.1221,-0.1009,-0.3348
1991-02-11,20.3503,19.1486,-0.1072,-0.3053
1991-02-12,20.3393,19.1446,-0.1237,-0.2968
1991-02-13,20.333,19.1056,-0.1323,-0.3163
1991-02-14,20.3398,19.0931,-0.1292,-0.3103
1991-02-15,20.3465,19.0681,-0.1282,-0.3166
1991-02-16,20.3458,19.056,-0.1328,-0.3178
1991-02-17,20.3413,19.0418,-0.1405,-0.3275
1991-02-18,20.3422,19.0179,-0.143,-0.3445
1991-02-19,20.3339,19.0214,-0.1547,-0.3377
1991-02-20,20.3255,19.0426,-0.1672,-0.3092
1991-02-21,20.3164,19.0344,-0.1802,-0.3085
1991-02-22,20.3031,18.9823,-0.198,-0.3519
1991-02-23,20.2981,18.9672,-0.2081,-0.3604
1991-02-24,20.2898,18.9556,-0.2201,-0.3672
1991-02-25,20.2809,18.9463,-0.2325,-0.3786
1991-02-26,20.289,18.937,-0.2255,-0.3841
1991-02-27,20.31,18.9567,-0.2061,-0.3633
1991-02-28,20.3183,18.9727,-0.1959,-0.3567
1991-03-01,20.3053,18.9867,-0.212,-0.3321
1991-03-02,20.2941,18.9791,-0.2229,-0.3415
1991-03-03,20.2893,18.9905,-0.2296,-0.328
1991-03-04,20.2921,18.9859,-0.2278,-0.3278
1991-03-05,20.2901,18.9783,-0.2288,-0.3295
1991-03-06,20.2859,18.9603,-0.2328,-0.3396
1991-03-07,20.2868,18.9757,-0.2316,-0.3142
1991-03-08,20.2989,19.0231,-0.2197,-0.2657
1991-03-09,20.3112,19.0452,-0.2096,-0.2493
1991-03-10,20.3243,19.0275,-0.1988,-0.2717
1991-03-11,20.3326,18.9931,-0.1922,-0.3071
1991-03-12,20.3406,19.0163,-0.1879,-0.2874
1991-03-13,20.339,19.0201,-0.1916,-0.2869
1991-03-14,20.3461,19.028,-0.1872,-0.2871
1991-03-15,20.3582,19.046,-0.1781,-0.2816
1991-03-16,20.3586,19.0581,-0.1817,-0.287
1991-03-17,20.3599,19.0832,-0.1834,-0.2746
1991-03-18,20.3602,19.0896,-0.1892,-0.2752
1991-03-19,20.3596,19.0726,-0.1954,-0.299
1991-03-20,20.366,19.0392,-0.1925,-0.3395
1991-03-21,20.3546,19.0027,-0.2043,-0.3841
1991-03-22,20.347,18.9881,-0.2119,-0.404
1991-03-23,20.3367,18.979,-0.2215,-0.4175
1991-03-24,20.3377,18.9697,-0.217,-0.4294
1991-03-25,20.3568,18.9836,-0.1965,-0.4227
1991-03-26,20.3617,19.0005,-0.1916,-0.4139
1991-03-27,20.3688,19.0136,-0.1846,-0.4091
1991-03-28,20.3752,19.0116,-0.179,-0.4169
1991-03-29,20.378,19.0269,-0.1752,-0.4136
1991-03-30,20.3821,19.0266,-0.1701,-0.4267
1991-03-31,20.3867,19.0181,-0.1634,-0.4437
1991-04-01,20.3881,19.0139,-0.1606,-0.4584
1991-04-02,20.3787,19.0415,-0.1665,-0.4488
1991-04-03,20.3662,19.0772,-0.1764,-0.4295
1991-04-04,20.3585,19.0774,-0.1815,-0.4438
1991-04-05,20.3624,19.0759,-0.1751,-0.4648
1991-04-06,20.3614,19.0901,-0.1733,-0.4635
1991-04-07,20.3642,19.1157,-0.1676,-0.4511
1991-04-08,20.3533,19.1258,-0.1754,-0.4575
1991-04-09,20.3417,19.1369,-0.1857,-0.4663
1991-04-10,20.3339,19.1329,-0.1915,-0.49
1991-04-11,20.3282,19.1634,-0.1914,-0.4734
1991-04-12,20.3268,19.1906,-0.1874,-0.4576
1991-04-13,20.3303,19.1597,-0.1801,-0.503
1991-04-14,20.3459,19.1441,-0.1619,-0.5401
1991-04-15,20.3639,19.1894,-0.1402,-0.5207
1991-04-16,20.3802,19.2156,-0.1224,-0.5195
1991-04-17,20.3855,19.2325,-0.1152,-0.5232
1991-04-18,20.3802,19.2568,-0.1178,-0.5213
1991-04-19,20.3645,19.3087,-0.1299,-0.4914
1991-04-20,20.3556,19.3574,-0.1382,-0.4742
1991-04-21,20.36,19.3878,-0.1317,-0.4735
1991-04-22,20.3713,19.4228,-0.1206,-0.4695
1991-04-23,20.377,19.4862,-0.1131,-0.4383
1991-04-24,20.3759,19.532,-0.1131,-0.4216
1991-04-25,20.373,19.5354,-0.1148,-0.4452
1991-04-26,20.3787,19.5126,-0.1054,-0.4917
1991-04-27,20.3817,19.5182,-0.0989,-0.5099
1991-04-28,20.3929,19.5676,-0.084,-0.4868
1991-04-29,20.4073,19.6579,-0.0652,-0.4175
1991-04-30,20.4171,19.7524,-0.0511,-0.3438
1991-05-01,20.4015,19.7913,-0.0615,-0.3361
1991-05-02,20.395,19.8201,-0.0641,-0.3423
1991-05-03,20.3976,19.8302,-0.0606,-0.3719
1991-05-04,20.3737,19.822,-0.0814,-0.4142
1991-05-05,20.3454,19.8305,-0.1047,-0.4356
1991-05-06,20.3265,19.8599,-0.1182,-0.434
1991-05-07,20.3238,19.8812,-0.1151,-0.4395
1991-05-08,20.3169,19.916,-0.1178,-0.4365
1991-05-09,20.2939,19.9471,-0.1375,-0.437
1991-05-10,20.2753,19.9447,-0.1537,-0.467
1991-05-11,20.2702,19.9599,-0.1559,-0.4844
1991-05-12,20.2587,19.9504,-0.1638,-0.5229
1991-05-13,20.2422,19.9619,-0.1786,-0.5497
1991-05-14,20.2342,19.989,-0.1841,-0.5509
1991-05-15,20.2272,19.9858,-0.1894,-0.5806
1991-05-16,20.2118,19.993,-0.201,-0.6053
1991-05-17,20.2092,20.0875,-0.2011,-0.5452
1991-05-18,20.2141,20.1112,-0.1936,-0.558
1991-05-19,20.2156,20.1321,-0.189,-0.5781
1991-05-20,20.2275,20.1713,-0.175,-0.5801
1991-05-21,20.2351,20.1973,-0.1648,-0.5953
1991-05-22,20.2321,20.2474,-0.1661,-0.5822
1991-05-23,20.2355,20.2807,-0.1606,-0.5896
1991-05-24,20.2317,20.2711,-0.1604,-0.6355
1991-05-25,20.2276,20.3443,-0.1598,-0.6046
1991-05-26,20.2399,20.4462,-0.1431,-0.5444
1991-05-27,20.2551,20.531,-0.1237,-0.5012
1991-05-28,20.26,20.578,-0.1161,-0.5014
1991-05-29,20.2493,20.6141,-0.1229,-0.5157
1991-05-30,20.2465,20.6754,-0.1207,-0.4971
1991-05-31,20.2451,20.7168,-0.1172,-0.4969
1991-06-01,20.2364,20.8049,-0.1227,-0.4547
1991-06-02,20.2297,20.8936,-0.1266,-0.4046
1991-06-03,20.2181,20.9711,-0.1356,-0.3661
1991-06-04,20.1985,20.9998,-0.1514,-0.3781
1991-06-05,20.1814,20.9994,-0.1622,-0.4191
1991-06-06,20.1505,21.0088,-0.1856,-0.4515
1991-06-07,20.1226,21.0161,-0.2086,-0.4889
1991-06-08,20.1101,21.0919,-0.2184,-0.4571
1991-06-09,20.1023,21.195,-0.2246,-0.4031
1991-06-10,20.0855,21.2408,-0.2375,-0.4028
1991-06-11,20.0693,21.2512,-0.251,-0.4399
1991-06-12,20.0634,21.2347,-0.2547,-0.5001
1991-06-13,20.0618,21.1924,-0.2553,-0.5879
1991-06-14,20.0561,21.1732,-0.2603,-0.6566
1991-06-15,20.0919,21.2468,-0.2255,-0.6342
1991-06-16,20.1676,21.3656,-0.1549,-0.5715
1991-06-17,20.1827,21.4536,-0.1412,-0.5337
1991-06-18,20.1699,21.5608,-0.1528,-0.4781
1991-06-19,20.1587,21.6359,-0.1624,-0.455
1991-06-20,20.1514,21.7049,-0.1687,-0.428
1991-06-21,20.1408,21.7463,-0.1801,-0.4301
1991-06-22,20.1227,21.781,-0.2003,-0.4444
1991-06-23,20.1146,21.8356,-0.2105,-0.4382
1991-06-24,20.1101,21.8765,-0.2162,-0.4517
1991-06-25,20.1124,21.8824,-0.2139,-0.4984
1991-06-26,20.109,21.8661,-0.2173,-0.5645
1991-06-27,20.113,21.8572,-0.2136,-0.6191
1991-06-28,20.1088,21.8437,-0.2189,-0.6729
1991-06-29,20.1134,21.8417,-0.2145,-0.715
1991-06-30,20.1387,21.9273,-0.19,-0.6718
1991-07-01,20.1658,22.0277,-0.1648,-0.6099
1991-07-02,20.1705,22.1025,-0.1589,-0.5735
1991-07-03,20.1548,22.1601,-0.1742,-0.5541
1991-07-04,20.1557,22.2409,-0.1753,-0.5162
1991-07-05,20.1544,22.3375,-0.1784,-0.4677
1991-07-06,20.1437,22.3955,-0.1897,-0.4555
1991-07-07,20.1377,22.4738,-0.1947,-0.4194
1991-07-08,20.1297,22.5384,-0.2006,-0.3988
1991-07-09,20.1212,22.5961,-0.2081,-0.387
1991-07-10,20.1173,22.6299,-0.2135,-0.3961
1991-07-11,20.1177,22.6263,-0.2161,-0.4348
1991-07-12,20.1336,22.6001,-0.2025,-0.4951
1991-07-13,20.1537,22.5928,-0.1853,-0.529
1991-07-14,20.1638,22.6086,-0.1772,-0.5449
1991-07-15,20.1666,22.6321,-0.1765,-0.5559
1991-07-16,20.1751,22.6742,-0.1711,-0.553
1991-07-17,20.18,22.7244,-0.1679,-0.539
1991-07-18,20.1686,22.7222,-0.1792,-0.5775
1991-07-19,20.1588,22.7354,-0.189,-0.6005
1991-07-20,20.1513,22.7828,-0.196,-0.5824
1991-07-21,20.1576,22.8377,-0.1912,-0.5605
1991-07-22,20.1702,22.9065,-0.1818,-0.5302
1991-07-23,20.1769,22.9713,-0.177,-0.5025
1991-07-24,20.1853,23.0117,-0.1707,-0.4978
1991-07-25,20.1906,23.0491,-0.1683,-0.493
1991-07-26,20.1909,23.0869,-0.1725,-0.4833
1991-07-27,20.1944,23.1424,-0.1756,-0.4663
1991-07-28,20.2078,23.224,-0.17,-0.4289
1991-07-29,20.2032,23.2794,-0.1798,-0.4093
1991-07-30,20.2005,23.2895,-0.1869,-0.4431
1991-07-31,20.2064,23.3023,-0.184,-0.4674
1991-08-01,20.2112,23.3373,-0.1784,-0.4579
1991-08-02,20.2134,23.3549,-0.1763,-0.4637
1991-08-03,20.2045,23.3413,-0.1845,-0.505
1991-08-04,20.1911,23.3492,-0.1991,-0.5233
1991-08-05,20.1643,23.3331,-0.228,-0.5672
1991-08-06,20.1467,23.3414,-0.2462,-0.5908
1991-08-07,20.134,23.365,-0.2617,-0.5914
1991-08-08,20.1232,23.3625,-0.2742,-0.6142
1991-08-09,20.1212,23.3448,-0.2756,-0.6449
1991-08-10,20.1206,23.3823,-0.2781,-0.6307
1991-08-11,20.1118,23.4486,-0.2898,-0.5963
1991-08-12,20.1233,23.5113,-0.2809,-0.5643
1991-08-13,20.141,23.5895,-0.2649,-0.5089
1991-08-14,20.1509,23.6523,-0.2571,-0.468
1991-08-15,20.1537,23.6877,-0.2553,-0.4481
1991-08-16,20.1543,23.7161,-0.2556,-0.43
1991-08-17,20.1497,23.7181,-0.2592,-0.4314
1991-08-18,20.1488,23.6971,-0.2577,-0.4462
1991-08-19,20.1461,23.6514,-0.2606,-0.4967
1991-08-20,20.1426,23.6274,-0.2653,-0.5345
1991-08-21,20.1346,23.5999,-0.2752,-0.5801
1991-08-22,20.1377,23.5943,-0.2719,-0.5931
1991-08-23,20.1445,23.621,-0.2649,-0.5748
1991-08-24,20.1482,23.6505,-0.2611,-0.5518
1991-08-25,20.1514,23.6829,-0.2581,-0.5248
1991-08-26,20.1485,23.7113,-0.2611,-0.5033
1991-08-27,20.1497,23.7166,-0.2615,-0.509
1991-08-28,20.1356,23.6986,-0.2751,-0.5289
1991-08-29,20.1254,23.6734,-0.2858,-0.555
1991-08-30,20.1271,23.6549,-0.2836,-0.5677
1991-08-31,20.1457,23.693,-0.2631,-0.522
1991-09-01,20.1732,23.7763,-0.2357,-0.4327
1991-09-02,20.1845,23.7995,-0.2237,-0.4084
1991-09-03,20.1849,23.737,-0.2213,-0.4662
1991-09-04,20.1764,23.6999,-0.2285,-0.5015
1991-09-05,20.1683,23.704,-0.2337,-0.491
1991-09-06,20.1561,23.6802,-0.241,-0.4971
1991-09-07,20.1341,23.666,-0.2553,-0.4949
1991-09-08,20.1233,23.6659,-0.2603,-0.4771
1991-09-09,20.1091,23.6541,-0.2694,-0.4713
1991-09-10,20.0947,23.6934,-0.2778,-0.4169
1991-09-11,20.0884,23.6931,-0.277,-0.397
1991-09-12,20.0933,23.7027,-0.267,-0.3713
1991-09-13,20.0896,23.6798,-0.2654,-0.3828
1991-09-14,20.0841,23.6536,-0.2632,-0.3936
1991-09-15,20.0811,23.6486,-0.2597,-0.3848
1991-09-16,20.0771,23.6393,-0.2575,-0.3767
1991-09-17,20.0901,23.6368,-0.2386,-0.3604
1991-09-18,20.0995,23.6436,-0.2248,-0.331
1991-09-19,20.1032,23.6378,-0.2181,-0.3213
1991-09-20,20.1138,23.5747,-0.2077,-0.371
1991-09-21,20.1231,23.5076,-0.1967,-0.4186
1991-09-22,20.113,23.4662,-0.2042,-0.4411
1991-09-23,20.0969,23.4583,-0.2184,-0.4328
1991-09-24,20.076,23.4587,-0.2364,-0.4117
1991-09-25,20.0567,23.4786,-0.2528,-0.3752
1991-09-26,20.0345,23.4591,-0.2714,-0.3784
1991-09-27,20.0116,23.4391,-0.2891,-0.3816
1991-09-28,19.9875,23.3628,-0.3058,-0.4389
1991-09-29,19.9745,23.2617,-0.3123,-0.5179
1991-09-30,19.9827,23.2218,-0.2995,-0.5307
1991-10-01,20.0107,23.2276,-0.2677,-0.4944
1991-10-02,20.0248,23.1856,-0.2487,-0.5039
1991-10-03,20.0323,23.1738,-0.2355,-0.4834
1991-10-04,20.0371,23.1301,-0.2261,-0.4974
1991-10-05,20.0356,23.0655,-0.2222,-0.5324
1991-10-06,20.0351,22.9963,-0.2183,-0.5714
1991-10-07,20.0279,22.9152,-0.2228,-0.6274
1991-10-08,20.0196,22.8809,-0.2258,-0.6271
1991-10-09,20.0264,22.8788,-0.2146,-0.5921
1991-10-10,20.0198,22.8712,-0.2159,-0.5648
1991-10-11,20.0024,22.8739,-0.2262,-0.5307
1991-10-12,19.9881,22.8676,-0.2347,-0.5066
1991-10-13,19.9657,22.806,-0.2521,-0.5345
1991-10-14,19.9418,22.7314,-0.2715,-0.5766
1991-10-15,19.9146,22.5993,-0.297,-0.6759
1991-10-16,19.9143,22.5465,-0.2967,-0.7
1991-10-17,19.9209,22.5382,-0.2885,-0.6805
1991-10-18,19.9212,22.554,-0.285,-0.639
1991-10-19,19.9242,22.5485,-0.2817,-0.6148
1991-10-20,19.9169,22.5337,-0.2865,-0.5966
1991-10-21,19.9092,22.5239,-0.2915,-0.5697
1991-10-22,19.9139,22.5136,-0.284,-0.5426
1991-10-23,19.9222,22.4685,-0.2741,-0.5505
1991-10-24,19.9154,22.4156,-0.28,-0.5663
1991-10-25,19.9111,22.4025,-0.2829,-0.5415
1991-10-26,19.9069,22.3787,-0.284,-0.5247
1991-10-27,19.9015,22.3064,-0.2856,-0.557
1991-10-28,19.8906,22.2054,-0.2919,-0.6129
1991-10-29,19.8701,22.1033,-0.3075,-0.6696
1991-10-30,19.8684,22.0646,-0.3042,-0.6639
1991-10-31,19.878,22.0816,-0.2897,-0.606
1991-11-01,19.8956,22.061,-0.265,-0.5846
1991-11-02,19.8994,22.0092,-0.2564,-0.591
1991-11-03,19.8996,21.9952,-0.2519,-0.5575
1991-11-04,19.8975,21.9984,-0.2503,-0.5071
1991-11-05,19.8857,21.9585,-0.26,-0.5085
1991-11-06,19.8835,21.9171,-0.2623,-0.5134
1991-11-07,19.8701,21.8772,-0.2758,-0.5149
1991-11-08,19.8639,21.8463,-0.2826,-0.5094
1991-11-09,19.8778,21.7866,-0.2701,-0.5315
1991-11-10,19.8886,21.7406,-0.2604,-0.5387
1991-11-11,19.8923,21.6941,-0.256,-0.5414
1991-11-12,19.8956,21.6421,-0.2532,-0.5455
1991-11-13,19.8999,21.5833,-0.2484,-0.5562
1991-11-14,19.8847,21.5476,-0.264,-0.5494
1991-11-15,19.8671,21.4913,-0.2796,-0.5692
1991-11-16,19.8543,21.4333,-0.2926,-0.5974
1991-11-17,19.8614,21.3857,-0.2858,-0.6085
1991-11-18,19.8623,21.3593,-0.2837,-0.5914
1991-11-19,19.8438,21.3157,-0.3029,-0.5917
1991-11-20,19.8359,21.2686,-0.3113,-0.5952
1991-11-21,19.838,21.2499,-0.3121,-0.5765
1991-11-22,19.8407,21.2398,-0.3119,-0.5485
1991-11-23,19.8529,21.2493,-0.3023,-0.4965
1991-11-24,19.8598,21.226,-0.2971,-0.4818
1991-11-25,19.8537,21.1767,-0.3051,-0.4901
1991-11-26,19.8501,21.1116,-0.3084,-0.5071
1991-11-27,19.8554,21.0565,-0.3024,-0.5223
1991-11-28,19.8631,21.0146,-0.2935,-0.5256
1991-11-29,19.8702,20.9708,-0.2838,-0.5236
1991-11-30,19.8795,20.9382,-0.2739,-0.5158
1991-12-01,19.9098,20.94,-0.2468,-0.479
1991-12-02,19.9448,20.9086,-0.2151,-0.4746
1991-12-03,19.953,20.8614,-0.2097,-0.4846
1991-12-04,19.9447,20.8247,-0.2195,-0.4795
1991-12-05,19.9578,20.7955,-0.2104,-0.4684
1991-12-06,19.9598,20.7617,-0.2118,-0.4657
1991-12-07,19.9587,20.711,-0.2149,-0.4766
1991-12-08,19.9534,20.6772,-0.2203,-0.472
1991-12-09,19.9501,20.6658,-0.2248,-0.4473
1991-12-10,19.9441,20.6625,-0.231,-0.4105
1991-12-11,19.9283,20.6253,-0.2459,-0.405
1991-12-12,19.918,20.6045,-0.258,-0.3814
1991-12-13,19.9143,20.5835,-0.2663,-0.3653
1991-12-14,19.9188,20.5558,-0.2657,-0.3608
1991-12-15,19.9381,20.5018,-0.25,-0.3788
1991-12-16,19.9451,20.4102,-0.247,-0.4274
1991-12-17,19.9527,20.3398,-0.2437,-0.4572
1991-12-18,19.9707,20.3045,-0.2293,-0.4569
1991-12-19,19.9983,20.3038,-0.2043,-0.4253
1991-12-20,19.9874,20.257,-0.2171,-0.4382
1991-12-21,19.9849,20.1833,-0.2219,-0.481
1991-12-22,19.9935,20.1182,-0.2163,-0.5221
1991-12-23,20.0051,20.1006,-0.2117,-0.5179
1991-12-24,20.0175,20.0916,-0.2086,-0.4961
1991-12-25,20.0292,20.0986,-0.2057,-0.4563
1991-12-26,20.0426,20.1241,-0.1966,-0.3969
1991-12-27,20.0504,20.1157,-0.1922,-0.3699
1991-12-28,20.067,20.084,-0.1784,-0.3662
1991-12-29,20.0826,20.0059,-0.1671,-0.414
1991-12-30,20.0791,19.9259,-0.173,-0.4621
1991-12-31,20.079,19.892,-0.1776,-0.4645
1992-01-01,20.0712,19.8785,-0.1781,-0.4233
1992-01-02,20.0756,19.851,-0.1768,-0.4205
1992-01-03,20.0708,19.8138,-0.1861,-0.43
1992-01-04,20.0636,19.7557,-0.1985,-0.4526
1992-01-05,20.0604,19.7181,-0.2053,-0.4567
1992-01-06,20.0575,19.681,-0.2112,-0.4651
1992-01-07,20.0593,19.6523,-0.2136,-0.4667
1992-01-08,20.0692,19.6082,-0.209,-0.481
1992-01-09,20.0827,19.6276,-0.1999,-0.4329
1992-01-10,20.0935,19.6476,-0.1943,-0.3855
1992-01-11,20.0978,19.6418,-0.1964,-0.3655
1992-01-12,20.1099,19.585,-0.1902,-0.3996
1992-01-13,20.1098,19.5368,-0.1976,-0.4206
1992-01-14,20.0912,19.5225,-0.2221,-0.4083
1992-01-15,20.0748,19.5178,-0.2422,-0.3903
1992-01-16,20.0887,19.4915,-0.233,-0.3933
1992-01-17,20.0958,19.4611,-0.2306,-0.4
1992-01-18,20.1042,19.433,-0.227,-0.409
1992-01-19,20.1117,19.4048,-0.2251,-0.4176
1992-01-20,20.1133,19.3815,-0.2277,-0.4205
1992-01-21,20.1165,19.3781,-0.2281,-0.407
1992-01-22,20.1273,19.3876,-0.2221,-0.3842
1992-01-23,20.1328,19.3756,-0.2216,-0.3709
1992-01-24,20.1409,19.3718,-0.2193,-0.3511
1992-01-25,20.1386,19.3349,-0.2292,-0.3664
1992-01-26,20.149,19.275,-0.2234,-0.404
1992-01-27,20.1681,19.244,-0.2072,-0.4117
1992-01-28,20.1857,19.2231,-0.1942,-0.4151
1992-01-29,20.1945,19.2018,-0.1923,-0.42
1992-01-30,20.1861,19.1491,-0.2069,-0.4597
1992-01-31,20.1956,19.143,-0.2014,-0.454
1992-02-01,20.2119,19.1775,-0.1878,-0.4039
1992-02-02,20.2312,19.232,-0.1716,-0.3332
1992-02-03,20.2519,19.2292,-0.1573,-0.3214
1992-02-04,20.2549,19.1901,-0.1614,-0.3431
1992-02-05,20.2528,19.1635,-0.1701,-0.3527
1992-02-06,20.2559,19.1295,-0.1715,-0.369
1992-02-07,20.2795,19.1334,-0.1537,-0.3505
1992-02-08,20.3036,19.1493,-0.1358,-0.3236
1992-02-09,20.3176,19.1346,-0.1283,-0.3296
1992-02-10,20.331,19.141,-0.1205,-0.3159
1992-02-11,20.3262,19.125,-0.1313,-0.3289
1992-02-12,20.3185,19.1019,-0.1445,-0.3395
1992-02-13,20.3013,19.0736,-0.164,-0.3483
1992-02-14,20.286,19.0581,-0.183,-0.3453
1992-02-15,20.283,19.0536,-0.1917,-0.3311
1992-02-16,20.2894,19.0434,-0.1892,-0.3304
1992-02-17,20.3095,19.0507,-0.1723,-0.3186
1992-02-18,20.3186,19.0514,-0.1666,-0.311
1992-02-19,20.3201,19.0622,-0.1685,-0.2969
1992-02-20,20.3109,19.0496,-0.1818,-0.3022
1992-02-21,20.3013,19.0518,-0.1953,-0.2911
1992-02-22,20.2905,19.0361,-0.2106,-0.2981
1992-02-23,20.2812,19.0178,-0.225,-0.3098
1992-02-24,20.2761,19.0075,-0.2338,-0.3153
1992-02-25,20.2632,18.9867,-0.2502,-0.3382
1992-02-26,20.2479,18.971,-0.2666,-0.3501
1992-02-27,20.2253,18.9621,-0.2908,-0.3579
1992-02-28,20.2075,18.9569,-0.3067,-0.3725
1992-02-29,20.2047,18.979,-0.3095,-0.3504
1992-03-01,20.2117,19.0242,-0.3056,-0.2946
1992-03-02,20.2136,19.0562,-0.3034,-0.2644
1992-03-03,20.2162,19.0492,-0.3027,-0.2693
1992-03-04,20.2178,19.031,-0.3021,-0.2827
1992-03-05,20.2199,19.0183,-0.299,-0.2895
1992-03-06,20.2239,19.0019,-0.2948,-0.298
1992-03-07,20.2437,19.0141,-0.2747,-0.2758
1992-03-08,20.2603,19.0003,-0.2583,-0.2885
1992-03-09,20.2678,18.9744,-0.253,-0.3201
1992-03-10,20.2793,18.9563,-0.2438,-0.3429
1992-03-11,20.2935,18.9525,-0.2313,-0.3477
1992-03-12,20.3078,18.9749,-0.2207,-0.3288
1992-03-13,20.3143,18.9825,-0.2163,-0.3245
1992-03-14,20.3151,18.9937,-0.2182,-0.3214
1992-03-15,20.328,19.0475,-0.2083,-0.2801
1992-03-16,20.3465,19.0998,-0.1938,-0.2453
1992-03-17,20.3466,19.0884,-0.1967,-0.2694
1992-03-18,20.3565,19.0719,-0.1929,-0.2929
1992-03-19,20.3538,19.0979,-0.2012,-0.2737
1992-03-20,20.3567,19.1842,-0.2018,-0.1945
1992-03-21,20.3534,19.2253,-0.2055,-0.1615
1992-03-22,20.3573,19.2206,-0.2016,-0.1715
1992-03-23,20.3595,19.1744,-0.1987,-0.2221
1992-03-24,20.3499,19.1187,-0.2048,-0.2804
1992-03-25,20.348,19.0929,-0.2053,-0.3134
1992-03-26,20.3507,19.0792,-0.2026,-0.3352
1992-03-27,20.3528,19.0778,-0.2006,-0.3449
1992-03-28,20.3406,19.0454,-0.2136,-0.3831
1992-03-29,20.3296,19.0235,-0.2236,-0.417
1992-03-30,20.3364,19.0031,-0.2158,-0.4502
1992-03-31,20.33,18.9913,-0.2201,-0.4705
1992-04-01,20.3256,19.0078,-0.2231,-0.4645
1992-04-02,20.3195,19.0294,-0.2257,-0.4609
1992-04-03,20.3204,19.0372,-0.2222,-0.4695
1992-04-04,20.3139,19.0295,-0.2261,-0.4917
1992-04-05,20.3041,19.0537,-0.2334,-0.487
1992-04-06,20.2956,19.0553,-0.2391,-0.4983
1992-04-07,20.2953,19.081,-0.2365,-0.4858
1992-04-08,20.3071,19.1404,-0.2216,-0.4429
1992-04-09,20.3076,19.1747,-0.2198,-0.4285
1992-04-10,20.3013,19.1905,-0.2241,-0.4324
1992-04-11,20.2893,19.1657,-0.2303,-0.4711
1992-04-12,20.2784,19.1566,-0.2358,-0.4916
1992-04-13,20.2755,19.1602,-0.2349,-0.5025
1992-04-14,20.2652,19.1783,-0.2426,-0.5059
1992-04-15,20.2511,19.2269,-0.253,-0.4832
1992-04-16,20.2486,19.2596,-0.254,-0.4755
1992-04-17,20.2459,19.2867,-0.2548,-0.469
1992-04-18,20.2488,19.3544,-0.2492,-0.4237
1992-04-19,20.2498,19.4084,-0.2446,-0.3917
1992-04-20,20.253,19.4333,-0.2408,-0.3983
1992-04-21,20.2463,19.4109,-0.2454,-0.4504
1992-04-22,20.2487,19.4103,-0.2432,-0.482
1992-04-23,20.2678,19.4429,-0.2223,-0.4816
1992-04-24,20.2834,19.5036,-0.2056,-0.45
1992-04-25,20.298,19.5802,-0.1898,-0.4004
1992-04-26,20.295,19.6243,-0.1891,-0.38
1992-04-27,20.2894,19.6305,-0.1912,-0.3976
1992-04-28,20.2856,19.6347,-0.1913,-0.4197
1992-04-29,20.2788,19.6228,-0.1937,-0.4526
1992-04-30,20.2675,19.5995,-0.2007,-0.4967
1992-05-01,20.2656,19.6216,-0.1974,-0.5058
1992-05-02,20.2636,19.672,-0.1955,-0.4904
1992-05-03,20.2703,19.7465,-0.1879,-0.4556
1992-05-04,20.2707,19.7898,-0.1844,-0.4464
1992-05-05,20.2667,19.8189,-0.1834,-0.4472
1992-05-06,20.2388,19.8317,-0.2059,-0.4622
1992-05-07,20.2151,19.8308,-0.2238,-0.4899
1992-05-08,20.1895,19.8035,-0.2452,-0.549
1992-05-09,20.1741,19.7987,-0.2573,-0.5854
1992-05-10,20.1597,19.834,-0.2693,-0.5777
1992-05-11,20.1636,19.8862,-0.2625,-0.5581
1992-05-12,20.1599,19.8926,-0.2626,-0.5807
1992-05-13,20.1789,19.9226,-0.2419,-0.589
1992-05-14,20.2078,19.995,-0.2105,-0.5449
1992-05-15,20.2324,20.0371,-0.1842,-0.5293
1992-05-16,20.2462,20.0691,-0.1666,-0.5292
1992-05-17,20.262,20.1468,-0.1483,-0.4859
1992-05-18,20.2609,20.2151,-0.1468,-0.4541
1992-05-19,20.2486,20.2647,-0.156,-0.4455
1992-05-20,20.2366,20.2923,-0.1659,-0.4591
1992-05-21,20.2297,20.3249,-0.1702,-0.4677
1992-05-22,20.2164,20.3443,-0.1818,-0.4853
1992-05-23,20.2165,20.3882,-0.1796,-0.4821
1992-05-24,20.2206,20.4482,-0.1715,-0.4584
1992-05-25,20.2065,20.5269,-0.1809,-0.422
1992-05-26,20.1997,20.6017,-0.1833,-0.3889
1992-05-27,20.1852,20.6681,-0.1936,-0.3641
1992-05-28,20.1883,20.7471,-0.1878,-0.3323
1992-05-29,20.1995,20.8112,-0.1727,-0.3186
1992-05-30,20.1887,20.854,-0.1785,-0.3185
1992-05-31,20.1693,20.8819,-0.193,-0.3318
1992-06-01,20.1404,20.8733,-0.2187,-0.3863
1992-06-02,20.1134,20.8541,-0.2429,-0.4441
1992-06-03,20.1096,20.8834,-0.2441,-0.4538
1992-06-04,20.1067,20.9023,-0.2432,-0.4756
1992-06-05,20.0894,20.8952,-0.2542,-0.5233
1992-06-06,20.0817,20.9162,-0.2544,-0.5441
1992-06-07,20.0742,20.9278,-0.257,-0.5772
1992-06-08,20.0716,20.9586,-0.2569,-0.5904
1992-06-09,20.0721,21.0449,-0.2548,-0.5532
1992-06-10,20.0704,21.1045,-0.2526,-0.5391
1992-06-11,20.0575,21.0971,-0.2628,-0.594
1992-06-12,20.0426,21.0893,-0.2755,-0.6455
1992-06-13,20.0451,21.137,-0.272,-0.6433
1992-06-14,20.0357,21.1858,-0.2807,-0.644
1992-06-15,20.0328,21.2413,-0.2846,-0.6397
1992-06-16,20.0351,21.3014,-0.2874,-0.6357
1992-06-17,20.0371,21.3488,-0.2868,-0.6385
1992-06-18,20.0527,21.3845,-0.27,-0.6544
1992-06-19,20.0621,21.4124,-0.259,-0.6784
1992-06-20,20.0638,21.4654,-0.2563,-0.6675
1992-06-21,20.0655,21.5703,-0.2554,-0.6061
1992-06-22,20.0714,21.6666,-0.2516,-0.5588
1992-06-23,20.0619,21.7018,-0.2632,-0.572
1992-06-24,20.0604,21.7478,-0.2659,-0.5804
1992-06-25,20.0481,21.7918,-0.2782,-0.589
1992-06-26,20.0437,21.824,-0.2826,-0.6066
1992-06-27,20.0433,21.8756,-0.2833,-0.6007
1992-06-28,20.0391,21.9185,-0.2886,-0.5981
1992-06-29,20.0312,21.9792,-0.2967,-0.5775
1992-06-30,20.0259,22.0355,-0.3028,-0.5636
1992-07-01,20.0189,22.0521,-0.3117,-0.5855
1992-07-02,20.013,22.1065,-0.3164,-0.5695
1992-07-03,20.0136,22.1011,-0.3154,-0.6131
1992-07-04,20.0178,22.1516,-0.3132,-0.6055
1992-07-05,20.0235,22.1948,-0.3093,-0.6104
1992-07-06,20.0331,22.2218,-0.3003,-0.6292
1992-07-07,20.0379,22.2352,-0.2945,-0.658
1992-07-08,20.044,22.2642,-0.2863,-0.673
1992-07-09,20.0368,22.3275,-0.2925,-0.6556
1992-07-10,20.0307,22.3548,-0.3001,-0.6712
1992-07-11,20.0245,22.3738,-0.3093,-0.6873
1992-07-12,20.0244,22.3962,-0.3117,-0.699
1992-07-13,20.0123,22.4333,-0.3267,-0.6885
1992-07-14,20.0054,22.4745,-0.3356,-0.679
1992-07-15,20.0053,22.5107,-0.3378,-0.6773
1992-07-16,20.007,22.5325,-0.3392,-0.6947
1992-07-17,20.0061,22.5944,-0.3418,-0.669
1992-07-18,20.0031,22.678,-0.3447,-0.6217
1992-07-19,19.9986,22.7616,-0.3492,-0.5743
1992-07-20,19.9991,22.811,-0.3482,-0.5542
1992-07-21,20.0107,22.8556,-0.3381,-0.5426
1992-07-22,20.0061,22.8979,-0.3459,-0.5389
1992-07-23,19.9877,22.8938,-0.3662,-0.58
1992-07-24,19.9825,22.9212,-0.3735,-0.5883
1992-07-25,19.9909,22.9873,-0.368,-0.5548
1992-07-26,19.9909,23.0011,-0.3725,-0.5691
1992-07-27,19.989,22.9852,-0.381,-0.6235
1992-07-28,20.0099,22.9864,-0.3679,-0.6665
1992-07-29,20.0255,23.0233,-0.3575,-0.6654
1992-07-30,20.0318,23.0576,-0.3556,-0.675
1992-07-31,20.0232,23.0776,-0.3672,-0.6921
1992-08-01,20.0109,23.0784,-0.3787,-0.7168
1992-08-02,20.0123,23.139,-0.3774,-0.6796
1992-08-03,20.0104,23.1783,-0.3786,-0.668
1992-08-04,20.015,23.216,-0.3752,-0.6565
1992-08-05,20.0171,23.2202,-0.3752,-0.6801
1992-08-06,20.0144,23.2037,-0.3785,-0.7285
1992-08-07,20.02,23.1566,-0.3757,-0.7998
1992-08-08,20.0272,23.1589,-0.3702,-0.8178
1992-08-09,20.0265,23.1595,-0.3703,-0.8302
1992-08-10,20.0234,23.1547,-0.3753,-0.8584
1992-08-11,20.0139,23.2084,-0.3877,-0.8365
1992-08-12,20.0064,23.2489,-0.3978,-0.8267
1992-08-13,20.0069,23.2744,-0.399,-0.824
1992-08-14,20.0205,23.29,-0.3875,-0.8303
1992-08-15,20.0225,23.3144,-0.3865,-0.8214
1992-08-16,20.0231,23.3455,-0.3868,-0.8006
1992-08-17,20.0216,23.3705,-0.3873,-0.779
1992-08-18,20.0167,23.3594,-0.3898,-0.7839
1992-08-19,20.0203,23.3533,-0.3864,-0.7948
1992-08-20,20.0326,23.4025,-0.3753,-0.7594
1992-08-21,20.0371,23.412,-0.3727,-0.768
1992-08-22,20.0329,23.403,-0.3767,-0.7844
1992-08-23,20.0339,23.3977,-0.3755,-0.7981
1992-08-24,20.0341,23.3312,-0.3752,-0.8711
1992-08-25,20.0489,23.3545,-0.3606,-0.8532
1992-08-26,20.0696,23.401,-0.34,-0.8136
1992-08-27,20.0839,23.4626,-0.3273,-0.763
1992-08-28,20.0841,23.4528,-0.3266,-0.7747
1992-08-29,20.0842,23.4455,-0.327,-0.7829
1992-08-30,20.0737,23.4261,-0.337,-0.7965
1992-08-31,20.0455,23.4108,-0.3633,-0.8042
1992-09-01,20.0251,23.3899,-0.3838,-0.8191
1992-09-02,20.0155,23.3692,-0.3927,-0.8387
1992-09-03,20.0227,23.3622,-0.3835,-0.8409
1992-09-04,20.0271,23.3278,-0.3778,-0.8736
1992-09-05,20.0308,23.3119,-0.3712,-0.8831
1992-09-06,20.0272,23.2804,-0.3699,-0.8969
1992-09-07,20.0183,23.2633,-0.3711,-0.8976
1992-09-08,20.031,23.2538,-0.3526,-0.8892
1992-09-09,20.0464,23.2655,-0.3321,-0.8599
1992-09-10,20.0554,23.296,-0.3171,-0.8143
1992-09-11,20.0606,23.3314,-0.3048,-0.7587
1992-09-12,20.0598,23.314,-0.3005,-0.76
1992-09-13,20.0487,23.3138,-0.3063,-0.7488
1992-09-14,20.0493,23.3423,-0.298,-0.7049
1992-09-15,20.0595,23.3113,-0.2813,-0.7221
1992-09-16,20.068,23.2703,-0.2666,-0.7457
1992-09-17,20.0675,23.2356,-0.2612,-0.7616
1992-09-18,20.0591,23.2222,-0.2652,-0.7524
1992-09-19,20.0398,23.2366,-0.2815,-0.7225
1992-09-20,20.0211,23.2513,-0.3004,-0.6944
1992-09-21,20.0055,23.2639,-0.3143,-0.6623
1992-09-22,19.9988,23.2647,-0.3184,-0.6426
1992-09-23,19.9898,23.2191,-0.3255,-0.672
1992-09-24,19.982,23.1816,-0.3304,-0.6888
1992-09-25,19.9713,23.1833,-0.3382,-0.6705
1992-09-26,19.9725,23.1583,-0.3334,-0.6792
1992-09-27,19.984,23.0948,-0.3167,-0.7259
1992-09-28,19.9864,23.0396,-0.3069,-0.7621
1992-09-29,19.9811,22.9967,-0.3057,-0.7829
1992-09-30,19.9594,22.9462,-0.3228,-0.8063
1992-10-01,19.9275,22.8834,-0.3509,-0.8386
1992-10-02,19.9076,22.8541,-0.3659,-0.8354
1992-10-03,19.9008,22.8343,-0.367,-0.8229
1992-10-04,19.8978,22.8283,-0.3654,-0.7992
1992-10-05,19.9,22.8491,-0.3578,-0.7488
1992-10-06,19.9008,22.8931,-0.3526,-0.6746
1992-10-07,19.8922,22.9047,-0.3585,-0.6379
1992-10-08,19.8783,22.8623,-0.3671,-0.6457
1992-10-09,19.8591,22.7878,-0.3819,-0.6831
1992-10-10,19.8452,22.718,-0.3905,-0.718
1992-10-11,19.8121,22.6521,-0.4165,-0.7525
1992-10-12,19.7923,22.6179,-0.4305,-0.7563
1992-10-13,19.7755,22.5872,-0.4423,-0.7533
1992-10-14,19.7602,22.5676,-0.4531,-0.7404
1992-10-15,19.7517,22.57,-0.4599,-0.7052
1992-10-16,19.7524,22.5553,-0.4586,-0.6912
1992-10-17,19.7667,22.5464,-0.4427,-0.6723
1992-10-18,19.777,22.5045,-0.4292,-0.6885
1992-10-19,19.7941,22.4503,-0.4118,-0.713
1992-10-20,19.8116,22.4051,-0.3918,-0.7252
1992-10-21,19.8262,22.3342,-0.3745,-0.7594
1992-10-22,19.828,22.2774,-0.3699,-0.7788
1992-10-23,19.8156,22.1971,-0.3807,-0.8219
1992-10-24,19.8207,22.141,-0.3747,-0.8409
1992-10-25,19.8361,22.1108,-0.3579,-0.8332
1992-10-26,19.8446,22.0682,-0.3463,-0.8352
1992-10-27,19.8445,22.0618,-0.3426,-0.8016
1992-10-28,19.8481,22.0667,-0.3344,-0.7516
1992-10-29,19.8529,22.0786,-0.3247,-0.6943
1992-10-30,19.8429,22.0631,-0.3297,-0.6654
1992-10-31,19.8294,21.9981,-0.3383,-0.6895
1992-11-01,19.8055,21.9188,-0.3551,-0.7268
1992-11-02,19.7993,21.8751,-0.3565,-0.7251
1992-11-03,19.8051,21.8126,-0.3464,-0.7401
1992-11-04,19.8161,21.7589,-0.3317,-0.7466
1992-11-05,19.8205,21.7055,-0.3252,-0.7615
1992-11-06,19.817,21.6502,-0.3288,-0.7803
1992-11-07,19.8047,21.6005,-0.3412,-0.7916
1992-11-08,19.7974,21.5779,-0.3491,-0.7778
1992-11-09,19.7942,21.5918,-0.3537,-0.7263
1992-11-10,19.7939,21.5907,-0.3551,-0.6886
1992-11-11,19.7744,21.5645,-0.3739,-0.671
1992-11-12,19.7647,21.518,-0.3841,-0.6696
1992-11-13,19.7564,21.4666,-0.3919,-0.6729
1992-11-14,19.7577,21.4174,-0.391,-0.6796
1992-11-15,19.7707,21.4006,-0.376,-0.6599
1992-11-16,19.783,21.372,-0.3639,-0.6587
1992-11-17,19.7824,21.3331,-0.3648,-0.6611
1992-11-18,19.7819,21.3128,-0.3641,-0.6379
1992-11-19,19.7847,21.2855,-0.362,-0.6219
1992-11-20,19.7856,21.2378,-0.3616,-0.626
1992-11-21,19.7974,21.2165,-0.3527,-0.6099
1992-11-22,19.8127,21.1729,-0.3399,-0.6154
1992-11-23,19.8254,21.1048,-0.3298,-0.641
1992-11-24,19.8464,21.0574,-0.3105,-0.6504
1992-11-25,19.8618,21.0288,-0.297,-0.638
1992-11-26,19.8612,20.9908,-0.2973,-0.6279
1992-11-27,19.8631,20.9656,-0.2947,-0.6132
1992-11-28,19.8594,20.9191,-0.2972,-0.6211
1992-11-29,19.855,20.8826,-0.299,-0.6118
1992-11-30,19.8405,20.8505,-0.3129,-0.6035
1992-12-01,19.8041,20.8075,-0.3525,-0.6115
1992-12-02,19.7939,20.7779,-0.366,-0.6053
1992-12-03,19.801,20.733,-0.3617,-0.613
1992-12-04,19.8077,20.6966,-0.3565,-0.6076
1992-12-05,19.8265,20.6635,-0.3417,-0.6004
1992-12-06,19.8331,20.6121,-0.3385,-0.6153
1992-12-07,19.836,20.575,-0.3376,-0.6126
1992-12-08,19.8392,20.5398,-0.3345,-0.6094
1992-12-09,19.8471,20.486,-0.3278,-0.6271
1992-12-10,19.8571,20.4389,-0.3179,-0.6341
1992-12-11,19.8548,20.3797,-0.3194,-0.6506
1992-12-12,19.8437,20.3225,-0.3323,-0.6634
1992-12-13,19.8434,20.2956,-0.3372,-0.6532
1992-12-14,19.8512,20.2964,-0.3333,-0.6202
1992-12-15,19.8604,20.2582,-0.3277,-0.6224
1992-12-16,19.8695,20.2336,-0.3226,-0.604
1992-12-17,19.8736,20.2045,-0.3228,-0.5925
1992-12-18,19.8656,20.17,-0.3344,-0.5914
1992-12-19,19.86,20.1174,-0.3426,-0.6117
1992-12-20,19.8745,20.0696,-0.33,-0.6256
1992-12-21,19.8897,20.0393,-0.3171,-0.625
1992-12-22,19.8973,20.0233,-0.3125,-0.617
1992-12-23,19.9121,20.044,-0.3047,-0.5745
1992-12-24,19.9264,20.045,-0.2997,-0.5427
1992-12-25,19.9387,20.0187,-0.2962,-0.5362
1992-12-26,19.9443,19.9978,-0.2949,-0.5232
1992-12-27,19.9524,19.9909,-0.2902,-0.4947
1992-12-28,19.9598,19.967,-0.2856,-0.4832
1992-12-29,19.9579,19.9155,-0.2918,-0.5044
1992-12-30,19.9552,19.8851,-0.2969,-0.5029
1992-12-31,19.956,19.8593,-0.3006,-0.4972
1993-01-01,19.9503,19.8321,-0.299,-0.4697
1993-01-02,19.9681,19.8056,-0.2843,-0.4659
1993-01-03,19.9976,19.8051,-0.2593,-0.4387
1993-01-04,20.0327,19.7895,-0.2294,-0.4188
1993-01-05,20.0555,19.7312,-0.2102,-0.4436
1993-01-06,20.0664,19.6693,-0.2023,-0.4768
1993-01-07,20.0741,19.6091,-0.1988,-0.5099
1993-01-08,20.0783,19.5594,-0.1999,-0.5298
1993-01-09,20.0802,19.509,-0.2024,-0.5515
1993-01-10,20.0926,19.4754,-0.1952,-0.5577
1993-01-11,20.1016,19.438,-0.1926,-0.5693
1993-01-12,20.1186,19.446,-0.1815,-0.5386
1993-01-13,20.1398,19.4568,-0.1676,-0.5006
1993-01-14,20.1461,19.4837,-0.1672,-0.4471
1993-01-15,20.1425,19.4799,-0.1745,-0.4282
1993-01-16,20.1298,19.4493,-0.1919,-0.4355
1993-01-17,20.1338,19.4538,-0.1926,-0.4073
1993-01-18,20.1306,19.4626,-0.2006,-0.3794
1993-01-19,20.1346,19.4663,-0.2022,-0.3561
1993-01-20,20.1331,19.4254,-0.2079,-0.3766
1993-01-21,20.1261,19.3548,-0.2185,-0.4303
1993-01-22,20.1324,19.3289,-0.217,-0.4429
1993-01-23,20.1309,19.3174,-0.2235,-0.4291
1993-01-24,20.1255,19.294,-0.2347,-0.4289
1993-01-25,20.126,19.2594,-0.2418,-0.4419
1993-01-26,20.1337,19.2151,-0.2387,-0.4639
1993-01-27,20.1353,19.1686,-0.24,-0.4871
1993-01-28,20.1328,19.1319,-0.2471,-0.5063
1993-01-29,20.1458,19.1591,-0.241,-0.4627
1993-01-30,20.1722,19.215,-0.2208,-0.3938
1993-01-31,20.1812,19.2279,-0.2157,-0.3691
1993-02-01,20.1797,19.2139,-0.22,-0.3675
1993-02-02,20.1818,19.2097,-0.221,-0.3555
1993-02-03,20.1801,19.1814,-0.2291,-0.3692
1993-02-04,20.1749,19.179,-0.2414,-0.3542
1993-02-05,20.1628,19.1634,-0.2601,-0.3528
1993-02-06,20.1452,19.1144,-0.2822,-0.3841
1993-02-07,20.1337,19.1291,-0.2995,-0.3548
1993-02-08,20.1362,19.1426,-0.3032,-0.3303
1993-02-09,20.1458,19.1001,-0.3001,-0.3641
1993-02-10,20.1651,19.0952,-0.2864,-0.3617
1993-02-11,20.1885,19.0946,-0.269,-0.3593
1993-02-12,20.2014,19.0573,-0.2616,-0.3841
1993-02-13,20.2062,18.9953,-0.2591,-0.4266
1993-02-14,20.2234,18.9737,-0.2456,-0.4297
1993-02-15,20.2383,18.9696,-0.2364,-0.4151
1993-02-16,20.2423,18.974,-0.2363,-0.3998
1993-02-17,20.2509,18.9982,-0.2309,-0.3711
1993-02-18,20.2672,19.0237,-0.218,-0.3387
1993-02-19,20.282,19.0259,-0.2066,-0.3332
1993-02-20,20.289,19.0309,-0.2037,-0.3209
1993-02-21,20.2935,19.0053,-0.2031,-0.3376
1993-02-22,20.2945,18.9907,-0.2066,-0.3435
1993-02-23,20.301,18.9873,-0.2052,-0.3403
1993-02-24,20.3004,19.001,-0.2095,-0.3218
1993-02-25,20.2951,18.9807,-0.2183,-0.3442
1993-02-26,20.2719,18.9428,-0.2426,-0.3783
1993-02-27,20.2694,18.9121,-0.2467,-0.4079
1993-02-28,20.2729,18.8809,-0.2413,-0.4485
1993-03-01,20.2663,18.8623,-0.251,-0.4565
1993-03-02,20.2492,18.8636,-0.2678,-0.457
1993-03-03,20.2408,18.889,-0.2781,-0.4295
1993-03-04,20.2321,18.8949,-0.2878,-0.4188
1993-03-05,20.2255,18.916,-0.2934,-0.3918
1993-03-06,20.2208,18.9031,-0.2979,-0.3968
1993-03-07,20.2201,18.8443,-0.2983,-0.4456
1993-03-08,20.2225,18.8288,-0.2961,-0.46
1993-03-09,20.2267,18.8374,-0.2941,-0.4571
1993-03-10,20.2306,18.8634,-0.2925,-0.4358
1993-03-11,20.2398,18.9199,-0.285,-0.3803
1993-03-12,20.254,18.9375,-0.2745,-0.3662
1993-03-13,20.2566,18.9151,-0.274,-0.3919
1993-03-14,20.2652,18.8923,-0.2681,-0.4228
1993-03-15,20.2694,18.8732,-0.2669,-0.4544
1993-03-16,20.2713,18.8508,-0.269,-0.4943
1993-03-17,20.2713,18.8315,-0.272,-0.5263
1993-03-18,20.2781,18.8339,-0.2713,-0.5309
1993-03-19,20.2807,18.8353,-0.2743,-0.5363
1993-03-20,20.2723,18.8269,-0.2862,-0.5518
1993-03-21,20.2801,18.8783,-0.2788,-0.5085
1993-03-22,20.3061,18.8909,-0.2528,-0.5012
1993-03-23,20.3269,18.8708,-0.2313,-0.5257
1993-03-24,20.3351,18.8476,-0.2196,-0.5515
1993-03-25,20.3487,18.8315,-0.2046,-0.5748
1993-03-26,20.3621,18.8948,-0.1912,-0.5196
1993-03-27,20.3764,18.9706,-0.177,-0.4521
1993-03-28,20.3816,19.0361,-0.1726,-0.3924
1993-03-29,20.3727,19.1063,-0.1805,-0.3342
1993-03-30,20.3539,19.144,-0.1983,-0.3093
1993-03-31,20.3324,19.1443,-0.2177,-0.3175
1993-04-01,20.304,19.1462,-0.2447,-0.3261
1993-04-02,20.2783,19.1672,-0.2669,-0.3231
1993-04-03,20.2611,19.1902,-0.2815,-0.3165
1993-04-04,20.247,19.2067,-0.293,-0.3145
1993-04-05,20.2289,19.2114,-0.3086,-0.3293
1993-04-06,20.2149,19.2167,-0.3198,-0.3369
1993-04-07,20.2117,19.2143,-0.3201,-0.3525
1993-04-08,20.2073,19.2145,-0.3214,-0.3688
1993-04-09,20.2121,19.2379,-0.3153,-0.3653
1993-04-10,20.196,19.2784,-0.3294,-0.3445
1993-04-11,20.1962,19.3132,-0.3234,-0.3236
1993-04-12,20.2083,19.378,-0.3059,-0.2702
1993-04-13,20.2157,19.4463,-0.2947,-0.2164
1993-04-14,20.2242,19.5217,-0.2836,-0.1625
1993-04-15,20.2297,19.5335,-0.2744,-0.1766
1993-04-16,20.2385,19.518,-0.2641,-0.2171
1993-04-17,20.2462,19.5301,-0.2545,-0.2256
1993-04-18,20.2513,19.5504,-0.2467,-0.2277
1993-04-19,20.2494,19.5545,-0.245,-0.2456
1993-04-20,20.2418,19.5511,-0.252,-0.2805
1993-04-21,20.2325,19.5894,-0.2592,-0.2719
1993-04-22,20.2199,19.6208,-0.272,-0.2715
1993-04-23,20.2155,19.6359,-0.2746,-0.2886
1993-04-24,20.2109,19.6405,-0.2781,-0.3131
1993-04-25,20.1925,19.6369,-0.2953,-0.3437
1993-04-26,20.1823,19.6319,-0.3018,-0.3724
1993-04-27,20.1831,19.6493,-0.2975,-0.3788
1993-04-28,20.197,19.6656,-0.2799,-0.3888
1993-04-29,20.2114,19.685,-0.2611,-0.3904
1993-04-30,20.2069,19.7049,-0.2613,-0.3913
1993-05-01,20.1994,19.749,-0.2636,-0.3784
1993-05-02,20.1822,19.757,-0.2769,-0.4054
1993-05-03,20.174,19.7553,-0.2842,-0.4468
1993-05-04,20.1745,19.7497,-0.2806,-0.4865
1993-05-05,20.1674,19.7621,-0.2827,-0.504
1993-05-06,20.1671,19.8083,-0.2776,-0.4856
1993-05-07,20.1646,19.8127,-0.2743,-0.508
1993-05-08,20.1643,19.8165,-0.2704,-0.536
1993-05-09,20.1624,19.87,-0.269,-0.5141
1993-05-10,20.1661,19.916,-0.2629,-0.4957
1993-05-11,20.1741,19.9797,-0.252,-0.4646
1993-05-12,20.1776,20.0024,-0.2449,-0.4709
1993-05-13,20.1883,20.0328,-0.2325,-0.4788
1993-05-14,20.2025,20.0829,-0.2158,-0.457
1993-05-15,20.2041,20.1535,-0.2125,-0.4129
1993-05-16,20.1984,20.231,-0.2144,-0.3673
1993-05-17,20.1905,20.3198,-0.2198,-0.3129
1993-05-18,20.1779,20.3383,-0.2298,-0.3309
1993-05-19,20.1734,20.3562,-0.2312,-0.354
1993-05-20,20.1734,20.3944,-0.2291,-0.357
1993-05-21,20.1763,20.4441,-0.2236,-0.3485
1993-05-22,20.1658,20.4689,-0.2324,-0.3607
1993-05-23,20.1594,20.5116,-0.2367,-0.3587
1993-05-24,20.1511,20.5412,-0.241,-0.3654
1993-05-25,20.155,20.5917,-0.2324,-0.3572
1993-05-26,20.1422,20.5983,-0.2408,-0.3923
1993-05-27,20.1221,20.5861,-0.2567,-0.4461
1993-05-28,20.1006,20.6094,-0.2755,-0.47
1993-05-29,20.0887,20.6806,-0.2835,-0.4492
1993-05-30,20.0769,20.7452,-0.2903,-0.4273
1993-05-31,20.0725,20.7896,-0.2898,-0.4241
1993-06-01,20.0791,20.8544,-0.28,-0.4052
1993-06-02,20.0842,20.8971,-0.2721,-0.4011
1993-06-03,20.0901,20.953,-0.2636,-0.3842
1993-06-04,20.0864,20.9908,-0.2635,-0.3871
1993-06-05,20.0776,21.0551,-0.266,-0.3634
1993-06-06,20.065,21.1244,-0.2711,-0.3359
1993-06-07,20.0496,21.1781,-0.2816,-0.3269
1993-06-08,20.0353,21.2175,-0.2932,-0.3315
1993-06-09,20.0305,21.2589,-0.2964,-0.3392
1993-06-10,20.0245,21.2757,-0.2985,-0.3679
1993-06-11,20.0139,21.2605,-0.3064,-0.4306
1993-06-12,20.007,21.251,-0.3111,-0.4838
1993-06-13,20.002,21.2704,-0.3151,-0.5099
1993-06-14,19.9987,21.2995,-0.3177,-0.5303
1993-06-15,19.9975,21.3338,-0.3199,-0.5472
1993-06-16,19.9932,21.396,-0.3293,-0.5411
1993-06-17,19.9903,21.4447,-0.3336,-0.5426
1993-06-18,19.9866,21.4667,-0.3361,-0.5722
1993-06-19,19.9854,21.528,-0.3357,-0.5629
1993-06-20,19.9883,21.6074,-0.3318,-0.5255
1993-06-21,19.9967,21.6436,-0.3242,-0.5328
1993-06-22,20.0277,21.6719,-0.2953,-0.5535
1993-06-23,20.0463,21.6666,-0.2788,-0.6072
1993-06-24,20.0534,21.6934,-0.2729,-0.6348
1993-06-25,20.0504,21.7274,-0.2759,-0.6534
1993-06-26,20.0477,21.7719,-0.2786,-0.6587
1993-06-27,20.049,21.8208,-0.2776,-0.6555
1993-06-28,20.0494,21.8694,-0.2783,-0.6472
1993-06-29,20.0469,21.9338,-0.281,-0.6229
1993-06-30,20.0484,21.9853,-0.2803,-0.6138
1993-07-01,20.0393,22.0033,-0.2913,-0.6343
1993-07-02,20.0223,22.0298,-0.3071,-0.6462
1993-07-03,20.0193,22.0669,-0.3097,-0.6473
1993-07-04,20.027,22.1642,-0.304,-0.5929
1993-07-05,20.0351,22.2143,-0.2977,-0.5909
1993-07-06,20.0453,22.2963,-0.2881,-0.5547
1993-07-07,20.0282,22.3053,-0.3042,-0.5879
1993-07-08,20.0172,22.3182,-0.3131,-0.619
1993-07-09,20.0083,22.3345,-0.321,-0.6486
1993-07-10,20.0044,22.3453,-0.3264,-0.6807
1993-07-11,19.9873,22.3563,-0.3465,-0.7048
1993-07-12,19.9826,22.414,-0.3535,-0.6812
1993-07-13,19.9799,22.4335,-0.3591,-0.6883
1993-07-14,19.9788,22.4814,-0.3622,-0.6721
1993-07-15,19.9742,22.5178,-0.3689,-0.6702
1993-07-16,19.9775,22.5681,-0.3687,-0.6591
1993-07-17,19.9804,22.5935,-0.3675,-0.6699
1993-07-18,19.9716,22.6435,-0.3762,-0.6562
1993-07-19,19.9521,22.6562,-0.3957,-0.6797
1993-07-20,19.9358,22.6441,-0.4115,-0.7211
1993-07-21,19.9343,22.6533,-0.4145,-0.7449
1993-07-22,19.9485,22.7151,-0.4035,-0.7217
1993-07-23,19.9589,22.7818,-0.395,-0.692
1993-07-24,19.9667,22.8332,-0.3893,-0.6763
1993-07-25,19.9722,22.8776,-0.3867,-0.6645
1993-07-26,19.976,22.9037,-0.3874,-0.6665
1993-07-27,19.9841,22.968,-0.3859,-0.6407
1993-07-28,19.984,23.0009,-0.3938,-0.652
1993-07-29,19.9772,22.9697,-0.4058,-0.719
1993-07-30,19.9828,22.9939,-0.4046,-0.7387
1993-07-31,19.9868,23.044,-0.4036,-0.7257
1993-08-01,19.9856,23.0673,-0.404,-0.7279
1993-08-02,19.9972,23.1147,-0.3925,-0.7039
1993-08-03,20.017,23.1959,-0.372,-0.6504
1993-08-04,20.0301,23.3028,-0.3601,-0.5697
1993-08-05,20.0368,23.4013,-0.3555,-0.499
1993-08-06,20.0446,23.4625,-0.3483,-0.4697
1993-08-07,20.062,23.4842,-0.3337,-0.4722
1993-08-08,20.0753,23.4888,-0.3221,-0.4879
1993-08-09,20.0737,23.4532,-0.3231,-0.5365
1993-08-10,20.0673,23.4372,-0.3314,-0.5758
1993-08-11,20.0703,23.4161,-0.3313,-0.6288
1993-08-12,20.0791,23.4234,-0.3251,-0.6522
1993-08-13,20.0873,23.4635,-0.3186,-0.6349
1993-08-14,20.0937,23.4878,-0.3143,-0.6325
1993-08-15,20.0998,23.5278,-0.3092,-0.608
1993-08-16,20.0972,23.5059,-0.3127,-0.6402
1993-08-17,20.11,23.5225,-0.2989,-0.627
1993-08-18,20.1222,23.5285,-0.2843,-0.6148
1993-08-19,20.135,23.5456,-0.2717,-0.6025
1993-08-20,20.1361,23.5624,-0.2718,-0.5995
1993-08-21,20.1274,23.6005,-0.2824,-0.5795
1993-08-22,20.1135,23.5889,-0.2961,-0.5985
1993-08-23,20.1065,23.5839,-0.3029,-0.6119
1993-08-24,20.1079,23.594,-0.3014,-0.6083
1993-08-25,20.0971,23.6171,-0.3124,-0.5906
1993-08-26,20.1028,23.6889,-0.3068,-0.5257
1993-08-27,20.1176,23.7482,-0.2936,-0.4774
1993-08-28,20.1205,23.7852,-0.2902,-0.4423
1993-08-29,20.1254,23.8005,-0.2858,-0.4279
1993-08-30,20.1256,23.8241,-0.2851,-0.3985
1993-08-31,20.1122,23.7934,-0.2966,-0.4216
1993-09-01,20.0906,23.7255,-0.3183,-0.4835
1993-09-02,20.0866,23.6971,-0.3216,-0.5108
1993-09-03,20.096,23.6843,-0.3102,-0.5189
1993-09-04,20.0943,23.7383,-0.3106,-0.4631
1993-09-05,20.0957,23.765,-0.3063,-0.43
1993-09-06,20.1045,23.7293,-0.2926,-0.448
1993-09-07,20.1029,23.7114,-0.2865,-0.4495
1993-09-08,20.0924,23.6993,-0.2912,-0.4437
1993-09-09,20.0862,23.7159,-0.2923,-0.4095
1993-09-10,20.0821,23.7413,-0.2904,-0.369
1993-09-11,20.0742,23.7168,-0.2912,-0.3733
1993-09-12,20.0638,23.6646,-0.2965,-0.4094
1993-09-13,20.0516,23.6144,-0.3034,-0.4482
1993-09-14,20.0384,23.5816,-0.3089,-0.4656
1993-09-15,20.0323,23.5749,-0.3085,-0.4585
1993-09-16,20.0352,23.5834,-0.2994,-0.4326
1993-09-17,20.0394,23.5935,-0.2893,-0.4037
1993-09-18,20.0273,23.5341,-0.297,-0.4405
1993-09-19,20.015,23.4701,-0.3063,-0.489
1993-09-20,20.0014,23.3652,-0.3201,-0.5805
1993-09-21,19.9822,23.262,-0.3376,-0.6642
1993-09-22,19.9838,23.2672,-0.3334,-0.6401
1993-09-23,20.0044,23.3464,-0.3109,-0.5447
1993-09-24,20.0152,23.3621,-0.2972,-0.5083
1993-09-25,20.0276,23.3769,-0.2819,-0.4769
1993-09-26,20.0397,23.3841,-0.2662,-0.4534
1993-09-27,20.0509,23.3831,-0.2498,-0.4376
1993-09-28,20.0518,23.3753,-0.2415,-0.4264
1993-09-29,20.0478,23.3458,-0.239,-0.4338
1993-09-30,20.0456,23.3029,-0.2366,-0.4496
1993-10-01,20.0488,23.2388,-0.2296,-0.4832
1993-10-02,20.0328,23.2033,-0.2407,-0.4862
1993-10-03,20.0019,23.1766,-0.2659,-0.4806
1993-10-04,19.9845,23.1327,-0.2787,-0.4948
1993-10-05,19.9709,23.0944,-0.2869,-0.5035
1993-10-06,19.9694,23.0351,-0.284,-0.5326
1993-10-07,19.964,22.9687,-0.2867,-0.5739
1993-10-08,19.9706,22.9368,-0.2748,-0.5712
1993-10-09,19.9763,22.9092,-0.2647,-0.5617
1993-10-10,19.9837,22.8542,-0.252,-0.5818
1993-10-11,19.98,22.7573,-0.2486,-0.6473
1993-10-12,19.9829,22.7438,-0.2399,-0.6304
1993-10-13,19.9708,22.7173,-0.247,-0.6232
1993-10-14,19.9658,22.6821,-0.2475,-0.6259
1993-10-15,19.9555,22.6507,-0.2561,-0.6245
1993-10-16,19.9462,22.633,-0.2648,-0.6135
1993-10-17,19.9496,22.5921,-0.2598,-0.6266
1993-10-18,19.9567,22.5829,-0.2495,-0.6101
1993-10-19,19.953,22.5624,-0.2529,-0.6009
1993-10-20,19.9491,22.5432,-0.2543,-0.5871
1993-10-21,19.9352,22.502,-0.2655,-0.5916
1993-10-22,19.9263,22.474,-0.2716,-0.5822
1993-10-23,19.9222,22.4317,-0.2741,-0.5873
1993-10-24,19.9263,22.41,-0.2691,-0.5719
1993-10-25,19.9281,22.4285,-0.2659,-0.5155
1993-10-26,19.9229,22.3978,-0.268,-0.5056
1993-10-27,19.9182,22.3504,-0.2689,-0.513
1993-10-28,19.9143,22.2873,-0.2682,-0.531
1993-10-29,19.9156,22.2601,-0.262,-0.5128
1993-10-30,19.9213,22.2077,-0.2513,-0.5208
1993-10-31,19.9135,22.1485,-0.2542,-0.5391
1993-11-01,19.8872,22.1003,-0.2734,-0.5453
1993-11-02,19.8732,22.0439,-0.2826,-0.5563
1993-11-03,19.8673,21.982,-0.2842,-0.5707
1993-11-04,19.8675,21.9469,-0.2803,-0.5586
1993-11-05,19.8678,21.9327,-0.2779,-0.5343
1993-11-06,19.8743,21.9037,-0.2715,-0.5268
1993-11-07,19.8762,21.8699,-0.2697,-0.5222
1993-11-08,19.8867,21.8241,-0.2598,-0.5316
1993-11-09,19.9057,21.7988,-0.2422,-0.5193
1993-11-10,19.9082,21.7816,-0.2408,-0.4977
1993-11-11,19.9043,21.7629,-0.244,-0.4726
1993-11-12,19.8943,21.7201,-0.2545,-0.4675
1993-11-13,19.8859,21.67,-0.2624,-0.4695
1993-11-14,19.8757,21.6042,-0.273,-0.4928
1993-11-15,19.8726,21.5738,-0.2741,-0.4867
1993-11-16,19.8902,21.5574,-0.2567,-0.4733
1993-11-17,19.9042,21.5061,-0.243,-0.4881
1993-11-18,19.9165,21.4501,-0.2295,-0.5006
1993-11-19,19.9273,21.3929,-0.2194,-0.5145
1993-11-20,19.9375,21.3516,-0.2097,-0.5122
1993-11-21,19.9482,21.3034,-0.2019,-0.523
1993-11-22,19.9467,21.2288,-0.2059,-0.5595
1993-11-23,19.9408,21.1428,-0.2144,-0.603
1993-11-24,19.9375,21.0857,-0.2194,-0.6221
1993-11-25,19.9525,21.0446,-0.2063,-0.6222
1993-11-26,19.9606,20.9967,-0.1979,-0.622
1993-11-27,19.9634,20.9459,-0.1944,-0.6329
1993-11-28,19.959,20.8947,-0.1976,-0.6455
1993-11-29,19.9557,20.8425,-0.1983,-0.6519
1993-11-30,19.9683,20.7737,-0.1851,-0.6803
1993-12-01,19.9824,20.6985,-0.1742,-0.7205
1993-12-02,19.9958,20.6701,-0.1641,-0.7131
1993-12-03,19.9983,20.677,-0.1644,-0.669
1993-12-04,19.9986,20.6218,-0.1656,-0.6824
1993-12-05,20.0076,20.5559,-0.1606,-0.708
1993-12-06,20.0148,20.5269,-0.1568,-0.7005
1993-12-07,20.0221,20.5075,-0.1515,-0.6801
1993-12-08,20.018,20.4926,-0.1557,-0.6566
1993-12-09,20.0088,20.4892,-0.1661,-0.6239
1993-12-10,19.9894,20.4434,-0.1856,-0.6296
1993-12-11,19.96,20.3837,-0.2142,-0.6466
1993-12-12,19.9365,20.3095,-0.2395,-0.6764
1993-12-13,19.9232,20.3136,-0.2574,-0.6352
1993-12-14,19.93,20.3681,-0.2545,-0.5485
1993-12-15,19.9438,20.3796,-0.2443,-0.501
1993-12-16,19.9491,20.3499,-0.243,-0.4876
1993-12-17,19.9473,20.3203,-0.2491,-0.4767
1993-12-18,19.9328,20.278,-0.2672,-0.4834
1993-12-19,19.9151,20.2363,-0.2875,-0.4928
1993-12-20,19.8984,20.2029,-0.3061,-0.4923
1993-12-21,19.8948,20.1896,-0.312,-0.4747
1993-12-22,19.8985,20.1965,-0.3113,-0.4438
1993-12-23,19.9092,20.1979,-0.3076,-0.4206
1993-12-24,19.9214,20.1883,-0.3047,-0.3994
1993-12-25,19.9261,20.143,-0.3088,-0.4119
1993-12-26,19.9204,20.0956,-0.3188,-0.4254
1993-12-27,19.9205,20.0466,-0.3221,-0.439
1993-12-28,19.9303,19.9894,-0.3151,-0.4608
1993-12-29,19.9363,19.9311,-0.3134,-0.4888
1993-12-30,19.9429,19.8745,-0.3092,-0.5135
1993-12-31,19.9653,19.8573,-0.2913,-0.4992
1994-01-01,20.0085,19.8329,-0.2408,-0.4689
1994-01-02,20.0472,19.7732,-0.2052,-0.4983
1994-01-03,20.0677,19.7099,-0.1892,-0.5339
1994-01-04,20.0799,19.6689,-0.1822,-0.5394
1994-01-05,20.0873,19.6506,-0.1784,-0.5242
1994-01-06,20.0875,19.6291,-0.1812,-0.517
1994-01-07,20.0894,19.6465,-0.1835,-0.4725
1994-01-08,20.0873,19.641,-0.1909,-0.4482
1994-01-09,20.0781,19.6055,-0.2045,-0.455
1994-01-10,20.069,19.5445,-0.2188,-0.4886
1994-01-11,20.0741,19.4826,-0.2201,-0.5247
1994-01-12,20.0725,19.4277,-0.2276,-0.5569
1994-01-13,20.067,19.3952,-0.2404,-0.5622
1994-01-14,20.0714,19.3662,-0.2419,-0.5646
1994-01-15,20.0829,19.3687,-0.2341,-0.5394
1994-01-16,20.0894,19.3307,-0.2323,-0.5541
1994-01-17,20.0848,19.3033,-0.2416,-0.5578
1994-01-18,20.0765,19.2986,-0.2547,-0.5434
1994-01-19,20.0656,19.2873,-0.2712,-0.5351
1994-01-20,20.0547,19.282,-0.2863,-0.52
1994-01-21,20.0414,19.2631,-0.3032,-0.522
1994-01-22,20.0461,19.24,-0.3033,-0.5318
1994-01-23,20.0602,19.2062,-0.2942,-0.5403
1994-01-24,20.0733,19.1552,-0.2869,-0.5677
1994-01-25,20.078,19.1149,-0.2898,-0.5864
1994-01-26,20.0866,19.1287,-0.2858,-0.5503
1994-01-27,20.0896,19.1166,-0.2857,-0.5391
1994-01-28,20.0907,19.071,-0.2892,-0.5672
1994-01-29,20.0871,19.0184,-0.2997,-0.6034
1994-01-30,20.1007,18.9747,-0.2923,-0.6341
1994-01-31,20.1086,18.9565,-0.2884,-0.6405
1994-02-01,20.0938,18.943,-0.3059,-0.6383
1994-02-02,20.096,18.9332,-0.3068,-0.632
1994-02-03,20.1107,18.9259,-0.2985,-0.6247
1994-02-04,20.1245,18.9411,-0.2918,-0.5921
1994-02-05,20.1302,18.9665,-0.2927,-0.5497
1994-02-06,20.1366,18.9623,-0.2908,-0.5362
1994-02-07,20.1448,18.9307,-0.2884,-0.5532
1994-02-08,20.1394,18.897,-0.3,-0.5759
1994-02-09,20.131,18.8508,-0.3149,-0.6134
1994-02-10,20.1293,18.8033,-0.3222,-0.6536
1994-02-11,20.1277,18.7919,-0.3298,-0.662
1994-02-12,20.1211,18.7895,-0.3419,-0.6519
1994-02-13,20.1174,18.8248,-0.3479,-0.5971
1994-02-14,20.1199,18.8557,-0.3491,-0.5477
1994-02-15,20.1241,18.8389,-0.3506,-0.5458
1994-02-16,20.1235,18.8343,-0.3551,-0.5395
1994-02-17,20.1184,18.8069,-0.3634,-0.5624
1994-02-18,20.1185,18.7849,-0.3667,-0.5775
1994-02-19,20.1312,18.778,-0.3574,-0.5811
1994-02-20,20.1405,18.7523,-0.3522,-0.5995
1994-02-21,20.1285,18.7331,-0.3681,-0.6098
1994-02-22,20.1278,18.7352,-0.3733,-0.599
1994-02-23,20.1373,18.7359,-0.3689,-0.5917
1994-02-24,20.1464,18.7532,-0.3635,-0.5696
1994-02-25,20.1652,18.7638,-0.3482,-0.5611
1994-02-26,20.1721,18.7388,-0.3424,-0.5823
1994-02-27,20.1857,18.73,-0.3304,-0.59
1994-02-28,20.2052,18.7381,-0.309,-0.5913
1994-03-01,20.2275,18.7366,-0.2898,-0.5822
1994-03-02,20.2448,18.7341,-0.2722,-0.5865
1994-03-03,20.2483,18.7373,-0.2706,-0.5812
1994-03-04,20.2473,18.7444,-0.2726,-0.5693
1994-03-05,20.2565,18.7601,-0.2624,-0.5477
1994-03-06,20.2682,18.7717,-0.2505,-0.5282
1994-03-07,20.2864,18.7686,-0.232,-0.5213
1994-03-08,20.2984,18.7705,-0.2202,-0.5183
1994-03-09,20.3087,18.7409,-0.2121,-0.5536
1994-03-10,20.3062,18.7278,-0.2169,-0.5714
1994-03-11,20.3057,18.7311,-0.2191,-0.5691
1994-03-12,20.312,18.7556,-0.2165,-0.5481
1994-03-13,20.3255,18.7409,-0.205,-0.5661
1994-03-14,20.3229,18.741,-0.2104,-0.5741
1994-03-15,20.3205,18.7851,-0.2158,-0.5425
1994-03-16,20.3146,18.8314,-0.2257,-0.5137
1994-03-17,20.3059,18.8548,-0.2374,-0.503
1994-03-18,20.2957,18.8496,-0.2537,-0.5152
1994-03-19,20.2906,18.8732,-0.2644,-0.4984
1994-03-20,20.2911,18.8923,-0.2674,-0.4864
1994-03-21,20.2788,18.9118,-0.2801,-0.475
1994-03-22,20.2755,18.9601,-0.2834,-0.432
1994-03-23,20.2676,19.029,-0.2906,-0.3675
1994-03-24,20.2512,19.0532,-0.3035,-0.3459
1994-03-25,20.2421,19.0754,-0.3112,-0.3309
1994-03-26,20.2354,19.0795,-0.3179,-0.3349
1994-03-27,20.2466,19.0796,-0.3068,-0.3431
1994-03-28,20.2588,19.0968,-0.2954,-0.3317
1994-03-29,20.2728,19.1234,-0.2804,-0.3171
1994-03-30,20.2838,19.1526,-0.2684,-0.3007
1994-03-31,20.2873,19.1829,-0.2628,-0.2789
1994-04-01,20.2896,19.2338,-0.2591,-0.2385
1994-04-02,20.2814,19.2392,-0.2638,-0.2511
1994-04-03,20.2693,19.2052,-0.2733,-0.3015
1994-04-04,20.2735,19.1636,-0.2665,-0.3576
1994-04-05,20.2793,19.1507,-0.2582,-0.39
1994-04-06,20.2702,19.1456,-0.2645,-0.408
1994-04-07,20.2554,19.1487,-0.2764,-0.4181
1994-04-08,20.2406,19.142,-0.2881,-0.4413
1994-04-09,20.216,19.1126,-0.3114,-0.4906
1994-04-10,20.2067,19.1276,-0.3187,-0.4953
1994-04-11,20.1944,19.1827,-0.3252,-0.4541
1994-04-12,20.1738,19.2157,-0.3404,-0.4325
1994-04-13,20.1624,19.2437,-0.348,-0.419
1994-04-14,20.1649,19.2803,-0.3429,-0.4039
1994-04-15,20.1611,19.2926,-0.343,-0.4175
1994-04-16,20.166,19.312,-0.3366,-0.4231
1994-04-17,20.1676,19.3702,-0.3331,-0.3855
1994-04-18,20.1745,19.4218,-0.3235,-0.3563
1994-04-19,20.1846,19.4343,-0.3098,-0.3658
1994-04-20,20.1908,19.4574,-0.303,-0.3742
1994-04-21,20.2006,19.4818,-0.2911,-0.3795
1994-04-22,20.209,19.5092,-0.2829,-0.3831
1994-04-23,20.2202,19.5403,-0.2699,-0.3842
1994-04-24,20.2466,19.6039,-0.2424,-0.3497
1994-04-25,20.2495,19.6011,-0.2383,-0.3795
1994-04-26,20.2402,19.5945,-0.2439,-0.4098
1994-04-27,20.2316,19.5964,-0.249,-0.4317
1994-04-28,20.2314,19.6145,-0.2455,-0.4399
1994-04-29,20.2311,19.6462,-0.2414,-0.4292
1994-04-30,20.2272,19.6549,-0.241,-0.4413
1994-05-01,20.2342,19.7112,-0.2288,-0.4162
1994-05-02,20.2466,19.7805,-0.2125,-0.3819
1994-05-03,20.2567,19.8437,-0.2015,-0.3584
1994-05-04,20.2561,19.8763,-0.199,-0.3599
1994-05-05,20.2534,19.8702,-0.1967,-0.3959
1994-05-06,20.2519,19.8617,-0.1928,-0.4322
1994-05-07,20.2561,19.9089,-0.1828,-0.4118
1994-05-08,20.263,19.9734,-0.1717,-0.3791
1994-05-09,20.2604,20.0111,-0.171,-0.373
1994-05-10,20.2436,20.0014,-0.1854,-0.4103
1994-05-11,20.2318,19.9779,-0.1943,-0.4664
1994-05-12,20.2212,19.9905,-0.2013,-0.4828
1994-05-13,20.1998,20.0152,-0.221,-0.4964
1994-05-14,20.1818,20.0483,-0.2365,-0.4916
1994-05-15,20.1693,20.0836,-0.2473,-0.4828
1994-05-16,20.1641,20.1217,-0.2487,-0.4766
1994-05-17,20.1531,20.0912,-0.2572,-0.5415
1994-05-18,20.1388,20.0778,-0.2689,-0.5914
1994-05-19,20.1334,20.0767,-0.2712,-0.6335
1994-05-20,20.1412,20.0997,-0.2613,-0.6517
1994-05-21,20.1472,20.2122,-0.2527,-0.5804
1994-05-22,20.1464,20.346,-0.2518,-0.4836
1994-05-23,20.142,20.4633,-0.2541,-0.407
1994-05-24,20.1449,20.5154,-0.2472,-0.3912
1994-05-25,20.1332,20.547,-0.2542,-0.4019
1994-05-26,20.1285,20.5835,-0.2545,-0.4071
1994-05-27,20.1224,20.6147,-0.2564,-0.4175
1994-05-28,20.1148,20.6543,-0.2613,-0.4251
1994-05-29,20.1033,20.7081,-0.2689,-0.4217
1994-05-30,20.1002,20.7587,-0.267,-0.4138
1994-05-31,20.0992,20.7961,-0.2631,-0.4176
1994-06-01,20.0925,20.8092,-0.2666,-0.4504
1994-06-02,20.0728,20.8054,-0.2835,-0.4928
1994-06-03,20.0486,20.8031,-0.3051,-0.5341
1994-06-04,20.0245,20.8461,-0.3254,-0.5318
1994-06-05,20.0088,20.9122,-0.3348,-0.5063
1994-06-06,19.9862,20.9699,-0.3499,-0.4904
1994-06-07,19.9724,21.0291,-0.3588,-0.4759
1994-06-08,19.9658,21.0547,-0.3627,-0.4943
1994-06-09,19.959,21.0795,-0.3679,-0.5186
1994-06-10,19.9501,21.0996,-0.3729,-0.544
1994-06-11,19.9559,21.1742,-0.3644,-0.5169
1994-06-12,19.9755,21.2762,-0.3426,-0.4586
1994-06-13,19.9905,21.3579,-0.3266,-0.4224
1994-06-14,19.9997,21.4249,-0.3167,-0.4049
1994-06-15,20.0048,21.4539,-0.3126,-0.4271
1994-06-16,20.0157,21.4826,-0.3068,-0.4545
1994-06-17,20.0114,21.5133,-0.3125,-0.474
1994-06-18,20.0179,21.5818,-0.3048,-0.4571
1994-06-19,20.0228,21.6236,-0.2983,-0.4672
1994-06-20,20.0143,21.6333,-0.3058,-0.4996
1994-06-21,20.0048,21.6322,-0.3161,-0.5442
1994-06-22,20.0044,21.6247,-0.3186,-0.6007
1994-06-23,20.0098,21.6345,-0.3153,-0.6393
1994-06-24,20.0003,21.6915,-0.326,-0.6367
1994-06-25,19.9985,21.7887,-0.3278,-0.5921
1994-06-26,20.0075,21.9037,-0.3188,-0.5269
1994-06-27,20.0137,21.9954,-0.3129,-0.4809
1994-06-28,20.0249,22.0784,-0.3028,-0.4382
1994-06-29,20.0327,22.131,-0.2952,-0.4257
1994-06-30,20.0275,22.1717,-0.3012,-0.4274
1994-07-01,20.0164,22.1695,-0.3142,-0.4681
1994-07-02,20.0014,22.1531,-0.328,-0.5229
1994-07-03,20.0047,22.1905,-0.3243,-0.5237
1994-07-04,20.0108,22.2578,-0.3202,-0.4993
1994-07-05,19.9982,22.3,-0.3346,-0.5052
1994-07-06,19.9879,22.3139,-0.3455,-0.5371
1994-07-07,19.9792,22.3074,-0.3532,-0.5858
1994-07-08,19.9777,22.2993,-0.3526,-0.638
1994-07-09,19.9837,22.3227,-0.3456,-0.6604
1994-07-10,19.9876,22.3974,-0.3432,-0.6286
1994-07-11,19.9951,22.477,-0.3387,-0.5841
1994-07-12,20.0092,22.5842,-0.3269,-0.511
1994-07-13,20.0255,22.6404,-0.3135,-0.4814
1994-07-14,20.0387,22.6815,-0.3023,-0.472
1994-07-15,20.0342,22.7203,-0.3089,-0.4677
1994-07-16,20.0428,22.7538,-0.3034,-0.4734
1994-07-17,20.0575,22.7597,-0.2904,-0.5037
1994-07-18,20.0765,22.8038,-0.2713,-0.4959
1994-07-19,20.098,22.8526,-0.2498,-0.4833
1994-07-20,20.1061,22.8761,-0.2412,-0.4891
1994-07-21,20.1132,22.8845,-0.2356,-0.5137
1994-07-22,20.121,22.8958,-0.231,-0.5409
1994-07-23,20.1299,22.9318,-0.224,-0.542
1994-07-24,20.1397,22.9679,-0.2163,-0.5416
1994-07-25,20.129,22.9777,-0.2299,-0.5644
1994-07-26,20.1232,22.9959,-0.2402,-0.5743
1994-07-27,20.1031,22.991,-0.2669,-0.6177
1994-07-28,20.0894,22.9907,-0.2884,-0.6622
1994-07-29,20.0758,22.994,-0.3072,-0.6947
1994-07-30,20.0699,23.033,-0.3175,-0.6996
1994-07-31,20.0762,23.1251,-0.3142,-0.6446
1994-08-01,20.0762,23.1703,-0.3134,-0.6249
1994-08-02,20.0753,23.2098,-0.3144,-0.6088
1994-08-03,20.0779,23.2258,-0.3111,-0.6205
1994-08-04,20.0915,23.2617,-0.2987,-0.6108
1994-08-05,20.1089,23.2781,-0.2834,-0.6222
1994-08-06,20.1227,23.309,-0.2702,-0.6232
1994-08-07,20.1465,23.3735,-0.2492,-0.5829
1994-08-08,20.1703,23.4221,-0.2271,-0.5546
1994-08-09,20.1812,23.401,-0.2156,-0.5887
1994-08-10,20.1884,23.3878,-0.2103,-0.6253
1994-08-11,20.1948,23.4003,-0.2068,-0.6446
1994-08-12,20.2124,23.4281,-0.1918,-0.6475
1994-08-13,20.2377,23.4779,-0.1682,-0.6205
1994-08-14,20.2514,23.5253,-0.1566,-0.595
1994-08-15,20.2534,23.6036,-0.1556,-0.5322
1994-08-16,20.2537,23.6236,-0.1562,-0.5225
1994-08-17,20.2478,23.6325,-0.1611,-0.517
1994-08-18,20.2433,23.6074,-0.1632,-0.5359
1994-08-19,20.2507,23.5939,-0.156,-0.5542
1994-08-20,20.252,23.6193,-0.1559,-0.5426
1994-08-21,20.2414,23.6518,-0.1684,-0.5282
1994-08-22,20.2237,23.626,-0.1859,-0.5614
1994-08-23,20.2084,23.6056,-0.201,-0.5902
1994-08-24,20.2048,23.5663,-0.2045,-0.636
1994-08-25,20.2073,23.556,-0.2022,-0.6517
1994-08-26,20.2128,23.5527,-0.1968,-0.6619
1994-08-27,20.2133,23.5951,-0.1979,-0.6305
1994-08-28,20.2063,23.6341,-0.2044,-0.5934
1994-08-29,20.2059,23.6963,-0.2053,-0.5321
1994-08-30,20.2018,23.711,-0.2089,-0.5116
1994-08-31,20.1985,23.7223,-0.2103,-0.4927
1994-09-01,20.2109,23.7379,-0.198,-0.4711
1994-09-02,20.215,23.7402,-0.1932,-0.4677
1994-09-03,20.2137,23.7233,-0.1925,-0.4799
1994-09-04,20.1989,23.6738,-0.206,-0.5276
1994-09-05,20.1919,23.6371,-0.2101,-0.5579
1994-09-06,20.1643,23.6045,-0.2328,-0.5728
1994-09-07,20.1398,23.569,-0.2496,-0.5919
1994-09-08,20.121,23.5506,-0.2626,-0.5924
1994-09-09,20.1122,23.5368,-0.2663,-0.5886
1994-09-10,20.1039,23.5155,-0.2686,-0.5948
1994-09-11,20.1005,23.5033,-0.2649,-0.5868
1994-09-12,20.1059,23.4962,-0.2544,-0.5778
1994-09-13,20.0948,23.4651,-0.2602,-0.5975
1994-09-14,20.037,23.3935,-0.3103,-0.6537
1994-09-15,19.975,23.3082,-0.3658,-0.7252
1994-09-16,19.9519,23.2972,-0.3827,-0.7188
1994-09-17,19.9368,23.2727,-0.3919,-0.7245
1994-09-18,19.9467,23.2431,-0.3776,-0.7315
1994-09-19,19.9474,23.2371,-0.3739,-0.722
1994-09-20,19.965,23.243,-0.3565,-0.7027
1994-09-21,19.9883,23.2553,-0.3315,-0.6709
1994-09-22,19.9901,23.2436,-0.3271,-0.6637
1994-09-23,19.9915,23.2859,-0.3238,-0.6052
1994-09-24,19.9916,23.2917,-0.3208,-0.5787
1994-09-25,19.9932,23.2777,-0.3163,-0.5761
1994-09-26,19.9927,23.2641,-0.3132,-0.5734
1994-09-27,19.9886,23.2212,-0.3121,-0.5995
1994-09-28,19.9815,23.2017,-0.3118,-0.6
1994-09-29,19.9901,23.2188,-0.2967,-0.5608
1994-09-30,20.0007,23.2133,-0.2815,-0.5392
1994-10-01,20.0006,23.1735,-0.2778,-0.5485
1994-10-02,19.9979,23.1261,-0.2756,-0.5634
1994-10-03,19.9982,23.0649,-0.2696,-0.5923
1994-10-04,20.0181,23.021,-0.2451,-0.6065
1994-10-05,20.0274,22.9962,-0.2304,-0.6017
1994-10-06,20.0332,23.0245,-0.2202,-0.5432
1994-10-07,20.0397,23.0442,-0.211,-0.4984
1994-10-08,20.0494,23.0257,-0.196,-0.4823
1994-10-09,20.0663,22.9921,-0.1747,-0.4788
1994-10-10,20.0618,22.973,-0.1739,-0.463
1994-10-11,20.0499,22.951,-0.1787,-0.4536
1994-10-12,20.0288,22.9357,-0.194,-0.4385
1994-10-13,20.0231,22.919,-0.1947,-0.4215
1994-10-14,20.0126,22.9222,-0.2007,-0.3858
1994-10-15,19.9993,22.8969,-0.2123,-0.3783
1994-10-16,19.9918,22.8273,-0.2192,-0.4192
1994-10-17,19.9849,22.7552,-0.2245,-0.4635
1994-10-18,19.9789,22.6989,-0.2273,-0.4941
1994-10-19,19.9822,22.6685,-0.2237,-0.4948
1994-10-20,19.9918,22.661,-0.2116,-0.4693
1994-10-21,19.9902,22.6341,-0.2105,-0.4595
1994-10-22,19.9878,22.5685,-0.2101,-0.4877
1994-10-23,19.9913,22.5317,-0.205,-0.4873
1994-10-24,19.995,22.4991,-0.2004,-0.4828
1994-10-25,19.993,22.4909,-0.201,-0.4531
1994-10-26,19.9915,22.4846,-0.1994,-0.4188
1994-10-27,19.9912,22.4729,-0.1959,-0.3905
1994-10-28,19.9976,22.4645,-0.1849,-0.3538
1994-10-29,20.0005,22.4698,-0.1771,-0.3031
1994-10-30,20.0006,22.4626,-0.172,-0.2659
1994-10-31,19.9965,22.4148,-0.1712,-0.2728
1994-11-01,19.9838,22.3588,-0.1768,-0.2868
1994-11-02,19.969,22.289,-0.1868,-0.3112
1994-11-03,19.9511,22.2183,-0.2004,-0.3344
1994-11-04,19.9472,22.1769,-0.2006,-0.3286
1994-11-05,19.9429,22.1169,-0.2028,-0.3501
1994-11-06,19.9358,22.0412,-0.21,-0.3893
1994-11-07,19.9316,22.008,-0.2143,-0.3841
1994-11-08,19.9292,21.9901,-0.2173,-0.3656
1994-11-09,19.9295,21.976,-0.2184,-0.3421
1994-11-10,19.9318,21.9842,-0.2172,-0.295
1994-11-11,19.9345,21.9548,-0.2138,-0.2807
1994-11-12,19.9417,21.8998,-0.2071,-0.2878
1994-11-13,19.9385,21.8012,-0.2098,-0.3383
1994-11-14,19.9333,21.7226,-0.2154,-0.3744
1994-11-15,19.9397,21.7073,-0.207,-0.3532
1994-11-16,19.9506,21.7048,-0.1963,-0.3259
1994-11-17,19.957,21.7008,-0.1902,-0.2934
1994-11-18,19.9599,21.6627,-0.1861,-0.288
1994-11-19,19.9626,21.6023,-0.1841,-0.3051
1994-11-20,19.966,21.5645,-0.1812,-0.2993
1994-11-21,19.9827,21.5169,-0.1674,-0.3095
1994-11-22,19.9882,21.4995,-0.1644,-0.2888
1994-11-23,19.9933,21.4806,-0.1619,-0.2652
1994-11-24,19.9957,21.4499,-0.1612,-0.2579
1994-11-25,19.9996,21.4195,-0.1592,-0.2473
1994-11-26,20.0113,21.3735,-0.1472,-0.2452
1994-11-27,20.0061,21.2781,-0.1517,-0.3007
1994-11-28,20.005,21.2047,-0.1516,-0.3355
1994-11-29,20.0,21.1573,-0.154,-0.3371
1994-11-30,19.9966,21.1152,-0.1568,-0.3388
1994-12-01,19.9928,21.0529,-0.1638,-0.3661
1994-12-02,19.9822,20.9999,-0.1777,-0.3833
1994-12-03,19.9808,20.9932,-0.1819,-0.3528
1994-12-04,19.9752,20.9751,-0.189,-0.3291
1994-12-05,19.96,20.9263,-0.2082,-0.3376
1994-12-06,19.9538,20.858,-0.2178,-0.3694
1994-12-07,19.9385,20.7711,-0.2351,-0.4165
1994-12-08,19.9284,20.7174,-0.2453,-0.4318
1994-12-09,19.9261,20.6963,-0.2488,-0.4168
1994-12-10,19.9288,20.6688,-0.2462,-0.4042
1994-12-11,19.9319,20.6099,-0.2423,-0.4204
1994-12-12,19.9315,20.5719,-0.2445,-0.414
1994-12-13,19.9367,20.523,-0.2439,-0.4259
1994-12-14,19.9434,20.4991,-0.2411,-0.4175
1994-12-15,19.9459,20.4789,-0.2422,-0.4017
1994-12-16,19.9499,20.4736,-0.2422,-0.3639
1994-12-17,19.9638,20.4527,-0.2326,-0.3443
1994-12-18,19.9708,20.4423,-0.2292,-0.3191
1994-12-19,19.9882,20.4304,-0.2144,-0.2987
1994-12-20,20.0069,20.3697,-0.1976,-0.3255
1994-12-21,20.0181,20.3257,-0.1887,-0.3386
1994-12-22,20.0267,20.295,-0.1831,-0.3453
1994-12-23,20.0588,20.352,-0.158,-0.2665
1994-12-24,20.0775,20.3217,-0.1486,-0.266
1994-12-25,20.1007,20.2525,-0.1342,-0.3024
1994-12-26,20.1137,20.1944,-0.1255,-0.3266
1994-12-27,20.1305,20.1536,-0.1121,-0.332
1994-12-28,20.1353,20.0996,-0.1101,-0.3506
1994-12-29,20.1451,20.0927,-0.1046,-0.3272
1994-12-30,20.1601,20.0862,-0.092,-0.3018
1994-12-31,20.1684,20.0766,-0.0882,-0.2799
1995-01-01,20.1824,20.028,-0.0669,-0.2738
1995-01-02,20.18,19.9837,-0.0724,-0.2878
1995-01-03,20.1722,19.9618,-0.0847,-0.282
1995-01-04,20.1721,19.96,-0.09,-0.2483
1995-01-05,20.1678,19.9592,-0.0979,-0.2156
1995-01-06,20.144,19.9249,-0.1247,-0.2212
1995-01-07,20.1296,19.8764,-0.1433,-0.2426
1995-01-08,20.1375,19.8261,-0.1407,-0.2631
1995-01-09,20.1425,19.7783,-0.1401,-0.2822
1995-01-10,20.1371,19.7527,-0.1507,-0.2804
1995-01-11,20.1364,19.7072,-0.1578,-0.3001
1995-01-12,20.1392,19.6828,-0.1609,-0.3018
1995-01-13,20.1587,19.7096,-0.1487,-0.2478
1995-01-14,20.1666,19.7118,-0.1467,-0.219
1995-01-15,20.1733,19.7127,-0.1437,-0.1954
1995-01-16,20.1708,19.6935,-0.1509,-0.1913
1995-01-17,20.1745,19.6907,-0.1519,-0.1704
1995-01-18,20.1808,19.7232,-0.1504,-0.1188
1995-01-19,20.1819,19.7152,-0.1549,-0.1072
1995-01-20,20.1796,19.7031,-0.1614,-0.0989
1995-01-21,20.1712,19.6928,-0.1734,-0.0923
1995-01-22,20.1596,19.6858,-0.1898,-0.086
1995-01-23,20.1458,19.6826,-0.2086,-0.0639
1995-01-24,20.1411,19.6817,-0.2191,-0.0412
1995-01-25,20.1436,19.6519,-0.2242,-0.0494
1995-01-26,20.1447,19.6207,-0.2277,-0.0583
1995-01-27,20.1542,19.5934,-0.2211,-0.0623
1995-01-28,20.1534,19.5584,-0.2265,-0.0798
1995-01-29,20.1574,19.5296,-0.2294,-0.0922
1995-01-30,20.1636,19.4871,-0.2294,-0.1217
1995-01-31,20.1825,19.4575,-0.2144,-0.1395
1995-02-01,20.1944,19.45,-0.2053,-0.1314
1995-02-02,20.1941,19.4313,-0.2087,-0.1339
1995-02-03,20.1995,19.4278,-0.2097,-0.1228
1995-02-04,20.2112,19.4309,-0.2051,-0.1023
1995-02-05,20.2226,19.4225,-0.2003,-0.0937
1995-02-06,20.2347,19.4234,-0.1927,-0.0751
1995-02-07,20.2522,19.4203,-0.181,-0.0636
1995-02-08,20.2756,19.3885,-0.1638,-0.0844
1995-02-09,20.2948,19.367,-0.1511,-0.0972
1995-02-10,20.3071,19.3407,-0.1444,-0.1162
1995-02-11,20.3256,19.3405,-0.1319,-0.1134
1995-02-12,20.3478,19.3418,-0.1152,-0.0996
1995-02-13,20.3564,19.3402,-0.1089,-0.0817
1995-02-14,20.3557,19.3166,-0.1133,-0.0868
1995-02-15,20.3362,19.2738,-0.1385,-0.1109
1995-02-16,20.3279,19.2454,-0.1507,-0.1284
1995-02-17,20.3264,19.231,-0.1554,-0.1383
1995-02-18,20.3314,19.2307,-0.1538,-0.1317
1995-02-19,20.3508,19.2239,-0.1378,-0.1352
1995-02-20,20.3641,19.1874,-0.1286,-0.1644
1995-02-21,20.3669,19.1665,-0.1297,-0.1764
1995-02-22,20.3698,19.1455,-0.1313,-0.1887
1995-02-23,20.3714,19.1181,-0.1348,-0.2095
1995-02-24,20.361,19.119,-0.1489,-0.2038
1995-02-25,20.35,19.1304,-0.1634,-0.1945
1995-02-26,20.3408,19.129,-0.1737,-0.1921
1995-02-27,20.3468,19.1471,-0.1693,-0.1729
1995-02-28,20.3446,19.1626,-0.1696,-0.1668
1995-03-01,20.3265,19.1579,-0.1908,-0.1609
1995-03-02,20.3153,19.1578,-0.2017,-0.1628
1995-03-03,20.3262,19.1484,-0.1927,-0.1701
1995-03-04,20.3306,19.1581,-0.1893,-0.1556
1995-03-05,20.3294,19.165,-0.1895,-0.1428
1995-03-06,20.3238,19.1671,-0.1949,-0.1328
1995-03-07,20.3152,19.1589,-0.2032,-0.131
1995-03-08,20.3093,19.1476,-0.2093,-0.1412
1995-03-09,20.31,19.1475,-0.2108,-0.147
1995-03-10,20.3187,19.152,-0.2044,-0.1472
1995-03-11,20.3254,19.1314,-0.1994,-0.1688
1995-03-12,20.3452,19.0941,-0.1833,-0.2096
1995-03-13,20.3578,19.0867,-0.1728,-0.2203
1995-03-14,20.3812,19.1162,-0.1521,-0.1989
1995-03-15,20.3977,19.1278,-0.1386,-0.1998
1995-03-16,20.4006,19.1616,-0.1397,-0.1835
1995-03-17,20.4081,19.2138,-0.1352,-0.144
1995-03-18,20.4087,19.241,-0.1407,-0.1238
1995-03-19,20.4131,19.24,-0.1419,-0.1317
1995-03-20,20.4227,19.2779,-0.1358,-0.1008
1995-03-21,20.4234,19.3158,-0.1355,-0.071
1995-03-22,20.433,19.3397,-0.1259,-0.0524
1995-03-23,20.4417,19.3578,-0.1165,-0.0387
1995-03-24,20.4344,19.3537,-0.1203,-0.0454
1995-03-25,20.4301,19.3981,-0.1232,-0.0082
1995-03-26,20.4353,19.416,-0.118,0.0016
1995-03-27,20.4304,19.421,-0.123,-0.0017
1995-03-28,20.4197,19.4139,-0.1345,-0.0146
1995-03-29,20.4101,19.4013,-0.1431,-0.0392
1995-03-30,20.4054,19.4009,-0.1468,-0.0524
1995-03-31,20.406,19.4054,-0.1441,-0.0564
1995-04-01,20.4063,19.4331,-0.1424,-0.0392
1995-04-02,20.394,19.4605,-0.1512,-0.0298
1995-04-03,20.3801,19.4758,-0.1625,-0.0309
1995-04-04,20.3754,19.4758,-0.1646,-0.0454
1995-04-05,20.3795,19.4792,-0.158,-0.0615
1995-04-06,20.3781,19.4911,-0.1566,-0.0625
1995-04-07,20.369,19.488,-0.1628,-0.0788
1995-04-08,20.3551,19.5041,-0.1736,-0.0792
1995-04-09,20.3428,19.5343,-0.1846,-0.0689
1995-04-10,20.3322,19.5499,-0.1932,-0.073
1995-04-11,20.3184,19.5553,-0.2012,-0.0815
1995-04-12,20.3092,19.5516,-0.205,-0.0966
1995-04-13,20.3031,19.5395,-0.2073,-0.1232
1995-04-14,20.2995,19.5745,-0.2083,-0.1097
1995-04-15,20.3109,19.6352,-0.1932,-0.0749
1995-04-16,20.3188,19.718,-0.1838,-0.0171
1995-04-17,20.3144,19.7522,-0.1863,-0.0035
1995-04-18,20.3065,19.7792,-0.1915,0.0011
1995-04-19,20.2959,19.7774,-0.1985,-0.0227
1995-04-20,20.2875,19.7593,-0.2063,-0.0723
1995-04-21,20.2727,19.7636,-0.219,-0.0977
1995-04-22,20.2559,19.7792,-0.236,-0.1131
1995-04-23,20.2537,19.7931,-0.2364,-0.1314
1995-04-24,20.2725,19.8467,-0.2165,-0.1069
1995-04-25,20.2907,19.9214,-0.1971,-0.0592
1995-04-26,20.2956,19.957,-0.1885,-0.0473
1995-04-27,20.2879,19.9615,-0.1927,-0.0666
1995-04-28,20.2838,19.982,-0.1931,-0.0724
1995-04-29,20.2765,20.0216,-0.196,-0.0538
1995-04-30,20.2706,20.0443,-0.1976,-0.0519
1995-05-01,20.274,20.0769,-0.189,-0.0505
1995-05-02,20.279,20.1435,-0.1801,-0.0189
1995-05-03,20.2892,20.2357,-0.169,0.0336
1995-05-04,20.2824,20.2977,-0.1727,0.0615
1995-05-05,20.2513,20.3271,-0.1988,0.061
1995-05-06,20.2229,20.3635,-0.2218,0.0696
1995-05-07,20.2167,20.439,-0.2222,0.1183
1995-05-08,20.2123,20.5029,-0.2224,0.1504
1995-05-09,20.2058,20.5248,-0.2256,0.1407
1995-05-10,20.1952,20.5281,-0.2338,0.1164
1995-05-11,20.1858,20.5429,-0.2403,0.0986
1995-05-12,20.1737,20.5706,-0.2488,0.0973
1995-05-13,20.168,20.6244,-0.2528,0.1128
1995-05-14,20.1754,20.6998,-0.2429,0.1599
1995-05-15,20.171,20.7298,-0.2456,0.1634
1995-05-16,20.166,20.7508,-0.2468,0.1525
1995-05-17,20.1575,20.7893,-0.2528,0.1566
1995-05-18,20.1528,20.8145,-0.2549,0.1453
1995-05-19,20.1486,20.8437,-0.256,0.1335
1995-05-20,20.1539,20.8635,-0.2486,0.112
1995-05-21,20.1399,20.8863,-0.26,0.0937
1995-05-22,20.1325,20.9589,-0.2657,0.1293
1995-05-23,20.1285,21.0272,-0.2676,0.1569
1995-05-24,20.1293,21.0733,-0.2628,0.1667
1995-05-25,20.1522,21.1408,-0.2352,0.1919
1995-05-26,20.1663,21.1363,-0.2167,0.1457
1995-05-27,20.1796,21.1789,-0.1992,0.1467
1995-05-28,20.1839,21.2233,-0.1922,0.1439
1995-05-29,20.1861,21.2707,-0.1861,0.1409
1995-05-30,20.1842,21.2798,-0.183,0.1073
1995-05-31,20.1738,21.3155,-0.1885,0.1018
1995-06-01,20.1727,21.3678,-0.1864,0.1082
1995-06-02,20.1788,21.4103,-0.1775,0.1121
1995-06-03,20.1884,21.4662,-0.1653,0.129
1995-06-04,20.184,21.491,-0.1659,0.1131
1995-06-05,20.1779,21.5198,-0.1657,0.1013
1995-06-06,20.1783,21.5517,-0.1578,0.0914
1995-06-07,20.1904,21.6373,-0.1408,0.1323
1995-06-08,20.1911,21.6765,-0.1374,0.1275
1995-06-09,20.1881,21.7239,-0.1388,0.1258
1995-06-10,20.1813,21.7709,-0.1417,0.1273
1995-06-11,20.1776,21.8827,-0.1427,0.1916
1995-06-12,20.1774,21.97,-0.1407,0.2352
1995-06-13,20.1744,22.0161,-0.1427,0.2358
1995-06-14,20.1713,22.0591,-0.1451,0.2293
1995-06-15,20.1639,22.0937,-0.1535,0.2127
1995-06-16,20.1542,22.1101,-0.1683,0.173
1995-06-17,20.143,22.1326,-0.1809,0.1453
1995-06-18,20.1242,22.1686,-0.1985,0.1297
1995-06-19,20.1168,22.1948,-0.2043,0.104
1995-06-20,20.1163,22.2172,-0.2038,0.0843
1995-06-21,20.1099,22.2238,-0.211,0.0474
1995-06-22,20.1053,22.2625,-0.2177,0.0371
1995-06-23,20.1098,22.2968,-0.2153,0.023
1995-06-24,20.1061,22.3489,-0.2202,0.0207
1995-06-25,20.1077,22.441,-0.2186,0.0602
1995-06-26,20.1143,22.5129,-0.212,0.0823
1995-06-27,20.1281,22.5583,-0.1985,0.082
1995-06-28,20.1604,22.6685,-0.1673,0.1519
1995-06-29,20.1861,22.7563,-0.1418,0.1996
1995-06-30,20.2028,22.8077,-0.1259,0.2086
1995-07-01,20.2194,22.8435,-0.1112,0.2059
1995-07-02,20.2332,22.8973,-0.0962,0.2213
1995-07-03,20.2373,22.9327,-0.0917,0.2185
1995-07-04,20.2366,22.9804,-0.0944,0.2233
1995-07-05,20.239,23.0043,-0.0938,0.1991
1995-07-06,20.2261,23.0294,-0.1073,0.1784
1995-07-07,20.22,23.0422,-0.1124,0.149
1995-07-08,20.2222,23.1113,-0.1081,0.1741
1995-07-09,20.2352,23.1754,-0.0941,0.1923
1995-07-10,20.2403,23.2266,-0.0905,0.2006
1995-07-11,20.2482,23.2943,-0.0856,0.2332
1995-07-12,20.2647,23.3775,-0.0714,0.2823
1995-07-13,20.2827,23.4084,-0.0563,0.2866
1995-07-14,20.2915,23.3746,-0.0495,0.2211
1995-07-15,20.2859,23.3667,-0.0572,0.1787
1995-07-16,20.2746,23.3471,-0.0716,0.1199
1995-07-17,20.2658,23.3267,-0.0821,0.0633
1995-07-18,20.2526,23.3325,-0.0952,0.0328
1995-07-19,20.2456,23.362,-0.1022,0.0261
1995-07-20,20.2306,23.3849,-0.1167,0.0197
1995-07-21,20.2139,23.4182,-0.1349,0.02
1995-07-22,20.2081,23.4594,-0.1439,0.0226
1995-07-23,20.2041,23.4853,-0.1498,0.0115
1995-07-24,20.1896,23.4699,-0.1664,-0.0396
1995-07-25,20.1877,23.4775,-0.1712,-0.0646
1995-07-26,20.1949,23.5602,-0.1685,-0.01
1995-07-27,20.2115,23.6326,-0.1585,0.0239
1995-07-28,20.2232,23.6657,-0.1546,0.0128
1995-07-29,20.229,23.702,-0.154,0.0133
1995-07-30,20.2301,23.7438,-0.1573,0.0112
1995-07-31,20.2274,23.7295,-0.163,-0.0402
1995-08-01,20.2232,23.7085,-0.1664,-0.0867
1995-08-02,20.2223,23.7394,-0.1674,-0.0792
1995-08-03,20.2116,23.7779,-0.1774,-0.0684
1995-08-04,20.2092,23.824,-0.181,-0.0485
1995-08-05,20.2077,23.903,-0.1846,0.0027
1995-08-06,20.2082,23.9637,-0.1847,0.0315
1995-08-07,20.2102,23.9664,-0.1855,0.01
1995-08-08,20.2111,23.9468,-0.1863,-0.0299
1995-08-09,20.2034,23.8799,-0.1934,-0.1098
1995-08-10,20.2026,23.8694,-0.1961,-0.1437
1995-08-11,20.206,23.907,-0.1956,-0.1379
1995-08-12,20.2106,23.9725,-0.1936,-0.1031
1995-08-13,20.2089,23.9798,-0.197,-0.1186
1995-08-14,20.2108,24.0008,-0.1972,-0.1195
1995-08-15,20.2139,24.0043,-0.1951,-0.1315
1995-08-16,20.2197,24.0415,-0.1902,-0.1046
1995-08-17,20.2318,24.0891,-0.1771,-0.0604
1995-08-18,20.2419,24.0737,-0.1646,-0.0696
1995-08-19,20.2515,24.0292,-0.1552,-0.1189
1995-08-20,20.2603,24.0003,-0.1476,-0.1616
1995-08-21,20.2592,24.0071,-0.1506,-0.1729
1995-08-22,20.2498,24.0212,-0.1598,-0.1662
1995-08-23,20.2462,24.0333,-0.1632,-0.1625
1995-08-24,20.2416,24.0527,-0.1677,-0.1496
1995-08-25,20.239,24.0526,-0.1705,-0.1551
1995-08-26,20.2344,24.0141,-0.1752,-0.2005
1995-08-27,20.2278,23.9683,-0.1834,-0.2573
1995-08-28,20.2199,23.9581,-0.1908,-0.2694
1995-08-29,20.2127,23.954,-0.1985,-0.2744
1995-08-30,20.1975,23.9546,-0.2132,-0.268
1995-08-31,20.1853,23.9632,-0.2235,-0.2518
1995-09-01,20.1883,23.9861,-0.2206,-0.2229
1995-09-02,20.1918,24.0005,-0.2164,-0.2074
1995-09-03,20.1902,24.0017,-0.216,-0.2015
1995-09-04,20.1881,23.996,-0.2168,-0.2054
1995-09-05,20.1851,23.9724,-0.2169,-0.2226
1995-09-06,20.1775,23.952,-0.2196,-0.2253
1995-09-07,20.1674,23.9069,-0.222,-0.254
1995-09-08,20.1502,23.8407,-0.2334,-0.3023
1995-09-09,20.1397,23.7745,-0.2388,-0.3509
1995-09-10,20.1351,23.7363,-0.2374,-0.374
1995-09-11,20.1376,23.7085,-0.2278,-0.3816
1995-09-12,20.1346,23.7061,-0.2257,-0.3679
1995-09-13,20.1267,23.6973,-0.2283,-0.3653
1995-09-14,20.1116,23.6867,-0.2357,-0.3605
1995-09-15,20.0905,23.6872,-0.2503,-0.3462
1995-09-16,20.0687,23.6675,-0.2659,-0.3485
1995-09-17,20.0462,23.6147,-0.2825,-0.3825
1995-09-18,20.0379,23.5982,-0.2864,-0.3764
1995-09-19,20.0378,23.5992,-0.2835,-0.3599
1995-09-20,20.0547,23.5972,-0.2668,-0.3485
1995-09-21,20.0764,23.6265,-0.2434,-0.2997
1995-09-22,20.0988,23.664,-0.2184,-0.2433
1995-09-23,20.1142,23.6662,-0.2011,-0.2249
1995-09-24,20.1167,23.6134,-0.1957,-0.257
1995-09-25,20.1049,23.5572,-0.2046,-0.2966
1995-09-26,20.0966,23.5423,-0.2093,-0.2952
1995-09-27,20.0876,23.5466,-0.2131,-0.274
1995-09-28,20.0751,23.5296,-0.2182,-0.2721
1995-09-29,20.065,23.4972,-0.2218,-0.2824
1995-09-30,20.0584,23.4456,-0.2238,-0.3069
1995-10-01,20.053,23.4186,-0.2254,-0.3034
1995-10-02,20.0428,23.4277,-0.2307,-0.2618
1995-10-03,20.0365,23.4461,-0.2313,-0.2111
1995-10-04,20.0254,23.4204,-0.2378,-0.2071
1995-10-05,20.022,23.3562,-0.2358,-0.2417
1995-10-06,20.0356,23.3513,-0.2178,-0.2164
1995-10-07,20.0535,23.3602,-0.1972,-0.1824
1995-10-08,20.0527,23.3478,-0.1927,-0.1602
1995-10-09,20.0461,23.2779,-0.1949,-0.193
1995-10-10,20.0484,23.2402,-0.1873,-0.1958
1995-10-11,20.038,23.2319,-0.1906,-0.1727
1995-10-12,20.0308,23.2273,-0.192,-0.1469
1995-10-13,20.0266,23.2325,-0.1912,-0.108
1995-10-14,20.0225,23.2257,-0.1908,-0.0823
1995-10-15,20.0138,23.1878,-0.1978,-0.0874
1995-10-16,20.007,23.1449,-0.204,-0.1016
1995-10-17,20.0034,23.112,-0.206,-0.1067
1995-10-18,20.0078,23.1203,-0.1984,-0.0727
1995-10-19,20.0086,23.1041,-0.1973,-0.0592
1995-10-20,19.9986,23.0714,-0.2048,-0.0589
1995-10-21,19.9764,23.0219,-0.2243,-0.0717
1995-10-22,19.9583,22.9525,-0.2396,-0.1037
1995-10-23,19.9505,22.9202,-0.2458,-0.0988
1995-10-24,19.9553,22.8849,-0.2401,-0.097
1995-10-25,19.9603,22.8478,-0.2337,-0.0962
1995-10-26,19.9763,22.8362,-0.2146,-0.0672
1995-10-27,19.9871,22.8241,-0.2,-0.0393
1995-10-28,19.99,22.7881,-0.1925,-0.0302
1995-10-29,19.9783,22.7215,-0.1993,-0.0514
1995-10-30,19.9708,22.6523,-0.2018,-0.0762
1995-10-31,19.9629,22.5822,-0.2048,-0.1054
1995-11-01,19.9541,22.5194,-0.2065,-0.1262
1995-11-02,19.9495,22.4733,-0.2063,-0.1269
1995-11-03,19.948,22.4169,-0.2035,-0.1358
1995-11-04,19.9497,22.3637,-0.1981,-0.1418
1995-11-05,19.9618,22.3322,-0.1839,-0.1348
1995-11-06,19.9758,22.2862,-0.17,-0.1443
1995-11-07,19.9876,22.2474,-0.1583,-0.1447
1995-11-08,19.9936,22.2378,-0.1529,-0.1179
1995-11-09,19.9975,22.2396,-0.1504,-0.0785
1995-11-10,20.0011,22.2347,-0.1479,-0.0446
1995-11-11,20.0013,22.2084,-0.147,-0.0271
1995-11-12,20.0005,22.1759,-0.1483,-0.0117
1995-11-13,20.0008,22.1328,-0.1475,-0.0067
1995-11-14,20.0061,22.0951,-0.1426,-0.0019
1995-11-15,20.0071,22.0716,-0.1396,0.0111
1995-11-16,20.0091,22.0501,-0.1378,0.0194
1995-11-17,20.0116,22.0173,-0.1356,0.0231
1995-11-18,20.0064,21.9803,-0.1396,0.0296
1995-11-19,19.9862,21.9223,-0.1605,0.0149
1995-11-20,19.9739,21.8399,-0.1733,-0.0239
1995-11-21,19.9671,21.7748,-0.183,-0.0516
1995-11-22,19.9743,21.7181,-0.1783,-0.0702
1995-11-23,19.9822,21.6954,-0.173,-0.0504
1995-11-24,19.9681,21.669,-0.1888,-0.0388
1995-11-25,19.9679,21.623,-0.1909,-0.0438
1995-11-26,19.9643,21.5247,-0.1942,-0.094
1995-11-27,19.9595,21.4666,-0.1983,-0.1122
1995-11-28,19.9461,21.4199,-0.2105,-0.1203
1995-11-29,19.9367,21.3569,-0.2173,-0.1375
1995-11-30,19.9328,21.28,-0.2206,-0.174
1995-12-01,19.9507,21.2704,-0.2059,-0.1486
1995-12-02,19.9646,21.2785,-0.1953,-0.1047
1995-12-03,19.9827,21.2457,-0.18,-0.1003
1995-12-04,19.9957,21.2269,-0.1685,-0.0773
1995-12-05,19.9992,21.1834,-0.169,-0.0805
1995-12-06,20.0011,21.1248,-0.1705,-0.1026
1995-12-07,20.0025,21.0797,-0.1711,-0.1079
1995-12-08,19.9857,21.0105,-0.188,-0.1387
1995-12-09,19.9696,20.9481,-0.2053,-0.165
1995-12-10,19.9557,20.9138,-0.2193,-0.1592
1995-12-11,19.9429,20.8716,-0.2313,-0.1587
1995-12-12,19.942,20.8265,-0.234,-0.1594
1995-12-13,19.9358,20.7709,-0.2448,-0.1779
1995-12-14,19.935,20.7125,-0.2495,-0.2041
1995-12-15,19.9316,20.666,-0.2565,-0.2146
1995-12-16,19.9415,20.6246,-0.2506,-0.2129
1995-12-17,19.9528,20.5852,-0.2436,-0.2118
1995-12-18,19.9665,20.539,-0.2335,-0.2224
1995-12-19,19.9742,20.5309,-0.2284,-0.1982
1995-12-20,19.9806,20.4934,-0.2239,-0.2018
1995-12-21,19.9992,20.4964,-0.2076,-0.1679
1995-12-22,20.0127,20.5353,-0.1971,-0.105
1995-12-23,20.0281,20.5558,-0.1887,-0.0627
1995-12-24,20.0377,20.5516,-0.1884,-0.0361
1995-12-25,20.042,20.4936,-0.1929,-0.0613
1995-12-26,20.047,20.4454,-0.1922,-0.0756
1995-12-27,20.0569,20.405,-0.1857,-0.0806
1995-12-28,20.0614,20.3831,-0.184,-0.0671
1995-12-29,20.0646,20.343,-0.1851,-0.0769
1995-12-30,20.0602,20.332,-0.1919,-0.056
1995-12-31,20.0507,20.3271,-0.2059,-0.0294
1996-01-01,20.0403,20.3099,-0.209,0.0081
1996-01-02,20.0373,20.2832,-0.2151,0.0117
1996-01-03,20.0403,20.2713,-0.2166,0.0275
1996-01-04,20.0354,20.2341,-0.2267,0.0258
1996-01-05,20.0299,20.1802,-0.2358,0.0054
1996-01-06,20.0463,20.1246,-0.2224,-0.0215
1996-01-07,20.0607,20.0701,-0.2122,-0.0489
1996-01-08,20.0572,20.0129,-0.221,-0.0763
1996-01-09,20.059,19.9777,-0.2236,-0.0828
1996-01-10,20.0634,19.9291,-0.2244,-0.104
1996-01-11,20.0661,19.8714,-0.2281,-0.1359
1996-01-12,20.0635,19.8047,-0.2366,-0.1799
1996-01-13,20.0633,19.7649,-0.2441,-0.1925
1996-01-14,20.0694,19.7044,-0.2439,-0.2264
1996-01-15,20.0737,19.6662,-0.2433,-0.2419
1996-01-16,20.0835,19.6234,-0.2382,-0.2614
1996-01-17,20.098,19.5889,-0.2284,-0.2722
1996-01-18,20.0907,19.5787,-0.2405,-0.2633
1996-01-19,20.0861,19.5824,-0.2507,-0.24
1996-01-20,20.0926,19.5619,-0.2484,-0.2401
1996-01-21,20.1022,19.564,-0.2424,-0.2211
1996-01-22,20.1068,19.5587,-0.2426,-0.2131
1996-01-23,20.1026,19.5487,-0.2518,-0.1978
1996-01-24,20.1043,19.5251,-0.2559,-0.1978
1996-01-25,20.1041,19.4966,-0.2637,-0.2047
1996-01-26,20.1073,19.4708,-0.2651,-0.2082
1996-01-27,20.1116,19.4829,-0.2637,-0.1728
1996-01-28,20.1261,19.5127,-0.2538,-0.1255
1996-01-29,20.1487,19.5124,-0.2381,-0.1094
1996-01-30,20.1721,19.5173,-0.2209,-0.0915
1996-01-31,20.1885,19.5219,-0.2084,-0.0751
1996-02-01,20.2007,19.4872,-0.199,-0.0941
1996-02-02,20.2067,19.4367,-0.1961,-0.1285
1996-02-03,20.2226,19.4066,-0.1866,-0.144
1996-02-04,20.2453,19.3739,-0.171,-0.1593
1996-02-05,20.2674,19.3737,-0.1555,-0.1425
1996-02-06,20.2778,19.3571,-0.1496,-0.1414
1996-02-07,20.2921,19.3438,-0.1411,-0.1401
1996-02-08,20.2904,19.3449,-0.149,-0.128
1996-02-09,20.2841,19.3219,-0.1618,-0.1423
1996-02-10,20.2723,19.2828,-0.1792,-0.1741
1996-02-11,20.2559,19.2426,-0.2016,-0.2113
1996-02-12,20.2493,19.2169,-0.2137,-0.2245
1996-02-13,20.2528,19.1955,-0.2125,-0.2264
1996-02-14,20.2546,19.158,-0.2144,-0.2454
1996-02-15,20.2577,19.129,-0.217,-0.2557
1996-02-16,20.2631,19.1544,-0.2155,-0.2194
1996-02-17,20.2701,19.1735,-0.2117,-0.1958
1996-02-18,20.2826,19.1571,-0.2026,-0.2053
1996-02-19,20.3015,19.1715,-0.1871,-0.1876
1996-02-20,20.3149,19.184,-0.1778,-0.1678
1996-02-21,20.3231,19.1653,-0.1735,-0.1776
1996-02-22,20.3346,19.1496,-0.1665,-0.1846
1996-02-23,20.3457,19.164,-0.1605,-0.1636
1996-02-24,20.3425,19.1761,-0.1674,-0.1467
1996-02-25,20.3411,19.1717,-0.1723,-0.1532
1996-02-26,20.3389,19.1619,-0.1756,-0.1592
1996-02-27,20.3333,19.1845,-0.1828,-0.1355
1996-02-28,20.3364,19.199,-0.1778,-0.1304
1996-02-29,20.3468,19.2269,-0.1674,-0.1025
1996-03-01,20.3672,19.2374,-0.1501,-0.0814
1996-03-02,20.368,19.2012,-0.149,-0.1194
1996-03-03,20.3635,19.1715,-0.1554,-0.147
1996-03-04,20.3593,19.1547,-0.1606,-0.159
1996-03-05,20.3486,19.1165,-0.1703,-0.1913
1996-03-06,20.3372,19.0737,-0.1815,-0.2262
1996-03-07,20.3387,19.0519,-0.1797,-0.238
1996-03-08,20.3471,19.0479,-0.1715,-0.2409
1996-03-09,20.3386,19.021,-0.1822,-0.2735
1996-03-10,20.3298,18.987,-0.1933,-0.3122
1996-03-11,20.3277,18.9623,-0.1971,-0.3379
1996-03-12,20.3297,18.9525,-0.1988,-0.3512
1996-03-13,20.3246,18.9484,-0.206,-0.3586
1996-03-14,20.3226,18.9633,-0.2107,-0.3518
1996-03-15,20.326,18.9968,-0.2103,-0.3308
1996-03-16,20.3375,19.0295,-0.2028,-0.3156
1996-03-17,20.3473,19.0857,-0.196,-0.2721
1996-03-18,20.3533,19.1256,-0.1961,-0.2392
1996-03-19,20.3601,19.1495,-0.1949,-0.2221
1996-03-20,20.3778,19.159,-0.1807,-0.2197
1996-03-21,20.3882,19.174,-0.1707,-0.2128
1996-03-22,20.3914,19.1821,-0.1675,-0.21
1996-03-23,20.3973,19.1798,-0.1609,-0.2167
1996-03-24,20.3963,19.1666,-0.1584,-0.2325
1996-03-25,20.3893,19.1555,-0.164,-0.2508
1996-03-26,20.3723,19.149,-0.181,-0.2654
1996-03-27,20.3629,19.1421,-0.1905,-0.2806
1996-03-28,20.3419,19.1367,-0.2123,-0.2918
1996-03-29,20.3313,19.1253,-0.2219,-0.3152
1996-03-30,20.327,19.1404,-0.2252,-0.3129
1996-03-31,20.3302,19.1838,-0.2199,-0.278
1996-04-01,20.3408,19.2208,-0.2079,-0.2515
1996-04-02,20.3466,19.2359,-0.1986,-0.2544
1996-04-03,20.3398,19.2653,-0.2028,-0.2414
1996-04-04,20.3407,19.3395,-0.1993,-0.1817
1996-04-05,20.3351,19.3876,-0.2024,-0.1531
1996-04-06,20.3286,19.4008,-0.2061,-0.1528
1996-04-07,20.3241,19.4506,-0.2077,-0.1162
1996-04-08,20.3168,19.4821,-0.2119,-0.1012
1996-04-09,20.317,19.5094,-0.2104,-0.0938
1996-04-10,20.31,19.5094,-0.2154,-0.1135
1996-04-11,20.2973,19.4971,-0.2223,-0.1397
1996-04-12,20.2804,19.4588,-0.2338,-0.1894
1996-04-13,20.2771,19.4921,-0.2333,-0.1706
1996-04-14,20.2771,19.5515,-0.2307,-0.1327
1996-04-15,20.2788,19.5605,-0.2253,-0.1496
1996-04-16,20.2746,19.5661,-0.228,-0.169
1996-04-17,20.2676,19.5848,-0.2331,-0.1709
1996-04-18,20.27,19.6322,-0.228,-0.1459
1996-04-19,20.2745,19.705,-0.2199,-0.0951
1996-04-20,20.2805,19.7632,-0.2133,-0.0684
1996-04-21,20.2785,19.8062,-0.2132,-0.0551
1996-04-22,20.2791,19.8312,-0.2128,-0.0611
1996-04-23,20.2742,19.8128,-0.2159,-0.1117
1996-04-24,20.269,19.8218,-0.22,-0.1318
1996-04-25,20.2672,19.8729,-0.2206,-0.1077
1996-04-26,20.2674,19.9102,-0.2167,-0.0941
1996-04-27,20.2721,19.9633,-0.2085,-0.0648
1996-04-28,20.2719,20.0254,-0.205,-0.029
1996-04-29,20.2656,20.057,-0.2069,-0.0184
1996-04-30,20.2461,20.0291,-0.2221,-0.0671
1996-05-01,20.2304,20.0502,-0.2326,-0.0772
1996-05-02,20.2265,20.1124,-0.2326,-0.05
1996-05-03,20.2238,20.1489,-0.2344,-0.0532
1996-05-04,20.2201,20.199,-0.235,-0.0372
1996-05-05,20.2161,20.1887,-0.234,-0.0774
1996-05-06,20.2027,20.1376,-0.242,-0.1563
1996-05-07,20.1746,20.0979,-0.2643,-0.2228
1996-05-08,20.1644,20.087,-0.2703,-0.2655
1996-05-09,20.1525,20.1018,-0.2789,-0.2823
1996-05-10,20.1523,20.0933,-0.2767,-0.3184
1996-05-11,20.1689,20.1179,-0.2572,-0.3264
1996-05-12,20.1765,20.1336,-0.246,-0.3397
1996-05-13,20.1834,20.1699,-0.2374,-0.3417
1996-05-14,20.1728,20.1971,-0.2455,-0.3428
1996-05-15,20.1812,20.1965,-0.2354,-0.3699
1996-05-16,20.1726,20.2403,-0.2402,-0.358
1996-05-17,20.1781,20.2854,-0.2322,-0.3473
1996-05-18,20.1779,20.336,-0.2298,-0.3332
1996-05-19,20.1753,20.3896,-0.2293,-0.3206
1996-05-20,20.1836,20.4235,-0.2189,-0.3279
1996-05-21,20.1805,20.4341,-0.2194,-0.3585
1996-05-22,20.1928,20.4888,-0.2054,-0.3408
1996-05-23,20.1821,20.5618,-0.214,-0.3085
1996-05-24,20.1791,20.6111,-0.213,-0.2955
1996-05-25,20.1736,20.7216,-0.2138,-0.2273
1996-05-26,20.1753,20.7822,-0.2077,-0.2084
1996-05-27,20.1851,20.8559,-0.1937,-0.1763
1996-05-28,20.1842,20.8624,-0.1919,-0.217
1996-05-29,20.1712,20.8695,-0.201,-0.2603
1996-05-30,20.1536,20.8625,-0.2136,-0.31
1996-05-31,20.142,20.8764,-0.2203,-0.3373
1996-06-01,20.138,20.8717,-0.2211,-0.3879
1996-06-02,20.1331,20.9001,-0.2232,-0.3981
1996-06-03,20.116,20.9288,-0.2377,-0.4084
1996-06-04,20.1128,20.9563,-0.2371,-0.4216
1996-06-05,20.1014,20.9951,-0.2422,-0.4234
1996-06-06,20.0849,21.0285,-0.2512,-0.4318
1996-06-07,20.0929,21.1699,-0.2383,-0.3351
1996-06-08,20.0934,21.2532,-0.2351,-0.2958
1996-06-09,20.1011,21.348,-0.2258,-0.2501
1996-06-10,20.1002,21.406,-0.2228,-0.2376
1996-06-11,20.1167,21.4904,-0.2036,-0.2007
1996-06-12,20.1279,21.5407,-0.1902,-0.1941
1996-06-13,20.1299,21.5524,-0.1872,-0.2279
1996-06-14,20.1276,21.5692,-0.1888,-0.2606
1996-06-15,20.1223,21.6256,-0.1951,-0.2554
1996-06-16,20.1252,21.7054,-0.1973,-0.2317
1996-06-17,20.1217,21.7669,-0.2022,-0.2204
1996-06-18,20.1275,21.853,-0.1952,-0.1859
1996-06-19,20.1122,21.8895,-0.2089,-0.2013
1996-06-20,20.1026,21.8841,-0.2175,-0.2488
1996-06-21,20.0972,21.8893,-0.2237,-0.2871
1996-06-22,20.0969,21.9389,-0.2261,-0.2865
1996-06-23,20.1172,22.038,-0.2079,-0.2358
1996-06-24,20.1323,22.1168,-0.194,-0.2114
1996-06-25,20.1336,22.1431,-0.1927,-0.2377
1996-06-26,20.1341,22.1679,-0.1922,-0.2627
1996-06-27,20.1316,22.2024,-0.195,-0.2739
1996-06-28,20.128,22.1899,-0.1997,-0.3267
1996-06-29,20.127,22.1945,-0.2009,-0.3622
1996-06-30,20.1219,22.2254,-0.2068,-0.3737
1996-07-01,20.1189,22.2415,-0.2117,-0.3961
1996-07-02,20.1153,22.2526,-0.2141,-0.4234
1996-07-03,20.1149,22.2796,-0.2141,-0.4346
1996-07-04,20.1277,22.3299,-0.2033,-0.4272
1996-07-05,20.1412,22.4086,-0.1916,-0.3966
1996-07-06,20.1428,22.4779,-0.1906,-0.3731
1996-07-07,20.1225,22.5505,-0.2099,-0.3427
1996-07-08,20.0969,22.6086,-0.2334,-0.3286
1996-07-09,20.0697,22.6281,-0.2596,-0.355
1996-07-10,20.0504,22.6634,-0.2804,-0.3626
1996-07-11,20.047,22.6872,-0.2868,-0.3739
1996-07-12,20.0525,22.7002,-0.2836,-0.395
1996-07-13,20.0577,22.742,-0.2813,-0.3798
1996-07-14,20.0713,22.8429,-0.2697,-0.3106
1996-07-15,20.0739,22.9012,-0.2692,-0.2868
1996-07-16,20.0575,22.9128,-0.2887,-0.3144
1996-07-17,20.0359,22.9332,-0.3119,-0.3302
1996-07-18,20.0349,22.9924,-0.3129,-0.3073
1996-07-19,20.0325,23.0223,-0.3153,-0.3136
1996-07-20,20.0415,23.0135,-0.3058,-0.3517
1996-07-21,20.0584,23.0448,-0.2904,-0.3534
1996-07-22,20.077,23.0817,-0.275,-0.355
1996-07-23,20.087,23.078,-0.2669,-0.3958
1996-07-24,20.0896,23.1082,-0.2664,-0.4013
1996-07-25,20.0915,23.1309,-0.2674,-0.4112
1996-07-26,20.0917,23.1504,-0.2717,-0.4198
1996-07-27,20.0997,23.2071,-0.2704,-0.4016
1996-07-28,20.1104,23.2962,-0.2674,-0.3567
1996-07-29,20.1135,23.3502,-0.2695,-0.3385
1996-07-30,20.0973,23.4055,-0.2901,-0.3271
1996-07-31,20.0668,23.4301,-0.3236,-0.3396
1996-08-01,20.0429,23.4559,-0.3467,-0.3393
1996-08-02,20.0411,23.4912,-0.3486,-0.3274
1996-08-03,20.0518,23.5106,-0.3372,-0.3357
1996-08-04,20.0596,23.5125,-0.3306,-0.36
1996-08-05,20.0693,23.5322,-0.323,-0.3681
1996-08-06,20.0777,23.548,-0.3152,-0.3842
1996-08-07,20.0956,23.6164,-0.3001,-0.34
1996-08-08,20.1101,23.6455,-0.2873,-0.3312
1996-08-09,20.1169,23.6737,-0.2799,-0.316
1996-08-10,20.1205,23.726,-0.2782,-0.2871
1996-08-11,20.1306,23.7825,-0.271,-0.2624
1996-08-12,20.1438,23.8253,-0.2604,-0.2503
1996-08-13,20.1563,23.8727,-0.2496,-0.2257
1996-08-14,20.1604,23.8967,-0.2476,-0.2236
1996-08-15,20.1609,23.9242,-0.2481,-0.2116
1996-08-16,20.1673,23.9408,-0.2426,-0.2053
1996-08-17,20.1756,23.9469,-0.2333,-0.2026
1996-08-18,20.1872,23.9015,-0.2193,-0.2418
1996-08-19,20.1976,23.832,-0.2091,-0.3161
1996-08-20,20.195,23.793,-0.2129,-0.3689
1996-08-21,20.1846,23.7665,-0.2252,-0.4135
1996-08-22,20.1727,23.7636,-0.2369,-0.4238
1996-08-23,20.159,23.7568,-0.2504,-0.439
1996-08-24,20.1524,23.7838,-0.2569,-0.4185
1996-08-25,20.1454,23.8201,-0.2641,-0.3876
1996-08-26,20.1439,23.8939,-0.2657,-0.3207
1996-08-27,20.1459,23.9574,-0.2653,-0.2682
1996-08-28,20.1475,23.983,-0.2632,-0.2445
1996-08-29,20.1545,23.99,-0.2567,-0.2384
1996-08-30,20.166,23.9557,-0.2447,-0.2669
1996-08-31,20.1716,23.895,-0.2372,-0.32
1996-09-01,20.1735,23.8773,-0.2354,-0.3317
1996-09-02,20.1722,23.8713,-0.236,-0.3366
1996-09-03,20.1659,23.8763,-0.2403,-0.3269
1996-09-04,20.1671,23.9183,-0.2378,-0.2831
1996-09-05,20.1716,23.9475,-0.2304,-0.2475
1996-09-06,20.1712,23.9393,-0.2259,-0.238
1996-09-07,20.1676,23.91,-0.2218,-0.2509
1996-09-08,20.1675,23.8705,-0.2161,-0.2725
1996-09-09,20.1622,23.8249,-0.2163,-0.3005
1996-09-10,20.152,23.7831,-0.2205,-0.3272
1996-09-11,20.13,23.7467,-0.2354,-0.3434
1996-09-12,20.1171,23.7625,-0.2432,-0.3115
1996-09-13,20.1067,23.7775,-0.2483,-0.2851
1996-09-14,20.1139,23.798,-0.2334,-0.2492
1996-09-15,20.1127,23.8108,-0.2281,-0.2226
1996-09-16,20.108,23.8148,-0.2266,-0.2012
1996-09-17,20.0808,23.7544,-0.2479,-0.2428
1996-09-18,20.0479,23.6937,-0.2764,-0.2809
1996-09-19,20.0288,23.6503,-0.2925,-0.3088
1996-09-20,20.0239,23.6096,-0.2976,-0.3361
1996-09-21,20.0224,23.5748,-0.2974,-0.3514
1996-09-22,20.0241,23.5621,-0.2931,-0.3452
1996-09-23,20.0101,23.5323,-0.3052,-0.3588
1996-09-24,20.0145,23.5039,-0.2979,-0.3665
1996-09-25,20.0155,23.4754,-0.294,-0.3784
1996-09-26,20.0194,23.4617,-0.2865,-0.3758
1996-09-27,20.0098,23.4216,-0.2909,-0.399
1996-09-28,19.9934,23.4055,-0.2999,-0.3962
1996-09-29,19.9733,23.3973,-0.3135,-0.3823
1996-09-30,19.963,23.3536,-0.3192,-0.3989
1996-10-01,19.9739,23.3191,-0.3045,-0.4029
1996-10-02,19.959,23.2535,-0.3145,-0.436
1996-10-03,19.9535,23.2148,-0.3143,-0.4424
1996-10-04,19.9506,23.1695,-0.3126,-0.458
1996-10-05,19.9591,23.1412,-0.2987,-0.4567
1996-10-06,19.9804,23.0909,-0.273,-0.4768
1996-10-07,20.0062,23.0556,-0.2445,-0.487
1996-10-08,20.0217,23.0268,-0.2237,-0.4812
1996-10-09,20.0234,23.0166,-0.2176,-0.4543
1996-10-10,20.0189,23.0077,-0.2168,-0.4283
1996-10-11,20.0046,22.9766,-0.224,-0.428
1996-10-12,20.0068,22.9572,-0.216,-0.417
1996-10-13,20.003,22.9127,-0.2148,-0.4278
1996-10-14,19.9909,22.8666,-0.2224,-0.4414
1996-10-15,20.0008,22.8332,-0.2108,-0.442
1996-10-16,20.0148,22.8126,-0.1962,-0.4339
1996-10-17,20.0203,22.7916,-0.1891,-0.4271
1996-10-18,20.014,22.762,-0.1922,-0.431
1996-10-19,20.0055,22.6958,-0.2004,-0.4675
1996-10-20,19.9886,22.6252,-0.2148,-0.5051
1996-10-21,19.9619,22.6006,-0.2388,-0.493
1996-10-22,19.9412,22.5814,-0.2567,-0.4748
1996-10-23,19.9257,22.5706,-0.2706,-0.4484
1996-10-24,19.9151,22.5308,-0.2803,-0.4511
1996-10-25,19.9023,22.4908,-0.2917,-0.4532
1996-10-26,19.8934,22.4589,-0.2975,-0.4445
1996-10-27,19.8802,22.4242,-0.3069,-0.4392
1996-10-28,19.8838,22.3932,-0.2987,-0.4251
1996-10-29,19.8945,22.3989,-0.2831,-0.374
1996-10-30,19.9118,22.4131,-0.2608,-0.3154
1996-10-31,19.9163,22.3668,-0.2514,-0.3208
1996-11-01,19.9136,22.3112,-0.247,-0.3344
1996-11-02,19.9023,22.2298,-0.2535,-0.3704
1996-11-03,19.886,22.1334,-0.2655,-0.4193
1996-11-04,19.8582,22.0316,-0.2896,-0.4739
1996-11-05,19.8366,22.0014,-0.3091,-0.4656
1996-11-06,19.8249,21.9959,-0.3209,-0.4346
1996-11-07,19.8166,21.9872,-0.3293,-0.4049
1996-11-08,19.817,22.005,-0.3295,-0.3507
1996-11-09,19.84,22.0166,-0.3079,-0.3015
1996-11-10,19.8628,22.0033,-0.2862,-0.276
1996-11-11,19.8681,21.9595,-0.2802,-0.276
1996-11-12,19.8799,21.9072,-0.2689,-0.2804
1996-11-13,19.8857,21.8457,-0.2626,-0.2938
1996-11-14,19.8934,21.7846,-0.2553,-0.3124
1996-11-15,19.899,21.7448,-0.2477,-0.3157
1996-11-16,19.911,21.6758,-0.2359,-0.3549
1996-11-17,19.9191,21.582,-0.2281,-0.4122
1996-11-18,19.9257,21.5354,-0.2203,-0.4153
1996-11-19,19.9244,21.5177,-0.2223,-0.3897
1996-11-20,19.9179,21.4982,-0.2293,-0.3656
1996-11-21,19.9123,21.4452,-0.2378,-0.3812
1996-11-22,19.9009,21.3896,-0.2517,-0.3987
1996-11-23,19.8791,21.3224,-0.2761,-0.4234
1996-11-24,19.8679,21.2567,-0.289,-0.4511
1996-11-25,19.8709,21.2085,-0.2879,-0.4583
1996-11-26,19.8853,21.1976,-0.2732,-0.4211
1996-11-27,19.8954,21.1971,-0.2624,-0.3817
1996-11-28,19.9139,21.1746,-0.2427,-0.3656
1996-11-29,19.9282,21.1142,-0.2258,-0.3802
1996-11-30,19.9375,21.0752,-0.2159,-0.3788
1996-12-01,19.9371,21.0488,-0.2195,-0.3702
1996-12-02,19.9384,20.9915,-0.2215,-0.3917
1996-12-03,19.9478,20.9473,-0.2149,-0.3987
1996-12-04,19.9491,20.8777,-0.2151,-0.4265
1996-12-05,19.9435,20.8271,-0.2247,-0.4368
1996-12-06,19.9354,20.7784,-0.2362,-0.449
1996-12-07,19.9374,20.7459,-0.2362,-0.4417
1996-12-08,19.946,20.7206,-0.2277,-0.4286
1996-12-09,19.9439,20.6918,-0.231,-0.4213
1996-12-10,19.9479,20.6602,-0.2271,-0.4128
1996-12-11,19.9558,20.6165,-0.2184,-0.4138
1996-12-12,19.9654,20.5794,-0.2106,-0.4065
1996-12-13,19.9781,20.5847,-0.2025,-0.3641
1996-12-14,19.9877,20.5921,-0.1968,-0.3245
1996-12-15,19.9939,20.5605,-0.1942,-0.3201
1996-12-16,19.9935,20.5566,-0.1986,-0.281
1996-12-17,19.9967,20.5433,-0.1997,-0.2537
1996-12-18,19.9965,20.5148,-0.2035,-0.2466
1996-12-19,19.9913,20.4832,-0.2113,-0.2459
1996-12-20,19.9788,20.4396,-0.2257,-0.2556
1996-12-21,19.966,20.3747,-0.2408,-0.2896
1996-12-22,19.9673,20.3506,-0.2425,-0.2897
1996-12-23,19.9683,20.3226,-0.2485,-0.2959
1996-12-24,19.9636,20.2714,-0.2625,-0.3163
1996-12-25,19.9678,20.2346,-0.2671,-0.3203
1996-12-26,19.9629,20.2089,-0.2763,-0.3121
1996-12-27,19.9591,20.1974,-0.2835,-0.2882
1996-12-28,19.9373,20.1621,-0.3081,-0.2881
1996-12-29,19.934,20.1223,-0.3157,-0.2976
1996-12-30,19.9371,20.0878,-0.315,-0.3002
1996-12-31,19.9401,20.0533,-0.3165,-0.3032
1997-01-01,19.9414,19.9843,-0.3079,-0.3175
1997-01-02,19.9407,19.9399,-0.3117,-0.3316
1997-01-03,19.9392,19.9285,-0.3177,-0.3153
1997-01-04,19.9409,19.8994,-0.3212,-0.3089
1997-01-05,19.9526,19.8478,-0.3131,-0.327
1997-01-06,19.9649,19.8627,-0.3038,-0.2834
1997-01-07,19.9925,19.8775,-0.2804,-0.2415
1997-01-08,20.0141,19.8612,-0.2641,-0.228
1997-01-09,20.0187,19.8424,-0.2639,-0.2181
1997-01-10,20.0183,19.845,-0.2695,-0.1881
1997-01-11,20.0222,19.8132,-0.272,-0.1941
1997-01-12,20.0431,19.7977,-0.257,-0.1869
1997-01-13,20.0592,19.7668,-0.2482,-0.1906
1997-01-14,20.0719,19.7453,-0.2414,-0.1855
1997-01-15,20.0854,19.7521,-0.2316,-0.156
1997-01-16,20.0931,19.7633,-0.2286,-0.1215
1997-01-17,20.0957,19.7462,-0.2307,-0.1149
1997-01-18,20.1132,19.722,-0.218,-0.12
1997-01-19,20.1219,19.6733,-0.2149,-0.1491
1997-01-20,20.124,19.6112,-0.217,-0.1908
1997-01-21,20.1243,19.5703,-0.2203,-0.2148
1997-01-22,20.1283,19.5641,-0.2211,-0.2077
1997-01-23,20.1347,19.5567,-0.2197,-0.1898
1997-01-24,20.1532,19.5586,-0.207,-0.1643
1997-01-25,20.1683,19.5675,-0.1995,-0.1338
1997-01-26,20.1794,19.5718,-0.193,-0.1072
1997-01-27,20.1763,19.5456,-0.199,-0.1101
1997-01-28,20.1956,19.5163,-0.1843,-0.1219
1997-01-29,20.2137,19.5247,-0.1731,-0.0971
1997-01-30,20.2169,19.5143,-0.1761,-0.0945
1997-01-31,20.2206,19.4998,-0.1763,-0.0972
1997-02-01,20.2374,19.4973,-0.1623,-0.0841
1997-02-02,20.2506,19.4786,-0.1522,-0.0866
1997-02-03,20.2537,19.4651,-0.1555,-0.0855
1997-02-04,20.2572,19.4279,-0.1591,-0.1053
1997-02-05,20.2549,19.3961,-0.168,-0.1201
1997-02-06,20.246,19.3669,-0.1814,-0.1316
1997-02-07,20.2522,19.3636,-0.181,-0.1203
1997-02-08,20.2632,19.3712,-0.1762,-0.1017
1997-02-09,20.2755,19.3679,-0.1704,-0.0963
1997-02-10,20.2797,19.3478,-0.1718,-0.1091
1997-02-11,20.2843,19.3378,-0.1732,-0.1161
1997-02-12,20.2821,19.3039,-0.1809,-0.1375
1997-02-13,20.282,19.2585,-0.1833,-0.1634
1997-02-14,20.2813,19.2005,-0.1877,-0.2029
1997-02-15,20.2772,19.1725,-0.1975,-0.2122
1997-02-16,20.2666,19.1458,-0.212,-0.228
1997-02-17,20.2569,19.1351,-0.2249,-0.2342
1997-02-18,20.2579,19.1294,-0.2273,-0.233
1997-02-19,20.2714,19.1851,-0.2172,-0.174
1997-02-20,20.2675,19.2023,-0.2252,-0.1495
1997-02-21,20.2678,19.2092,-0.2288,-0.1337
1997-02-22,20.2818,19.21,-0.2193,-0.1242
1997-02-23,20.313,19.2003,-0.1932,-0.1273
1997-02-24,20.3351,19.2158,-0.1748,-0.107
1997-02-25,20.3476,19.2826,-0.1658,-0.0423
1997-02-26,20.3448,19.3065,-0.1697,-0.0146
1997-02-27,20.3383,19.3086,-0.1778,-0.0114
1997-02-28,20.3282,19.2888,-0.186,-0.0406
1997-03-01,20.3213,19.2954,-0.196,-0.0234
1997-03-02,20.3302,19.2911,-0.1868,-0.0295
1997-03-03,20.3484,19.246,-0.1705,-0.0725
1997-03-04,20.3604,19.2097,-0.1595,-0.104
1997-03-05,20.3747,19.1881,-0.1442,-0.1197
1997-03-06,20.3719,19.1443,-0.1468,-0.1556
1997-03-07,20.3701,19.0896,-0.1483,-0.2003
1997-03-08,20.3655,19.0582,-0.1531,-0.2306
1997-03-09,20.3754,19.0869,-0.1454,-0.2076
1997-03-10,20.3683,19.0958,-0.1548,-0.2034
1997-03-11,20.3553,19.1298,-0.1695,-0.1704
1997-03-12,20.3554,19.1263,-0.1731,-0.1774
1997-03-13,20.3568,19.1107,-0.1738,-0.1963
1997-03-14,20.3686,19.1035,-0.1647,-0.2116
1997-03-15,20.3841,19.1374,-0.1522,-0.1902
1997-03-16,20.4023,19.1962,-0.138,-0.1489
1997-03-17,20.4306,19.244,-0.1127,-0.1138
1997-03-18,20.4458,19.2514,-0.1036,-0.1134
1997-03-19,20.4588,19.2493,-0.0962,-0.1223
1997-03-20,20.4676,19.2317,-0.0909,-0.147
1997-03-21,20.4734,19.1981,-0.0855,-0.1887
1997-03-22,20.4632,19.1772,-0.0957,-0.2149
1997-03-23,20.461,19.1731,-0.0972,-0.2234
1997-03-24,20.442,19.1656,-0.1127,-0.2335
1997-03-25,20.4322,19.1513,-0.1211,-0.255
1997-03-26,20.4226,19.1561,-0.1307,-0.2583
1997-03-27,20.3988,19.1493,-0.1546,-0.2734
1997-03-28,20.3836,19.1479,-0.1706,-0.2806
1997-03-29,20.3752,19.1742,-0.178,-0.2663
1997-03-30,20.3532,19.2228,-0.199,-0.2305
1997-03-31,20.3279,19.2463,-0.2222,-0.2155
1997-04-01,20.3077,19.2554,-0.241,-0.2169
1997-04-02,20.2946,19.2802,-0.2506,-0.2101
1997-04-03,20.2967,19.2719,-0.2459,-0.2348
1997-04-04,20.2976,19.2825,-0.2424,-0.2387
1997-04-05,20.3073,19.3324,-0.2302,-0.2083
1997-04-06,20.301,19.3511,-0.2337,-0.2025
1997-04-07,20.2928,19.3591,-0.239,-0.2077
1997-04-08,20.2891,19.3754,-0.2396,-0.2079
1997-04-09,20.2901,19.4135,-0.2373,-0.1897
1997-04-10,20.2916,19.4535,-0.2338,-0.1694
1997-04-11,20.2933,19.4771,-0.2263,-0.1597
1997-04-12,20.2938,19.499,-0.2204,-0.1492
1997-04-13,20.2976,19.5333,-0.2128,-0.1294
1997-04-14,20.3003,19.5778,-0.2075,-0.1064
1997-04-15,20.3062,19.6035,-0.1979,-0.1066
1997-04-16,20.32,19.6554,-0.1826,-0.0797
1997-04-17,20.3317,19.6581,-0.169,-0.0976
1997-04-18,20.3295,19.6372,-0.1685,-0.1409
1997-04-19,20.3344,19.6249,-0.16,-0.1752
1997-04-20,20.33,19.6602,-0.1638,-0.1714
1997-04-21,20.3226,19.7099,-0.1691,-0.1514
1997-04-22,20.3266,19.7438,-0.1653,-0.1485
1997-04-23,20.3262,19.7537,-0.1639,-0.1708
1997-04-24,20.3198,19.7863,-0.1692,-0.1673
1997-04-25,20.3197,19.8209,-0.1681,-0.1597
1997-04-26,20.3045,19.8379,-0.1796,-0.1664
1997-04-27,20.282,19.8281,-0.1986,-0.2
1997-04-28,20.2738,19.8205,-0.2031,-0.2339
1997-04-29,20.2679,19.8285,-0.2046,-0.2469
1997-04-30,20.2566,19.8422,-0.2116,-0.254
1997-05-01,20.2662,19.8993,-0.1968,-0.2281
1997-05-02,20.2727,19.9755,-0.1864,-0.1869
1997-05-03,20.2878,20.0444,-0.1704,-0.1577
1997-05-04,20.2937,20.1003,-0.1614,-0.1359
1997-05-05,20.2917,20.1079,-0.1584,-0.1582
1997-05-06,20.2689,20.0978,-0.1758,-0.1961
1997-05-07,20.256,20.1095,-0.1829,-0.2112
1997-05-08,20.2693,20.154,-0.1654,-0.1985
1997-05-09,20.2967,20.2029,-0.1347,-0.1812
1997-05-10,20.3093,20.2406,-0.1197,-0.1711
1997-05-11,20.3131,20.3085,-0.113,-0.1358
1997-05-12,20.3099,20.3897,-0.1126,-0.0836
1997-05-13,20.3162,20.4719,-0.1046,-0.0397
1997-05-14,20.3079,20.5203,-0.1104,-0.0196
1997-05-15,20.2961,20.5352,-0.1205,-0.0312
1997-05-16,20.2821,20.5321,-0.1307,-0.0662
1997-05-17,20.2775,20.5556,-0.1328,-0.0771
1997-05-18,20.2745,20.5737,-0.1332,-0.0955
1997-05-19,20.2754,20.6136,-0.1292,-0.0966
1997-05-20,20.2736,20.6401,-0.1289,-0.1113
1997-05-21,20.2757,20.6908,-0.1242,-0.1018
1997-05-22,20.2787,20.7269,-0.1195,-0.1027
1997-05-23,20.2774,20.7574,-0.1187,-0.1129
1997-05-24,20.2683,20.759,-0.1238,-0.1476
1997-05-25,20.2545,20.7553,-0.1329,-0.1936
1997-05-26,20.2518,20.801,-0.1312,-0.1896
1997-05-27,20.2516,20.8448,-0.1272,-0.1874
1997-05-28,20.258,20.9085,-0.1181,-0.1709
1997-05-29,20.263,20.97,-0.1092,-0.1598
1997-05-30,20.256,20.9989,-0.1112,-0.1736
1997-05-31,20.2449,21.0343,-0.1174,-0.1794
1997-06-01,20.2345,21.0481,-0.1246,-0.2115
1997-06-02,20.2351,21.039,-0.1212,-0.2592
1997-06-03,20.2324,21.0177,-0.1213,-0.3195
1997-06-04,20.2368,21.044,-0.1131,-0.3339
1997-06-05,20.2295,21.0435,-0.1141,-0.375
1997-06-06,20.2261,21.0698,-0.11,-0.3905
1997-06-07,20.2316,21.0956,-0.0996,-0.4094
1997-06-08,20.2496,21.1737,-0.0789,-0.3753
1997-06-09,20.2555,21.2292,-0.0713,-0.3689
1997-06-10,20.2635,21.2722,-0.0595,-0.3714
1997-06-11,20.2671,21.3407,-0.0532,-0.3504
1997-06-12,20.2582,21.4104,-0.0599,-0.3244
1997-06-13,20.253,21.4748,-0.0641,-0.3055
1997-06-14,20.2524,21.5779,-0.064,-0.2519
1997-06-15,20.2465,21.7065,-0.0709,-0.1745
1997-06-16,20.2476,21.7796,-0.0749,-0.1575
1997-06-17,20.2428,21.8192,-0.0811,-0.1681
1997-06-18,20.2344,21.8745,-0.0883,-0.1644
1997-06-19,20.2305,21.9377,-0.0906,-0.1532
1997-06-20,20.2355,22.0027,-0.0846,-0.1302
1997-06-21,20.2515,22.0603,-0.0694,-0.1161
1997-06-22,20.2619,22.1417,-0.0611,-0.0837
1997-06-23,20.2689,22.1766,-0.0562,-0.0972
1997-06-24,20.275,22.1852,-0.0513,-0.143
1997-06-25,20.2637,22.1831,-0.0626,-0.1977
1997-06-26,20.2589,22.1849,-0.0674,-0.2457
1997-06-27,20.2598,22.2468,-0.0668,-0.2295
1997-06-28,20.2703,22.3681,-0.0574,-0.1485
1997-06-29,20.2701,22.4539,-0.0578,-0.1028
1997-06-30,20.2688,22.4826,-0.0599,-0.1165
1997-07-01,20.2704,22.5056,-0.0602,-0.132
1997-07-02,20.2637,22.5253,-0.0657,-0.1507
1997-07-03,20.2496,22.5118,-0.0794,-0.2024
1997-07-04,20.2465,22.5012,-0.0845,-0.2559
1997-07-05,20.2537,22.5072,-0.0791,-0.298
1997-07-06,20.2642,22.5559,-0.0692,-0.2951
1997-07-07,20.2749,22.6521,-0.0575,-0.2411
1997-07-08,20.2739,22.7173,-0.0564,-0.2199
1997-07-09,20.2738,22.8255,-0.0555,-0.1576
1997-07-10,20.2788,22.8879,-0.052,-0.1381
1997-07-11,20.2839,22.9406,-0.0499,-0.1205
1997-07-12,20.2943,22.987,-0.0418,-0.1082
1997-07-13,20.3032,23.0244,-0.0358,-0.0974
1997-07-14,20.3146,23.0539,-0.0264,-0.0996
1997-07-15,20.3059,23.0408,-0.0372,-0.1472
1997-07-16,20.2959,23.047,-0.0503,-0.1802
1997-07-17,20.2893,23.0474,-0.0586,-0.216
1997-07-18,20.2819,23.0715,-0.0659,-0.2282
1997-07-19,20.2858,23.1191,-0.062,-0.2168
1997-07-20,20.2889,23.1906,-0.0584,-0.1746
1997-07-21,20.2854,23.2419,-0.0634,-0.1563
1997-07-22,20.2844,23.2739,-0.0676,-0.1628
1997-07-23,20.2873,23.2866,-0.0666,-0.1872
1997-07-24,20.2887,23.3016,-0.0673,-0.2079
1997-07-25,20.2901,23.347,-0.0688,-0.1951
1997-07-26,20.2995,23.3993,-0.0639,-0.1709
1997-07-27,20.3098,23.4346,-0.0602,-0.1741
1997-07-28,20.3046,23.43,-0.0732,-0.2229
1997-07-29,20.2953,23.4121,-0.0877,-0.2766
1997-07-30,20.2971,23.4274,-0.0903,-0.3052
1997-07-31,20.3069,23.4652,-0.0835,-0.3045
1997-08-01,20.3101,23.4713,-0.0795,-0.3239
1997-08-02,20.3233,23.5114,-0.0664,-0.3072
1997-08-03,20.3448,23.6418,-0.0442,-0.2045
1997-08-04,20.3505,23.6948,-0.0397,-0.1777
1997-08-05,20.345,23.6931,-0.0473,-0.2072
1997-08-06,20.3295,23.6888,-0.0634,-0.2434
1997-08-07,20.3279,23.6708,-0.0678,-0.2856
1997-08-08,20.3236,23.6563,-0.0738,-0.3204
1997-08-09,20.33,23.7002,-0.0668,-0.2895
1997-08-10,20.3379,23.7644,-0.0608,-0.2487
1997-08-11,20.3371,23.8147,-0.0645,-0.2302
1997-08-12,20.3341,23.8467,-0.0701,-0.2289
1997-08-13,20.3354,23.8619,-0.0705,-0.2365
1997-08-14,20.3268,23.8298,-0.0812,-0.2905
1997-08-15,20.3176,23.7866,-0.0914,-0.3492
1997-08-16,20.3116,23.7778,-0.0983,-0.3683
1997-08-17,20.3055,23.7878,-0.1034,-0.3617
1997-08-18,20.291,23.7679,-0.1155,-0.3754
1997-08-19,20.2944,23.7754,-0.1123,-0.3727
1997-08-20,20.2981,23.8189,-0.1098,-0.343
1997-08-21,20.3023,23.8294,-0.1075,-0.3506
1997-08-22,20.3044,23.8177,-0.1052,-0.3697
1997-08-23,20.3093,23.8313,-0.1001,-0.3645
1997-08-24,20.3166,23.8773,-0.0927,-0.325
1997-08-25,20.3277,23.9258,-0.0818,-0.2819
1997-08-26,20.3278,23.9508,-0.0818,-0.2638
1997-08-27,20.3384,23.9656,-0.0728,-0.26
1997-08-28,20.3552,23.9733,-0.0555,-0.2542
1997-08-29,20.3719,23.9519,-0.0393,-0.2765
1997-08-30,20.3933,23.9371,-0.0174,-0.2855
1997-08-31,20.4083,23.9098,-0.0005,-0.3052
1997-09-01,20.4185,23.8778,0.0096,-0.3312
1997-09-02,20.437,23.8426,0.0288,-0.3653
1997-09-03,20.4468,23.8051,0.0406,-0.3981
1997-09-04,20.4449,23.7852,0.04,-0.4162
1997-09-05,20.4291,23.779,0.0271,-0.416
1997-09-06,20.4154,23.7949,0.0183,-0.3824
1997-09-07,20.4032,23.8324,0.0138,-0.3285
1997-09-08,20.3989,23.8902,0.0153,-0.2528
1997-09-09,20.3826,23.9116,0.0041,-0.2138
1997-09-10,20.3633,23.9271,-0.0092,-0.1832
1997-09-11,20.3499,23.9082,-0.0155,-0.1819
1997-09-12,20.3354,23.8505,-0.0249,-0.2235
1997-09-13,20.3212,23.8148,-0.0338,-0.2478
1997-09-14,20.3028,23.7613,-0.0445,-0.2859
1997-09-15,20.2897,23.7518,-0.0511,-0.2816
1997-09-16,20.2867,23.7773,-0.0479,-0.2387
1997-09-17,20.2775,23.8107,-0.0512,-0.1865
1997-09-18,20.2637,23.7993,-0.0606,-0.1753
1997-09-19,20.2735,23.8352,-0.0478,-0.1239
1997-09-20,20.2912,23.8841,-0.0303,-0.0616
1997-09-21,20.2916,23.8674,-0.0282,-0.0588
1997-09-22,20.2891,23.8418,-0.0281,-0.0655
1997-09-23,20.2822,23.8007,-0.0331,-0.0904
1997-09-24,20.2861,23.7853,-0.0263,-0.0851
1997-09-25,20.2885,23.7583,-0.021,-0.0955
1997-09-26,20.294,23.7389,-0.0119,-0.0986
1997-09-27,20.2919,23.7468,-0.0088,-0.0739
1997-09-28,20.2933,23.7711,-0.0,-0.0306
1997-09-29,20.2994,23.8018,0.0126,0.0222
1997-09-30,20.2989,23.7984,0.0167,0.0459
1997-10-01,20.2818,23.7632,0.0034,0.0412
1997-10-02,20.2712,23.7296,-0.0023,0.0401
1997-10-03,20.2686,23.7167,0.0008,0.0595
1997-10-04,20.2674,23.6671,0.0042,0.0396
1997-10-05,20.2476,23.5512,-0.0102,-0.0467
1997-10-06,20.2237,23.4635,-0.0297,-0.1042
1997-10-07,20.2084,23.4625,-0.0423,-0.0801
1997-10-08,20.1954,23.4896,-0.05,-0.0184
1997-10-09,20.1906,23.4622,-0.0504,-0.0087
1997-10-10,20.1924,23.4131,-0.0433,-0.0229
1997-10-11,20.2001,23.3787,-0.0285,-0.0259
1997-10-12,20.2037,23.3237,-0.0191,-0.0505
1997-10-13,20.1996,23.23,-0.0182,-0.1105
1997-10-14,20.2055,23.1653,-0.0078,-0.1427
1997-10-15,20.2294,23.142,0.0178,-0.1332
1997-10-16,20.2379,23.1146,0.0269,-0.1319
1997-10-17,20.2413,23.1317,0.0319,-0.087
1997-10-18,20.2446,23.1242,0.0384,-0.0688
1997-10-19,20.2535,23.1222,0.0476,-0.0411
1997-10-20,20.2576,23.1072,0.0542,-0.0231
1997-10-21,20.2618,23.0734,0.0611,-0.0202
1997-10-22,20.2667,23.038,0.0688,-0.0182
1997-10-23,20.271,23.003,0.0747,-0.016
1997-10-24,20.2781,22.9629,0.0827,-0.019
1997-10-25,20.2824,22.9208,0.0884,-0.0232
1997-10-26,20.2716,22.8589,0.0807,-0.0445
1997-10-27,20.2498,22.7645,0.0627,-0.0989
1997-10-28,20.2138,22.6674,0.0313,-0.1509
1997-10-29,20.1929,22.6362,0.0153,-0.1367
1997-10-30,20.1856,22.632,0.013,-0.0965
1997-10-31,20.1888,22.6125,0.0211,-0.0751
1997-11-01,20.199,22.5981,0.0384,-0.0475
1997-11-02,20.2114,22.5941,0.0556,-0.0061
1997-11-03,20.2082,22.5947,0.0567,0.042
1997-11-04,20.1944,22.5346,0.0466,0.0291
1997-11-05,20.1724,22.4394,0.0267,-0.0276
1997-11-06,20.1683,22.3421,0.0225,-0.0884
1997-11-07,20.1773,22.2974,0.0314,-0.0947
1997-11-08,20.1797,22.2654,0.0332,-0.0903
1997-11-09,20.1811,22.2371,0.0332,-0.081
1997-11-10,20.1738,22.2094,0.0248,-0.0699
1997-11-11,20.1822,22.1869,0.0339,-0.0486
1997-11-12,20.1873,22.1669,0.0385,-0.0207
1997-11-13,20.1766,22.1315,0.0283,-0.008
1997-11-14,20.1783,22.0791,0.0296,-0.0179
1997-11-15,20.1763,22.0069,0.0296,-0.0536
1997-11-16,20.1781,21.9792,0.0312,-0.0515
1997-11-17,20.1732,21.9635,0.026,-0.0307
1997-11-18,20.1638,21.8979,0.0178,-0.0528
1997-11-19,20.1707,21.8404,0.024,-0.067
1997-11-20,20.1744,21.805,0.0272,-0.0588
1997-11-21,20.1735,21.7602,0.0234,-0.0662
1997-11-22,20.1795,21.6919,0.0269,-0.0964
1997-11-23,20.1997,21.5885,0.0445,-0.1573
1997-11-24,20.211,21.4971,0.0541,-0.2107
1997-11-25,20.2255,21.4042,0.0667,-0.2626
1997-11-26,20.2265,21.3576,0.068,-0.2611
1997-11-27,20.2336,21.3612,0.0758,-0.2176
1997-11-28,20.2444,21.3854,0.0878,-0.1548
1997-11-29,20.25,21.3703,0.096,-0.1241
1997-11-30,20.2513,21.3119,0.0979,-0.1421
1997-12-01,20.2554,21.2838,0.0988,-0.1352
1997-12-02,20.2577,21.2501,0.0978,-0.1331
1997-12-03,20.2559,21.1977,0.0932,-0.1483
1997-12-04,20.2432,21.1309,0.079,-0.1733
1997-12-05,20.2475,21.1173,0.0793,-0.1466
1997-12-06,20.266,21.1043,0.0944,-0.1231
1997-12-07,20.2882,21.059,0.1146,-0.1286
1997-12-08,20.2956,20.9998,0.1219,-0.1494
1997-12-09,20.3075,20.9706,0.1326,-0.1425
1997-12-10,20.3136,20.9646,0.1386,-0.1084
1997-12-11,20.3059,20.9461,0.1317,-0.0842
1997-12-12,20.2988,20.9205,0.1228,-0.0654
1997-12-13,20.2995,20.8868,0.1189,-0.062
1997-12-14,20.2995,20.8496,0.115,-0.067
1997-12-15,20.2888,20.8179,0.1007,-0.0627
1997-12-16,20.2793,20.7842,0.0872,-0.0534
1997-12-17,20.2682,20.7568,0.0718,-0.0402
1997-12-18,20.2608,20.7183,0.0608,-0.0431
1997-12-19,20.2533,20.7013,0.0507,-0.0278
1997-12-20,20.2429,20.6947,0.0384,-0.0005
1997-12-21,20.253,20.6865,0.0462,0.0222
1997-12-22,20.2703,20.6677,0.0605,0.0274
1997-12-23,20.274,20.6363,0.0572,0.0178
1997-12-24,20.2837,20.5787,0.0576,-0.009
1997-12-25,20.2991,20.5257,0.0642,-0.0292
1997-12-26,20.3025,20.4362,0.0633,-0.0848
1997-12-27,20.287,20.3331,0.0444,-0.1525
1997-12-28,20.2781,20.2666,0.0327,-0.1836
1997-12-29,20.2817,20.2326,0.032,-0.1873
1997-12-30,20.2797,20.2145,0.0276,-0.1735
1997-12-31,20.2882,20.2343,0.0316,-0.1222
1998-01-01,20.3195,20.2666,0.0702,-0.0352
1998-01-02,20.3181,20.2721,0.0657,0.0006
1998-01-03,20.3196,20.2594,0.0627,0.0156
1998-01-04,20.3243,20.222,0.0622,0.0137
1998-01-05,20.3066,20.1873,0.0409,0.0125
1998-01-06,20.3074,20.1808,0.0387,0.0347
1998-01-07,20.2958,20.1274,0.0229,0.0084
1998-01-08,20.2874,20.103,0.0092,0.0138
1998-01-09,20.2803,20.0805,-0.0023,0.02
1998-01-10,20.2706,20.0764,-0.0172,0.0433
1998-01-11,20.284,20.0781,-0.0102,0.0708
1998-01-12,20.2822,20.069,-0.0179,0.0844
1998-01-13,20.2996,20.0433,-0.0078,0.0859
1998-01-14,20.3109,20.0089,-0.0024,0.0781
1998-01-15,20.3157,19.9589,-0.0013,0.0508
1998-01-16,20.3212,19.9036,-0.0005,0.0188
1998-01-17,20.3391,19.8769,0.0127,0.0158
1998-01-18,20.3512,19.8827,0.02,0.0407
1998-01-19,20.3652,19.9003,0.0284,0.0779
1998-01-20,20.3645,19.8901,0.0235,0.0881
1998-01-21,20.3719,19.8837,0.0273,0.0986
1998-01-22,20.39,19.8777,0.0406,0.1059
1998-01-23,20.403,19.8154,0.0486,0.0689
1998-01-24,20.4228,19.7657,0.0626,0.0428
1998-01-25,20.4523,19.7478,0.0845,0.0465
1998-01-26,20.4701,19.7299,0.0977,0.0509
1998-01-27,20.4807,19.7217,0.1054,0.066
1998-01-28,20.4876,19.7076,0.1077,0.0694
1998-01-29,20.4895,19.6983,0.1027,0.0765
1998-01-30,20.4906,19.6984,0.0976,0.0896
1998-01-31,20.4864,19.7069,0.0894,0.1099
1998-02-01,20.4841,19.6983,0.0844,0.1169
1998-02-02,20.4888,19.6738,0.086,0.1086
1998-02-03,20.5135,19.6588,0.1043,0.1082
1998-02-04,20.533,19.6243,0.1167,0.0911
1998-02-05,20.5413,19.6126,0.1184,0.0964
1998-02-06,20.5428,19.6224,0.1154,0.1239
1998-02-07,20.5446,19.6348,0.1114,0.1509
1998-02-08,20.5411,19.6332,0.1017,0.1603
1998-02-09,20.5287,19.6128,0.0828,0.1486
1998-02-10,20.5126,19.6129,0.0611,0.156
1998-02-11,20.4993,19.6359,0.0418,0.182
1998-02-12,20.5047,19.6678,0.0417,0.2264
1998-02-13,20.5143,19.6789,0.049,0.2569
1998-02-14,20.5253,19.6765,0.0563,0.2731
1998-02-15,20.5171,19.6335,0.0424,0.2488
1998-02-16,20.4996,19.5661,0.021,0.1923
1998-02-17,20.4997,19.5159,0.0179,0.1466
1998-02-18,20.5059,19.4877,0.0207,0.1253
1998-02-19,20.5126,19.4573,0.024,0.0982
1998-02-20,20.524,19.4607,0.0313,0.1089
1998-02-21,20.5312,19.4715,0.0346,0.1286
1998-02-22,20.5402,19.4708,0.0391,0.1366
1998-02-23,20.5537,19.4838,0.0475,0.1562
1998-02-24,20.5627,19.4921,0.0528,0.1693
1998-02-25,20.5594,19.5015,0.046,0.1766
1998-02-26,20.5585,19.4999,0.044,0.1788
1998-02-27,20.5664,19.4865,0.0503,0.1665
1998-02-28,20.5748,19.4752,0.0606,0.1458
1998-03-01,20.5944,19.4787,0.0771,0.1599
1998-03-02,20.6082,19.5113,0.0912,0.1907
1998-03-03,20.6105,19.5765,0.0916,0.258
1998-03-04,20.6067,19.6353,0.0868,0.3216
1998-03-05,20.5974,19.6316,0.0785,0.3238
1998-03-06,20.5957,19.5986,0.077,0.2987
1998-03-07,20.5836,19.5462,0.0652,0.2563
1998-03-08,20.5701,19.5023,0.0515,0.2135
1998-03-09,20.5678,19.5011,0.047,0.2066
1998-03-10,20.5614,19.5031,0.0383,0.2039
1998-03-11,20.5518,19.4747,0.027,0.1745
1998-03-12,20.5383,19.4356,0.0098,0.1319
1998-03-13,20.528,19.4176,-0.0026,0.1106
1998-03-14,20.5238,19.4111,-0.0095,0.096
1998-03-15,20.5283,19.4626,-0.008,0.135
1998-03-16,20.5331,19.4873,-0.0072,0.1422
1998-03-17,20.5507,19.5018,0.0074,0.144
1998-03-18,20.5655,19.5182,0.0161,0.1534
1998-03-19,20.5734,19.5232,0.0184,0.1516
1998-03-20,20.5604,19.4749,0.0019,0.0962
1998-03-21,20.545,19.4459,-0.0139,0.0591
1998-03-22,20.5393,19.4345,-0.0196,0.0424
1998-03-23,20.541,19.4341,-0.0172,0.0376
1998-03-24,20.5251,19.4237,-0.0296,0.0246
1998-03-25,20.5112,19.4493,-0.0421,0.043
1998-03-26,20.5049,19.4618,-0.0484,0.0474
1998-03-27,20.514,19.4871,-0.0394,0.0644
1998-03-28,20.5232,19.4857,-0.031,0.0572
1998-03-29,20.5432,19.5616,-0.01,0.1211
1998-03-30,20.5554,19.6005,0.0032,0.1472
1998-03-31,20.5576,19.5975,0.0075,0.1357
1998-04-01,20.5582,19.5777,0.0095,0.1054
1998-04-02,20.5588,19.5846,0.0136,0.0943
1998-04-03,20.5483,19.5897,0.0057,0.083
1998-04-04,20.5329,19.5987,-0.0071,0.0775
1998-04-05,20.5231,19.6442,-0.0144,0.1035
1998-04-06,20.5226,19.6978,-0.0121,0.1442
1998-04-07,20.5348,19.7222,0.003,0.1554
1998-04-08,20.5413,19.7347,0.0126,0.1514
1998-04-09,20.5509,19.7465,0.0235,0.1433
1998-04-10,20.5596,19.7649,0.0342,0.142
1998-04-11,20.5691,19.8218,0.0495,0.185
1998-04-12,20.5636,19.8448,0.0494,0.1966
1998-04-13,20.5587,19.828,0.0483,0.1653
1998-04-14,20.5636,19.8043,0.0558,0.1201
1998-04-15,20.5696,19.8285,0.0655,0.1184
1998-04-16,20.5781,19.8911,0.0755,0.156
1998-04-17,20.5714,19.9039,0.0707,0.1482
1998-04-18,20.5662,19.9092,0.0682,0.1311
1998-04-19,20.5565,19.9201,0.0621,0.12
1998-04-20,20.5523,19.9678,0.0585,0.1362
1998-04-21,20.5594,20.0309,0.0677,0.1696
1998-04-22,20.5582,20.0826,0.0663,0.1903
1998-04-23,20.538,20.1318,0.0479,0.2073
1998-04-24,20.5174,20.1387,0.0284,0.1851
1998-04-25,20.5082,20.1042,0.0204,0.1236
1998-04-26,20.5125,20.0839,0.0284,0.0796
1998-04-27,20.5275,20.1135,0.0469,0.0854
1998-04-28,20.5336,20.1577,0.0567,0.1033
1998-04-29,20.5258,20.1592,0.0533,0.0838
1998-04-30,20.5353,20.1716,0.0671,0.0754
1998-05-01,20.5339,20.2256,0.0709,0.0982
1998-05-02,20.5219,20.247,0.0628,0.0846
1998-05-03,20.5088,20.3005,0.0506,0.0984
1998-05-04,20.5035,20.3512,0.0484,0.115
1998-05-05,20.4919,20.3929,0.0418,0.1268
1998-05-06,20.4825,20.4278,0.0378,0.1339
1998-05-07,20.482,20.4482,0.0431,0.1275
1998-05-08,20.4775,20.4733,0.0428,0.1208
1998-05-09,20.4823,20.4722,0.0509,0.0881
1998-05-10,20.4702,20.4355,0.0412,0.0238
1998-05-11,20.4462,20.3837,0.0201,-0.0606
1998-05-12,20.4344,20.3678,0.0119,-0.1055
1998-05-13,20.4339,20.4124,0.0131,-0.0992
1998-05-14,20.4346,20.4407,0.0163,-0.0992
1998-05-15,20.4335,20.4699,0.0169,-0.0965
1998-05-16,20.4411,20.5284,0.0283,-0.0699
1998-05-17,20.4284,20.6092,0.0181,-0.0235
1998-05-18,20.4319,20.7437,0.0242,0.0745
1998-05-19,20.4386,20.8817,0.034,0.1715
1998-05-20,20.4456,20.9775,0.0431,0.2261
1998-05-21,20.4605,21.0726,0.0606,0.28
1998-05-22,20.4641,21.1097,0.0659,0.2801
1998-05-23,20.475,21.1687,0.0789,0.2984
1998-05-24,20.4717,21.2451,0.0796,0.3385
1998-05-25,20.4565,21.2941,0.0691,0.3452
1998-05-26,20.4399,21.32,0.0569,0.3294
1998-05-27,20.4266,21.32,0.0478,0.2878
1998-05-28,20.4142,21.3711,0.0381,0.2917
1998-05-29,20.413,21.4358,0.0408,0.306
1998-05-30,20.4087,21.4603,0.0415,0.2878
1998-05-31,20.4045,21.4608,0.0422,0.2471
1998-06-01,20.3919,21.4819,0.0328,0.2223
1998-06-02,20.3787,21.5057,0.0224,0.2075
1998-06-03,20.3666,21.553,0.0129,0.2158
1998-06-04,20.3766,21.6356,0.0267,0.2577
1998-06-05,20.3806,21.7132,0.037,0.2947
1998-06-06,20.3675,21.7647,0.0314,0.3044
1998-06-07,20.3557,21.8153,0.0245,0.3103
1998-06-08,20.3537,21.8621,0.0252,0.3131
1998-06-09,20.3596,21.8942,0.0328,0.2961
1998-06-10,20.3557,21.9177,0.0327,0.2741
1998-06-11,20.3491,21.9476,0.0288,0.2565
1998-06-12,20.3497,21.9921,0.0316,0.2573
1998-06-13,20.3509,22.0637,0.0338,0.2834
1998-06-14,20.3522,22.1336,0.0358,0.3038
1998-06-15,20.3561,22.2183,0.0387,0.3373
1998-06-16,20.3576,22.2817,0.0351,0.3446
1998-06-17,20.3539,22.3252,0.03,0.3379
1998-06-18,20.343,22.3203,0.0203,0.2814
1998-06-19,20.3432,22.3019,0.0221,0.2111
1998-06-20,20.3432,22.3306,0.0231,0.1977
1998-06-21,20.3366,22.3716,0.0157,0.1952
1998-06-22,20.3313,22.4068,0.0083,0.1814
1998-06-23,20.321,22.4345,-0.0041,0.1607
1998-06-24,20.3036,22.4901,-0.0227,0.1619
1998-06-25,20.2945,22.5444,-0.0318,0.1636
1998-06-26,20.2886,22.5625,-0.0377,0.1319
1998-06-27,20.2916,22.5794,-0.035,0.1031
1998-06-28,20.3007,22.6055,-0.027,0.0889
1998-06-29,20.3139,22.6576,-0.014,0.1009
1998-06-30,20.3306,22.7092,0.0019,0.1101
1998-07-01,20.3503,22.7596,0.0197,0.122
1998-07-02,20.3625,22.8736,0.0331,0.1976
1998-07-03,20.3782,22.9418,0.0492,0.2276
1998-07-04,20.3836,22.9778,0.0526,0.2207
1998-07-05,20.3891,23.0343,0.0563,0.2291
1998-07-06,20.3867,23.0785,0.0533,0.2275
1998-07-07,20.3784,23.1019,0.046,0.2087
1998-07-08,20.3607,23.1272,0.0304,0.1899
1998-07-09,20.3472,23.1419,0.0179,0.1588
1998-07-10,20.3409,23.1732,0.0101,0.1472
1998-07-11,20.341,23.2015,0.0072,0.1404
1998-07-12,20.3404,23.22,0.0043,0.1248
1998-07-13,20.3431,23.2378,0.0041,0.116
1998-07-14,20.3537,23.2928,0.0127,0.1393
1998-07-15,20.3663,23.388,0.0232,0.2
1998-07-16,20.3724,23.4406,0.0262,0.2134
1998-07-17,20.3746,23.4321,0.0267,0.1687
1998-07-18,20.3791,23.4424,0.0313,0.1427
1998-07-19,20.3872,23.4877,0.0394,0.1518
1998-07-20,20.3902,23.4874,0.0429,0.1222
1998-07-21,20.3936,23.4678,0.0448,0.0696
1998-07-22,20.4016,23.5223,0.0496,0.0856
1998-07-23,20.4068,23.6107,0.0529,0.1369
1998-07-24,20.4043,23.6123,0.0483,0.1028
1998-07-25,20.4081,23.6443,0.0492,0.1022
1998-07-26,20.417,23.7009,0.0536,0.1307
1998-07-27,20.4174,23.736,0.0474,0.1273
1998-07-28,20.417,23.8189,0.0392,0.166
1998-07-29,20.4251,23.9042,0.0421,0.2155
1998-07-30,20.4259,23.9918,0.0385,0.2592
1998-07-31,20.4173,24.045,0.0269,0.2753
1998-08-01,20.4122,24.0904,0.0226,0.2952
1998-08-02,20.4087,24.134,0.019,0.3154
1998-08-03,20.3968,24.1325,0.0078,0.2862
1998-08-04,20.3966,24.1293,0.0064,0.2568
1998-08-05,20.3936,24.1468,0.0013,0.2465
1998-08-06,20.3942,24.1712,0.0013,0.239
1998-08-07,20.4042,24.2019,0.0085,0.2455
1998-08-08,20.4193,24.2739,0.0219,0.2972
1998-08-09,20.4306,24.3083,0.0338,0.3186
1998-08-10,20.4455,24.3411,0.0468,0.3281
1998-08-11,20.4544,24.3697,0.0528,0.3248
1998-08-12,20.4675,24.4006,0.0633,0.325
1998-08-13,20.4582,24.3797,0.0523,0.2813
1998-08-14,20.4461,24.3852,0.0381,0.2649
1998-08-15,20.4339,24.3626,0.0249,0.2268
1998-08-16,20.4289,24.3793,0.019,0.2332
1998-08-17,20.4319,24.4034,0.023,0.2539
1998-08-18,20.4143,24.4081,0.0078,0.2648
1998-08-19,20.4029,24.4122,-0.0038,0.2641
1998-08-20,20.3999,24.3793,-0.008,0.2174
1998-08-21,20.3984,24.3859,-0.0114,0.2059
1998-08-22,20.3932,24.3275,-0.0164,0.1401
1998-08-23,20.3937,24.3403,-0.0157,0.1445
1998-08-24,20.3945,24.3567,-0.0148,0.1544
1998-08-25,20.3963,24.3317,-0.0132,0.124
1998-08-26,20.3962,24.2629,-0.0134,0.0483
1998-08-27,20.4068,24.2763,-0.0044,0.0507
1998-08-28,20.4017,24.2462,-0.009,0.0187
1998-08-29,20.4033,24.2594,-0.0079,0.031
1998-08-30,20.3909,24.1815,-0.0198,-0.0411
1998-08-31,20.3812,24.1787,-0.0276,-0.0363
1998-09-01,20.3787,24.2235,-0.0302,0.0145
1998-09-02,20.3684,24.2374,-0.0398,0.0295
1998-09-03,20.3729,24.2543,-0.0333,0.0511
1998-09-04,20.3773,24.2623,-0.0276,0.0609
1998-09-05,20.368,24.2143,-0.034,0.0193
1998-09-06,20.3477,24.1273,-0.0494,-0.05
1998-09-07,20.3268,24.0798,-0.0626,-0.0811
1998-09-08,20.3089,24.0095,-0.0747,-0.1335
1998-09-09,20.2853,23.9637,-0.0932,-0.1617
1998-09-10,20.2694,23.9674,-0.1031,-0.1429
1998-09-11,20.2521,23.9415,-0.1133,-0.1486
1998-09-12,20.2328,23.9219,-0.1275,-0.1521
1998-09-13,20.2161,23.9409,-0.1389,-0.1217
1998-09-14,20.2101,23.9507,-0.1372,-0.0965
1998-09-15,20.2033,23.9546,-0.1375,-0.0788
1998-09-16,20.1877,23.9568,-0.1469,-0.0592
1998-09-17,20.1616,23.9517,-0.1671,-0.0455
1998-09-18,20.1538,23.9552,-0.1705,-0.0194
1998-09-19,20.138,23.9389,-0.1833,-0.0202
1998-09-20,20.1203,23.9022,-0.2012,-0.0435
1998-09-21,20.1189,23.9206,-0.2009,-0.0056
1998-09-22,20.1262,23.9587,-0.191,0.0514
1998-09-23,20.12,23.9413,-0.1953,0.0502
1998-09-24,20.1109,23.9073,-0.2015,0.0369
1998-09-25,20.1056,23.8885,-0.2039,0.0347
1998-09-26,20.1043,23.8831,-0.2016,0.0456
1998-09-27,20.0984,23.8285,-0.2023,0.0078
1998-09-28,20.1021,23.8102,-0.1912,0.0085
1998-09-29,20.1201,23.7962,-0.1667,0.0166
1998-09-30,20.1321,23.7642,-0.1501,0.0117
1998-10-01,20.1448,23.7752,-0.1336,0.0532
1998-10-02,20.1491,23.7797,-0.1244,0.0902
1998-10-03,20.1469,23.7389,-0.1209,0.0817
1998-10-04,20.1425,23.6769,-0.1207,0.0494
1998-10-05,20.1328,23.596,-0.125,-0.0019
1998-10-06,20.1338,23.5505,-0.1196,-0.0172
1998-10-07,20.1378,23.5227,-0.1129,-0.0199
1998-10-08,20.1285,23.479,-0.1169,-0.029
1998-10-09,20.1246,23.4389,-0.1164,-0.032
1998-10-10,20.11,23.3709,-0.1257,-0.0651
1998-10-11,20.0958,23.3709,-0.1328,-0.0337
1998-10-12,20.092,23.3753,-0.1308,0.0011
1998-10-13,20.0912,23.3608,-0.1266,0.0203
1998-10-14,20.0923,23.34,-0.121,0.032
1998-10-15,20.0765,23.2983,-0.1351,0.0231
1998-10-16,20.0672,23.2853,-0.1438,0.0388
1998-10-17,20.0601,23.2636,-0.1493,0.0449
1998-10-18,20.047,23.2187,-0.1592,0.0257
1998-10-19,20.0491,23.2019,-0.1568,0.0386
1998-10-20,20.0528,23.2159,-0.1506,0.0856
1998-10-21,20.049,23.1752,-0.1517,0.0816
1998-10-22,20.0448,23.124,-0.1531,0.0678
1998-10-23,20.0307,23.0758,-0.1656,0.0568
1998-10-24,20.0085,23.0208,-0.1869,0.0389
1998-10-25,19.9888,22.9914,-0.2052,0.0474
1998-10-26,19.9793,22.9688,-0.2116,0.0654
1998-10-27,19.9794,22.9318,-0.2077,0.0684
1998-10-28,19.9853,22.9162,-0.1972,0.0979
1998-10-29,19.9944,22.8825,-0.1832,0.1096
1998-10-30,20.0072,22.8279,-0.1654,0.0994
1998-10-31,20.0179,22.7848,-0.1498,0.0972
1998-11-01,20.0264,22.7375,-0.1342,0.0919
1998-11-02,20.0316,22.688,-0.1242,0.0878
1998-11-03,20.0322,22.6153,-0.1193,0.0626
1998-11-04,20.0361,22.5801,-0.1117,0.0746
1998-11-05,20.0472,22.5591,-0.0985,0.0921
1998-11-06,20.0586,22.5396,-0.0872,0.1091
1998-11-07,20.0576,22.5267,-0.0883,0.1346
1998-11-08,20.0741,22.5332,-0.0724,0.1775
1998-11-09,20.0814,22.529,-0.0665,0.2109
1998-11-10,20.084,22.491,-0.065,0.2117
1998-11-11,20.0804,22.4506,-0.0679,0.2151
1998-11-12,20.0696,22.3785,-0.0792,0.1909
1998-11-13,20.0626,22.3003,-0.0857,0.1608
1998-11-14,20.0539,22.2459,-0.0948,0.1489
1998-11-15,20.0515,22.2195,-0.0952,0.159
1998-11-16,20.0562,22.1834,-0.0907,0.1527
1998-11-17,20.0577,22.1465,-0.0895,0.1523
1998-11-18,20.058,22.1138,-0.088,0.1631
1998-11-19,20.0667,22.1007,-0.08,0.1933
1998-11-20,20.0867,22.0814,-0.0605,0.2176
1998-11-21,20.108,22.0435,-0.0421,0.2171
1998-11-22,20.1141,22.0033,-0.0385,0.215
1998-11-23,20.1074,21.9586,-0.0478,0.2128
1998-11-24,20.1009,21.9276,-0.056,0.2198
1998-11-25,20.087,21.8629,-0.0718,0.1961
1998-11-26,20.0789,21.7932,-0.0796,0.1745
1998-11-27,20.0619,21.7268,-0.0959,0.148
1998-11-28,20.0511,21.6478,-0.1055,0.1076
1998-11-29,20.0329,21.5281,-0.1211,0.0337
1998-11-30,20.0308,21.4963,-0.1226,0.0423
1998-12-01,20.034,21.5097,-0.1226,0.0907
1998-12-02,20.0184,21.4756,-0.1415,0.0924
1998-12-03,20.0119,21.4585,-0.1508,0.1125
1998-12-04,19.9966,21.453,-0.1676,0.1488
1998-12-05,19.9887,21.4369,-0.1795,0.173
1998-12-06,19.9945,21.4238,-0.1771,0.1964
1998-12-07,19.9913,21.3981,-0.1823,0.2105
1998-12-08,19.984,21.3631,-0.1897,0.2139
1998-12-09,19.9717,21.3086,-0.2032,0.1955
1998-12-10,19.9688,21.2302,-0.2062,0.1572
1998-12-11,19.9655,21.1748,-0.2087,0.1445
1998-12-12,19.9572,21.1093,-0.2188,0.1234
1998-12-13,19.9625,21.0562,-0.2181,0.1074
1998-12-14,19.9686,21.0374,-0.2159,0.1208
1998-12-15,19.9792,21.0077,-0.2089,0.1271
1998-12-16,19.9968,20.941,-0.1953,0.1034
1998-12-17,20.0148,20.9157,-0.1816,0.1187
1998-12-18,20.0193,20.8624,-0.1807,0.101
1998-12-19,20.0363,20.7988,-0.1663,0.0697
1998-12-20,20.0575,20.7425,-0.147,0.0473
1998-12-21,20.0766,20.7697,-0.1302,0.1054
1998-12-22,20.0788,20.784,-0.131,0.1437
1998-12-23,20.081,20.7262,-0.1358,0.1077
1998-12-24,20.0797,20.6486,-0.1464,0.0609
1998-12-25,20.0774,20.6123,-0.1575,0.0574
1998-12-26,20.0733,20.5736,-0.1659,0.0526
1998-12-27,20.0692,20.4976,-0.1734,0.012
1998-12-28,20.0744,20.4426,-0.171,-0.0076
1998-12-29,20.0817,20.4147,-0.168,-0.0052
1998-12-30,20.079,20.3868,-0.1731,-0.0012
1998-12-31,20.0795,20.3449,-0.1771,-0.0116
1999-01-01,20.0905,20.312,-0.1588,0.0102
1999-01-02,20.0952,20.2711,-0.1572,-0.0004
1999-01-03,20.1006,20.2271,-0.1563,-0.0167
1999-01-04,20.0984,20.1962,-0.1637,-0.0121
1999-01-05,20.0797,20.1412,-0.186,-0.0336
1999-01-06,20.0584,20.0863,-0.2103,-0.0598
1999-01-07,20.0471,20.035,-0.2258,-0.084
1999-01-08,20.0453,19.9925,-0.2329,-0.0967
1999-01-09,20.0429,19.9517,-0.2397,-0.1088
1999-01-10,20.0535,19.8938,-0.2343,-0.1393
1999-01-11,20.0719,19.8627,-0.2223,-0.1446
1999-01-12,20.0788,19.8298,-0.2213,-0.1548
1999-01-13,20.0825,19.7957,-0.2249,-0.1617
1999-01-14,20.0914,19.7597,-0.2219,-0.1711
1999-01-15,20.1009,19.7165,-0.2161,-0.1916
1999-01-16,20.0951,19.687,-0.2266,-0.1978
1999-01-17,20.0979,19.6605,-0.2285,-0.2006
1999-01-18,20.1118,19.6423,-0.2194,-0.1997
1999-01-19,20.1289,19.6341,-0.2079,-0.1883
1999-01-20,20.1371,19.6182,-0.2039,-0.1838
1999-01-21,20.1352,19.5919,-0.2094,-0.1932
1999-01-22,20.1448,19.581,-0.2046,-0.1908
1999-01-23,20.1498,19.5461,-0.2046,-0.2004
1999-01-24,20.1579,19.515,-0.2023,-0.2079
1999-01-25,20.163,19.4912,-0.2048,-0.2101
1999-01-26,20.1709,19.4753,-0.2015,-0.2037
1999-01-27,20.1775,19.4557,-0.1978,-0.2
1999-01-28,20.1849,19.4292,-0.195,-0.209
1999-01-29,20.1951,19.4201,-0.1917,-0.2017
1999-01-30,20.204,19.4181,-0.189,-0.1907
1999-01-31,20.2184,19.4119,-0.1786,-0.1851
1999-02-01,20.2294,19.379,-0.1703,-0.2023
1999-02-02,20.2253,19.3503,-0.1775,-0.2149
1999-02-03,20.2272,19.3285,-0.182,-0.2221
1999-02-04,20.2342,19.3124,-0.1821,-0.2208
1999-02-05,20.242,19.3063,-0.1809,-0.2099
1999-02-06,20.249,19.2738,-0.1784,-0.2247
1999-02-07,20.255,19.2345,-0.1782,-0.2494
1999-02-08,20.2569,19.2056,-0.1825,-0.2673
1999-02-09,20.253,19.1935,-0.1929,-0.2707
1999-02-10,20.2548,19.2191,-0.1967,-0.2378
1999-02-11,20.2713,19.2481,-0.1862,-0.2058
1999-02-12,20.2874,19.2671,-0.1756,-0.1743
1999-02-13,20.2994,19.2537,-0.1659,-0.1683
1999-02-14,20.3068,19.2422,-0.1622,-0.1612
1999-02-15,20.3173,19.233,-0.1574,-0.1517
1999-02-16,20.3268,19.2288,-0.1518,-0.145
1999-02-17,20.3207,19.2115,-0.1611,-0.1578
1999-02-18,20.3193,19.2018,-0.1659,-0.1606
1999-02-19,20.316,19.1917,-0.1726,-0.1674
1999-02-20,20.3186,19.2,-0.1741,-0.1518
1999-02-21,20.316,19.1898,-0.1806,-0.1531
1999-02-22,20.3098,19.1618,-0.1913,-0.1724
1999-02-23,20.3162,19.1586,-0.19,-0.169
1999-02-24,20.3212,19.1746,-0.1887,-0.1482
1999-02-25,20.3208,19.1916,-0.1926,-0.1333
1999-02-26,20.3084,19.1639,-0.2061,-0.1572
1999-02-27,20.3091,19.1337,-0.207,-0.1863
1999-02-28,20.3161,19.1383,-0.1981,-0.1911
1999-03-01,20.339,19.1457,-0.1783,-0.1731
1999-03-02,20.3488,19.1597,-0.1682,-0.1609
1999-03-03,20.3482,19.1617,-0.1707,-0.1568
1999-03-04,20.3546,19.1711,-0.1653,-0.1426
1999-03-05,20.3518,19.1694,-0.1671,-0.1384
1999-03-06,20.351,19.1989,-0.1677,-0.101
1999-03-07,20.3583,19.2415,-0.1601,-0.0484
1999-03-08,20.3694,19.2611,-0.1492,-0.0277
1999-03-09,20.3788,19.26,-0.142,-0.0345
1999-03-10,20.3812,19.253,-0.1419,-0.0462
1999-03-11,20.3735,19.2649,-0.1513,-0.0353
1999-03-12,20.3758,19.2675,-0.1527,-0.0362
1999-03-13,20.3829,19.2235,-0.1477,-0.0835
1999-03-14,20.3998,19.1834,-0.1335,-0.1317
1999-03-15,20.4053,19.1619,-0.131,-0.1657
1999-03-16,20.4134,19.1977,-0.1269,-0.1474
1999-03-17,20.4294,19.2353,-0.1139,-0.1225
1999-03-18,20.4508,19.2596,-0.0986,-0.1052
1999-03-19,20.457,19.2483,-0.098,-0.1233
1999-03-20,20.4493,19.2422,-0.1092,-0.1365
1999-03-21,20.4279,19.2294,-0.131,-0.1574
1999-03-22,20.4104,19.2305,-0.1485,-0.1616
1999-03-23,20.4061,19.2571,-0.1521,-0.1394
1999-03-24,20.4024,19.2819,-0.1523,-0.1172
1999-03-25,20.3868,19.2785,-0.1665,-0.1278
1999-03-26,20.3758,19.2552,-0.1775,-0.1592
1999-03-27,20.3632,19.2397,-0.1902,-0.183
1999-03-28,20.3658,19.272,-0.1884,-0.1565
1999-03-29,20.3719,19.3459,-0.1813,-0.0946
1999-03-30,20.37,19.3684,-0.1822,-0.0849
1999-03-31,20.3536,19.3449,-0.1965,-0.1169
1999-04-01,20.3341,19.3087,-0.2146,-0.1636
1999-04-02,20.3314,19.3282,-0.2138,-0.1621
1999-04-03,20.3184,19.3351,-0.2242,-0.1716
1999-04-04,20.3135,19.3647,-0.2265,-0.1565
1999-04-05,20.3207,19.3731,-0.2168,-0.1676
1999-04-06,20.3197,19.3605,-0.215,-0.1931
1999-04-07,20.3074,19.3594,-0.2244,-0.2074
1999-04-08,20.3019,19.4347,-0.2268,-0.1486
1999-04-09,20.3055,19.4997,-0.2219,-0.1035
1999-04-10,20.3114,19.5273,-0.214,-0.0956
1999-04-11,20.3071,19.5284,-0.2125,-0.1084
1999-04-12,20.3016,19.5389,-0.2126,-0.1093
1999-04-13,20.2864,19.5239,-0.224,-0.1388
1999-04-14,20.2789,19.5444,-0.2289,-0.1398
1999-04-15,20.2765,19.6215,-0.2276,-0.0886
1999-04-16,20.2723,19.6828,-0.2303,-0.0523
1999-04-17,20.2665,19.7332,-0.2342,-0.0225
1999-04-18,20.2598,19.7641,-0.2382,-0.014
1999-04-19,20.2482,19.7737,-0.2462,-0.0264
1999-04-20,20.2475,19.7864,-0.2463,-0.0452
1999-04-21,20.2417,19.8046,-0.25,-0.0567
1999-04-22,20.2392,19.8178,-0.2527,-0.0745
1999-04-23,20.2368,19.8458,-0.2533,-0.0787
1999-04-24,20.2311,19.8777,-0.2579,-0.0759
1999-04-25,20.2337,19.8998,-0.2541,-0.0808
1999-04-26,20.2248,19.9286,-0.2593,-0.0757
1999-04-27,20.209,19.9404,-0.2716,-0.0877
1999-04-28,20.2061,20.0046,-0.2708,-0.0498
1999-04-29,20.2063,20.0876,-0.2662,0.0122
1999-04-30,20.1853,20.0972,-0.2829,0.001
1999-05-01,20.1804,20.1206,-0.2826,-0.0068
1999-05-02,20.1909,20.1504,-0.2682,-0.012
1999-05-03,20.2057,20.2176,-0.2525,0.0155
1999-05-04,20.2105,20.2437,-0.2446,0.0075
1999-05-05,20.2037,20.2586,-0.2464,-0.0075
1999-05-06,20.192,20.2753,-0.2527,-0.0186
1999-05-07,20.1823,20.3053,-0.2566,-0.0154
1999-05-08,20.1832,20.397,-0.2515,0.0445
1999-05-09,20.1871,20.495,-0.2443,0.1109
1999-05-10,20.1938,20.5825,-0.2352,0.1708
1999-05-11,20.1908,20.6365,-0.2353,0.1922
1999-05-12,20.1948,20.6559,-0.2277,0.1826
1999-05-13,20.2021,20.6711,-0.2187,0.1595
1999-05-14,20.2055,20.6336,-0.2128,0.0937
1999-05-15,20.2012,20.6023,-0.2154,0.0359
1999-05-16,20.1921,20.6465,-0.2207,0.0482
1999-05-17,20.1874,20.7234,-0.2229,0.0907
1999-05-18,20.1799,20.7674,-0.2278,0.0982
1999-05-19,20.1798,20.8463,-0.2248,0.1361
1999-05-20,20.1804,20.9171,-0.2221,0.1657
1999-05-21,20.1796,20.9225,-0.2203,0.1299
1999-05-22,20.1754,20.9228,-0.2228,0.0932
1999-05-23,20.1636,20.9774,-0.2325,0.1071
1999-05-24,20.1456,20.9958,-0.2465,0.0892
1999-05-25,20.1276,21.0388,-0.2598,0.0899
1999-05-26,20.1193,21.1011,-0.2637,0.1105
1999-05-27,20.1105,21.129,-0.2683,0.0968
1999-05-28,20.0986,21.1724,-0.2775,0.093
1999-05-29,20.0958,21.2392,-0.2764,0.1094
1999-05-30,20.1026,21.3248,-0.2646,0.1523
1999-05-31,20.0937,21.3337,-0.2686,0.12
1999-06-01,20.0812,21.313,-0.2779,0.0534
1999-06-02,20.0648,21.2908,-0.2915,-0.0074
1999-06-03,20.0533,21.2739,-0.3004,-0.0633
1999-06-04,20.0442,21.2686,-0.3057,-0.1093
1999-06-05,20.0342,21.2848,-0.3094,-0.1337
1999-06-06,20.0331,21.3537,-0.303,-0.1066
1999-06-07,20.042,21.4574,-0.2892,-0.0476
1999-06-08,20.0534,21.5136,-0.2751,-0.0354
1999-06-09,20.0607,21.5578,-0.2661,-0.0403
1999-06-10,20.074,21.6677,-0.249,0.0241
1999-06-11,20.0883,21.7365,-0.232,0.0454
1999-06-12,20.0918,21.7687,-0.2263,0.0339
1999-06-13,20.0898,21.7843,-0.2273,0.004
1999-06-14,20.085,21.8564,-0.2314,0.0266
1999-06-15,20.0868,21.914,-0.2306,0.033
1999-06-16,20.0837,21.9041,-0.2388,-0.033
1999-06-17,20.0884,21.9136,-0.2355,-0.0737
1999-06-18,20.094,21.9622,-0.2287,-0.0767
1999-06-19,20.0948,22.0417,-0.2263,-0.0492
1999-06-20,20.1056,22.0905,-0.2145,-0.0424
1999-06-21,20.1151,22.15,-0.2058,-0.0264
1999-06-22,20.1194,22.2152,-0.2036,-0.0102
1999-06-23,20.1073,22.2579,-0.2178,-0.0159
1999-06-24,20.1021,22.3164,-0.2242,-0.0118
1999-06-25,20.0922,22.3442,-0.2341,-0.0366
1999-06-26,20.0987,22.3763,-0.2276,-0.0543
1999-06-27,20.0974,22.3831,-0.2292,-0.0932
1999-06-28,20.1004,22.4245,-0.2273,-0.0921
1999-06-29,20.1053,22.4899,-0.2226,-0.0668
1999-06-30,20.1083,22.5534,-0.2204,-0.0457
1999-07-01,20.1063,22.5946,-0.2243,-0.043
1999-07-02,20.0912,22.6022,-0.2382,-0.0738
1999-07-03,20.0809,22.6617,-0.2481,-0.0525
1999-07-04,20.0698,22.7437,-0.2612,-0.0134
1999-07-05,20.0716,22.7923,-0.2612,-0.0129
1999-07-06,20.0792,22.8549,-0.2542,0.0039
1999-07-07,20.0958,22.9142,-0.2366,0.021
1999-07-08,20.1031,22.9503,-0.2272,0.013
1999-07-09,20.0935,22.9806,-0.2358,-0.0025
1999-07-10,20.0937,23.028,-0.2371,0.002
1999-07-11,20.1004,23.0775,-0.2334,0.0164
1999-07-12,20.0925,23.1291,-0.2436,0.0339
1999-07-13,20.0896,23.1573,-0.2494,0.0355
1999-07-14,20.0849,23.1954,-0.2561,0.0419
1999-07-15,20.0889,23.2588,-0.2542,0.0708
1999-07-16,20.0907,23.2669,-0.2555,0.0397
1999-07-17,20.0952,23.3064,-0.2527,0.043
1999-07-18,20.0983,23.3607,-0.2495,0.061
1999-07-19,20.0983,23.4189,-0.2495,0.083
1999-07-20,20.0972,23.4146,-0.2501,0.0494
1999-07-21,20.0988,23.4244,-0.25,0.0262
1999-07-22,20.0898,23.4405,-0.2622,0.0038
1999-07-23,20.0881,23.4658,-0.2658,-0.008
1999-07-24,20.0985,23.5464,-0.2575,0.0369
1999-07-25,20.0997,23.5864,-0.2592,0.0443
1999-07-26,20.0899,23.5724,-0.2735,0.0022
1999-07-27,20.0882,23.6042,-0.2818,-0.0045
1999-07-28,20.0917,23.6618,-0.2861,0.0089
1999-07-29,20.0916,23.7056,-0.2914,0.0169
1999-07-30,20.0968,23.7773,-0.2906,0.0447
1999-07-31,20.1094,23.8426,-0.281,0.0729
1999-08-01,20.1261,23.9124,-0.2635,0.1172
1999-08-02,20.1226,23.958,-0.2671,0.1394
1999-08-03,20.1177,24.0016,-0.2713,0.1553
1999-08-04,20.1094,24.0109,-0.2808,0.1384
1999-08-05,20.1002,24.0322,-0.2921,0.1319
1999-08-06,20.0854,24.0775,-0.3075,0.1453
1999-08-07,20.0703,24.0639,-0.3254,0.1075
1999-08-08,20.0744,24.0824,-0.323,0.1057
1999-08-09,20.0851,24.0884,-0.3117,0.0987
1999-08-10,20.0944,24.1126,-0.3043,0.0996
1999-08-11,20.1005,24.158,-0.3011,0.1131
1999-08-12,20.1007,24.2022,-0.3035,0.1266
1999-08-13,20.0977,24.1832,-0.3082,0.0848
1999-08-14,20.107,24.214,-0.301,0.0937
1999-08-15,20.1158,24.2472,-0.2932,0.1114
1999-08-16,20.1164,24.2441,-0.2935,0.098
1999-08-17,20.1102,24.2427,-0.2987,0.0932
1999-08-18,20.1022,24.2654,-0.3043,0.1221
1999-08-19,20.1094,24.271,-0.2973,0.1229
1999-08-20,20.1199,24.2976,-0.288,0.1357
1999-08-21,20.1234,24.3142,-0.2864,0.1342
1999-08-22,20.131,24.3285,-0.2786,0.1411
1999-08-23,20.1357,24.3356,-0.2737,0.1398
1999-08-24,20.1283,24.3404,-0.281,0.1381
1999-08-25,20.1335,24.3531,-0.276,0.1454
1999-08-26,20.1309,24.3035,-0.2787,0.0889
1999-08-27,20.1288,24.2904,-0.2824,0.0648
1999-08-28,20.1286,24.3057,-0.2821,0.0782
1999-08-29,20.1413,24.3539,-0.2699,0.1255
1999-08-30,20.1494,24.3464,-0.2613,0.1238
1999-08-31,20.1557,24.286,-0.2531,0.071
1999-09-01,20.1572,24.2436,-0.2517,0.0346
1999-09-02,20.1763,24.281,-0.2319,0.0731
1999-09-03,20.176,24.2989,-0.2302,0.0957
1999-09-04,20.1723,24.2938,-0.2326,0.0924
1999-09-05,20.1573,24.2663,-0.2447,0.0713
1999-09-06,20.147,24.2405,-0.2501,0.0632
1999-09-07,20.1481,24.2623,-0.2413,0.1014
1999-09-08,20.1517,24.2379,-0.2319,0.0949
1999-09-09,20.1562,24.2224,-0.2223,0.097
1999-09-10,20.1535,24.1638,-0.219,0.0535
1999-09-11,20.1507,24.1197,-0.2147,0.0297
1999-09-12,20.1429,24.087,-0.2174,0.013
1999-09-13,20.1351,24.052,-0.2199,-0.0106
1999-09-14,20.1174,24.0082,-0.2299,-0.039
1999-09-15,20.0884,23.9946,-0.2524,-0.0388
1999-09-16,20.0524,23.9458,-0.2822,-0.0702
1999-09-17,20.0359,23.9092,-0.2928,-0.088
1999-09-18,20.0318,23.9134,-0.2925,-0.0612
1999-09-19,20.0253,23.8836,-0.296,-0.0755
1999-09-20,20.023,23.8366,-0.2985,-0.1091
1999-09-21,20.0192,23.8084,-0.3006,-0.1178
1999-09-22,20.0267,23.8046,-0.2905,-0.1027
1999-09-23,20.0411,23.8036,-0.2742,-0.0875
1999-09-24,20.0474,23.7933,-0.265,-0.0771
1999-09-25,20.0433,23.7496,-0.2662,-0.1042
1999-09-26,20.0302,23.6832,-0.2757,-0.1543
1999-09-27,20.0244,23.6393,-0.2763,-0.1814
1999-09-28,20.0221,23.6251,-0.2712,-0.1766
1999-09-29,20.013,23.5783,-0.2738,-0.2013
1999-09-30,20.0012,23.5304,-0.281,-0.2221
1999-10-01,19.9893,23.4943,-0.2891,-0.2277
1999-10-02,19.9953,23.4858,-0.2782,-0.2037
1999-10-03,20.0075,23.4878,-0.2603,-0.1694
1999-10-04,20.0127,23.4656,-0.2505,-0.1619
1999-10-05,20.0201,23.4376,-0.2377,-0.1603
1999-10-06,20.0133,23.3905,-0.2401,-0.1772
1999-10-07,20.0121,23.3403,-0.2386,-0.2023
1999-10-08,20.0023,23.3136,-0.2431,-0.1944
1999-10-09,19.9906,23.3299,-0.2504,-0.141
1999-10-10,19.9767,23.3555,-0.259,-0.0805
1999-10-11,19.9705,23.3575,-0.2581,-0.0471
1999-10-12,19.9671,23.345,-0.2557,-0.0292
1999-10-13,19.9682,23.3103,-0.2496,-0.0302
1999-10-14,19.9585,23.2102,-0.2548,-0.0978
1999-10-15,19.9495,23.1409,-0.2621,-0.1343
1999-10-16,19.9373,23.0499,-0.2737,-0.1966
1999-10-17,19.9253,22.9857,-0.2841,-0.233
1999-10-18,19.9149,22.9161,-0.2913,-0.2769
1999-10-19,19.8997,22.8987,-0.3062,-0.2646
1999-10-20,19.8964,22.8738,-0.307,-0.2565
1999-10-21,19.8974,22.8359,-0.3033,-0.2577
1999-10-22,19.9132,22.8186,-0.2847,-0.2376
1999-10-23,19.9155,22.7628,-0.2808,-0.2562
1999-10-24,19.9161,22.6971,-0.2793,-0.2848
1999-10-25,19.9144,22.6613,-0.2796,-0.2827
1999-10-26,19.9114,22.6381,-0.2795,-0.2653
1999-10-27,19.9096,22.6235,-0.2775,-0.2399
1999-10-28,19.9143,22.5808,-0.2682,-0.2375
1999-10-29,19.8989,22.5296,-0.2787,-0.2433
1999-10-30,19.8778,22.4644,-0.2948,-0.2641
1999-10-31,19.8782,22.4363,-0.2895,-0.2513
1999-11-01,19.8883,22.3945,-0.2723,-0.2511
1999-11-02,19.8913,22.3384,-0.2645,-0.2618
1999-11-03,19.8895,22.2853,-0.262,-0.2674
1999-11-04,19.8872,22.2714,-0.2606,-0.2341
1999-11-05,19.8897,22.2604,-0.256,-0.2066
1999-11-06,19.8884,22.1991,-0.2574,-0.2314
1999-11-07,19.8999,22.1294,-0.246,-0.2627
1999-11-08,19.9235,22.0934,-0.223,-0.2623
1999-11-09,19.9418,22.0519,-0.2061,-0.2662
1999-11-10,19.9553,22.003,-0.1937,-0.2763
1999-11-11,19.9541,21.9519,-0.1942,-0.2836
1999-11-12,19.9459,21.9094,-0.2029,-0.2782
1999-11-13,19.9427,21.8833,-0.2056,-0.2562
1999-11-14,19.9472,21.8234,-0.2015,-0.2736
1999-11-15,19.9436,21.7645,-0.2031,-0.296
1999-11-16,19.9329,21.7642,-0.214,-0.2665
1999-11-17,19.9137,21.7248,-0.2335,-0.2694
1999-11-18,19.9088,21.6948,-0.2372,-0.2559
1999-11-19,19.9156,21.6478,-0.2311,-0.2596
1999-11-20,19.9169,21.5705,-0.2303,-0.2933
1999-11-21,19.9186,21.4951,-0.2315,-0.3313
1999-11-22,19.9152,21.4506,-0.2374,-0.3377
1999-11-23,19.9263,21.4284,-0.2289,-0.3174
1999-11-24,19.9364,21.4386,-0.2205,-0.2692
1999-11-25,19.9432,21.4711,-0.2156,-0.1957
1999-11-26,19.9299,21.4781,-0.2286,-0.1406
1999-11-27,19.9163,21.4755,-0.2415,-0.1033
1999-11-28,19.8961,21.414,-0.2605,-0.1262
1999-11-29,19.879,21.3098,-0.275,-0.1846
1999-11-30,19.8659,21.2613,-0.2875,-0.1927
1999-12-01,19.8671,21.2147,-0.2895,-0.2043
1999-12-02,19.8655,21.144,-0.2944,-0.2392
1999-12-03,19.8676,21.1008,-0.2951,-0.2452
1999-12-04,19.8727,21.063,-0.2915,-0.2412
1999-12-05,19.8778,21.0297,-0.2904,-0.2342
1999-12-06,19.8901,21.0218,-0.2815,-0.2056
1999-12-07,19.8992,21.0176,-0.2744,-0.17
1999-12-08,19.8991,20.9749,-0.2746,-0.1743
1999-12-09,19.9097,20.9618,-0.2652,-0.1513
1999-12-10,19.9223,20.9494,-0.2527,-0.1236
1999-12-11,19.9363,20.9504,-0.2379,-0.0799
1999-12-12,19.9581,20.9473,-0.2179,-0.0386
1999-12-13,19.9669,20.9301,-0.2137,-0.0188
1999-12-14,19.9637,20.9034,-0.2208,-0.0132
1999-12-15,19.9616,20.8724,-0.2265,-0.0082
1999-12-16,19.9715,20.8129,-0.2206,-0.0247
1999-12-17,19.9798,20.7535,-0.2166,-0.0435
1999-12-18,19.9957,20.7213,-0.2043,-0.0401
1999-12-19,20.0005,20.6731,-0.2021,-0.056
1999-12-20,19.997,20.6004,-0.2075,-0.0948
1999-12-21,19.9927,20.5494,-0.2141,-0.1149
1999-12-22,19.9892,20.5227,-0.2206,-0.1176
1999-12-23,19.9878,20.5107,-0.229,-0.1078
1999-12-24,19.9894,20.4796,-0.2367,-0.1081
1999-12-25,19.997,20.4314,-0.2379,-0.1235
1999-12-26,19.9998,20.3574,-0.2394,-0.1636
1999-12-27,19.9951,20.3192,-0.2475,-0.1664
1999-12-28,19.9918,20.2853,-0.2536,-0.1649
1999-12-29,19.9883,20.2618,-0.2614,-0.1581
1999-12-30,19.9915,20.2327,-0.2606,-0.1553
1999-12-31,19.9916,20.182,-0.265,-0.1745
2000-01-01,19.9894,20.1207,-0.2599,-0.1811
2000-01-02,19.9864,20.0772,-0.266,-0.1943
2000-01-03,19.999,20.0475,-0.2579,-0.1963
2000-01-04,20.0096,20.0295,-0.2525,-0.1788
2000-01-05,20.016,19.9841,-0.2497,-0.1907
2000-01-06,20.0294,19.9663,-0.2393,-0.1798
2000-01-07,20.045,19.9531,-0.2279,-0.1659
2000-01-08,20.0584,19.8949,-0.2198,-0.1943
2000-01-09,20.0698,19.8253,-0.2128,-0.2352
2000-01-10,20.084,19.7936,-0.2038,-0.2395
2000-01-11,20.0881,19.7891,-0.2061,-0.2182
2000-01-12,20.0848,19.7724,-0.2153,-0.2122
2000-01-13,20.0854,19.7375,-0.222,-0.2199
2000-01-14,20.0872,19.7093,-0.2261,-0.2215
2000-01-15,20.0755,19.6641,-0.2415,-0.244
2000-01-16,20.0834,19.6082,-0.2383,-0.2766
2000-01-17,20.1065,19.5488,-0.2199,-0.3123
2000-01-18,20.1276,19.512,-0.2036,-0.33
2000-01-19,20.142,19.5006,-0.1948,-0.3218
2000-01-20,20.1459,19.4756,-0.1951,-0.3264
2000-01-21,20.1428,19.4749,-0.2018,-0.3102
2000-01-22,20.1455,19.4805,-0.2039,-0.2913
2000-01-23,20.1523,19.4746,-0.2021,-0.2719
2000-01-24,20.161,19.4658,-0.1992,-0.2571
2000-01-25,20.1717,19.4642,-0.1961,-0.2371
2000-01-26,20.1736,19.4523,-0.1988,-0.2267
2000-01-27,20.1651,19.4267,-0.2102,-0.229
2000-01-28,20.1678,19.4016,-0.2121,-0.2366
2000-01-29,20.1862,19.3982,-0.2006,-0.2236
2000-01-30,20.2067,19.3869,-0.1863,-0.2219
2000-01-31,20.2099,19.3844,-0.187,-0.2126
2000-02-01,20.2257,19.3643,-0.174,-0.2171
2000-02-02,20.2416,19.3221,-0.1612,-0.2431
2000-02-03,20.2608,19.3141,-0.1484,-0.2365
2000-02-04,20.2653,19.2934,-0.151,-0.2398
2000-02-05,20.2771,19.3093,-0.1458,-0.2069
2000-02-06,20.2831,19.2977,-0.1443,-0.2008
2000-02-07,20.2846,19.2759,-0.1486,-0.208
2000-02-08,20.2819,19.2417,-0.1575,-0.2312
2000-02-09,20.3122,19.2428,-0.1337,-0.2214
2000-02-10,20.3061,19.2333,-0.1454,-0.2236
2000-02-11,20.3127,19.2551,-0.1448,-0.1988
2000-02-12,20.2948,19.2483,-0.1682,-0.1931
2000-02-13,20.2904,19.2032,-0.1749,-0.2188
2000-02-14,20.291,19.1608,-0.178,-0.2426
2000-02-15,20.2942,19.1596,-0.1805,-0.2251
2000-02-16,20.2934,19.1994,-0.1852,-0.1744
2000-02-17,20.3022,19.2312,-0.1796,-0.1381
2000-02-18,20.327,19.2548,-0.1582,-0.1076
2000-02-19,20.3383,19.2813,-0.1503,-0.0778
2000-02-20,20.3346,19.2719,-0.1581,-0.0799
2000-02-21,20.338,19.2924,-0.1586,-0.0505
2000-02-22,20.3308,19.2669,-0.1703,-0.0673
2000-02-23,20.319,19.2194,-0.1872,-0.1082
2000-02-24,20.3112,19.1777,-0.1987,-0.1451
2000-02-25,20.3037,19.1585,-0.2097,-0.1664
2000-02-26,20.2976,19.1483,-0.2169,-0.1728
2000-02-27,20.3026,19.1669,-0.2135,-0.1531
2000-02-28,20.2999,19.1838,-0.2143,-0.1456
2000-02-29,20.3006,19.1913,-0.2136,-0.1381
2000-03-01,20.3141,19.1557,-0.2032,-0.1631
2000-03-02,20.3181,19.1492,-0.1989,-0.1714
2000-03-03,20.3181,19.1549,-0.2008,-0.1636
2000-03-04,20.3157,19.1725,-0.2042,-0.1412
2000-03-05,20.316,19.1781,-0.2029,-0.1297
2000-03-06,20.3174,19.1962,-0.2013,-0.1037
2000-03-07,20.3104,19.1726,-0.208,-0.1173
2000-03-08,20.3051,19.1598,-0.2135,-0.129
2000-03-09,20.3093,19.1695,-0.2115,-0.125
2000-03-10,20.3121,19.1675,-0.211,-0.1317
2000-03-11,20.3026,19.146,-0.2222,-0.1542
2000-03-12,20.307,19.1657,-0.2215,-0.138
2000-03-13,20.3074,19.2233,-0.2232,-0.0837
2000-03-14,20.3112,19.2964,-0.2221,-0.0187
2000-03-15,20.3087,19.3369,-0.2276,0.0093
2000-03-16,20.3141,19.3811,-0.2262,0.036
2000-03-17,20.3144,19.3922,-0.2289,0.0344
2000-03-18,20.3159,19.4265,-0.2335,0.0617
2000-03-19,20.3314,19.4339,-0.2236,0.0623
2000-03-20,20.3391,19.4495,-0.2194,0.0708
2000-03-21,20.3513,19.4748,-0.2076,0.088
2000-03-22,20.3513,19.4759,-0.2076,0.0838
2000-03-23,20.3324,19.4887,-0.2258,0.0922
2000-03-24,20.3147,19.4964,-0.24,0.0973
2000-03-25,20.314,19.4991,-0.2393,0.0928
2000-03-26,20.3097,19.4729,-0.2436,0.0585
2000-03-27,20.2971,19.4501,-0.2563,0.0274
2000-03-28,20.2846,19.4434,-0.2696,0.0149
2000-03-29,20.2717,19.4465,-0.2815,0.006
2000-03-30,20.2806,19.4425,-0.2716,-0.0108
2000-03-31,20.294,19.4383,-0.2561,-0.0235
2000-04-01,20.3081,19.4319,-0.2406,-0.0404
2000-04-02,20.3262,19.4136,-0.219,-0.0767
2000-04-03,20.3453,19.4366,-0.1973,-0.0701
2000-04-04,20.3546,19.436,-0.1854,-0.0852
2000-04-05,20.3354,19.4511,-0.2021,-0.0896
2000-04-06,20.3272,19.4551,-0.2075,-0.0985
2000-04-07,20.3299,19.461,-0.2019,-0.1058
2000-04-08,20.3289,19.4798,-0.1998,-0.1035
2000-04-09,20.3405,19.5094,-0.1869,-0.0938
2000-04-10,20.3421,19.5072,-0.1833,-0.1157
2000-04-11,20.3498,19.5102,-0.1698,-0.1266
2000-04-12,20.3614,19.5161,-0.1528,-0.1321
2000-04-13,20.3661,19.4929,-0.1443,-0.1698
2000-04-14,20.3614,19.4843,-0.1464,-0.1999
2000-04-15,20.3425,19.4949,-0.1616,-0.2152
2000-04-16,20.3395,19.5529,-0.1631,-0.1822
2000-04-17,20.3358,19.5773,-0.1649,-0.1784
2000-04-18,20.3244,19.6087,-0.1736,-0.1694
2000-04-19,20.3182,19.6612,-0.1762,-0.1389
2000-04-20,20.3041,19.6837,-0.1897,-0.1479
2000-04-21,20.2981,19.6776,-0.1936,-0.1837
2000-04-22,20.2923,19.6888,-0.1996,-0.2035
2000-04-23,20.282,19.7132,-0.2081,-0.2113
2000-04-24,20.2695,19.7486,-0.2195,-0.205
2000-04-25,20.2641,19.7769,-0.2237,-0.2037
2000-04-26,20.2416,19.7992,-0.2425,-0.2051
2000-04-27,20.2266,19.8591,-0.254,-0.169
2000-04-28,20.2159,19.8833,-0.261,-0.1711
2000-04-29,20.2009,19.9006,-0.2716,-0.1748
2000-04-30,20.186,19.9548,-0.2822,-0.1414
2000-05-01,20.1788,20.0101,-0.2842,-0.1173
2000-05-02,20.1829,20.0209,-0.2762,-0.1415
2000-05-03,20.1853,20.0579,-0.2729,-0.1442
2000-05-04,20.1868,20.0834,-0.2683,-0.1528
2000-05-05,20.1914,20.1086,-0.2587,-0.1575
2000-05-06,20.1956,20.1639,-0.2491,-0.13
2000-05-07,20.192,20.2005,-0.2469,-0.1202
2000-05-08,20.185,20.2313,-0.2497,-0.1212
2000-05-09,20.1773,20.2795,-0.2541,-0.1046
2000-05-10,20.1709,20.3496,-0.2581,-0.0621
2000-05-11,20.1604,20.3702,-0.2657,-0.0741
2000-05-12,20.1569,20.3998,-0.2656,-0.0735
2000-05-13,20.1541,20.5078,-0.2667,-0.0038
2000-05-14,20.1634,20.6049,-0.2549,0.065
2000-05-15,20.1638,20.6621,-0.2528,0.0957
2000-05-16,20.1579,20.6893,-0.2549,0.091
2000-05-17,20.1464,20.6843,-0.2639,0.0516
2000-05-18,20.1381,20.6673,-0.2696,-0.0019
2000-05-19,20.1295,20.666,-0.2751,-0.0442
2000-05-20,20.1344,20.6783,-0.2681,-0.0731
2000-05-21,20.1378,20.7214,-0.2621,-0.0712
2000-05-22,20.1473,20.7808,-0.2509,-0.0488
2000-05-23,20.156,20.8422,-0.2401,-0.0281
2000-05-24,20.1553,20.8871,-0.2368,-0.0195
2000-05-25,20.142,20.8986,-0.2454,-0.0503
2000-05-26,20.1325,20.8877,-0.2505,-0.1029
2000-05-27,20.1126,20.8471,-0.2662,-0.1851
2000-05-28,20.1075,20.8516,-0.2686,-0.2278
2000-05-29,20.1065,20.8933,-0.2657,-0.2365
2000-05-30,20.0991,20.9144,-0.2681,-0.2581
2000-05-31,20.0837,20.9962,-0.2786,-0.2175
2000-06-01,20.0689,21.0438,-0.2902,-0.2158
2000-06-02,20.0691,21.0761,-0.2872,-0.2221
2000-06-03,20.0735,21.1111,-0.2802,-0.2261
2000-06-04,20.0736,21.1585,-0.2763,-0.2194
2000-06-05,20.0886,21.2269,-0.255,-0.1916
2000-06-06,20.0996,21.3052,-0.2365,-0.1551
2000-06-07,20.0937,21.3651,-0.2375,-0.1399
2000-06-08,20.0884,21.3937,-0.2401,-0.1553
2000-06-09,20.0851,21.3967,-0.2417,-0.2014
2000-06-10,20.0844,21.425,-0.2386,-0.2186
2000-06-11,20.082,21.4648,-0.2383,-0.2263
2000-06-12,20.0807,21.4953,-0.2374,-0.2395
2000-06-13,20.0869,21.5348,-0.2302,-0.2455
2000-06-14,20.0906,21.5645,-0.2258,-0.2653
2000-06-15,20.095,21.5951,-0.2224,-0.2859
2000-06-16,20.101,21.6448,-0.2215,-0.2923
2000-06-17,20.1027,21.7355,-0.2212,-0.2518
2000-06-18,20.0928,21.8111,-0.2299,-0.2278
2000-06-19,20.0727,21.8528,-0.2484,-0.2381
2000-06-20,20.0699,21.918,-0.2502,-0.2149
2000-06-21,20.0808,21.9756,-0.2401,-0.2008
2000-06-22,20.0799,22.012,-0.2431,-0.2134
2000-06-23,20.0836,22.0431,-0.2415,-0.2307
2000-06-24,20.0853,22.0807,-0.241,-0.2475
2000-06-25,20.0951,22.1862,-0.2312,-0.1946
2000-06-26,20.0894,22.3051,-0.2369,-0.1255
2000-06-27,20.0669,22.3852,-0.2597,-0.0911
2000-06-28,20.0457,22.4287,-0.282,-0.0879
2000-06-29,20.0504,22.48,-0.2775,-0.0767
2000-06-30,20.0624,22.5299,-0.2663,-0.0692
2000-07-01,20.069,22.5543,-0.2616,-0.0833
2000-07-02,20.0845,22.6039,-0.2449,-0.0721
2000-07-03,20.0975,22.6473,-0.2315,-0.0669
2000-07-04,20.1059,22.6853,-0.2251,-0.0718
2000-07-05,20.1101,22.7333,-0.2227,-0.0719
2000-07-06,20.0966,22.76,-0.2368,-0.091
2000-07-07,20.0757,22.7379,-0.2567,-0.1553
2000-07-08,20.0656,22.758,-0.2647,-0.1792
2000-07-09,20.064,22.8116,-0.2653,-0.1715
2000-07-10,20.06,22.8222,-0.2708,-0.2038
2000-07-11,20.0654,22.7917,-0.2684,-0.2694
2000-07-12,20.0659,22.8,-0.2702,-0.2952
2000-07-13,20.06,22.82,-0.279,-0.3018
2000-07-14,20.0486,22.8087,-0.2924,-0.3448
2000-07-15,20.0592,22.8309,-0.2839,-0.3571
2000-07-16,20.0816,22.9732,-0.2646,-0.254
2000-07-17,20.0837,23.0598,-0.2642,-0.2036
2000-07-18,20.0814,23.0848,-0.2664,-0.2149
2000-07-19,20.0716,23.0983,-0.2762,-0.2376
2000-07-20,20.053,23.1242,-0.2943,-0.241
2000-07-21,20.0449,23.1307,-0.3039,-0.2675
2000-07-22,20.0567,23.1652,-0.2953,-0.2716
2000-07-23,20.0734,23.2107,-0.2805,-0.2631
2000-07-24,20.1026,23.2714,-0.2534,-0.2381
2000-07-25,20.1197,23.3043,-0.2392,-0.2378
2000-07-26,20.1302,23.3436,-0.2332,-0.2266
2000-07-27,20.1415,23.38,-0.2285,-0.2287
2000-07-28,20.1643,23.444,-0.2135,-0.2089
2000-07-29,20.1698,23.4909,-0.2132,-0.1978
2000-07-30,20.19,23.5536,-0.1974,-0.179
2000-07-31,20.1988,23.6087,-0.1916,-0.161
2000-08-01,20.2039,23.6524,-0.1857,-0.1428
2000-08-02,20.1965,23.6271,-0.1932,-0.1915
2000-08-03,20.1821,23.582,-0.2069,-0.2643
2000-08-04,20.1683,23.5813,-0.2219,-0.2912
2000-08-05,20.1691,23.6297,-0.2232,-0.2706
2000-08-06,20.1706,23.6696,-0.2223,-0.2626
2000-08-07,20.1767,23.6894,-0.219,-0.267
2000-08-08,20.173,23.7279,-0.2244,-0.2488
2000-08-09,20.1625,23.7323,-0.2343,-0.2574
2000-08-10,20.1518,23.7528,-0.2469,-0.2602
2000-08-11,20.1528,23.7889,-0.2488,-0.256
2000-08-12,20.1585,23.8337,-0.2457,-0.2419
2000-08-13,20.1869,23.9049,-0.219,-0.1935
2000-08-14,20.2099,23.9367,-0.1981,-0.1836
2000-08-15,20.2209,23.9581,-0.1881,-0.1777
2000-08-16,20.2341,23.9818,-0.1758,-0.1643
2000-08-17,20.2309,23.9511,-0.178,-0.1984
2000-08-18,20.2227,23.9125,-0.1838,-0.2308
2000-08-19,20.2127,23.9236,-0.194,-0.2245
2000-08-20,20.2151,23.9554,-0.1928,-0.2065
2000-08-21,20.2139,23.9739,-0.1959,-0.2061
2000-08-22,20.2078,23.9269,-0.2018,-0.2605
2000-08-23,20.1983,23.91,-0.2111,-0.2858
2000-08-24,20.2117,23.933,-0.1976,-0.2693
2000-08-25,20.2235,23.9318,-0.186,-0.2759
2000-08-26,20.2228,23.9329,-0.1868,-0.2817
2000-08-27,20.2247,23.9379,-0.1865,-0.2877
2000-08-28,20.2142,23.9289,-0.1965,-0.2986
2000-08-29,20.2059,23.9006,-0.2053,-0.3278
2000-08-30,20.2123,23.8675,-0.1984,-0.3551
2000-08-31,20.2384,23.8928,-0.1704,-0.3222
2000-09-01,20.2846,23.9425,-0.1243,-0.2665
2000-09-02,20.3157,23.9873,-0.0925,-0.2206
2000-09-03,20.328,23.9777,-0.0782,-0.2255
2000-09-04,20.3272,23.9738,-0.0777,-0.2276
2000-09-05,20.3164,23.9004,-0.0856,-0.2946
2000-09-06,20.3028,23.8537,-0.0943,-0.3236
2000-09-07,20.2911,23.8185,-0.0983,-0.3424
2000-09-08,20.2772,23.8209,-0.1064,-0.3221
2000-09-09,20.2401,23.829,-0.1384,-0.2964
2000-09-10,20.2029,23.8156,-0.1696,-0.2947
2000-09-11,20.1765,23.8309,-0.1889,-0.2592
2000-09-12,20.1581,23.8666,-0.2022,-0.2074
2000-09-13,20.1483,23.8756,-0.2067,-0.187
2000-09-14,20.1327,23.9168,-0.2146,-0.1304
2000-09-15,20.1318,23.9126,-0.209,-0.1208
2000-09-16,20.1382,23.8962,-0.1964,-0.1198
2000-09-17,20.1519,23.8615,-0.1768,-0.1357
2000-09-18,20.1564,23.8035,-0.1679,-0.1711
2000-09-19,20.1553,23.7874,-0.166,-0.1717
2000-09-20,20.1667,23.7861,-0.1548,-0.1596
2000-09-21,20.1884,23.8129,-0.1314,-0.1133
2000-09-22,20.2117,23.8226,-0.1055,-0.0847
2000-09-23,20.2187,23.8,-0.0966,-0.0911
2000-09-24,20.2116,23.7552,-0.1008,-0.1152
2000-09-25,20.2235,23.7159,-0.086,-0.1379
2000-09-26,20.2175,23.6456,-0.0884,-0.1919
2000-09-27,20.216,23.589,-0.0847,-0.2317
2000-09-28,20.2032,23.5236,-0.0901,-0.2781
2000-09-29,20.2004,23.4821,-0.0864,-0.2975
2000-09-30,20.1986,23.452,-0.0836,-0.3005
2000-10-01,20.1764,23.3708,-0.102,-0.3512
2000-10-02,20.1647,23.3167,-0.1088,-0.3728
2000-10-03,20.1505,23.3173,-0.1173,-0.3399
2000-10-04,20.1321,23.3106,-0.1311,-0.3169
2000-10-05,20.1247,23.3248,-0.1331,-0.2731
2000-10-06,20.1284,23.3397,-0.125,-0.228
2000-10-07,20.1417,23.3519,-0.109,-0.1907
2000-10-08,20.1371,23.3114,-0.1083,-0.1966
2000-10-09,20.1208,23.2772,-0.1202,-0.1937
2000-10-10,20.1007,23.2088,-0.135,-0.2272
2000-10-11,20.0865,23.1488,-0.1421,-0.2558
2000-10-12,20.0684,23.0767,-0.1544,-0.2975
2000-10-13,20.0501,23.0116,-0.1677,-0.3289
2000-10-14,20.0468,22.9864,-0.1665,-0.3216
2000-10-15,20.0535,22.966,-0.1581,-0.3092
2000-10-16,20.0462,22.9365,-0.1648,-0.31
2000-10-17,20.0371,22.9059,-0.1723,-0.3128
2000-10-18,20.0231,22.8674,-0.1831,-0.3256
2000-10-19,20.0147,22.848,-0.1912,-0.3153
2000-10-20,19.9973,22.8021,-0.2061,-0.3282
2000-10-21,19.9787,22.7404,-0.222,-0.3532
2000-10-22,19.9747,22.6968,-0.2232,-0.3594
2000-10-23,19.983,22.6749,-0.2133,-0.3441
2000-10-24,19.9864,22.6489,-0.209,-0.333
2000-10-25,19.9745,22.6093,-0.2195,-0.3347
2000-10-26,19.9781,22.5506,-0.2128,-0.3528
2000-10-27,19.9788,22.5361,-0.2083,-0.3273
2000-10-28,19.9766,22.4859,-0.2059,-0.3324
2000-10-29,19.977,22.4041,-0.2006,-0.3688
2000-10-30,19.9722,22.3776,-0.2004,-0.3509
2000-10-31,19.9615,22.3742,-0.2062,-0.3134
2000-11-01,19.9738,22.362,-0.1868,-0.2836
2000-11-02,19.9869,22.3115,-0.1689,-0.2887
2000-11-03,20.0107,22.2697,-0.1408,-0.283
2000-11-04,20.0379,22.2436,-0.1099,-0.2619
2000-11-05,20.049,22.2012,-0.0967,-0.2658
2000-11-06,20.0443,22.1422,-0.1015,-0.2883
2000-11-07,20.047,22.0998,-0.0989,-0.2923
2000-11-08,20.046,22.0653,-0.1005,-0.2904
2000-11-09,20.0374,22.0335,-0.1105,-0.2846
2000-11-10,20.031,22.0109,-0.118,-0.2684
2000-11-11,20.0249,21.9606,-0.1234,-0.2749
2000-11-12,20.0161,21.9001,-0.1327,-0.2875
2000-11-13,20.0037,21.8588,-0.1446,-0.2807
2000-11-14,19.9977,21.8557,-0.151,-0.2413
2000-11-15,19.9938,21.8302,-0.1529,-0.2303
2000-11-16,19.9892,21.808,-0.1577,-0.2227
2000-11-17,19.9704,21.7892,-0.1768,-0.205
2000-11-18,19.9726,21.7522,-0.1734,-0.1985
2000-11-19,19.9687,21.6854,-0.178,-0.222
2000-11-20,19.9638,21.6195,-0.1834,-0.2443
2000-11-21,19.9616,21.6096,-0.1885,-0.2168
2000-11-22,19.9575,21.5998,-0.1951,-0.1885
2000-11-23,19.9588,21.586,-0.1964,-0.1598
2000-11-24,19.9616,21.5622,-0.1953,-0.1456
2000-11-25,19.9676,21.5255,-0.1912,-0.1413
2000-11-26,19.9793,21.4579,-0.1792,-0.1608
2000-11-27,19.9898,21.4004,-0.168,-0.1784
2000-11-28,19.9972,21.3621,-0.1594,-0.1781
2000-11-29,20.0017,21.3109,-0.1523,-0.1835
2000-11-30,20.0,21.2563,-0.1534,-0.1977
2000-12-01,19.9931,21.178,-0.1635,-0.241
2000-12-02,19.9917,21.1147,-0.1682,-0.2685
2000-12-03,19.9932,21.0433,-0.1695,-0.3027
2000-12-04,20.0008,21.0004,-0.1634,-0.3038
2000-12-05,20.0038,20.971,-0.1644,-0.2929
2000-12-06,19.9999,20.9279,-0.1717,-0.2995
2000-12-07,19.9999,20.9037,-0.1737,-0.2839
2000-12-08,19.9994,20.8735,-0.1743,-0.2757
2000-12-09,20.0078,20.8509,-0.1671,-0.2622
2000-12-10,20.023,20.8247,-0.152,-0.2483
2000-12-11,20.0389,20.7869,-0.1353,-0.2434
2000-12-12,20.0472,20.7282,-0.1288,-0.2577
2000-12-13,20.0465,20.664,-0.1341,-0.2848
2000-12-14,20.041,20.594,-0.1435,-0.3226
2000-12-15,20.0357,20.5643,-0.1524,-0.3163
2000-12-16,20.0284,20.5125,-0.1637,-0.3251
2000-12-17,20.0406,20.4572,-0.1558,-0.3398
2000-12-18,20.0455,20.4216,-0.1545,-0.3398
2000-12-19,20.0544,20.4138,-0.1482,-0.3153
2000-12-20,20.0485,20.3986,-0.156,-0.2966
2000-12-21,20.0234,20.3479,-0.1834,-0.3164
2000-12-22,20.0022,20.3099,-0.2076,-0.3304
2000-12-23,19.9895,20.2689,-0.2273,-0.3496
2000-12-24,19.9984,20.2489,-0.2277,-0.3388
2000-12-25,20.0087,20.2557,-0.2262,-0.2992
2000-12-26,20.0163,20.226,-0.2229,-0.295
2000-12-27,20.0234,20.1947,-0.2192,-0.2909
2000-12-28,20.0283,20.1491,-0.2171,-0.3011
2000-12-29,20.0356,20.1091,-0.2141,-0.3108
2000-12-30,20.0456,20.0758,-0.2065,-0.3122
2000-12-31,20.0558,20.0219,-0.2008,-0.3346
2001-01-01,20.0589,19.9755,-0.1904,-0.3263
2001-01-02,20.0629,19.9439,-0.1895,-0.3276
2001-01-03,20.0682,19.9133,-0.1887,-0.3305
2001-01-04,20.0761,19.8948,-0.186,-0.3135
2001-01-05,20.1035,19.8757,-0.1622,-0.2991
2001-01-06,20.1352,19.8593,-0.1335,-0.2868
2001-01-07,20.1519,19.8234,-0.121,-0.2956
2001-01-08,20.1661,19.8064,-0.1121,-0.2828
2001-01-09,20.1865,19.8043,-0.0961,-0.2562
2001-01-10,20.1976,19.7716,-0.0902,-0.2615
2001-01-11,20.1847,19.7468,-0.1095,-0.2605
2001-01-12,20.177,19.7196,-0.1231,-0.265
2001-01-13,20.18,19.6976,-0.1274,-0.2598
2001-01-14,20.1796,19.6784,-0.1337,-0.2524
2001-01-15,20.1799,19.6671,-0.1371,-0.241
2001-01-16,20.1833,19.6765,-0.1384,-0.2083
2001-01-17,20.1911,19.6406,-0.1353,-0.2205
2001-01-18,20.193,19.6027,-0.1382,-0.2393
2001-01-19,20.1954,19.5948,-0.1414,-0.2276
2001-01-20,20.2044,19.5735,-0.1366,-0.2285
2001-01-21,20.2225,19.545,-0.1221,-0.2401
2001-01-22,20.2371,19.5267,-0.1123,-0.2451
2001-01-23,20.2453,19.509,-0.1091,-0.2375
2001-01-24,20.2492,19.4977,-0.111,-0.2252
2001-01-25,20.2596,19.4736,-0.1082,-0.2277
2001-01-26,20.2635,19.4502,-0.1089,-0.2288
2001-01-27,20.2671,19.4125,-0.1082,-0.2432
2001-01-28,20.2698,19.3909,-0.1101,-0.2473
2001-01-29,20.2693,19.3746,-0.1175,-0.2472
2001-01-30,20.2584,19.3545,-0.1346,-0.2543
2001-01-31,20.2457,19.34,-0.1513,-0.257
2001-02-01,20.2407,19.3372,-0.159,-0.2442
2001-02-02,20.2328,19.3441,-0.17,-0.2211
2001-02-03,20.2336,19.3329,-0.1756,-0.2177
2001-02-04,20.2525,19.3256,-0.1638,-0.2076
2001-02-05,20.2619,19.3229,-0.161,-0.1933
2001-02-06,20.2674,19.3298,-0.16,-0.1687
2001-02-07,20.2699,19.3333,-0.1633,-0.1506
2001-02-08,20.2753,19.3203,-0.1641,-0.1526
2001-02-09,20.2751,19.3014,-0.1708,-0.1628
2001-02-10,20.2796,19.2866,-0.1719,-0.1703
2001-02-11,20.2821,19.2568,-0.1754,-0.1971
2001-02-12,20.2785,19.2033,-0.1845,-0.2381
2001-02-13,20.2658,19.1463,-0.1995,-0.2756
2001-02-14,20.2685,19.1445,-0.2005,-0.2589
2001-02-15,20.296,19.1551,-0.1787,-0.2296
2001-02-16,20.3189,19.1358,-0.1597,-0.238
2001-02-17,20.3384,19.1502,-0.1434,-0.2191
2001-02-18,20.3592,19.2016,-0.126,-0.1608
2001-02-19,20.3787,19.2233,-0.1099,-0.1358
2001-02-20,20.3992,19.2383,-0.0935,-0.1135
2001-02-21,20.4095,19.2499,-0.0871,-0.093
2001-02-22,20.4191,19.2535,-0.082,-0.0807
2001-02-23,20.4383,19.2514,-0.0679,-0.0762
2001-02-24,20.4485,19.2475,-0.0614,-0.0753
2001-02-25,20.4707,19.27,-0.0427,-0.0549
2001-02-26,20.4903,19.2803,-0.0242,-0.0408
2001-02-27,20.4805,19.2994,-0.0356,-0.0206
2001-02-28,20.4742,19.3252,-0.04,-0.0042
2001-03-01,20.4643,19.3368,-0.053,0.018
2001-03-02,20.4567,19.372,-0.0603,0.0514
2001-03-03,20.4518,19.3984,-0.0671,0.0799
2001-03-04,20.4447,19.4021,-0.0752,0.0884
2001-03-05,20.4368,19.3964,-0.0821,0.0886
2001-03-06,20.4494,19.3997,-0.0693,0.0998
2001-03-07,20.4638,19.3767,-0.0546,0.0868
2001-03-08,20.4697,19.3324,-0.0489,0.0436
2001-03-09,20.4757,19.3279,-0.0451,0.0334
2001-03-10,20.4853,19.302,-0.0378,0.0028
2001-03-11,20.4937,19.2749,-0.0311,-0.0253
2001-03-12,20.4978,19.2482,-0.0307,-0.0555
2001-03-13,20.4951,19.2387,-0.0355,-0.0683
2001-03-14,20.4874,19.2308,-0.0459,-0.0843
2001-03-15,20.4837,19.2355,-0.0526,-0.0921
2001-03-16,20.4825,19.2478,-0.0578,-0.0973
2001-03-17,20.492,19.2616,-0.0513,-0.0962
2001-03-18,20.5144,19.3049,-0.035,-0.0599
2001-03-19,20.5344,19.3244,-0.0206,-0.0472
2001-03-20,20.5407,19.3327,-0.0178,-0.046
2001-03-21,20.536,19.3359,-0.0229,-0.0509
2001-03-22,20.5292,19.3477,-0.0297,-0.0444
2001-03-23,20.5152,19.3514,-0.043,-0.0451
2001-03-24,20.5069,19.3515,-0.0478,-0.0476
2001-03-25,20.5057,19.3386,-0.0476,-0.0677
2001-03-26,20.5069,19.3404,-0.0464,-0.074
2001-03-27,20.5019,19.3523,-0.0515,-0.0704
2001-03-28,20.503,19.361,-0.0512,-0.0675
2001-03-29,20.4903,19.3268,-0.0629,-0.1137
2001-03-30,20.4972,19.3176,-0.055,-0.1357
2001-03-31,20.483,19.3492,-0.0671,-0.1126
2001-04-01,20.4786,19.3758,-0.0701,-0.0965
2001-04-02,20.472,19.3844,-0.0732,-0.1059
2001-04-03,20.4652,19.387,-0.0774,-0.1197
2001-04-04,20.4608,19.4084,-0.0792,-0.1128
2001-04-05,20.4541,19.4097,-0.0834,-0.131
2001-04-06,20.4631,19.402,-0.0716,-0.1516
2001-04-07,20.4562,19.4105,-0.0756,-0.1563
2001-04-08,20.454,19.4375,-0.0747,-0.1458
2001-04-09,20.452,19.4587,-0.0754,-0.1445
2001-04-10,20.4545,19.4794,-0.0709,-0.1435
2001-04-11,20.451,19.494,-0.0686,-0.1428
2001-04-12,20.4412,19.4995,-0.073,-0.1487
2001-04-13,20.4359,19.5437,-0.0745,-0.119
2001-04-14,20.4309,19.6258,-0.0769,-0.0584
2001-04-15,20.4295,19.6878,-0.0746,-0.0223
2001-04-16,20.4413,19.7199,-0.0613,-0.0152
2001-04-17,20.4485,19.751,-0.0522,-0.0047
2001-04-18,20.4561,19.7807,-0.0419,0.0026
2001-04-19,20.4404,19.7503,-0.054,-0.0498
2001-04-20,20.4188,19.7006,-0.075,-0.131
2001-04-21,20.3984,19.6547,-0.0933,-0.2066
2001-04-22,20.388,19.6785,-0.1039,-0.2138
2001-04-23,20.3802,19.7248,-0.1099,-0.1997
2001-04-24,20.3851,19.7743,-0.1039,-0.1793
2001-04-25,20.3946,19.8309,-0.0932,-0.1497
2001-04-26,20.4036,19.8421,-0.0805,-0.1622
2001-04-27,20.3984,19.8237,-0.0822,-0.2044
2001-04-28,20.3919,19.8277,-0.085,-0.2267
2001-04-29,20.3972,19.841,-0.0753,-0.2344
2001-04-30,20.4012,19.8521,-0.067,-0.2441
2001-05-01,20.3935,19.8666,-0.0695,-0.2608
2001-05-02,20.3867,19.8908,-0.0724,-0.2716
2001-05-03,20.3919,19.9234,-0.0663,-0.2787
2001-05-04,20.3969,19.9659,-0.0582,-0.2703
2001-05-05,20.3916,20.0111,-0.0585,-0.255
2001-05-06,20.3957,20.041,-0.049,-0.2529
2001-05-07,20.3848,20.033,-0.0541,-0.2877
2001-05-08,20.3806,20.0625,-0.0541,-0.29
2001-05-09,20.3785,20.0881,-0.0529,-0.296
2001-05-10,20.3844,20.1215,-0.0446,-0.2902
2001-05-11,20.3919,20.1801,-0.0342,-0.2642
2001-05-12,20.3847,20.2529,-0.0378,-0.2204
2001-05-13,20.3794,20.3099,-0.0414,-0.2017
2001-05-14,20.3644,20.3219,-0.0539,-0.218
2001-05-15,20.3501,20.3492,-0.0665,-0.2172
2001-05-16,20.3486,20.3926,-0.0642,-0.2057
2001-05-17,20.3468,20.4482,-0.0635,-0.1845
2001-05-18,20.3458,20.5136,-0.0619,-0.1556
2001-05-19,20.3459,20.5664,-0.0587,-0.1438
2001-05-20,20.3415,20.6538,-0.061,-0.0976
2001-05-21,20.3327,20.69,-0.0672,-0.1026
2001-05-22,20.3307,20.722,-0.0675,-0.1076
2001-05-23,20.3215,20.7923,-0.0746,-0.078
2001-05-24,20.3138,20.8591,-0.0783,-0.0475
2001-05-25,20.2934,20.9112,-0.094,-0.0377
2001-05-26,20.2781,20.9791,-0.1049,-0.0115
2001-05-27,20.2729,21.0919,-0.1059,0.0597
2001-05-28,20.2726,21.1417,-0.1035,0.0623
2001-05-29,20.276,21.1679,-0.0962,0.0381
2001-05-30,20.2726,21.1724,-0.0946,-0.0001
2001-05-31,20.2808,21.2254,-0.0815,0.0117
2001-06-01,20.2868,21.2701,-0.0723,0.0105
2001-06-02,20.2924,21.3216,-0.0639,0.0234
2001-06-03,20.2936,21.3989,-0.0601,0.0617
2001-06-04,20.2773,21.4604,-0.0726,0.0825
2001-06-05,20.2716,21.5083,-0.072,0.0898
2001-06-06,20.2779,21.5424,-0.0582,0.0821
2001-06-07,20.2828,21.5734,-0.0484,0.0684
2001-06-08,20.2845,21.6132,-0.044,0.0642
2001-06-09,20.2878,21.6646,-0.039,0.0665
2001-06-10,20.2911,21.7622,-0.0319,0.1186
2001-06-11,20.2833,21.8031,-0.037,0.112
2001-06-12,20.2723,21.8131,-0.0458,0.0783
2001-06-13,20.2754,21.8623,-0.0417,0.082
2001-06-14,20.2819,21.9184,-0.0345,0.0886
2001-06-15,20.2902,21.9614,-0.0272,0.0804
2001-06-16,20.2977,22.0377,-0.0248,0.1006
2001-06-17,20.294,22.0703,-0.0299,0.083
2001-06-18,20.2849,22.0724,-0.0378,0.0335
2001-06-19,20.2779,22.0996,-0.0432,0.0087
2001-06-20,20.2776,22.1636,-0.0425,0.0307
2001-06-21,20.2782,22.1891,-0.0427,0.0127
2001-06-22,20.2827,22.2292,-0.0403,0.0038
2001-06-23,20.2888,22.3121,-0.0363,0.0383
2001-06-24,20.297,22.4327,-0.0293,0.1045
2001-06-25,20.3072,22.5466,-0.0191,0.1658
2001-06-26,20.3079,22.5981,-0.0184,0.1675
2001-06-27,20.3133,22.6168,-0.0133,0.1405
2001-06-28,20.3081,22.6199,-0.0196,0.1033
2001-06-29,20.3008,22.6427,-0.0271,0.086
2001-06-30,20.2977,22.665,-0.031,0.0659
2001-07-01,20.3067,22.7228,-0.0239,0.0852
2001-07-02,20.3059,22.7213,-0.0235,0.0453
2001-07-03,20.304,22.7096,-0.025,-0.0046
2001-07-04,20.3043,22.7444,-0.0267,-0.0127
2001-07-05,20.2884,22.7634,-0.0444,-0.0418
2001-07-06,20.2731,22.7934,-0.0603,-0.0576
2001-07-07,20.271,22.8762,-0.0614,-0.017
2001-07-08,20.277,22.981,-0.0533,0.0438
2001-07-09,20.2717,23.0191,-0.0576,0.036
2001-07-10,20.2709,23.0416,-0.0599,0.0156
2001-07-11,20.2718,23.0583,-0.062,-0.0028
2001-07-12,20.2686,23.1032,-0.0675,0.008
2001-07-13,20.2744,23.1059,-0.0646,-0.016
2001-07-14,20.2902,23.1369,-0.0508,-0.0166
2001-07-15,20.3055,23.1767,-0.0376,-0.0113
2001-07-16,20.313,23.1949,-0.0332,-0.0323
2001-07-17,20.3136,23.2015,-0.0343,-0.0619
2001-07-18,20.3127,23.201,-0.0351,-0.0987
2001-07-19,20.3119,23.2249,-0.0359,-0.111
2001-07-20,20.3102,23.2538,-0.0371,-0.1114
2001-07-21,20.3153,23.271,-0.0335,-0.1272
2001-07-22,20.3291,23.3553,-0.0229,-0.0815
2001-07-23,20.3404,23.4195,-0.0135,-0.0543
2001-07-24,20.3443,23.4819,-0.0117,-0.0276
2001-07-25,20.3425,23.5179,-0.0164,-0.0242
2001-07-26,20.3456,23.549,-0.0178,-0.0212
2001-07-27,20.3422,23.5713,-0.0279,-0.0374
2001-07-28,20.3357,23.6191,-0.0421,-0.0338
2001-07-29,20.3377,23.6515,-0.0453,-0.0372
2001-07-30,20.3373,23.7092,-0.0501,-0.0234
2001-07-31,20.3384,23.743,-0.052,-0.0267
2001-08-01,20.3413,23.7684,-0.0483,-0.0268
2001-08-02,20.3357,23.7759,-0.054,-0.0427
2001-08-03,20.3233,23.7872,-0.0657,-0.0591
2001-08-04,20.3294,23.8059,-0.0608,-0.0666
2001-08-05,20.3342,23.8417,-0.0581,-0.0586
2001-08-06,20.3384,23.8659,-0.0545,-0.0663
2001-08-07,20.345,23.8966,-0.0507,-0.0598
2001-08-08,20.355,23.9427,-0.0424,-0.034
2001-08-09,20.3661,23.9634,-0.0307,-0.0263
2001-08-10,20.3758,24.0079,-0.0229,-0.0052
2001-08-11,20.3779,24.0165,-0.0237,-0.0284
2001-08-12,20.3865,24.0506,-0.0177,-0.025
2001-08-13,20.3891,24.0692,-0.0168,-0.0292
2001-08-14,20.3719,24.083,-0.0361,-0.0373
2001-08-15,20.3629,24.1078,-0.0461,-0.028
2001-08-16,20.3547,24.123,-0.0552,-0.0231
2001-08-17,20.3474,24.1248,-0.0615,-0.0247
2001-08-18,20.339,24.1072,-0.0675,-0.0361
2001-08-19,20.3313,24.1316,-0.0754,-0.0165
2001-08-20,20.3339,24.1408,-0.074,-0.0211
2001-08-21,20.3448,24.15,-0.065,-0.03
2001-08-22,20.3501,24.1937,-0.0595,0.0063
2001-08-23,20.3553,24.2674,-0.0541,0.0716
2001-08-24,20.3487,24.2924,-0.0606,0.0901
2001-08-25,20.3325,24.2789,-0.077,0.0712
2001-08-26,20.3117,24.2536,-0.0979,0.039
2001-08-27,20.3118,24.2443,-0.0994,0.0187
2001-08-28,20.3266,24.2866,-0.0841,0.0591
2001-08-29,20.3404,24.3194,-0.0708,0.091
2001-08-30,20.3408,24.3232,-0.0699,0.1006
2001-08-31,20.3439,24.3165,-0.0649,0.1015
2001-09-01,20.3473,24.2915,-0.0616,0.0825
2001-09-02,20.3539,24.304,-0.0543,0.0961
2001-09-03,20.3553,24.2902,-0.0509,0.087
2001-09-04,20.3614,24.2674,-0.0435,0.066
2001-09-05,20.3685,24.2688,-0.0335,0.0738
2001-09-06,20.371,24.2472,-0.0261,0.0699
2001-09-07,20.3624,24.2411,-0.027,0.0802
2001-09-08,20.3526,24.2144,-0.031,0.0714
2001-09-09,20.3441,24.1939,-0.0344,0.0685
2001-09-10,20.3409,24.2095,-0.0316,0.0992
2001-09-11,20.3308,24.2117,-0.0346,0.1216
2001-09-12,20.3117,24.183,-0.0486,0.109
2001-09-13,20.3006,24.1699,-0.0544,0.1073
2001-09-14,20.2998,24.1323,-0.0475,0.0851
2001-09-15,20.2964,24.0536,-0.0444,0.0202
2001-09-16,20.2947,23.9839,-0.0399,-0.0321
2001-09-17,20.3157,24.0458,-0.013,0.0486
2001-09-18,20.3214,24.0529,-0.0029,0.0783
2001-09-19,20.317,24.0544,-0.0043,0.0953
2001-09-20,20.3144,24.0691,-0.0071,0.1234
2001-09-21,20.3142,24.0775,-0.0056,0.1513
2001-09-22,20.306,24.0431,-0.0112,0.1358
2001-09-23,20.2899,24.0029,-0.0254,0.1118
2001-09-24,20.2772,23.9777,-0.0352,0.1073
2001-09-25,20.2686,23.9524,-0.0409,0.0986
2001-09-26,20.2662,23.9381,-0.0397,0.1006
2001-09-27,20.2595,23.8855,-0.0412,0.0648
2001-09-28,20.2516,23.868,-0.0417,0.0663
2001-09-29,20.2302,23.7964,-0.0566,0.0168
2001-09-30,20.2077,23.7336,-0.0745,-0.0189
2001-10-01,20.1956,23.6748,-0.0828,-0.0472
2001-10-02,20.1925,23.6858,-0.081,-0.0037
2001-10-03,20.1896,23.6805,-0.0782,0.0233
2001-10-04,20.1799,23.6708,-0.0833,0.0433
2001-10-05,20.1712,23.6662,-0.0866,0.0683
2001-10-06,20.1521,23.6314,-0.1013,0.0637
2001-10-07,20.1407,23.5792,-0.11,0.0366
2001-10-08,20.129,23.495,-0.1164,-0.013
2001-10-09,20.1227,23.4277,-0.1183,-0.0432
2001-10-10,20.1255,23.3922,-0.1102,-0.0438
2001-10-11,20.1223,23.3559,-0.1063,-0.0487
2001-10-12,20.1214,23.3189,-0.1014,-0.0553
2001-10-13,20.121,23.2853,-0.0968,-0.0552
2001-10-14,20.1195,23.2442,-0.0938,-0.0638
2001-10-15,20.1274,23.2097,-0.0842,-0.0655
2001-10-16,20.1382,23.1719,-0.0728,-0.0746
2001-10-17,20.1354,23.0899,-0.074,-0.1288
2001-10-18,20.1323,23.0334,-0.0739,-0.1596
2001-10-19,20.1342,22.977,-0.0717,-0.1863
2001-10-20,20.1328,22.9395,-0.0706,-0.1908
2001-10-21,20.1246,22.9332,-0.0761,-0.1604
2001-10-22,20.1053,22.9131,-0.0926,-0.1431
2001-10-23,20.1058,22.9375,-0.0905,-0.0815
2001-10-24,20.1082,22.9666,-0.0872,-0.0153
2001-10-25,20.1091,22.9975,-0.0849,0.0535
2001-10-26,20.1266,23.002,-0.0643,0.0986
2001-10-27,20.1429,22.9774,-0.0442,0.114
2001-10-28,20.1456,22.9366,-0.0369,0.1183
2001-10-29,20.1381,22.878,-0.0395,0.1051
2001-10-30,20.1271,22.7879,-0.0455,0.0594
2001-10-31,20.1216,22.6907,-0.0461,0.0031
2001-11-01,20.1192,22.6278,-0.0414,-0.0178
2001-11-02,20.1188,22.6124,-0.037,0.0122
2001-11-03,20.1216,22.5832,-0.0299,0.0305
2001-11-04,20.1095,22.4894,-0.0383,-0.0161
2001-11-05,20.1059,22.4646,-0.0398,-0.0024
2001-11-06,20.1013,22.4576,-0.0445,0.0271
2001-11-07,20.0983,22.44,-0.0476,0.0479
2001-11-08,20.0945,22.4148,-0.052,0.0591
2001-11-09,20.0833,22.3783,-0.0646,0.0602
2001-11-10,20.0845,22.3409,-0.0645,0.0617
2001-11-11,20.0914,22.2859,-0.0569,0.0504
2001-11-12,20.1045,22.2342,-0.0443,0.0466
2001-11-13,20.1163,22.2009,-0.032,0.0614
2001-11-14,20.1211,22.161,-0.0276,0.064
2001-11-15,20.1242,22.0896,-0.0225,0.0291
2001-11-16,20.1202,22.0463,-0.0267,0.0156
2001-11-17,20.1131,22.0136,-0.0341,0.0194
2001-11-18,20.1021,21.9301,-0.0439,-0.0206
2001-11-19,20.0981,21.8468,-0.0486,-0.0606
2001-11-20,20.103,21.7921,-0.0442,-0.0717
2001-11-21,20.1129,21.773,-0.0372,-0.0534
2001-11-22,20.1191,21.7363,-0.0335,-0.052
2001-11-23,20.1206,21.7008,-0.0346,-0.045
2001-11-24,20.1205,21.6594,-0.0364,-0.0484
2001-11-25,20.1259,21.5925,-0.0329,-0.0743
2001-11-26,20.124,21.4979,-0.0345,-0.1208
2001-11-27,20.1235,21.4449,-0.0343,-0.1339
2001-11-28,20.1128,21.4226,-0.0438,-0.1176
2001-11-29,20.1,21.3799,-0.054,-0.1145
2001-11-30,20.0881,21.353,-0.0653,-0.101
2001-12-01,20.0839,21.3457,-0.0727,-0.0733
2001-12-02,20.0763,21.3359,-0.0836,-0.0473
2001-12-03,20.0753,21.2837,-0.0874,-0.0623
2001-12-04,20.0748,21.2612,-0.0894,-0.043
2001-12-05,20.0898,21.2548,-0.0784,-0.0091
2001-12-06,20.1019,21.2541,-0.0697,0.0267
2001-12-07,20.1133,21.2247,-0.0603,0.0371
2001-12-08,20.1183,21.1962,-0.0554,0.047
2001-12-09,20.1222,21.1632,-0.0527,0.0501
2001-12-10,20.1204,21.1298,-0.0546,0.0568
2001-12-11,20.1107,21.0953,-0.0635,0.065
2001-12-12,20.1183,21.1049,-0.0577,0.119
2001-12-13,20.1296,21.1063,-0.051,0.1575
2001-12-14,20.1309,21.0704,-0.0536,0.1538
2001-12-15,20.1324,20.9934,-0.0557,0.1128
2001-12-16,20.1349,20.9101,-0.0572,0.0725
2001-12-17,20.1325,20.8568,-0.0639,0.0598
2001-12-18,20.1406,20.8246,-0.0594,0.0632
2001-12-19,20.153,20.7742,-0.0496,0.0451
2001-12-20,20.1596,20.736,-0.0449,0.0408
2001-12-21,20.1704,20.7334,-0.0364,0.0691
2001-12-22,20.1813,20.7276,-0.0285,0.0873
2001-12-23,20.1943,20.6976,-0.0225,0.0791
2001-12-24,20.2062,20.673,-0.0199,0.0853
2001-12-25,20.2137,20.6225,-0.0212,0.0676
2001-12-26,20.2117,20.6117,-0.0275,0.0907
2001-12-27,20.2009,20.6068,-0.0417,0.1212
2001-12-28,20.212,20.612,-0.0334,0.1618
2001-12-29,20.2257,20.5949,-0.024,0.175
2001-12-30,20.2328,20.5454,-0.0193,0.1574
2001-12-31,20.236,20.4871,-0.0206,0.1306
2002-01-01,20.2549,20.454,0.0056,0.1522
2002-01-02,20.2612,20.4144,0.0088,0.1429
2002-01-03,20.2702,20.4055,0.0133,0.1617
2002-01-04,20.2609,20.3884,-0.0012,0.1801
2002-01-05,20.2619,20.3665,-0.0038,0.1917
2002-01-06,20.269,20.3418,0.0003,0.1957
2002-01-07,20.2741,20.3334,0.0012,0.2144
2002-01-08,20.2731,20.3163,-0.0051,0.2271
2002-01-09,20.2709,20.3134,-0.0117,0.2529
2002-01-10,20.268,20.2775,-0.0198,0.2444
2002-01-11,20.2699,20.2341,-0.0243,0.2268
2002-01-12,20.2869,20.1846,-0.0132,0.2
2002-01-13,20.2949,20.1539,-0.0125,0.1965
2002-01-14,20.2906,20.1453,-0.0227,0.2145
2002-01-15,20.2931,20.1295,-0.0239,0.2214
2002-01-16,20.3027,20.1082,-0.019,0.2234
2002-01-17,20.3061,20.0651,-0.0203,0.204
2002-01-18,20.3037,20.058,-0.0275,0.216
2002-01-19,20.3008,20.0257,-0.036,0.2033
2002-01-20,20.3024,19.9694,-0.0386,0.1674
2002-01-21,20.3071,19.9337,-0.0375,0.1486
2002-01-22,20.3121,19.9335,-0.0373,0.1617
2002-01-23,20.3087,19.9381,-0.0457,0.1916
2002-01-24,20.3149,19.9452,-0.0453,0.2223
2002-01-25,20.3296,19.9314,-0.0382,0.2301
2002-01-26,20.3318,19.9234,-0.0406,0.2444
2002-01-27,20.3409,19.9195,-0.0344,0.2638
2002-01-28,20.353,19.905,-0.0269,0.2668
2002-01-29,20.3714,19.8688,-0.0154,0.247
2002-01-30,20.3776,19.8216,-0.0154,0.2128
2002-01-31,20.3785,19.7786,-0.0185,0.1816
2002-02-01,20.3565,19.7369,-0.0432,0.1555
2002-02-02,20.355,19.699,-0.0478,0.1338
2002-02-03,20.3698,19.6997,-0.0394,0.1491
2002-02-04,20.3832,19.694,-0.0331,0.1608
2002-02-05,20.3986,19.6848,-0.0243,0.1686
2002-02-06,20.4134,19.6706,-0.014,0.1721
2002-02-07,20.4226,19.6376,-0.0106,0.1537
2002-02-08,20.4305,19.6106,-0.0089,0.1377
2002-02-09,20.4409,19.6114,-0.005,0.1472
2002-02-10,20.4473,19.5984,-0.0042,0.1415
2002-02-11,20.4405,19.5602,-0.017,0.1063
2002-02-12,20.4327,19.5333,-0.0303,0.0919
2002-02-13,20.4235,19.5314,-0.0418,0.1095
2002-02-14,20.4148,19.4984,-0.0542,0.095
2002-02-15,20.4001,19.4723,-0.0746,0.0876
2002-02-16,20.3841,19.4857,-0.0945,0.1119
2002-02-17,20.3754,19.4794,-0.1064,0.1101
2002-02-18,20.3717,19.4623,-0.1135,0.0999
2002-02-19,20.3766,19.4399,-0.112,0.0808
2002-02-20,20.3824,19.4164,-0.1103,0.0646
2002-02-21,20.4017,19.4139,-0.0949,0.071
2002-02-22,20.4235,19.4221,-0.0776,0.0879
2002-02-23,20.4367,19.4248,-0.0695,0.0972
2002-02-24,20.4578,19.4145,-0.0521,0.0917
2002-02-25,20.4714,19.4139,-0.042,0.089
2002-02-26,20.4865,19.4163,-0.028,0.0952
2002-02-27,20.494,19.4608,-0.0221,0.1408
2002-02-28,20.503,19.485,-0.0112,0.1556
2002-03-01,20.5204,19.5011,0.0031,0.1823
2002-03-02,20.5238,19.4807,0.0068,0.1601
2002-03-03,20.5267,19.4506,0.0078,0.1321
2002-03-04,20.5314,19.4213,0.0115,0.1076
2002-03-05,20.5362,19.4013,0.0173,0.0935
2002-03-06,20.5391,19.3866,0.0204,0.0867
2002-03-07,20.5338,19.3621,0.0154,0.0722
2002-03-08,20.5254,19.3686,0.0068,0.0798
2002-03-09,20.5325,19.3847,0.0117,0.0902
2002-03-10,20.538,19.388,0.0149,0.0888
2002-03-11,20.5257,19.3552,0.0009,0.055
2002-03-12,20.5324,19.3306,0.0039,0.0269
2002-03-13,20.5506,19.3591,0.02,0.0521
2002-03-14,20.5713,19.3508,0.038,0.0357
2002-03-15,20.5895,19.3559,0.0532,0.0283
2002-03-16,20.5991,19.3807,0.0588,0.0356
2002-03-17,20.5922,19.3773,0.0489,0.0195
2002-03-18,20.6085,19.3932,0.0591,0.0284
2002-03-19,20.6059,19.4143,0.0509,0.0427
2002-03-20,20.6024,19.4364,0.0439,0.0577
2002-03-21,20.5948,19.434,0.0359,0.0472
2002-03-22,20.5773,19.4308,0.0184,0.0387
2002-03-23,20.552,19.3969,-0.0062,0.0004
2002-03-24,20.5268,19.374,-0.0279,-0.0251
2002-03-25,20.5222,19.3786,-0.0311,-0.0277
2002-03-26,20.5233,19.3798,-0.03,-0.0346
2002-03-27,20.5074,19.3596,-0.046,-0.0631
2002-03-28,20.5013,19.3452,-0.0529,-0.0833
2002-03-29,20.4975,19.3536,-0.0557,-0.0869
2002-03-30,20.5085,19.3689,-0.0437,-0.0844
2002-03-31,20.5183,19.3849,-0.0318,-0.0769
2002-04-01,20.5083,19.3883,-0.0404,-0.084
2002-04-02,20.4925,19.3996,-0.0527,-0.0907
2002-04-03,20.4849,19.4245,-0.0577,-0.0822
2002-04-04,20.4763,19.4402,-0.0637,-0.081
2002-04-05,20.4691,19.4514,-0.0684,-0.0893
2002-04-06,20.4722,19.4655,-0.0625,-0.0881
2002-04-07,20.4892,19.4917,-0.0426,-0.0751
2002-04-08,20.4991,19.5055,-0.0296,-0.0778
2002-04-09,20.5036,19.4986,-0.0238,-0.1046
2002-04-10,20.4997,19.5072,-0.0257,-0.1157
2002-04-11,20.493,19.505,-0.0266,-0.1318
2002-04-12,20.4837,19.4918,-0.0305,-0.1564
2002-04-13,20.4813,19.5235,-0.0291,-0.1392
2002-04-14,20.4881,19.561,-0.0197,-0.1232
2002-04-15,20.4872,19.5731,-0.0169,-0.137
2002-04-16,20.4825,19.5891,-0.0201,-0.146
2002-04-17,20.4759,19.6086,-0.0248,-0.1471
2002-04-18,20.4679,19.6228,-0.0301,-0.1553
2002-04-19,20.4747,19.6626,-0.0197,-0.1375
2002-04-20,20.4854,19.7346,-0.0084,-0.097
2002-04-21,20.4872,19.761,-0.0045,-0.1003
2002-04-22,20.4992,19.7907,0.0073,-0.1015
2002-04-23,20.5025,19.8026,0.0124,-0.1219
2002-04-24,20.5015,19.7993,0.0125,-0.1543
2002-04-25,20.4969,19.8035,0.0091,-0.1771
2002-04-26,20.4951,19.8344,0.011,-0.1699
2002-04-27,20.4969,19.8484,0.0163,-0.1797
2002-04-28,20.4998,19.8572,0.0229,-0.1972
2002-04-29,20.4938,19.8524,0.0213,-0.223
2002-04-30,20.4804,19.8711,0.0122,-0.2251
2002-05-01,20.4639,19.9049,0.0009,-0.2225
2002-05-02,20.4445,19.9403,-0.0146,-0.2221
2002-05-03,20.4377,19.9637,-0.0205,-0.2384
2002-05-04,20.4353,20.0266,-0.0198,-0.2096
2002-05-05,20.4333,20.0838,-0.0168,-0.1823
2002-05-06,20.4331,20.1169,-0.0116,-0.177
2002-05-07,20.4254,20.1445,-0.0135,-0.1762
2002-05-08,20.4296,20.1899,-0.0051,-0.1626
2002-05-09,20.4277,20.2226,-0.0037,-0.1615
2002-05-10,20.428,20.2639,-0.001,-0.1478
2002-05-11,20.4223,20.3241,-0.0038,-0.1202
2002-05-12,20.4192,20.3561,-0.0033,-0.1172
2002-05-13,20.4215,20.4082,0.0007,-0.1034
2002-05-14,20.4315,20.4283,0.0132,-0.1116
2002-05-15,20.4297,20.4202,0.0131,-0.1462
2002-05-16,20.4234,20.402,0.0106,-0.1963
2002-05-17,20.4164,20.3554,0.0061,-0.2773
2002-05-18,20.4018,20.3451,-0.0059,-0.3241
2002-05-19,20.3867,20.351,-0.0179,-0.3592
2002-05-20,20.3778,20.3533,-0.0247,-0.3981
2002-05-21,20.3754,20.3734,-0.0245,-0.4192
2002-05-22,20.3721,20.406,-0.0261,-0.4236
2002-05-23,20.3819,20.4286,-0.0142,-0.4417
2002-05-24,20.3846,20.5042,-0.0075,-0.4024
2002-05-25,20.3933,20.571,0.0059,-0.3779
2002-05-26,20.4019,20.6263,0.0189,-0.3643
2002-05-27,20.3969,20.6718,0.0181,-0.3604
2002-05-28,20.3816,20.7324,0.0055,-0.347
2002-05-29,20.3787,20.7909,0.0065,-0.3389
2002-05-30,20.3852,20.8549,0.018,-0.3176
2002-05-31,20.3924,20.875,0.0301,-0.3387
2002-06-01,20.4091,20.9566,0.05,-0.303
2002-06-02,20.4176,20.9848,0.0613,-0.3134
2002-06-03,20.421,20.9587,0.0673,-0.3785
2002-06-04,20.4134,20.9315,0.0635,-0.4464
2002-06-05,20.3944,20.9226,0.0508,-0.4959
2002-06-06,20.3801,20.964,0.044,-0.4963
2002-06-07,20.3709,21.0102,0.0397,-0.4948
2002-06-08,20.3642,21.0895,0.0357,-0.4595
2002-06-09,20.3442,21.1653,0.0174,-0.4328
2002-06-10,20.3179,21.2212,-0.0051,-0.4224
2002-06-11,20.3088,21.2771,-0.0115,-0.414
2002-06-12,20.3156,21.3427,-0.0025,-0.3921
2002-06-13,20.3184,21.4046,0.0013,-0.3757
2002-06-14,20.3134,21.4019,-0.003,-0.4279
2002-06-15,20.3131,21.4551,-0.0043,-0.4259
2002-06-16,20.3156,21.5195,-0.0069,-0.4176
2002-06-17,20.323,21.6189,-0.0009,-0.3684
2002-06-18,20.3236,21.7108,0.0009,-0.3281
2002-06-19,20.325,21.7826,0.0039,-0.3083
2002-06-20,20.3167,21.8026,-0.0034,-0.3303
2002-06-21,20.3139,21.8075,-0.007,-0.3689
2002-06-22,20.3204,21.8565,-0.0026,-0.3689
2002-06-23,20.3171,21.9135,-0.008,-0.3603
2002-06-24,20.3017,21.9523,-0.0246,-0.3759
2002-06-25,20.2853,21.9813,-0.041,-0.3995
2002-06-26,20.2756,22.0116,-0.0507,-0.419
2002-06-27,20.2695,22.0438,-0.0571,-0.4325
2002-06-28,20.2729,22.0502,-0.0548,-0.4664
2002-06-29,20.2784,22.0784,-0.0495,-0.4783
2002-06-30,20.2836,22.1194,-0.0451,-0.4797
2002-07-01,20.2805,22.1378,-0.0501,-0.4998
2002-07-02,20.2824,22.1713,-0.047,-0.5047
2002-07-03,20.2827,22.2172,-0.0463,-0.497
2002-07-04,20.2823,22.2818,-0.0487,-0.4753
2002-07-05,20.2667,22.3012,-0.0661,-0.504
2002-07-06,20.2682,22.355,-0.0652,-0.496
2002-07-07,20.2787,22.3998,-0.0537,-0.4934
2002-07-08,20.2844,22.4601,-0.0459,-0.4771
2002-07-09,20.285,22.5249,-0.0443,-0.4582
2002-07-10,20.2802,22.5785,-0.0506,-0.4475
2002-07-11,20.2731,22.5982,-0.0607,-0.4629
2002-07-12,20.2653,22.6054,-0.0708,-0.4898
2002-07-13,20.2658,22.6325,-0.0732,-0.4893
2002-07-14,20.2685,22.682,-0.0725,-0.4715
2002-07-15,20.2756,22.7192,-0.0675,-0.4688
2002-07-16,20.2755,22.7423,-0.0707,-0.4849
2002-07-17,20.2649,22.7624,-0.083,-0.501
2002-07-18,20.2569,22.7803,-0.0909,-0.5194
2002-07-19,20.2527,22.8272,-0.0951,-0.5087
2002-07-20,20.2561,22.8938,-0.0912,-0.4714
2002-07-21,20.2628,22.9509,-0.086,-0.4473
2002-07-22,20.2626,22.9629,-0.0894,-0.4738
2002-07-23,20.2739,22.9672,-0.08,-0.5066
2002-07-24,20.2748,23.0017,-0.0812,-0.5078
2002-07-25,20.2712,23.0379,-0.0877,-0.5042
2002-07-26,20.2718,23.0566,-0.0916,-0.5136
2002-07-27,20.2834,23.0716,-0.0866,-0.5371
2002-07-28,20.3007,23.1438,-0.0771,-0.5091
2002-07-29,20.3114,23.2076,-0.0716,-0.4811
2002-07-30,20.3302,23.3121,-0.0572,-0.4205
2002-07-31,20.3536,23.403,-0.0368,-0.3667
2002-08-01,20.3583,23.4615,-0.0313,-0.3337
2002-08-02,20.3653,23.5146,-0.0244,-0.304
2002-08-03,20.3665,23.6067,-0.0225,-0.2396
2002-08-04,20.3686,23.7135,-0.0216,-0.159
2002-08-05,20.3676,23.7686,-0.0247,-0.1317
2002-08-06,20.3653,23.7883,-0.0276,-0.1439
2002-08-07,20.3662,23.7447,-0.0295,-0.2117
2002-08-08,20.3546,23.6963,-0.0428,-0.2804
2002-08-09,20.3608,23.6802,-0.036,-0.3095
2002-08-10,20.3634,23.6966,-0.0353,-0.3164
2002-08-11,20.3632,23.7437,-0.0384,-0.3012
2002-08-12,20.3626,23.7925,-0.0416,-0.2831
2002-08-13,20.3499,23.8167,-0.056,-0.2817
2002-08-14,20.3298,23.8381,-0.0782,-0.2822
2002-08-15,20.3174,23.836,-0.0916,-0.2998
2002-08-16,20.3047,23.8542,-0.1052,-0.2919
2002-08-17,20.29,23.8898,-0.1189,-0.2597
2002-08-18,20.2804,23.9091,-0.1261,-0.2342
2002-08-19,20.2804,23.9284,-0.1263,-0.2197
2002-08-20,20.2773,23.9661,-0.1306,-0.1958
2002-08-21,20.2736,24.0055,-0.1362,-0.1745
2002-08-22,20.2693,24.0442,-0.1403,-0.1432
2002-08-23,20.2727,24.0595,-0.1367,-0.1363
2002-08-24,20.2741,24.0711,-0.1352,-0.1312
2002-08-25,20.2688,24.0722,-0.1407,-0.1355
2002-08-26,20.2737,24.0631,-0.1359,-0.1515
2002-08-27,20.2848,24.0783,-0.1264,-0.1473
2002-08-28,20.2905,24.0869,-0.1202,-0.1406
2002-08-29,20.282,24.0343,-0.1292,-0.1941
2002-08-30,20.2711,23.9851,-0.1396,-0.2375
2002-08-31,20.2666,23.9392,-0.1422,-0.2758
2002-09-01,20.259,23.9098,-0.1499,-0.2992
2002-09-02,20.2611,23.9338,-0.1471,-0.2741
2002-09-03,20.2716,23.988,-0.1346,-0.2152
2002-09-04,20.2902,24.0573,-0.1147,-0.1441
2002-09-05,20.299,24.0604,-0.103,-0.1346
2002-09-06,20.3005,24.01,-0.0966,-0.1673
2002-09-07,20.3061,23.9467,-0.0833,-0.2142
2002-09-08,20.3158,23.8808,-0.0678,-0.2622
2002-09-09,20.3284,23.8318,-0.0501,-0.2936
2002-09-10,20.3341,23.7982,-0.0384,-0.3121
2002-09-11,20.334,23.7956,-0.0314,-0.2945
2002-09-12,20.3308,23.7721,-0.0295,-0.3019
2002-09-13,20.3234,23.7818,-0.0316,-0.2808
2002-09-14,20.3061,23.759,-0.0412,-0.2882
2002-09-15,20.2875,23.7491,-0.0533,-0.2843
2002-09-16,20.2701,23.7463,-0.0645,-0.2697
2002-09-17,20.2644,23.7463,-0.0643,-0.2509
2002-09-18,20.2508,23.7157,-0.0735,-0.2589
2002-09-19,20.2443,23.7344,-0.077,-0.2247
2002-09-20,20.2461,23.7708,-0.0754,-0.1749
2002-09-21,20.2451,23.7669,-0.0747,-0.1593
2002-09-22,20.232,23.728,-0.0852,-0.1793
2002-09-23,20.2376,23.6766,-0.0777,-0.2145
2002-09-24,20.2386,23.6345,-0.0738,-0.2359
2002-09-25,20.2247,23.6044,-0.0848,-0.2494
2002-09-26,20.2361,23.5886,-0.0698,-0.2489
2002-09-27,20.2557,23.6291,-0.045,-0.1915
2002-09-28,20.2553,23.6362,-0.038,-0.1655
2002-09-29,20.2464,23.6171,-0.0404,-0.1625
2002-09-30,20.2469,23.5682,-0.0353,-0.1843
2002-10-01,20.2475,23.5477,-0.0309,-0.1743
2002-10-02,20.2394,23.5162,-0.0341,-0.1733
2002-10-03,20.2358,23.4647,-0.032,-0.1925
2002-10-04,20.2355,23.4314,-0.0277,-0.1961
2002-10-05,20.2246,23.4213,-0.0332,-0.1766
2002-10-06,20.2204,23.4124,-0.033,-0.1553
2002-10-07,20.2172,23.4021,-0.0335,-0.1405
2002-10-08,20.2192,23.389,-0.0262,-0.119
2002-10-09,20.2159,23.3628,-0.0251,-0.1081
2002-10-10,20.2036,23.3151,-0.0321,-0.1209
2002-10-11,20.1932,23.2854,-0.0354,-0.1192
2002-10-12,20.1937,23.2548,-0.0291,-0.1194
2002-10-13,20.1887,23.2271,-0.0291,-0.1134
2002-10-14,20.1883,23.2065,-0.025,-0.1015
2002-10-15,20.1883,23.186,-0.0233,-0.0892
2002-10-16,20.1801,23.1431,-0.0309,-0.1034
2002-10-17,20.1664,23.0713,-0.043,-0.1474
2002-10-18,20.1536,23.0491,-0.0526,-0.1439
2002-10-19,20.155,23.0241,-0.0509,-0.1392
2002-10-20,20.1656,22.9705,-0.0378,-0.1598
2002-10-21,20.1577,22.8962,-0.043,-0.1974
2002-10-22,20.15,22.8751,-0.0479,-0.1811
2002-10-23,20.1623,22.8571,-0.034,-0.1619
2002-10-24,20.1766,22.8459,-0.0188,-0.136
2002-10-25,20.1861,22.8098,-0.0079,-0.1342
2002-10-26,20.189,22.7732,-0.0019,-0.1302
2002-10-27,20.1855,22.7288,-0.0016,-0.1346
2002-10-28,20.183,22.6703,0.0005,-0.148
2002-10-29,20.1844,22.6447,0.0068,-0.1282
2002-10-30,20.1786,22.6043,0.006,-0.1242
2002-10-31,20.1762,22.5834,0.0085,-0.1042
2002-11-01,20.1554,22.5439,-0.0052,-0.1017
2002-11-02,20.1272,22.515,-0.0286,-0.0852
2002-11-03,20.1107,22.4783,-0.0408,-0.0744
2002-11-04,20.0984,22.3977,-0.0494,-0.1078
2002-11-05,20.088,22.356,-0.0577,-0.111
2002-11-06,20.0865,22.3327,-0.0593,-0.0978
2002-11-07,20.1068,22.2953,-0.0391,-0.0968
2002-11-08,20.1188,22.2945,-0.0277,-0.0612
2002-11-09,20.1197,22.281,-0.0282,-0.0371
2002-11-10,20.1122,22.2167,-0.0368,-0.0626
2002-11-11,20.1097,22.1601,-0.0386,-0.0754
2002-11-12,20.1102,22.1268,-0.0386,-0.0608
2002-11-13,20.1064,22.0733,-0.0419,-0.0662
2002-11-14,20.1067,22.0234,-0.042,-0.0736
2002-11-15,20.0948,21.9954,-0.0519,-0.0651
2002-11-16,20.0865,21.9685,-0.0604,-0.0622
2002-11-17,20.0975,21.9453,-0.0497,-0.0489
2002-11-18,20.0977,21.917,-0.0483,-0.0337
2002-11-19,20.1015,21.9012,-0.0452,-0.0062
2002-11-20,20.0998,21.8639,-0.0474,0.0001
2002-11-21,20.0974,21.8291,-0.0527,0.0027
2002-11-22,20.0995,21.7894,-0.0531,0.0011
2002-11-23,20.1078,21.7182,-0.0474,-0.0276
2002-11-24,20.1045,21.6524,-0.0524,-0.0554
2002-11-25,20.1022,21.6242,-0.0566,-0.0426
2002-11-26,20.1013,21.6199,-0.0572,0.0012
2002-11-27,20.1096,21.5921,-0.0482,0.0133
2002-11-28,20.1295,21.56,-0.0271,0.0198
2002-11-29,20.1533,21.5033,-0.0007,0.0089
2002-11-30,20.1506,21.4108,-0.0028,-0.0432
2002-12-01,20.131,21.3282,-0.0256,-0.0908
2002-12-02,20.1262,21.2436,-0.0337,-0.1396
2002-12-03,20.1395,21.2079,-0.0232,-0.1381
2002-12-04,20.1567,21.1543,-0.0075,-0.1499
2002-12-05,20.1762,21.0947,0.008,-0.1692
2002-12-06,20.192,21.0633,0.0204,-0.1641
2002-12-07,20.1924,21.021,0.0188,-0.1666
2002-12-08,20.1896,20.9971,0.0159,-0.1521
2002-12-09,20.1907,20.9513,0.0158,-0.1618
2002-12-10,20.1827,20.8902,0.0077,-0.1828
2002-12-11,20.175,20.8336,0.0008,-0.1967
2002-12-12,20.1695,20.7625,-0.0065,-0.2234
2002-12-13,20.1738,20.7444,-0.0068,-0.2045
2002-12-14,20.1959,20.7502,0.0114,-0.1664
2002-12-15,20.2159,20.7346,0.0278,-0.146
2002-12-16,20.2353,20.693,0.0432,-0.1445
2002-12-17,20.2387,20.6529,0.0423,-0.1441
2002-12-18,20.228,20.6396,0.028,-0.1218
2002-12-19,20.2088,20.6104,0.0062,-0.1187
2002-12-20,20.1992,20.5916,-0.0053,-0.1036
2002-12-21,20.1916,20.5752,-0.0152,-0.0891
2002-12-22,20.192,20.5828,-0.0178,-0.0575
2002-12-23,20.2071,20.5785,-0.0097,-0.04
2002-12-24,20.2245,20.5574,-0.0016,-0.0303
2002-12-25,20.2314,20.4978,-0.0035,-0.0571
2002-12-26,20.2363,20.4608,-0.0029,-0.0602
2002-12-27,20.2452,20.4235,0.0026,-0.0621
2002-12-28,20.2433,20.3706,-0.0021,-0.0796
2002-12-29,20.2433,20.3304,-0.0064,-0.0895
2002-12-30,20.2354,20.2876,-0.0167,-0.1004
2002-12-31,20.2377,20.2978,-0.0189,-0.0587
2003-01-01,20.2674,20.3383,0.0181,0.0365
2003-01-02,20.2831,20.3514,0.0307,0.0799
2003-01-03,20.2889,20.3391,0.032,0.0953
2003-01-04,20.2852,20.2912,0.0231,0.0829
2003-01-05,20.2918,20.2429,0.0261,0.0681
2003-01-06,20.2929,20.2024,0.0242,0.0563
2003-01-07,20.2981,20.1774,0.0252,0.0584
2003-01-08,20.3005,20.1383,0.0223,0.0491
2003-01-09,20.3066,20.076,0.024,0.0155
2003-01-10,20.311,20.0374,0.0232,0.0043
2003-01-11,20.3182,20.028,0.024,0.0207
2003-01-12,20.334,20.0339,0.0339,0.0493
2003-01-13,20.3462,20.0289,0.0388,0.0715
2003-01-14,20.3555,20.0006,0.0422,0.0698
2003-01-15,20.363,19.975,0.046,0.0669
2003-01-16,20.3566,19.9423,0.0349,0.0575
2003-01-17,20.352,19.9184,0.0256,0.0573
2003-01-18,20.3599,19.8632,0.0287,0.0212
2003-01-19,20.3559,19.805,0.0191,-0.0174
2003-01-20,20.3556,19.7811,0.0146,-0.0209
2003-01-21,20.353,19.7689,0.0084,-0.0162
2003-01-22,20.3617,19.7623,0.0123,-0.0095
2003-01-23,20.3639,19.7631,0.0095,0.0166
2003-01-24,20.3517,19.7408,-0.0085,0.0179
2003-01-25,20.3514,19.6827,-0.0164,-0.0186
2003-01-26,20.3466,19.6251,-0.0258,-0.0539
2003-01-27,20.3386,19.576,-0.0367,-0.0797
2003-01-28,20.3413,19.5503,-0.0386,-0.0879
2003-01-29,20.3461,19.5088,-0.0407,-0.113
2003-01-30,20.3477,19.4818,-0.0453,-0.127
2003-01-31,20.353,19.5003,-0.0439,-0.0967
2003-02-01,20.3652,19.4863,-0.0345,-0.0951
2003-02-02,20.3703,19.4576,-0.0325,-0.1076
2003-02-03,20.3812,19.4393,-0.028,-0.1113
2003-02-04,20.3895,19.4405,-0.0268,-0.0927
2003-02-05,20.4005,19.4337,-0.0224,-0.0825
2003-02-06,20.409,19.4322,-0.0184,-0.0663
2003-02-07,20.4164,19.4184,-0.0168,-0.0655
2003-02-08,20.4346,19.4017,-0.0048,-0.0712
2003-02-09,20.4549,19.394,0.009,-0.0702
2003-02-10,20.477,19.3971,0.0255,-0.0598
2003-02-11,20.492,19.3966,0.0345,-0.0573
2003-02-12,20.5048,19.4091,0.0418,-0.0323
2003-02-13,20.5189,19.4065,0.0536,-0.0154
2003-02-14,20.5203,19.3752,0.0513,-0.0282
2003-02-15,20.5248,19.3532,0.0501,-0.0315
2003-02-16,20.5394,19.332,0.0608,-0.0418
2003-02-17,20.5418,19.303,0.06,-0.0663
2003-02-18,20.544,19.2871,0.0588,-0.0753
2003-02-19,20.5424,19.2776,0.0538,-0.0815
2003-02-20,20.5363,19.2573,0.0436,-0.0945
2003-02-21,20.5342,19.2649,0.0376,-0.078
2003-02-22,20.528,19.2745,0.0269,-0.0597
2003-02-23,20.5255,19.2848,0.0193,-0.0428
2003-02-24,20.5302,19.2786,0.0203,-0.0442
2003-02-25,20.5279,19.2754,0.0145,-0.0495
2003-02-26,20.5301,19.2612,0.0156,-0.0599
2003-02-27,20.5343,19.289,0.0182,-0.031
2003-02-28,20.5314,19.3094,0.0172,-0.02
2003-03-01,20.5244,19.3021,0.0071,-0.0167
2003-03-02,20.5176,19.3001,0.0006,-0.0205
2003-03-03,20.5135,19.2726,-0.0054,-0.0459
2003-03-04,20.5101,19.2828,-0.0098,-0.0309
2003-03-05,20.508,19.2678,-0.0109,-0.04
2003-03-06,20.5037,19.2382,-0.015,-0.0617
2003-03-07,20.5069,19.2805,-0.0115,-0.0094
2003-03-08,20.5057,19.2882,-0.0129,-0.0006
2003-03-09,20.513,19.3103,-0.0078,0.0158
2003-03-10,20.5281,19.3001,0.005,0.0009
2003-03-11,20.5342,19.2844,0.0094,-0.0158
2003-03-12,20.5411,19.2909,0.0126,-0.0128
2003-03-13,20.5367,19.3021,0.0061,-0.0049
2003-03-14,20.5278,19.2964,-0.0055,-0.0187
2003-03-15,20.5305,19.3098,-0.0058,-0.0178
2003-03-16,20.5529,19.3372,0.0126,-0.0079
2003-03-17,20.5676,19.3361,0.0243,-0.0217
2003-03-18,20.5738,19.3201,0.0244,-0.0447
2003-03-19,20.5685,19.3361,0.0135,-0.0356
2003-03-20,20.5644,19.3385,0.0059,-0.0402
2003-03-21,20.5813,19.3834,0.0224,-0.0034
2003-03-22,20.5937,19.4253,0.0348,0.0332
2003-03-23,20.6119,19.454,0.0537,0.0575
2003-03-24,20.6289,19.4877,0.0742,0.0886
2003-03-25,20.6416,19.5174,0.0883,0.1111
2003-03-26,20.6515,19.5668,0.0982,0.1524
2003-03-27,20.6507,19.5893,0.0973,0.1666
2003-03-28,20.645,19.6112,0.0908,0.1827
2003-03-29,20.633,19.6132,0.0798,0.1727
2003-03-30,20.6139,19.5806,0.0617,0.1273
2003-03-31,20.5912,19.5467,0.0411,0.0849
2003-04-01,20.5721,19.5479,0.0234,0.0756
2003-04-02,20.5495,19.5756,0.0043,0.0853
2003-04-03,20.5506,19.591,0.008,0.0843
2003-04-04,20.5523,19.6235,0.0123,0.1023
2003-04-05,20.5483,19.6461,0.0108,0.1054
2003-04-06,20.5382,19.6263,0.0035,0.0727
2003-04-07,20.5178,19.586,-0.014,0.0192
2003-04-08,20.4946,19.5392,-0.0341,-0.0441
2003-04-09,20.4795,19.5024,-0.0479,-0.1008
2003-04-10,20.473,19.4847,-0.0524,-0.1382
2003-04-11,20.4706,19.4886,-0.049,-0.1482
2003-04-12,20.4698,19.5063,-0.0444,-0.1419
2003-04-13,20.4581,19.5034,-0.0523,-0.1593
2003-04-14,20.4461,19.5007,-0.0617,-0.1835
2003-04-15,20.4351,19.5172,-0.069,-0.1929
2003-04-16,20.4391,19.5557,-0.0635,-0.1794
2003-04-17,20.442,19.602,-0.0587,-0.1537
2003-04-18,20.4396,19.6483,-0.0584,-0.1298
2003-04-19,20.4488,19.7085,-0.0456,-0.0916
2003-04-20,20.4606,19.7388,-0.0332,-0.0928
2003-04-21,20.4602,19.7251,-0.0315,-0.1362
2003-04-22,20.464,19.7569,-0.0279,-0.1353
2003-04-23,20.4583,19.8088,-0.0318,-0.1157
2003-04-24,20.462,19.8505,-0.027,-0.1031
2003-04-25,20.4689,19.8701,-0.0189,-0.1105
2003-04-26,20.4727,19.8769,-0.0114,-0.1274
2003-04-27,20.4811,19.9081,0.0005,-0.12
2003-04-28,20.481,19.9514,0.0041,-0.103
2003-04-29,20.4847,20.0041,0.0122,-0.0713
2003-04-30,20.4875,20.0809,0.0193,-0.0153
2003-05-01,20.4673,20.0867,0.0043,-0.0407
2003-05-02,20.4547,20.0854,-0.0044,-0.077
2003-05-03,20.4429,20.1084,-0.0153,-0.0937
2003-05-04,20.4265,20.1105,-0.0286,-0.1257
2003-05-05,20.4155,20.133,-0.0346,-0.1331
2003-05-06,20.4169,20.1524,-0.0278,-0.1415
2003-05-07,20.4212,20.1863,-0.0177,-0.1344
2003-05-08,20.4245,20.251,-0.0102,-0.1015
2003-05-09,20.4199,20.3156,-0.0115,-0.0685
2003-05-10,20.4148,20.3753,-0.0142,-0.0364
2003-05-11,20.4164,20.4398,-0.0097,-0.0045
2003-05-12,20.4086,20.4781,-0.0139,0.0048
2003-05-13,20.3931,20.5209,-0.0277,0.0093
2003-05-14,20.3798,20.5491,-0.0385,0.0092
2003-05-15,20.3741,20.563,-0.0425,-0.0034
2003-05-16,20.3647,20.5834,-0.0481,-0.0149
2003-05-17,20.3591,20.6282,-0.0512,-0.0045
2003-05-18,20.3548,20.6721,-0.0529,0.0029
2003-05-19,20.3461,20.7131,-0.0585,0.0029
2003-05-20,20.34,20.779,-0.0625,0.0276
2003-05-21,20.3433,20.7977,-0.0566,0.0051
2003-05-22,20.348,20.7665,-0.0502,-0.0631
2003-05-23,20.3573,20.7495,-0.0388,-0.1208
2003-05-24,20.3586,20.7321,-0.0335,-0.1745
2003-05-25,20.3574,20.7351,-0.03,-0.2138
2003-05-26,20.3505,20.7625,-0.0325,-0.2281
2003-05-27,20.3292,20.8161,-0.0496,-0.2161
2003-05-28,20.319,20.9002,-0.0571,-0.1792
2003-05-29,20.3091,20.9893,-0.0631,-0.1405
2003-05-30,20.2981,21.0773,-0.0691,-0.0952
2003-05-31,20.296,21.1793,-0.0663,-0.0344
2003-06-01,20.2937,21.2512,-0.0654,-0.0084
2003-06-02,20.2952,21.2811,-0.0611,-0.0171
2003-06-03,20.2978,21.3154,-0.0559,-0.0218
2003-06-04,20.3067,21.3336,-0.0432,-0.0443
2003-06-05,20.3035,21.3525,-0.0401,-0.066
2003-06-06,20.2947,21.3677,-0.0414,-0.0926
2003-06-07,20.2908,21.3775,-0.0404,-0.1275
2003-06-08,20.29,21.398,-0.0385,-0.151
2003-06-09,20.291,21.4723,-0.0358,-0.1258
2003-06-10,20.2842,21.5145,-0.0388,-0.1291
2003-06-11,20.2762,21.5528,-0.0441,-0.1383
2003-06-12,20.2855,21.6453,-0.0326,-0.0895
2003-06-13,20.2953,21.7167,-0.0218,-0.0636
2003-06-14,20.3009,21.806,-0.0155,-0.0238
2003-06-15,20.2969,21.8588,-0.0205,-0.0222
2003-06-16,20.2921,21.902,-0.0304,-0.0351
2003-06-17,20.2912,21.908,-0.0327,-0.0793
2003-06-18,20.2895,21.9241,-0.0332,-0.1148
2003-06-19,20.2946,21.9721,-0.0265,-0.1187
2003-06-20,20.2961,21.9828,-0.024,-0.1501
2003-06-21,20.3004,22.0361,-0.0205,-0.1403
2003-06-22,20.3091,22.1232,-0.0139,-0.1022
2003-06-23,20.3139,22.1838,-0.0112,-0.09
2003-06-24,20.3038,22.2216,-0.0225,-0.1066
2003-06-25,20.2982,22.2595,-0.0281,-0.1213
2003-06-26,20.2988,22.3151,-0.0275,-0.1155
2003-06-27,20.2998,22.3619,-0.0268,-0.1144
2003-06-28,20.308,22.4326,-0.0197,-0.084
2003-06-29,20.3138,22.5053,-0.0141,-0.0514
2003-06-30,20.3302,22.5898,0.0015,-0.0093
2003-07-01,20.3415,22.7187,0.0109,0.0811
2003-07-02,20.3462,22.7856,0.0168,0.1096
2003-07-03,20.3574,22.8223,0.0284,0.1081
2003-07-04,20.3656,22.8537,0.0346,0.0966
2003-07-05,20.3808,22.9145,0.048,0.1093
2003-07-06,20.3805,22.9562,0.0471,0.1052
2003-07-07,20.3798,22.996,0.0474,0.1028
2003-07-08,20.3757,23.0271,0.0454,0.0899
2003-07-09,20.3701,23.0528,0.0408,0.0697
2003-07-10,20.3717,23.0993,0.0409,0.0733
2003-07-11,20.3704,23.1044,0.0366,0.0433
2003-07-12,20.3791,23.143,0.043,0.0478
2003-07-13,20.3909,23.2235,0.0519,0.1017
2003-07-14,20.3959,23.2747,0.0549,0.1212
2003-07-15,20.3858,23.2757,0.0427,0.0877
2003-07-16,20.3873,23.3228,0.0411,0.0956
2003-07-17,20.384,23.3632,0.0361,0.0998
2003-07-18,20.3829,23.4163,0.0351,0.1166
2003-07-19,20.389,23.4587,0.0412,0.1228
2003-07-20,20.3908,23.5101,0.0435,0.1449
2003-07-21,20.3808,23.5692,0.032,0.171
2003-07-22,20.3732,23.5906,0.0212,0.1538
2003-07-23,20.3583,23.5677,0.0044,0.0939
2003-07-24,20.3466,23.5771,-0.0094,0.0676
2003-07-25,20.3444,23.6154,-0.0145,0.0733
2003-07-26,20.355,23.6468,-0.0084,0.0766
2003-07-27,20.3633,23.708,-0.0068,0.0993
2003-07-28,20.3665,23.7438,-0.0113,0.0909
2003-07-29,20.38,23.7801,-0.003,0.0914
2003-07-30,20.3849,23.8092,-0.0025,0.0766
2003-07-31,20.3759,23.8047,-0.0145,0.035
2003-08-01,20.3684,23.8557,-0.0212,0.0605
2003-08-02,20.3722,23.8972,-0.0175,0.0786
2003-08-03,20.3722,23.9384,-0.0168,0.0921
2003-08-04,20.3713,23.9512,-0.0189,0.0787
2003-08-05,20.3798,23.9693,-0.0125,0.069
2003-08-06,20.401,24.0081,0.0081,0.0759
2003-08-07,20.4162,24.0318,0.0205,0.0754
2003-08-08,20.4186,24.0387,0.0212,0.062
2003-08-09,20.4191,24.0672,0.0223,0.0775
2003-08-10,20.4274,24.1132,0.0287,0.1001
2003-08-11,20.4354,24.1934,0.0338,0.1485
2003-08-12,20.4432,24.2583,0.039,0.1827
2003-08-13,20.4506,24.3061,0.0447,0.2077
2003-08-14,20.4626,24.3557,0.0546,0.2354
2003-08-15,20.4693,24.4189,0.0603,0.2831
2003-08-16,20.4826,24.4494,0.0727,0.3033
2003-08-17,20.4937,24.478,0.0848,0.3285
2003-08-18,20.501,24.4864,0.0945,0.3431
2003-08-19,20.5057,24.5257,0.099,0.3776
2003-08-20,20.501,24.5345,0.0931,0.3726
2003-08-21,20.4791,24.5192,0.0693,0.3392
2003-08-22,20.4602,24.5085,0.0506,0.3211
2003-08-23,20.4481,24.482,0.0387,0.2862
2003-08-24,20.4341,24.4679,0.0248,0.2656
2003-08-25,20.4256,24.4274,0.0161,0.2197
2003-08-26,20.4218,24.3985,0.0122,0.1839
2003-08-27,20.4259,24.398,0.0147,0.1724
2003-08-28,20.4247,24.3853,0.014,0.1578
2003-08-29,20.4247,24.3859,0.0135,0.1575
2003-08-30,20.4403,24.4316,0.0296,0.209
2003-08-31,20.4536,24.4741,0.0448,0.2591
2003-09-01,20.4524,24.4392,0.0435,0.2302
2003-09-02,20.4503,24.3858,0.0421,0.1779
2003-09-03,20.4447,24.3536,0.0385,0.1504
2003-09-04,20.4376,24.3209,0.0327,0.1195
2003-09-05,20.4294,24.3062,0.0274,0.1112
2003-09-06,20.4136,24.2083,0.0165,0.031
2003-09-07,20.4045,24.1527,0.0151,-0.0082
2003-09-08,20.4002,24.1227,0.0166,-0.0203
2003-09-09,20.4099,24.119,0.0314,-0.0064
2003-09-10,20.4242,24.1404,0.0517,0.0301
2003-09-11,20.4304,24.1526,0.065,0.0625
2003-09-12,20.4343,24.1678,0.074,0.0938
2003-09-13,20.4262,24.1924,0.0712,0.1298
2003-09-14,20.4223,24.2362,0.075,0.189
2003-09-15,20.4096,24.247,0.0688,0.2136
2003-09-16,20.3961,24.2397,0.0615,0.2237
2003-09-17,20.3878,24.2248,0.0591,0.2276
2003-09-18,20.3836,24.1874,0.0593,0.2128
2003-09-19,20.3865,24.1905,0.0652,0.2314
2003-09-20,20.3979,24.2237,0.0764,0.278
2003-09-21,20.3912,24.236,0.0714,0.3098
2003-09-22,20.3666,24.1578,0.0494,0.2505
2003-09-23,20.3591,24.1241,0.0438,0.233
2003-09-24,20.3608,24.1201,0.0484,0.2497
2003-09-25,20.3703,24.1159,0.0608,0.2621
2003-09-26,20.3758,24.1098,0.0699,0.2723
2003-09-27,20.3822,24.1092,0.0815,0.2886
2003-09-28,20.3905,24.1291,0.0972,0.3274
2003-09-29,20.3923,24.151,0.1055,0.3714
2003-09-30,20.3889,24.1627,0.1067,0.4102
2003-10-01,20.3971,24.1639,0.1187,0.4419
2003-10-02,20.4092,24.1616,0.1357,0.4721
2003-10-03,20.419,24.1141,0.1512,0.4569
2003-10-04,20.4258,24.0542,0.1626,0.4267
2003-10-05,20.4234,23.9644,0.1656,0.3665
2003-10-06,20.4106,23.9254,0.1572,0.3577
2003-10-07,20.3818,23.8749,0.1311,0.3323
2003-10-08,20.3579,23.8557,0.1125,0.3477
2003-10-09,20.3451,23.8138,0.1041,0.3429
2003-10-10,20.3339,23.7792,0.0982,0.3432
2003-10-11,20.3176,23.7222,0.089,0.3176
2003-10-12,20.299,23.666,0.0762,0.2918
2003-10-13,20.283,23.6367,0.0652,0.2962
2003-10-14,20.275,23.6557,0.0617,0.3477
2003-10-15,20.2659,23.647,0.0543,0.3718
2003-10-16,20.2577,23.623,0.0467,0.3765
2003-10-17,20.2512,23.6035,0.0418,0.3848
2003-10-18,20.2395,23.5719,0.0333,0.3789
2003-10-19,20.2438,23.5448,0.0379,0.3815
2003-10-20,20.248,23.5005,0.0446,0.3702
2003-10-21,20.2673,23.4829,0.0666,0.3893
2003-10-22,20.2827,23.4611,0.0848,0.4049
2003-10-23,20.294,23.4023,0.0977,0.3833
2003-10-24,20.299,23.3175,0.1036,0.3356
2003-10-25,20.3004,23.2305,0.1064,0.2865
2003-10-26,20.285,23.1295,0.0941,0.2261
2003-10-27,20.2742,23.0609,0.0871,0.1975
2003-10-28,20.2607,23.0115,0.0782,0.1932
2003-10-29,20.2552,22.9406,0.0776,0.1677
2003-10-30,20.2497,22.8736,0.0771,0.1451
2003-10-31,20.2347,22.8501,0.067,0.1625
2003-11-01,20.2148,22.8184,0.0542,0.1728
2003-11-02,20.2093,22.7568,0.0535,0.1566
2003-11-03,20.202,22.6911,0.0505,0.1384
2003-11-04,20.1866,22.6548,0.0388,0.1493
2003-11-05,20.174,22.628,0.0283,0.161
2003-11-06,20.1709,22.584,0.0251,0.1535
2003-11-07,20.1785,22.5283,0.0326,0.1362
2003-11-08,20.1862,22.4702,0.0397,0.1145
2003-11-09,20.1923,22.3965,0.0444,0.0784
2003-11-10,20.1975,22.3134,0.0485,0.0342
2003-11-11,20.1871,22.2164,0.0388,-0.0191
2003-11-12,20.1807,22.1619,0.0319,-0.0257
2003-11-13,20.1698,22.1515,0.0215,0.012
2003-11-14,20.1728,22.1156,0.0241,0.0186
2003-11-15,20.16,22.0639,0.0133,0.0034
2003-11-16,20.148,22.0419,0.0011,0.0112
2003-11-17,20.1512,22.0287,0.004,0.0345
2003-11-18,20.1569,22.0074,0.0109,0.0567
2003-11-19,20.1591,21.9673,0.0124,0.0599
2003-11-20,20.158,21.9211,0.0108,0.0573
2003-11-21,20.1691,21.8931,0.019,0.0667
2003-11-22,20.1846,21.8999,0.032,0.1116
2003-11-23,20.1963,21.8867,0.0411,0.1409
2003-11-24,20.204,21.8858,0.0471,0.178
2003-11-25,20.2074,21.848,0.0486,0.1812
2003-11-26,20.2167,21.8201,0.0582,0.2014
2003-11-27,20.2249,21.7763,0.0671,0.1975
2003-11-28,20.2348,21.717,0.0782,0.1768
2003-11-29,20.2215,21.6618,0.0675,0.1674
2003-11-30,20.1971,21.5851,0.0437,0.1311
2003-12-01,20.1854,21.5441,0.0288,0.1251
2003-12-02,20.1796,21.5319,0.0197,0.1487
2003-12-03,20.1731,21.495,0.0104,0.149
2003-12-04,20.1735,21.4294,0.0093,0.1252
2003-12-05,20.1787,21.3838,0.0105,0.1199
2003-12-06,20.18,21.3245,0.0084,0.0971
2003-12-07,20.1871,21.2457,0.0135,0.0581
2003-12-08,20.1944,21.1986,0.0207,0.0494
2003-12-09,20.196,21.1803,0.0211,0.0672
2003-12-10,20.2043,21.1718,0.0293,0.0988
2003-12-11,20.2078,21.1746,0.0336,0.1443
2003-12-12,20.2069,21.1691,0.0309,0.1832
2003-12-13,20.2159,21.1395,0.0353,0.1907
2003-12-14,20.2116,21.1022,0.0271,0.1856
2003-12-15,20.2127,21.0495,0.0246,0.1689
2003-12-16,20.197,21.0129,0.0049,0.1753
2003-12-17,20.1878,20.9801,-0.0086,0.1831
2003-12-18,20.1957,20.9372,-0.0043,0.1758
2003-12-19,20.1996,20.9146,-0.003,0.1855
2003-12-20,20.1986,20.8841,-0.0059,0.1889
2003-12-21,20.1941,20.8443,-0.0127,0.18
2003-12-22,20.1941,20.8121,-0.0157,0.1718
2003-12-23,20.2047,20.7777,-0.0121,0.1592
2003-12-24,20.2194,20.7467,-0.0067,0.159
2003-12-25,20.2353,20.7276,0.0004,0.1727
2003-12-26,20.2543,20.699,0.0151,0.178
2003-12-27,20.2639,20.6794,0.0213,0.1938
2003-12-28,20.2659,20.6706,0.0205,0.2204
2003-12-29,20.2642,20.6546,0.0145,0.2347
2003-12-30,20.2638,20.6209,0.0117,0.2329
2003-12-31,20.2545,20.5613,-0.0021,0.2048
2004-01-01,20.2463,20.5258,-0.003,0.224
2004-01-02,20.2453,20.5095,-0.0071,0.238
2004-01-03,20.2564,20.4713,-0.0005,0.2275
2004-01-04,20.2826,20.4356,0.0205,0.2273
2004-01-05,20.2944,20.4186,0.0287,0.2438
2004-01-06,20.2786,20.3804,0.0099,0.2343
2004-01-07,20.2735,20.3482,0.0006,0.2292
2004-01-08,20.2739,20.3134,-0.0043,0.2242
2004-01-09,20.2704,20.2791,-0.0122,0.2186
2004-01-10,20.2722,20.2505,-0.0156,0.2174
2004-01-11,20.2917,20.2245,-0.0025,0.2172
2004-01-12,20.3078,20.2197,0.0077,0.2351
2004-01-13,20.3159,20.1837,0.0085,0.2263
2004-01-14,20.3181,20.1494,0.0048,0.2186
2004-01-15,20.3253,20.1096,0.0083,0.2015
2004-01-16,20.3266,20.0892,0.0049,0.2044
2004-01-17,20.3362,20.0642,0.0098,0.2031
2004-01-18,20.353,20.0111,0.0218,0.1691
2004-01-19,20.362,19.9872,0.0252,0.1648
2004-01-20,20.3823,20.0005,0.0413,0.1985
2004-01-21,20.3818,19.9865,0.0372,0.2014
2004-01-22,20.383,19.9788,0.0336,0.207
2004-01-23,20.3822,19.9374,0.0278,0.1909
2004-01-24,20.3857,19.889,0.0255,0.1661
2004-01-25,20.4065,19.866,0.0387,0.1647
2004-01-26,20.427,19.8682,0.0546,0.1892
2004-01-27,20.4461,19.8585,0.0708,0.2028
2004-01-28,20.4538,19.8605,0.0739,0.2223
2004-01-29,20.4589,19.8472,0.0721,0.2254
2004-01-30,20.4643,19.8421,0.0713,0.2333
2004-01-31,20.457,19.8168,0.0601,0.2198
2004-02-01,20.4578,19.798,0.0581,0.2166
2004-02-02,20.4538,19.8019,0.051,0.2367
2004-02-03,20.4684,19.8117,0.0592,0.2611
2004-02-04,20.479,19.8044,0.0627,0.2712
2004-02-05,20.4857,19.7362,0.0628,0.22
2004-02-06,20.4956,19.6735,0.0682,0.175
2004-02-07,20.5052,19.6363,0.072,0.1524
2004-02-08,20.5103,19.6091,0.0709,0.1362
2004-02-09,20.5065,19.5991,0.0606,0.1349
2004-02-10,20.5041,19.5973,0.0526,0.1404
2004-02-11,20.5009,19.5935,0.0434,0.1396
2004-02-12,20.502,19.5666,0.039,0.1252
2004-02-13,20.4992,19.5663,0.0339,0.1443
2004-02-14,20.4988,19.5708,0.0298,0.1674
2004-02-15,20.5024,19.5467,0.0277,0.162
2004-02-16,20.5061,19.5128,0.0275,0.139
2004-02-17,20.4921,19.4909,0.0103,0.1216
2004-02-18,20.4906,19.4741,0.0054,0.1117
2004-02-19,20.4884,19.4767,-0.0002,0.1176
2004-02-20,20.4835,19.4908,-0.0092,0.139
2004-02-21,20.4846,19.509,-0.012,0.1661
2004-02-22,20.5024,19.5164,0.0013,0.1822
2004-02-23,20.5117,19.5204,0.0055,0.1928
2004-02-24,20.5227,19.511,0.0128,0.1882
2004-02-25,20.5344,19.5158,0.021,0.1909
2004-02-26,20.5268,19.5162,0.0123,0.1951
2004-02-27,20.5313,19.5064,0.0152,0.1864
2004-02-28,20.5256,19.5039,0.0114,0.1745
2004-02-29,20.5155,19.5391,0.0013,0.2097
2004-03-01,20.5133,19.5405,-0.004,0.2217
2004-03-02,20.5116,19.5392,-0.0054,0.2186
2004-03-03,20.5266,19.5462,0.0077,0.2277
2004-03-04,20.5245,19.5268,0.0046,0.2131
2004-03-05,20.5054,19.4479,-0.0135,0.1401
2004-03-06,20.5003,19.3779,-0.0184,0.078
2004-03-07,20.4868,19.356,-0.0316,0.0661
2004-03-08,20.4735,19.395,-0.0451,0.1062
2004-03-09,20.4734,19.4644,-0.0474,0.1699
2004-03-10,20.476,19.5051,-0.0471,0.2059
2004-03-11,20.4906,19.5083,-0.0342,0.2081
2004-03-12,20.5109,19.5263,-0.0176,0.2226
2004-03-13,20.5334,19.5114,0.0028,0.2044
2004-03-14,20.5489,19.4871,0.0156,0.172
2004-03-15,20.5527,19.46,0.0164,0.1324
2004-03-16,20.559,19.4594,0.0187,0.1143
2004-03-17,20.5575,19.456,0.0142,0.0982
2004-03-18,20.5478,19.4295,-0.0016,0.0647
2004-03-19,20.5541,19.4339,-0.0009,0.0623
2004-03-20,20.5506,19.4349,-0.0079,0.0562
2004-03-21,20.5615,19.4575,0.0026,0.0707
2004-03-22,20.5584,19.4584,-0.0005,0.0663
2004-03-23,20.5368,19.4383,-0.0214,0.0418
2004-03-24,20.5172,19.4514,-0.0375,0.0523
2004-03-25,20.5096,19.4525,-0.0437,0.0462
2004-03-26,20.5116,19.443,-0.0417,0.0286
2004-03-27,20.5227,19.4569,-0.0307,0.0342
2004-03-28,20.546,19.4815,-0.0082,0.053
2004-03-29,20.5468,19.4735,-0.0064,0.033
2004-03-30,20.543,19.5033,-0.0092,0.05
2004-03-31,20.5436,19.5532,-0.0065,0.0914
2004-04-01,20.5462,19.5941,-0.0025,0.1218
2004-04-02,20.5475,19.6455,0.0023,0.1552
2004-04-03,20.5453,19.6597,0.0027,0.153
2004-04-04,20.5529,19.6619,0.0129,0.1407
2004-04-05,20.5574,19.6761,0.0199,0.1354
2004-04-06,20.5589,19.6952,0.0242,0.1416
2004-04-07,20.5491,19.6865,0.0173,0.1197
2004-04-08,20.5479,19.7068,0.0192,0.1235
2004-04-09,20.5583,19.7886,0.0309,0.1854
2004-04-10,20.5561,19.8412,0.0307,0.2183
2004-04-11,20.5516,19.8743,0.032,0.2375
2004-04-12,20.5443,19.87,0.0301,0.2218
2004-04-13,20.5318,19.8506,0.0214,0.1879
2004-04-14,20.5365,19.8414,0.0287,0.1572
2004-04-15,20.5407,19.8824,0.0366,0.1723
2004-04-16,20.5409,19.8949,0.0383,0.1598
2004-04-17,20.531,19.892,0.0303,0.1363
2004-04-18,20.5162,19.898,0.0182,0.1199
2004-04-19,20.4991,19.8918,0.0047,0.0917
2004-04-20,20.4921,19.8832,-0.0017,0.0516
2004-04-21,20.496,19.9065,0.0043,0.0452
2004-04-22,20.4923,19.9111,0.0004,0.0189
2004-04-23,20.4862,19.9199,-0.0039,-0.0046
2004-04-24,20.4777,19.9274,-0.0113,-0.0262
2004-04-25,20.4632,19.9656,-0.0246,-0.015
2004-04-26,20.4383,19.9906,-0.0458,-0.0137
2004-04-27,20.4128,20.0025,-0.0678,-0.0256
2004-04-28,20.4078,20.0515,-0.0691,-0.0029
2004-04-29,20.3996,20.0806,-0.0729,0.0052
2004-04-30,20.3886,20.1089,-0.0796,0.0127
2004-05-01,20.393,20.1424,-0.07,0.015
2004-05-02,20.3993,20.1678,-0.0598,0.0054
2004-05-03,20.3884,20.1459,-0.0698,-0.0562
2004-05-04,20.3766,20.1228,-0.0785,-0.1134
2004-05-05,20.3539,20.1213,-0.0962,-0.1448
2004-05-06,20.3348,20.1157,-0.1099,-0.1782
2004-05-07,20.3325,20.1238,-0.1064,-0.1969
2004-05-08,20.3352,20.1469,-0.0995,-0.2056
2004-05-09,20.3356,20.1617,-0.0958,-0.2224
2004-05-10,20.3377,20.1822,-0.0913,-0.2295
2004-05-11,20.3391,20.2161,-0.087,-0.2282
2004-05-12,20.3252,20.2639,-0.0973,-0.2094
2004-05-13,20.3084,20.3102,-0.1124,-0.2014
2004-05-14,20.2915,20.3323,-0.1268,-0.2076
2004-05-15,20.3019,20.4006,-0.1147,-0.1658
2004-05-16,20.3248,20.4615,-0.088,-0.1368
2004-05-17,20.3358,20.4534,-0.0745,-0.1793
2004-05-18,20.34,20.485,-0.0677,-0.1842
2004-05-19,20.3488,20.5542,-0.0558,-0.156
2004-05-20,20.3433,20.6087,-0.0592,-0.1427
2004-05-21,20.3183,20.606,-0.0816,-0.1866
2004-05-22,20.3115,20.6223,-0.0867,-0.2073
2004-05-23,20.3249,20.7221,-0.0712,-0.1482
2004-05-24,20.3431,20.8014,-0.049,-0.1052
2004-05-25,20.3571,20.8502,-0.0303,-0.0987
2004-05-26,20.3552,20.8619,-0.0278,-0.1287
2004-05-27,20.3541,20.8732,-0.0247,-0.159
2004-05-28,20.3739,20.9474,-0.0022,-0.132
2004-05-29,20.3721,21.0367,-0.0001,-0.0931
2004-05-30,20.3583,21.0955,-0.0089,-0.077
2004-05-31,20.3463,21.1452,-0.016,-0.0685
2004-06-01,20.3299,21.1722,-0.0292,-0.0874
2004-06-02,20.3133,21.2292,-0.043,-0.069
2004-06-03,20.2983,21.2329,-0.0554,-0.1043
2004-06-04,20.2922,21.2843,-0.0577,-0.0936
2004-06-05,20.279,21.3288,-0.0646,-0.0897
2004-06-06,20.2606,21.3651,-0.0755,-0.0952
2004-06-07,20.2577,21.4074,-0.0735,-0.0976
2004-06-08,20.2427,21.4345,-0.0858,-0.1145
2004-06-09,20.2251,21.4382,-0.1017,-0.1599
2004-06-10,20.218,21.4996,-0.105,-0.144
2004-06-11,20.2176,21.5906,-0.1027,-0.1005
2004-06-12,20.2118,21.6517,-0.1063,-0.0831
2004-06-13,20.219,21.739,-0.0981,-0.0413
2004-06-14,20.2276,21.843,-0.0888,0.0132
2004-06-15,20.2275,21.9257,-0.0899,0.0447
2004-06-16,20.2213,22.0181,-0.1012,0.081
2004-06-17,20.2002,22.022,-0.1237,0.0347
2004-06-18,20.1893,22.0362,-0.1334,-0.0027
2004-06-19,20.1842,22.0541,-0.1369,-0.0368
2004-06-20,20.1848,22.103,-0.1353,-0.0299
2004-06-21,20.1943,22.1847,-0.1266,0.0083
2004-06-22,20.1963,22.2715,-0.1267,0.0461
2004-06-23,20.1901,22.336,-0.135,0.0622
2004-06-24,20.1854,22.4261,-0.1409,0.0979
2004-06-25,20.1914,22.4582,-0.1349,0.0774
2004-06-26,20.2006,22.4607,-0.1257,0.0301
2004-06-27,20.2156,22.5687,-0.111,0.0924
2004-06-28,20.214,22.6,-0.1137,0.0834
2004-06-29,20.2014,22.6031,-0.1265,0.0464
2004-06-30,20.1955,22.6095,-0.1332,0.0104
2004-07-01,20.1753,22.5812,-0.1553,-0.0564
2004-07-02,20.1598,22.5688,-0.1696,-0.1072
2004-07-03,20.1575,22.6045,-0.1715,-0.1097
2004-07-04,20.1801,22.6661,-0.1509,-0.091
2004-07-05,20.182,22.6959,-0.1508,-0.1093
2004-07-06,20.1794,22.7553,-0.154,-0.0957
2004-07-07,20.1861,22.8085,-0.1463,-0.0847
2004-07-08,20.1889,22.8453,-0.1414,-0.0919
2004-07-09,20.1938,22.8956,-0.1355,-0.0875
2004-07-10,20.2094,22.9212,-0.1214,-0.1048
2004-07-11,20.2294,22.9583,-0.1044,-0.1028
2004-07-12,20.2328,22.9731,-0.1033,-0.1221
2004-07-13,20.2344,22.9734,-0.1046,-0.1484
2004-07-14,20.2373,23.025,-0.1037,-0.1285
2004-07-15,20.247,23.1101,-0.0961,-0.0779
2004-07-16,20.2559,23.1657,-0.0903,-0.0615
2004-07-17,20.2707,23.2376,-0.0771,-0.0258
2004-07-18,20.27,23.2709,-0.0778,-0.0288
2004-07-19,20.2717,23.2615,-0.0761,-0.0744
2004-07-20,20.276,23.2684,-0.0713,-0.0968
2004-07-21,20.2885,23.3277,-0.0603,-0.0705
2004-07-22,20.2981,23.3951,-0.0539,-0.0417
2004-07-23,20.3134,23.4868,-0.0405,0.013
2004-07-24,20.3261,23.5984,-0.0299,0.0889
2004-07-25,20.3458,23.6784,-0.0131,0.1363
2004-07-26,20.3559,23.718,-0.0075,0.1478
2004-07-27,20.3614,23.75,-0.0086,0.1413
2004-07-28,20.3796,23.8321,0.0018,0.1792
2004-07-29,20.3876,23.8556,0.0046,0.1669
2004-07-30,20.3992,23.8762,0.0118,0.1436
2004-07-31,20.398,23.8635,0.0076,0.0938
2004-08-01,20.3928,23.8886,0.0032,0.0934
2004-08-02,20.3949,23.9258,0.0052,0.1072
2004-08-03,20.3899,23.9553,0.0009,0.109
2004-08-04,20.3881,23.9383,-0.0021,0.0658
2004-08-05,20.3853,23.9227,-0.007,0.0224
2004-08-06,20.3824,23.9144,-0.0105,-0.0178
2004-08-07,20.3902,23.9723,-0.0055,0.0159
2004-08-08,20.4087,24.06,0.0113,0.0833
2004-08-09,20.4268,24.13,0.03,0.1403
2004-08-10,20.4389,24.1712,0.0402,0.1581
2004-08-11,20.4384,24.1904,0.0368,0.1455
2004-08-12,20.4183,24.1998,0.0141,0.1242
2004-08-13,20.3889,24.168,-0.017,0.0696
2004-08-14,20.3752,24.1895,-0.0328,0.0692
2004-08-15,20.3639,24.1948,-0.0451,0.059
2004-08-16,20.3598,24.1841,-0.0501,0.038
2004-08-17,20.354,24.1789,-0.0549,0.0294
2004-08-18,20.3408,24.1681,-0.0657,0.0248
2004-08-19,20.3365,24.1895,-0.0702,0.0414
2004-08-20,20.3334,24.1851,-0.0745,0.0232
2004-08-21,20.3363,24.2153,-0.0735,0.0353
2004-08-22,20.3507,24.2749,-0.0589,0.0875
2004-08-23,20.3643,24.3049,-0.0451,0.1091
2004-08-24,20.3721,24.2967,-0.0372,0.0944
2004-08-25,20.3766,24.2538,-0.0329,0.0461
2004-08-26,20.3737,24.2215,-0.0359,0.0069
2004-08-27,20.3633,24.2028,-0.0479,-0.0228
2004-08-28,20.3734,24.2377,-0.0373,0.0102
2004-08-29,20.3942,24.2804,-0.017,0.052
2004-08-30,20.4102,24.32,-0.0005,0.0974
2004-08-31,20.4183,24.3668,0.0095,0.1518
2004-09-01,20.4268,24.3219,0.0179,0.1129
2004-09-02,20.4312,24.2911,0.023,0.0832
2004-09-03,20.4235,24.2644,0.0173,0.0612
2004-09-04,20.4138,24.2085,0.0089,0.0071
2004-09-05,20.3967,24.1551,-0.0053,-0.0399
2004-09-06,20.3942,24.1373,-0.0029,-0.04
2004-09-07,20.3771,24.0791,-0.0123,-0.0818
2004-09-08,20.3701,24.0845,-0.0135,-0.0585
2004-09-09,20.366,24.1023,-0.0125,-0.0231
2004-09-10,20.3588,24.1009,-0.0137,-0.0094
2004-09-11,20.3549,24.1166,-0.0105,0.0265
2004-09-12,20.344,24.1066,-0.0163,0.0326
2004-09-13,20.3183,24.0365,-0.0367,-0.0261
2004-09-14,20.3021,24.0039,-0.0452,-0.0433
2004-09-15,20.2908,23.9396,-0.05,-0.0938
2004-09-16,20.3005,23.9295,-0.0341,-0.0865
2004-09-17,20.3098,23.9441,-0.0189,-0.0531
2004-09-18,20.3148,23.9414,-0.0095,-0.0332
2004-09-19,20.3226,23.9375,0.0013,-0.0216
2004-09-20,20.318,23.8948,-0.0035,-0.0509
2004-09-21,20.2995,23.8126,-0.0203,-0.1136
2004-09-22,20.295,23.8103,-0.0222,-0.097
2004-09-23,20.2966,23.7978,-0.0187,-0.0933
2004-09-24,20.3038,23.7757,-0.0086,-0.0947
2004-09-25,20.3041,23.7473,-0.0054,-0.1065
2004-09-26,20.2975,23.7129,-0.0084,-0.1246
2004-09-27,20.2876,23.697,-0.0131,-0.1237
2004-09-28,20.2818,23.6799,-0.0115,-0.1218
2004-09-29,20.2658,23.6663,-0.021,-0.1133
2004-09-30,20.2677,23.6792,-0.0145,-0.0733
2004-10-01,20.2743,23.6838,-0.0041,-0.0382
2004-10-02,20.2798,23.6796,0.0063,-0.0099
2004-10-03,20.2776,23.6535,0.0098,-0.0037
2004-10-04,20.2697,23.6186,0.0065,-0.0089
2004-10-05,20.2531,23.5923,-0.0047,-0.0056
2004-10-06,20.2297,23.5607,-0.0237,-0.007
2004-10-07,20.2088,23.5585,-0.0419,0.0159
2004-10-08,20.1893,23.5496,-0.0561,0.0416
2004-10-09,20.1818,23.5116,-0.0592,0.0407
2004-10-10,20.1809,23.4686,-0.0548,0.0326
2004-10-11,20.176,23.405,-0.0526,0.0004
2004-10-12,20.1596,23.3552,-0.0632,-0.019
2004-10-13,20.1461,23.3323,-0.0717,-0.0082
2004-10-14,20.1501,23.3197,-0.0632,0.0117
2004-10-15,20.1628,23.3077,-0.0488,0.0325
2004-10-16,20.1742,23.2646,-0.0368,0.0181
2004-10-17,20.1902,23.2251,-0.0192,0.0064
2004-10-18,20.1997,23.2401,-0.0065,0.0471
2004-10-19,20.2075,23.2556,0.0016,0.0923
2004-10-20,20.2013,23.2392,-0.0021,0.1089
2004-10-21,20.1985,23.1817,-0.0022,0.0881
2004-10-22,20.1905,23.1388,-0.0074,0.0826
2004-10-23,20.1803,23.0929,-0.016,0.0739
2004-10-24,20.1932,23.0499,-0.0022,0.068
2004-10-25,20.2027,22.9905,0.0087,0.0465
2004-10-26,20.193,22.9349,0.0021,0.0315
2004-10-27,20.1844,22.8955,-0.0027,0.0321
2004-10-28,20.1764,22.8606,-0.0061,0.0423
2004-10-29,20.1784,22.805,0.0008,0.0321
2004-10-30,20.1637,22.714,-0.0089,-0.0145
2004-10-31,20.156,22.6679,-0.0117,-0.0197
2004-11-01,20.1498,22.628,-0.0108,-0.0176
2004-11-02,20.1525,22.5936,-0.0033,-0.0066
2004-11-03,20.1411,22.5508,-0.0104,-0.0019
2004-11-04,20.1416,22.5248,-0.0062,0.0193
2004-11-05,20.1443,22.4692,-0.0014,0.0022
2004-11-06,20.1462,22.4366,0.0004,0.0061
2004-11-07,20.1596,22.4327,0.0137,0.0406
2004-11-08,20.1646,22.4206,0.0181,0.0649
2004-11-09,20.1696,22.3893,0.0217,0.0712
2004-11-10,20.1719,22.3346,0.0229,0.0553
2004-11-11,20.1724,22.3054,0.0241,0.0699
2004-11-12,20.1672,22.2468,0.0184,0.0592
2004-11-13,20.1559,22.1717,0.0076,0.0322
2004-11-14,20.1516,22.0962,0.0029,-0.0008
2004-11-15,20.1449,22.068,-0.0018,0.0075
2004-11-16,20.1369,22.0846,-0.01,0.0539
2004-11-17,20.1292,22.0658,-0.018,0.0716
2004-11-18,20.1235,22.0171,-0.0225,0.0664
2004-11-19,20.1215,21.9638,-0.0252,0.0564
2004-11-20,20.1222,21.9176,-0.025,0.0538
2004-11-21,20.1246,21.8671,-0.0255,0.0407
2004-11-22,20.1234,21.8232,-0.0292,0.0349
2004-11-23,20.1102,21.7878,-0.045,0.042
2004-11-24,20.1152,21.7628,-0.0417,0.055
2004-11-25,20.1278,21.7477,-0.031,0.0809
2004-11-26,20.1386,21.6959,-0.0199,0.0772
2004-11-27,20.148,21.6531,-0.0098,0.0743
2004-11-28,20.1569,21.6018,0.0003,0.0616
2004-11-29,20.1574,21.5567,0.0034,0.0623
2004-11-30,20.1491,21.5359,-0.0043,0.0819
2004-12-01,20.1541,21.5111,-0.0025,0.0921
2004-12-02,20.1678,21.499,0.0079,0.1158
2004-12-03,20.1776,21.5098,0.0149,0.1638
2004-12-04,20.1891,21.4559,0.0249,0.1517
2004-12-05,20.1912,21.394,0.023,0.1301
2004-12-06,20.1906,21.3582,0.019,0.1308
2004-12-07,20.1767,21.2985,0.0031,0.1109
2004-12-08,20.1631,21.2443,-0.0106,0.0951
2004-12-09,20.1534,21.2018,-0.0215,0.0887
2004-12-10,20.128,21.1634,-0.047,0.0904
2004-12-11,20.1182,21.1362,-0.056,0.1059
2004-12-12,20.1259,21.112,-0.0501,0.1261
2004-12-13,20.1381,21.0692,-0.0425,0.1203
2004-12-14,20.1428,21.0222,-0.0417,0.1056
2004-12-15,20.1443,20.9766,-0.0438,0.096
2004-12-16,20.1474,20.9355,-0.0447,0.098
2004-12-17,20.1593,20.8945,-0.0371,0.0975
2004-12-18,20.1597,20.842,-0.0403,0.0806
2004-12-19,20.1681,20.8099,-0.0345,0.0808
2004-12-20,20.182,20.7744,-0.0225,0.0792
2004-12-21,20.1898,20.736,-0.017,0.0717
2004-12-22,20.2044,20.7108,-0.0054,0.0705
2004-12-23,20.2126,20.6641,-0.0042,0.0456
2004-12-24,20.2211,20.6389,-0.005,0.0512
2004-12-25,20.2292,20.6277,-0.0057,0.0728
2004-12-26,20.2356,20.6169,-0.0036,0.0959
2004-12-27,20.242,20.593,-0.0006,0.1074
2004-12-28,20.2443,20.5501,-0.0011,0.0999
2004-12-29,20.2466,20.5393,-0.0031,0.1194
2004-12-30,20.2506,20.515,-0.0015,0.127
2004-12-31,20.2601,20.4784,0.0035,0.1219
2005-01-01,20.303,20.4839,0.0537,0.1821
2005-01-02,20.3093,20.4546,0.0569,0.1831
2005-01-03,20.3123,20.4127,0.0554,0.1689
2005-01-04,20.3142,20.3535,0.0521,0.1452
2005-01-05,20.3249,20.299,0.0592,0.1242
2005-01-06,20.3375,20.2361,0.0688,0.09
2005-01-07,20.3514,20.1982,0.0785,0.0792
2005-01-08,20.3598,20.1609,0.0816,0.0717
2005-01-09,20.3614,20.1241,0.0788,0.0636
2005-01-10,20.3733,20.1207,0.0855,0.0876
2005-01-11,20.3919,20.1273,0.0977,0.12
2005-01-12,20.4058,20.1641,0.1057,0.1795
2005-01-13,20.4062,20.1526,0.0988,0.1952
2005-01-14,20.4034,20.1205,0.0901,0.1897
2005-01-15,20.4064,20.0824,0.0894,0.1743
2005-01-16,20.4192,20.07,0.0975,0.1852
2005-01-17,20.4164,20.0412,0.09,0.1801
2005-01-18,20.4131,19.9806,0.0819,0.1386
2005-01-19,20.4068,19.9251,0.07,0.1027
2005-01-20,20.4116,19.9134,0.0706,0.1114
2005-01-21,20.4211,19.9202,0.0765,0.1351
2005-01-22,20.4343,19.939,0.0849,0.1672
2005-01-23,20.4537,19.9207,0.0993,0.1742
2005-01-24,20.4739,19.8969,0.1137,0.174
2005-01-25,20.499,19.8902,0.1312,0.1889
2005-01-26,20.5104,19.8878,0.138,0.2088
2005-01-27,20.5022,19.8469,0.1269,0.1912
2005-01-28,20.4909,19.818,0.111,0.1798
2005-01-29,20.48,19.7918,0.0932,0.17
2005-01-30,20.4715,19.7701,0.0785,0.1613
2005-01-31,20.4777,19.7517,0.0807,0.1547
2005-02-01,20.4735,19.734,0.0738,0.1527
2005-02-02,20.4709,19.7051,0.0681,0.1399
2005-02-03,20.4666,19.6578,0.0574,0.1072
2005-02-04,20.4639,19.573,0.0476,0.0398
2005-02-05,20.4814,19.5554,0.0585,0.0392
2005-02-06,20.5017,19.5546,0.0743,0.0561
2005-02-07,20.5104,19.5658,0.0772,0.0819
2005-02-08,20.5178,19.5722,0.0784,0.0993
2005-02-09,20.5303,19.5809,0.0844,0.1167
2005-02-10,20.5472,19.5933,0.0957,0.1364
2005-02-11,20.567,19.6134,0.1095,0.1595
2005-02-12,20.5746,19.5941,0.1116,0.1527
2005-02-13,20.574,19.5466,0.1087,0.1247
2005-02-14,20.5697,19.4887,0.1007,0.0853
2005-02-15,20.5786,19.4894,0.1039,0.1047
2005-02-16,20.575,19.483,0.0964,0.1092
2005-02-17,20.5723,19.5088,0.0905,0.1395
2005-02-18,20.5586,19.5048,0.0734,0.1424
2005-02-19,20.5488,19.4674,0.0602,0.1083
2005-02-20,20.5641,19.4446,0.0714,0.0928
2005-02-21,20.5853,19.4437,0.0887,0.1008
2005-02-22,20.5956,19.4291,0.0945,0.0949
2005-02-23,20.5965,19.4054,0.0903,0.0778
2005-02-24,20.6017,19.409,0.0918,0.0862
2005-02-25,20.6057,19.4055,0.0923,0.0806
2005-02-26,20.6109,19.4055,0.0964,0.0844
2005-02-27,20.611,19.4118,0.0949,0.0918
2005-02-28,20.6017,19.4148,0.0875,0.0854
2005-03-01,20.5847,19.4342,0.0674,0.1154
2005-03-02,20.5763,19.45,0.0593,0.1294
2005-03-03,20.5693,19.4507,0.0504,0.1322
2005-03-04,20.5522,19.4407,0.0323,0.127
2005-03-05,20.5435,19.4507,0.0246,0.1429
2005-03-06,20.5479,19.4316,0.0292,0.1317
2005-03-07,20.5483,19.4019,0.0299,0.112
2005-03-08,20.5374,19.418,0.0188,0.1292
2005-03-09,20.5289,19.4781,0.0081,0.1836
2005-03-10,20.5274,19.483,0.0043,0.1838
2005-03-11,20.5315,19.4749,0.0067,0.1747
2005-03-12,20.5383,19.5047,0.0098,0.201
2005-03-13,20.555,19.5792,0.0244,0.2722
2005-03-14,20.567,19.6264,0.0337,0.3113
2005-03-15,20.5684,19.6176,0.0321,0.29
2005-03-16,20.5692,19.5962,0.0289,0.2511
2005-03-17,20.5709,19.5808,0.0276,0.223
2005-03-18,20.5818,19.6062,0.0324,0.2414
2005-03-19,20.6081,19.6538,0.0531,0.2822
2005-03-20,20.6315,19.7188,0.073,0.3401
2005-03-21,20.6455,19.7836,0.0866,0.3968
2005-03-22,20.6587,19.8001,0.0998,0.408
2005-03-23,20.6628,19.7967,0.1046,0.4002
2005-03-24,20.6551,19.774,0.1004,0.3749
2005-03-25,20.6453,19.7687,0.092,0.3624
2005-03-26,20.6421,19.7833,0.0888,0.3689
2005-03-27,20.6291,19.7763,0.0757,0.3536
2005-03-28,20.6231,19.7579,0.0689,0.3294
2005-03-29,20.6208,19.7618,0.0676,0.3213
2005-03-30,20.6014,19.7778,0.0492,0.3245
2005-03-31,20.5991,19.8034,0.049,0.3416
2005-04-01,20.5879,19.832,0.0392,0.3597
2005-04-02,20.5716,19.8805,0.0264,0.3902
2005-04-03,20.5629,19.9358,0.0203,0.4291
2005-04-04,20.5653,20.0031,0.0253,0.4819
2005-04-05,20.5706,20.0302,0.0331,0.4895
2005-04-06,20.5601,20.0351,0.0254,0.4815
2005-04-07,20.5356,20.0212,0.0038,0.4544
2005-04-08,20.5186,19.9955,-0.0101,0.4122
2005-04-09,20.5129,20.0159,-0.0145,0.4127
2005-04-10,20.5066,20.0414,-0.0188,0.4185
2005-04-11,20.5006,20.0656,-0.019,0.4288
2005-04-12,20.4949,20.0836,-0.0193,0.4354
2005-04-13,20.5008,20.083,-0.0096,0.4203
2005-04-14,20.4991,20.058,-0.0087,0.3738
2005-04-15,20.4962,20.019,-0.0079,0.3089
2005-04-16,20.4983,19.9967,-0.0043,0.2616
2005-04-17,20.5027,19.9961,0.002,0.2404
2005-04-18,20.5146,20.0102,0.0166,0.2321
2005-04-19,20.5218,20.031,0.0274,0.2309
2005-04-20,20.5294,20.1163,0.0356,0.2847
2005-04-21,20.5514,20.2375,0.0597,0.3762
2005-04-22,20.5661,20.3062,0.0742,0.4139
2005-04-23,20.5746,20.3505,0.0845,0.426
2005-04-24,20.5902,20.3996,0.1012,0.446
2005-04-25,20.5919,20.4506,0.1041,0.47
2005-04-26,20.5875,20.4719,0.1034,0.4676
2005-04-27,20.5919,20.4807,0.1113,0.4526
2005-04-28,20.5939,20.4781,0.117,0.4237
2005-04-29,20.5848,20.4565,0.1123,0.3811
2005-04-30,20.5775,20.4403,0.1093,0.3441
2005-05-01,20.5624,20.4236,0.0994,0.2962
2005-05-02,20.5438,20.4859,0.0847,0.3235
2005-05-03,20.5316,20.5655,0.0734,0.3634
2005-05-04,20.5327,20.6426,0.0776,0.4064
2005-05-05,20.5382,20.6972,0.0881,0.4311
2005-05-06,20.5422,20.72,0.0975,0.4261
2005-05-07,20.5388,20.7661,0.0999,0.4454
2005-05-08,20.5282,20.7765,0.0935,0.424
2005-05-09,20.5096,20.7566,0.0782,0.3725
2005-05-10,20.5059,20.7449,0.0769,0.3332
2005-05-11,20.503,20.7384,0.0769,0.2941
2005-05-12,20.4959,20.7544,0.0734,0.2811
2005-05-13,20.4853,20.7503,0.0645,0.2387
2005-05-14,20.4791,20.6853,0.0608,0.1454
2005-05-15,20.4768,20.6999,0.0602,0.1335
2005-05-16,20.4543,20.734,0.0415,0.1357
2005-05-17,20.4471,20.7909,0.0368,0.1582
2005-05-18,20.4565,20.8784,0.0488,0.2092
2005-05-19,20.4588,20.9495,0.0542,0.2393
2005-05-20,20.4635,21.0042,0.061,0.2528
2005-05-21,20.4618,21.038,0.0619,0.2454
2005-05-22,20.4636,21.0897,0.0654,0.2601
2005-05-23,20.4773,21.1482,0.0812,0.2779
2005-05-24,20.481,21.2,0.0889,0.2934
2005-05-25,20.4849,21.3062,0.0975,0.3573
2005-05-26,20.4795,21.3881,0.0965,0.3975
2005-05-27,20.4834,21.425,0.1046,0.3928
2005-05-28,20.4947,21.47,0.1186,0.3906
2005-05-29,20.4897,21.5079,0.1175,0.3781
2005-05-30,20.4842,21.5415,0.117,0.369
2005-05-31,20.4733,21.5427,0.111,0.329
2005-06-01,20.4675,21.5441,0.1084,0.2845
2005-06-02,20.4552,21.5525,0.0989,0.2543
2005-06-03,20.4393,21.5815,0.0856,0.2443
2005-06-04,20.4421,21.6489,0.0922,0.271
2005-06-05,20.4427,21.7433,0.0991,0.3248
2005-06-06,20.422,21.8033,0.0859,0.343
2005-06-07,20.3966,21.8226,0.0654,0.3176
2005-06-08,20.3762,21.8293,0.0477,0.2803
2005-06-09,20.3573,21.8293,0.0304,0.2312
2005-06-10,20.3347,21.8225,0.0117,0.1789
2005-06-11,20.315,21.8495,-0.0053,0.1584
2005-06-12,20.3034,21.8805,-0.0147,0.1457
2005-06-13,20.2959,21.9348,-0.0212,0.1545
2005-06-14,20.2984,22.0277,-0.018,0.1979
2005-06-15,20.317,22.0849,-0.0004,0.2039
2005-06-16,20.3367,22.1634,0.0142,0.2263
2005-06-17,20.358,22.2808,0.0341,0.2935
2005-06-18,20.3869,22.3864,0.0642,0.3475
2005-06-19,20.4083,22.444,0.0872,0.3531
2005-06-20,20.4265,22.4828,0.1064,0.3499
2005-06-21,20.4445,22.5582,0.1236,0.3818
2005-06-22,20.4472,22.5953,0.1242,0.3699
2005-06-23,20.4456,22.6554,0.1205,0.3816
2005-06-24,20.4482,22.7074,0.1219,0.3792
2005-06-25,20.4432,22.7235,0.1169,0.3427
2005-06-26,20.4455,22.7659,0.1192,0.3353
2005-06-27,20.4452,22.7843,0.1186,0.308
2005-06-28,20.4437,22.7902,0.116,0.2736
2005-06-29,20.4345,22.8296,0.1066,0.2729
2005-06-30,20.4146,22.8814,0.0859,0.2823
2005-07-01,20.3938,22.9269,0.0632,0.2893
2005-07-02,20.3859,22.9885,0.0565,0.3125
2005-07-03,20.3884,23.0701,0.0594,0.3559
2005-07-04,20.3857,23.1021,0.0547,0.345
2005-07-05,20.3907,23.1631,0.0579,0.3579
2005-07-06,20.3931,23.199,0.0597,0.348
2005-07-07,20.3884,23.2283,0.056,0.3351
2005-07-08,20.3816,23.229,0.0513,0.2918
2005-07-09,20.3882,23.2689,0.0589,0.2858
2005-07-10,20.4147,23.3315,0.0839,0.3055
2005-07-11,20.4418,23.4252,0.108,0.3641
2005-07-12,20.4433,23.4639,0.1072,0.3687
2005-07-13,20.4335,23.4789,0.0945,0.3571
2005-07-14,20.429,23.4664,0.088,0.3129
2005-07-15,20.4295,23.4834,0.0864,0.2954
2005-07-16,20.4367,23.5552,0.0905,0.328
2005-07-17,20.4509,23.6456,0.103,0.3822
2005-07-18,20.4548,23.7381,0.107,0.4384
2005-07-19,20.4521,23.7597,0.1043,0.4238
2005-07-20,20.4585,23.7773,0.1112,0.4121
2005-07-21,20.4559,23.7855,0.1071,0.3873
2005-07-22,20.4451,23.7496,0.0931,0.3129
2005-07-23,20.4295,23.7727,0.0756,0.2989
2005-07-24,20.4272,23.8078,0.0712,0.2983
2005-07-25,20.4299,23.8997,0.071,0.3576
2005-07-26,20.4366,23.9576,0.0732,0.3874
2005-07-27,20.4447,24.0536,0.0747,0.4449
2005-07-28,20.4569,24.1441,0.0791,0.4912
2005-07-29,20.4643,24.1138,0.0813,0.4251
2005-07-30,20.468,24.1241,0.0806,0.3915
2005-07-31,20.4745,24.1404,0.0841,0.3707
2005-08-01,20.4628,24.0888,0.0732,0.2936
2005-08-02,20.4546,24.1229,0.0649,0.3043
2005-08-03,20.4474,24.1435,0.0584,0.2972
2005-08-04,20.4407,24.162,0.0505,0.2895
2005-08-05,20.446,24.1848,0.0537,0.2845
2005-08-06,20.4671,24.2024,0.0742,0.2702
2005-08-07,20.4803,24.2651,0.0846,0.3087
2005-08-08,20.4955,24.3155,0.0981,0.3388
2005-08-09,20.4904,24.3283,0.0936,0.3386
2005-08-10,20.486,24.3366,0.0873,0.3236
2005-08-11,20.4888,24.3492,0.0872,0.3043
2005-08-12,20.5005,24.4192,0.0963,0.3436
2005-08-13,20.5053,24.4823,0.0994,0.3839
2005-08-14,20.5178,24.5452,0.1098,0.4249
2005-08-15,20.5187,24.5158,0.1097,0.38
2005-08-16,20.5274,24.506,0.1175,0.3599
2005-08-17,20.5297,24.4391,0.1208,0.2896
2005-08-18,20.5224,24.4059,0.1159,0.2626
2005-08-19,20.5078,24.368,0.1011,0.2199
2005-08-20,20.515,24.3405,0.1071,0.1786
2005-08-21,20.5352,24.3979,0.1254,0.2179
2005-08-22,20.5378,24.4073,0.1282,0.2199
2005-08-23,20.5209,24.3941,0.1115,0.1983
2005-08-24,20.5238,24.3778,0.1145,0.1755
2005-08-25,20.5286,24.3739,0.1191,0.1662
2005-08-26,20.5338,24.4032,0.1242,0.1886
2005-08-27,20.5303,24.4701,0.1191,0.2445
2005-08-28,20.5138,24.4529,0.1031,0.2254
2005-08-29,20.5057,24.4124,0.0945,0.184
2005-08-30,20.5087,24.4442,0.098,0.2216
2005-08-31,20.5021,24.4495,0.0933,0.2345
2005-09-01,20.5007,24.4897,0.0918,0.2807
2005-09-02,20.4973,24.5413,0.0891,0.3334
2005-09-03,20.4804,24.5705,0.0742,0.3673
2005-09-04,20.4701,24.5814,0.0652,0.38
2005-09-05,20.4647,24.569,0.0627,0.374
2005-09-06,20.4629,24.5474,0.0658,0.3701
2005-09-07,20.4492,24.5327,0.0598,0.3718
2005-09-08,20.4312,24.5074,0.0476,0.3644
2005-09-09,20.4208,24.4731,0.0423,0.3477
2005-09-10,20.406,24.4398,0.0335,0.3295
2005-09-11,20.3988,24.4336,0.0334,0.3435
2005-09-12,20.3973,24.4181,0.037,0.3441
2005-09-13,20.3962,24.3855,0.0412,0.3229
2005-09-14,20.3979,24.3314,0.0506,0.2842
2005-09-15,20.4056,24.3279,0.0648,0.2945
2005-09-16,20.4083,24.3333,0.0737,0.3173
2005-09-17,20.4066,24.2739,0.0779,0.2767
2005-09-18,20.4088,24.2619,0.0845,0.2873
2005-09-19,20.4134,24.2617,0.0921,0.3026
2005-09-20,20.4166,24.2682,0.0951,0.3225
2005-09-21,20.41,24.2387,0.0902,0.3125
2005-09-22,20.4097,24.2005,0.0925,0.2932
2005-09-23,20.4123,24.2029,0.097,0.3118
2005-09-24,20.4013,24.17,0.0889,0.2996
2005-09-25,20.3861,24.1524,0.0766,0.2986
2005-09-26,20.3691,24.1264,0.0632,0.2889
2005-09-27,20.349,24.1136,0.0483,0.293
2005-09-28,20.3341,24.0724,0.0408,0.2707
2005-09-29,20.326,24.0216,0.0392,0.242
2005-09-30,20.3236,23.9777,0.0414,0.2252
2005-10-01,20.3325,23.9268,0.0541,0.2048
2005-10-02,20.337,23.8828,0.0635,0.1933
2005-10-03,20.3269,23.8005,0.0591,0.1433
2005-10-04,20.3133,23.7578,0.0501,0.1303
2005-10-05,20.3052,23.7262,0.0474,0.1283
2005-10-06,20.2913,23.6911,0.0379,0.1234
2005-10-07,20.2854,23.6899,0.0347,0.1473
2005-10-08,20.2833,23.6049,0.0379,0.0969
2005-10-09,20.2871,23.5257,0.0461,0.0548
2005-10-10,20.2882,23.497,0.0525,0.061
2005-10-11,20.2794,23.4756,0.0508,0.071
2005-10-12,20.2685,23.4668,0.0457,0.0926
2005-10-13,20.257,23.41,0.0392,0.0695
2005-10-14,20.25,23.3731,0.0367,0.0651
2005-10-15,20.2706,23.3465,0.059,0.0713
2005-10-16,20.2744,23.3275,0.0634,0.081
2005-10-17,20.2826,23.3341,0.0732,0.1154
2005-10-18,20.2805,23.3238,0.0743,0.1308
2005-10-19,20.2841,23.3103,0.0782,0.147
2005-10-20,20.2772,23.2826,0.0738,0.1523
2005-10-21,20.2734,23.2503,0.0727,0.1567
2005-10-22,20.2654,23.2042,0.0675,0.148
2005-10-23,20.2723,23.165,0.076,0.146
2005-10-24,20.2736,23.1229,0.0782,0.141
2005-10-25,20.2662,23.0543,0.0722,0.1103
2005-10-26,20.2455,23.0001,0.0546,0.0967
2005-10-27,20.2377,22.9956,0.0506,0.1322
2005-10-28,20.2227,22.9857,0.0402,0.1674
2005-10-29,20.2025,22.9518,0.0249,0.1789
2005-10-30,20.1877,22.8852,0.0151,0.1567
2005-10-31,20.1654,22.8042,-0.0023,0.1166
2005-11-01,20.1532,22.7466,-0.0074,0.101
2005-11-02,20.1372,22.7278,-0.0186,0.1276
2005-11-03,20.1296,22.6803,-0.0219,0.1276
2005-11-04,20.1068,22.6154,-0.041,0.1099
2005-11-05,20.1031,22.573,-0.0426,0.106
2005-11-06,20.1204,22.5546,-0.0254,0.1241
2005-11-07,20.1341,22.5348,-0.0118,0.1427
2005-11-08,20.14,22.5055,-0.0065,0.1498
2005-11-09,20.1551,22.4604,0.0072,0.1423
2005-11-10,20.1695,22.4066,0.0205,0.1273
2005-11-11,20.1905,22.3484,0.0422,0.1129
2005-11-12,20.1974,22.2723,0.0486,0.0847
2005-11-13,20.1868,22.1986,0.0385,0.0591
2005-11-14,20.1702,22.1371,0.0215,0.0401
2005-11-15,20.1571,22.107,0.0104,0.0465
2005-11-16,20.1551,22.0792,0.0082,0.0485
2005-11-17,20.1664,22.0366,0.0192,0.0424
2005-11-18,20.16,21.9846,0.014,0.0339
2005-11-19,20.1566,21.925,0.0099,0.0176
2005-11-20,20.1631,21.8589,0.0159,-0.0049
2005-11-21,20.1519,21.8369,0.0018,0.0105
2005-11-22,20.1348,21.8259,-0.0178,0.0376
2005-11-23,20.1223,21.8063,-0.0329,0.0605
2005-11-24,20.1268,21.7856,-0.0301,0.0778
2005-11-25,20.1315,21.7898,-0.0273,0.123
2005-11-26,20.1331,21.7641,-0.0254,0.1454
2005-11-27,20.151,21.7382,-0.0068,0.1594
2005-11-28,20.1615,21.7534,0.0049,0.2132
2005-11-29,20.1572,21.7455,0.0032,0.2511
2005-11-30,20.1568,21.7082,0.0034,0.2542
2005-12-01,20.1549,21.6428,-0.0017,0.2238
2005-12-02,20.1632,21.6521,0.0033,0.2689
2005-12-03,20.155,21.6243,-0.0077,0.2783
2005-12-04,20.1532,21.5685,-0.011,0.2643
2005-12-05,20.1608,21.5201,-0.0074,0.2562
2005-12-06,20.1664,21.4796,-0.0052,0.2522
2005-12-07,20.1714,21.4285,-0.0022,0.2409
2005-12-08,20.1611,21.351,-0.0126,0.2018
2005-12-09,20.1489,21.299,-0.026,0.1859
2005-12-10,20.1498,21.2624,-0.0252,0.1894
2005-12-11,20.1488,21.1831,-0.0254,0.1528
2005-12-12,20.15,21.0787,-0.026,0.0928
2005-12-13,20.1639,21.0302,-0.0167,0.0814
2005-12-14,20.175,21.0247,-0.0095,0.1081
2005-12-15,20.1885,21.0286,0.0004,0.148
2005-12-16,20.2106,21.0153,0.0185,0.1777
2005-12-17,20.2313,20.9939,0.0349,0.1969
2005-12-18,20.2533,20.9684,0.0533,0.207
2005-12-19,20.2564,20.9464,0.0538,0.2173
2005-12-20,20.2388,20.9205,0.0343,0.2253
2005-12-21,20.2199,20.8971,0.0131,0.2328
2005-12-22,20.2045,20.8765,-0.0053,0.2362
2005-12-23,20.2073,20.8748,-0.0095,0.2563
2005-12-24,20.2341,20.8468,0.008,0.2591
2005-12-25,20.2708,20.7947,0.0359,0.2398
2005-12-26,20.2921,20.7556,0.0529,0.2346
2005-12-27,20.3054,20.7188,0.0628,0.2332
2005-12-28,20.3009,20.6491,0.0555,0.1989
2005-12-29,20.3025,20.6239,0.0528,0.204
2005-12-30,20.2934,20.6023,0.0413,0.2143
2005-12-31,20.2965,20.5533,0.0399,0.1968
2006-01-01,20.314,20.5168,0.0647,0.215
2006-01-02,20.3072,20.4728,0.0548,0.2013
2006-01-03,20.2993,20.438,0.0424,0.1942
2006-01-04,20.2965,20.3991,0.0344,0.1908
2006-01-05,20.2898,20.3581,0.0241,0.1833
2006-01-06,20.2797,20.3205,0.011,0.1744
2006-01-07,20.2758,20.3021,0.0029,0.1831
2006-01-08,20.2811,20.3058,0.0029,0.2166
2006-01-09,20.2845,20.2903,0.0019,0.2298
2006-01-10,20.2797,20.2677,-0.0081,0.2346
2006-01-11,20.2758,20.2292,-0.0184,0.2219
2006-01-12,20.2853,20.2006,-0.0148,0.216
2006-01-13,20.2939,20.1493,-0.0135,0.1919
2006-01-14,20.3066,20.0908,-0.0067,0.16
2006-01-15,20.3147,20.0398,-0.0023,0.1317
2006-01-16,20.3204,20.0017,-0.0013,0.1169
2006-01-17,20.3141,19.9558,-0.0123,0.0947
2006-01-18,20.3036,19.9191,-0.0276,0.0771
2006-01-19,20.2988,19.9207,-0.038,0.0983
2006-01-20,20.2966,19.9378,-0.0444,0.1358
2006-01-21,20.2839,19.9264,-0.0607,0.1413
2006-01-22,20.2835,19.913,-0.0659,0.1412
2006-01-23,20.2878,19.8575,-0.0666,0.111
2006-01-24,20.3105,19.8267,-0.0497,0.1038
2006-01-25,20.3243,19.8199,-0.0435,0.1186
2006-01-26,20.3198,19.7899,-0.0526,0.1109
2006-01-27,20.3273,19.7805,-0.048,0.1248
2006-01-28,20.3432,19.7563,-0.0367,0.1181
2006-01-29,20.3681,19.7373,-0.0187,0.1155
2006-01-30,20.3816,19.7171,-0.0114,0.1083
2006-01-31,20.3873,19.7092,-0.0097,0.1122
2006-02-01,20.3788,19.7165,-0.0209,0.1351
2006-02-02,20.3701,19.7047,-0.0327,0.1395
2006-02-03,20.3663,19.6949,-0.0429,0.1443
2006-02-04,20.3719,19.665,-0.0444,0.1318
2006-02-05,20.3915,19.6346,-0.0314,0.1184
2006-02-06,20.4089,19.6104,-0.0185,0.1119
2006-02-07,20.4165,19.6112,-0.0167,0.1273
2006-02-08,20.4198,19.5974,-0.0196,0.1245
2006-02-09,20.4154,19.5817,-0.0305,0.1175
2006-02-10,20.4087,19.5635,-0.0428,0.1066
2006-02-11,20.411,19.526,-0.0465,0.0721
2006-02-12,20.4383,19.4914,-0.0247,0.05
2006-02-13,20.4532,19.4481,-0.0121,0.0262
2006-02-14,20.4785,19.4519,0.0095,0.0485
2006-02-15,20.4857,19.4478,0.011,0.0631
2006-02-16,20.4939,19.4269,0.0153,0.0531
2006-02-17,20.5021,19.4098,0.0203,0.0405
2006-02-18,20.5063,19.3911,0.0211,0.0287
2006-02-19,20.5103,19.3731,0.0217,0.014
2006-02-20,20.513,19.3673,0.0203,0.0155
2006-02-21,20.5221,19.3713,0.0255,0.0284
2006-02-22,20.5241,19.3836,0.023,0.0494
2006-02-23,20.5043,19.3775,-0.0019,0.0499
2006-02-24,20.5042,19.3626,-0.0057,0.0398
2006-02-25,20.519,19.3648,0.0056,0.0399
2006-02-26,20.538,19.3659,0.0235,0.0448
2006-02-27,20.5555,19.3319,0.0394,0.0119
2006-02-28,20.5577,19.298,0.0435,-0.0314
2006-03-01,20.5502,19.2607,0.0329,-0.0581
2006-03-02,20.5524,19.2668,0.0354,-0.0538
2006-03-03,20.5559,19.2642,0.037,-0.0543
2006-03-04,20.5629,19.2663,0.043,-0.0474
2006-03-05,20.562,19.276,0.0431,-0.0318
2006-03-06,20.5328,19.2796,0.0141,-0.0203
2006-03-07,20.5153,19.2803,-0.0031,-0.0096
2006-03-08,20.5116,19.2592,-0.007,-0.0296
2006-03-09,20.5148,19.227,-0.006,-0.0675
2006-03-10,20.5001,19.2373,-0.023,-0.0619
2006-03-11,20.4921,19.2606,-0.0327,-0.0396
2006-03-12,20.4817,19.2705,-0.0468,-0.0332
2006-03-13,20.4712,19.2878,-0.0594,-0.0192
2006-03-14,20.4628,19.3054,-0.0705,-0.0097
2006-03-15,20.45,19.3014,-0.0863,-0.0262
2006-03-16,20.4442,19.301,-0.0961,-0.0441
2006-03-17,20.4437,19.3363,-0.0996,-0.0215
2006-03-18,20.4525,19.3497,-0.0969,-0.0151
2006-03-19,20.4652,19.3873,-0.0898,0.0157
2006-03-20,20.472,19.414,-0.0865,0.0353
2006-03-21,20.4666,19.4116,-0.0923,0.0248
2006-03-22,20.4641,19.4076,-0.0948,0.0155
2006-03-23,20.462,19.4067,-0.0962,0.0102
2006-03-24,20.4631,19.4327,-0.0916,0.0336
2006-03-25,20.467,19.4666,-0.0863,0.0603
2006-03-26,20.4868,19.4908,-0.0665,0.0764
2006-03-27,20.5029,19.5296,-0.0505,0.1069
2006-03-28,20.5149,19.5808,-0.0393,0.1523
2006-03-29,20.5095,19.617,-0.0437,0.1765
2006-03-30,20.5015,19.6424,-0.0507,0.1891
2006-03-31,20.4978,19.6471,-0.0523,0.1853
2006-04-01,20.5067,19.6878,-0.042,0.2155
2006-04-02,20.5097,19.7259,-0.0355,0.2356
2006-04-03,20.5042,19.744,-0.0384,0.2373
2006-04-04,20.4991,19.7448,-0.0409,0.2236
2006-04-05,20.5073,19.7606,-0.0302,0.2199
2006-04-06,20.5144,19.7304,-0.0203,0.1768
2006-04-07,20.5282,19.7227,-0.0036,0.1559
2006-04-08,20.5377,19.6971,0.009,0.1138
2006-04-09,20.5361,19.6999,0.0087,0.0967
2006-04-10,20.5387,19.757,0.0133,0.1341
2006-04-11,20.5485,19.7712,0.0289,0.1344
2006-04-12,20.5475,19.7715,0.0333,0.1233
2006-04-13,20.5446,19.8164,0.0342,0.1537
2006-04-14,20.5495,19.8764,0.0417,0.1922
2006-04-15,20.5455,19.9271,0.0414,0.217
2006-04-16,20.5237,19.9509,0.0211,0.2158
2006-04-17,20.4991,19.9432,-0.0016,0.1875
2006-04-18,20.4894,19.9258,-0.0086,0.1477
2006-04-19,20.4924,20.0251,-0.002,0.225
2006-04-20,20.49,20.1285,-0.0038,0.2969
2006-04-21,20.4734,20.1278,-0.0183,0.2665
2006-04-22,20.4698,20.1194,-0.0221,0.2271
2006-04-23,20.4602,20.1092,-0.0299,0.1847
2006-04-24,20.4571,20.1404,-0.0319,0.1868
2006-04-25,20.443,20.177,-0.0448,0.1964
2006-04-26,20.4302,20.1928,-0.0539,0.1885
2006-04-27,20.4281,20.2031,-0.0525,0.175
2006-04-28,20.4237,20.2346,-0.0532,0.1802
2006-04-29,20.4331,20.2914,-0.0394,0.216
2006-04-30,20.4451,20.3472,-0.0231,0.251
2006-05-01,20.4391,20.3714,-0.0239,0.244
2006-05-02,20.43,20.3778,-0.0291,0.2154
2006-05-03,20.4364,20.3844,-0.0218,0.1823
2006-05-04,20.4356,20.3968,-0.0195,0.1606
2006-05-05,20.4445,20.4467,-0.0056,0.1806
2006-05-06,20.4479,20.5015,0.0032,0.2076
2006-05-07,20.4493,20.5663,0.0104,0.2456
2006-05-08,20.4499,20.6233,0.0152,0.2708
2006-05-09,20.448,20.6717,0.0166,0.2876
2006-05-10,20.4539,20.7459,0.0249,0.3342
2006-05-11,20.4599,20.8115,0.0338,0.3672
2006-05-12,20.4737,20.8621,0.0512,0.3888
2006-05-13,20.4861,20.9402,0.0653,0.4286
2006-05-14,20.5039,21.0391,0.0856,0.4992
2006-05-15,20.5044,21.1033,0.0878,0.5369
2006-05-16,20.4867,21.1175,0.0739,0.5192
2006-05-17,20.4695,21.113,0.0592,0.4803
2006-05-18,20.4468,21.1089,0.0391,0.4397
2006-05-19,20.4193,21.0914,0.0147,0.3812
2006-05-20,20.4106,21.0873,0.0081,0.3359
2006-05-21,20.4119,21.1305,0.012,0.3379
2006-05-22,20.4172,21.1448,0.019,0.3152
2006-05-23,20.4175,21.1487,0.0214,0.2784
2006-05-24,20.4085,21.1635,0.0164,0.2569
2006-05-25,20.414,21.1844,0.0266,0.2355
2006-05-26,20.4018,21.2287,0.0188,0.2381
2006-05-27,20.3971,21.3097,0.0183,0.2775
2006-05-28,20.3928,21.3854,0.0167,0.306
2006-05-29,20.3857,21.4522,0.0135,0.3224
2006-05-30,20.3737,21.4938,0.0065,0.3213
2006-05-31,20.3598,21.5307,-0.0025,0.317
2006-06-01,20.3691,21.5878,0.01,0.3282
2006-06-02,20.3891,21.6735,0.0328,0.3753
2006-06-03,20.3932,21.7504,0.0395,0.4132
2006-06-04,20.3902,21.8201,0.0403,0.4422
2006-06-05,20.3856,21.8777,0.042,0.4592
2006-06-06,20.386,21.9005,0.0499,0.4402
2006-06-07,20.3833,21.9103,0.0521,0.4053
2006-06-08,20.3709,21.9128,0.0424,0.3638
2006-06-09,20.3677,21.9039,0.0408,0.3058
2006-06-10,20.3697,21.9293,0.0467,0.2857
2006-06-11,20.3683,21.9729,0.048,0.2818
2006-06-12,20.3559,21.9992,0.0378,0.2644
2006-06-13,20.3473,22.0076,0.0302,0.2273
2006-06-14,20.3295,22.004,0.0131,0.1742
2006-06-15,20.3145,22.0128,-0.0029,0.1318
2006-06-16,20.3169,22.0588,-0.0056,0.1217
2006-06-17,20.3235,22.0905,-0.0004,0.1032
2006-06-18,20.3324,22.1526,0.0097,0.1137
2006-06-19,20.3427,22.2341,0.0216,0.1433
2006-06-20,20.3415,22.2148,0.0214,0.0819
2006-06-21,20.3485,22.2692,0.0276,0.0928
2006-06-22,20.3527,22.3141,0.0297,0.0887
2006-06-23,20.3548,22.4009,0.0297,0.1271
2006-06-24,20.3584,22.5066,0.0321,0.1784
2006-06-25,20.3629,22.6249,0.0366,0.2441
2006-06-26,20.3607,22.7249,0.0344,0.2943
2006-06-27,20.3543,22.7677,0.0277,0.2914
2006-06-28,20.3589,22.8065,0.0312,0.2899
2006-06-29,20.3592,22.8391,0.0313,0.2824
2006-06-30,20.3392,22.8623,0.0105,0.2632
2006-07-01,20.3405,22.9239,0.0099,0.2863
2006-07-02,20.3476,22.9567,0.0182,0.2807
2006-07-03,20.3437,22.9772,0.0147,0.263
2006-07-04,20.3317,22.957,0.0007,0.1999
2006-07-05,20.3273,23.0426,-0.0055,0.2374
2006-07-06,20.3188,23.075,-0.0146,0.224
2006-07-07,20.3082,23.1062,-0.0242,0.213
2006-07-08,20.2997,23.1206,-0.0306,0.1834
2006-07-09,20.3118,23.1707,-0.0175,0.1876
2006-07-10,20.3095,23.2076,-0.0213,0.1816
2006-07-11,20.3007,23.2415,-0.0331,0.1804
2006-07-12,20.2892,23.2637,-0.0469,0.1685
2006-07-13,20.2837,23.2616,-0.0553,0.1398
2006-07-14,20.2842,23.236,-0.0568,0.0825
2006-07-15,20.3094,23.2869,-0.0337,0.0989
2006-07-16,20.3243,23.359,-0.0219,0.1318
2006-07-17,20.3389,23.4287,-0.009,0.1653
2006-07-18,20.3456,23.4979,-0.0022,0.1982
2006-07-19,20.3478,23.5804,-0.0,0.2445
2006-07-20,20.3386,23.5739,-0.0087,0.2087
2006-07-21,20.3255,23.5641,-0.0233,0.1659
2006-07-22,20.3276,23.6014,-0.0244,0.1647
2006-07-23,20.3327,23.6547,-0.0212,0.1809
2006-07-24,20.3417,23.7316,-0.0143,0.2221
2006-07-25,20.3478,23.7282,-0.0111,0.1861
2006-07-26,20.3516,23.704,-0.0118,0.1338
2006-07-27,20.3578,23.7048,-0.0122,0.0961
2006-07-28,20.3681,23.6994,-0.0097,0.0465
2006-07-29,20.3855,23.7592,0.0025,0.0705
2006-07-30,20.3941,23.8708,0.0067,0.1382
2006-07-31,20.4098,23.9318,0.0194,0.1621
2006-08-01,20.4108,24.0002,0.0212,0.205
2006-08-02,20.3982,24.0136,0.0085,0.195
2006-08-03,20.3841,24.0267,-0.0049,0.1804
2006-08-04,20.3748,24.0119,-0.0154,0.1394
2006-08-05,20.3766,24.0161,-0.0157,0.1158
2006-08-06,20.3837,24.0907,-0.0092,0.1585
2006-08-07,20.3894,24.1293,-0.0063,0.1729
2006-08-08,20.3858,24.1712,-0.0116,0.1945
2006-08-09,20.373,24.2136,-0.0238,0.2239
2006-08-10,20.3691,24.2867,-0.0296,0.2736
2006-08-11,20.3795,24.3364,-0.0221,0.2915
2006-08-12,20.3868,24.3523,-0.0174,0.2767
2006-08-13,20.4028,24.3981,-0.0031,0.2997
2006-08-14,20.4213,24.4031,0.0133,0.2828
2006-08-15,20.4297,24.397,0.0207,0.2612
2006-08-16,20.429,24.3897,0.0191,0.2436
2006-08-17,20.4258,24.3794,0.0169,0.2299
2006-08-18,20.4252,24.3398,0.0187,0.1965
2006-08-19,20.4238,24.358,0.0171,0.2099
2006-08-20,20.4159,24.3615,0.008,0.1996
2006-08-21,20.4229,24.4106,0.0131,0.2306
2006-08-22,20.4329,24.4317,0.0233,0.2443
2006-08-23,20.4476,24.4235,0.0382,0.2277
2006-08-24,20.4656,24.4083,0.0563,0.206
2006-08-25,20.4768,24.4107,0.0673,0.203
2006-08-26,20.4799,24.421,0.0703,0.2064
2006-08-27,20.4852,24.4481,0.074,0.2225
2006-08-28,20.4857,24.435,0.075,0.2075
2006-08-29,20.4881,24.4493,0.0769,0.2209
2006-08-30,20.4833,24.452,0.0726,0.2294
2006-08-31,20.4751,24.4514,0.0663,0.2364
2006-09-01,20.4639,24.4371,0.055,0.2281
2006-09-02,20.4428,24.4077,0.0346,0.1998
2006-09-03,20.4313,24.3826,0.0251,0.1794
2006-09-04,20.4506,24.4243,0.0457,0.2229
2006-09-05,20.4605,24.3895,0.0585,0.1945
2006-09-06,20.4649,24.3557,0.0678,0.1784
2006-09-07,20.4608,24.3725,0.0714,0.2116
2006-09-08,20.4533,24.3756,0.0697,0.2326
2006-09-09,20.4541,24.3782,0.0756,0.2528
2006-09-10,20.4413,24.3364,0.0688,0.2261
2006-09-11,20.4185,24.2723,0.0531,0.1822
2006-09-12,20.4058,24.2291,0.0455,0.1551
2006-09-13,20.3959,24.2044,0.0409,0.1418
2006-09-14,20.3816,24.161,0.0343,0.1138
2006-09-15,20.3851,24.1807,0.0443,0.1473
2006-09-16,20.3858,24.1967,0.0512,0.1807
2006-09-17,20.392,24.2106,0.0633,0.2134
2006-09-18,20.399,24.1839,0.0747,0.2093
2006-09-19,20.4011,24.1918,0.0798,0.2327
2006-09-20,20.3993,24.1892,0.0778,0.2435
2006-09-21,20.3895,24.1711,0.0697,0.2449
2006-09-22,20.3846,24.1302,0.0674,0.2229
2006-09-23,20.3735,24.0565,0.0582,0.1654
2006-09-24,20.3662,24.0194,0.0538,0.149
2006-09-25,20.3617,23.986,0.0522,0.1322
2006-09-26,20.3704,23.995,0.0645,0.1575
2006-09-27,20.3663,24.0082,0.0656,0.1875
2006-09-28,20.3563,24.006,0.063,0.2043
2006-09-29,20.3583,24.0045,0.0715,0.2249
2006-09-30,20.3608,23.9927,0.0786,0.2402
2006-10-01,20.3661,23.9654,0.0877,0.2434
2006-10-02,20.3541,23.9295,0.0806,0.24
2006-10-03,20.3337,23.8987,0.0659,0.2415
2006-10-04,20.3186,23.8697,0.0554,0.2422
2006-10-05,20.2919,23.8147,0.0341,0.2168
2006-10-06,20.2703,23.7323,0.0169,0.1646
2006-10-07,20.2571,23.6554,0.0064,0.1128
2006-10-08,20.2465,23.6182,0.0011,0.1102
2006-10-09,20.2474,23.6056,0.0064,0.1347
2006-10-10,20.2455,23.5929,0.0098,0.1569
2006-10-11,20.2471,23.5863,0.0185,0.1817
2006-10-12,20.2432,23.5744,0.0204,0.2002
2006-10-13,20.2441,23.5664,0.0263,0.2259
2006-10-14,20.2487,23.5522,0.0354,0.2442
2006-10-15,20.2534,23.509,0.0418,0.2338
2006-10-16,20.2597,23.4897,0.0487,0.2432
2006-10-17,20.2534,23.4518,0.044,0.2331
2006-10-18,20.2331,23.417,0.0269,0.224
2006-10-19,20.2286,23.4021,0.0227,0.2388
2006-10-20,20.2308,23.3859,0.0274,0.2556
2006-10-21,20.2354,23.3715,0.0347,0.2779
2006-10-22,20.2368,23.3644,0.0389,0.3082
2006-10-23,20.2264,23.3374,0.0301,0.3184
2006-10-24,20.2199,23.3059,0.0245,0.324
2006-10-25,20.218,23.2603,0.024,0.3163
2006-10-26,20.2126,23.1942,0.0217,0.2908
2006-10-27,20.2065,23.131,0.0194,0.2676
2006-10-28,20.1959,23.0408,0.0134,0.2225
2006-10-29,20.1914,22.9758,0.0138,0.2029
2006-10-30,20.1888,22.9458,0.0162,0.2173
2006-10-31,20.1885,22.9313,0.0208,0.2437
2006-11-01,20.1909,22.9283,0.0303,0.2827
2006-11-02,20.1951,22.8974,0.0393,0.2972
2006-11-03,20.2045,22.8528,0.053,0.3001
2006-11-04,20.2073,22.7921,0.0595,0.2866
2006-11-05,20.2139,22.7445,0.0682,0.2775
2006-11-06,20.2238,22.7194,0.078,0.2889
2006-11-07,20.2193,22.6811,0.0734,0.289
2006-11-08,20.2143,22.6475,0.0678,0.2918
2006-11-09,20.2141,22.6387,0.0662,0.3206
2006-11-10,20.2115,22.6398,0.0625,0.3605
2006-11-11,20.2057,22.582,0.0574,0.3465
2006-11-12,20.2086,22.499,0.0598,0.3114
2006-11-13,20.2081,22.4557,0.0598,0.3162
2006-11-14,20.2106,22.4568,0.0619,0.3598
2006-11-15,20.2137,22.4414,0.067,0.3809
2006-11-16,20.2161,22.4423,0.0692,0.4116
2006-11-17,20.2187,22.3841,0.0715,0.3899
2006-11-18,20.2219,22.3094,0.0759,0.3587
2006-11-19,20.2355,22.3071,0.0888,0.3997
2006-11-20,20.2434,22.2864,0.0962,0.4226
2006-11-21,20.2532,22.2472,0.1031,0.4208
2006-11-22,20.2645,22.1663,0.1119,0.378
2006-11-23,20.2669,22.1111,0.1117,0.3653
2006-11-24,20.276,22.0817,0.1191,0.3739
2006-11-25,20.2846,22.0278,0.1258,0.361
2006-11-26,20.29,21.9371,0.1315,0.3184
2006-11-27,20.2841,21.8801,0.1263,0.3013
2006-11-28,20.2786,21.8595,0.122,0.3193
2006-11-29,20.2681,21.8317,0.1141,0.3373
2006-11-30,20.2659,21.8156,0.1125,0.3616
2006-12-01,20.2541,21.775,0.0975,0.356
2006-12-02,20.2456,21.7035,0.0857,0.3203
2006-12-03,20.2366,21.634,0.0739,0.288
2006-12-04,20.2377,21.5538,0.0735,0.2496
2006-12-05,20.2305,21.4869,0.0623,0.223
2006-12-06,20.2443,21.4492,0.0727,0.2218
2006-12-07,20.2407,21.4128,0.0671,0.2252
2006-12-08,20.2411,21.3712,0.0674,0.222
2006-12-09,20.2562,21.3203,0.0813,0.2072
2006-12-10,20.2766,21.2497,0.1015,0.1767
2006-12-11,20.2825,21.1783,0.1083,0.148
2006-12-12,20.2903,21.1163,0.1143,0.1304
2006-12-13,20.2993,21.0603,0.1187,0.1115
2006-12-14,20.2945,21.0182,0.11,0.1016
2006-12-15,20.294,21.0052,0.1059,0.1246
2006-12-16,20.3163,20.9721,0.1242,0.1346
2006-12-17,20.329,20.9109,0.1326,0.1139
2006-12-18,20.3344,20.8916,0.1344,0.1302
2006-12-19,20.3289,20.8665,0.1263,0.1374
2006-12-20,20.3198,20.8471,0.1153,0.1519
2006-12-21,20.3138,20.823,0.107,0.1587
2006-12-22,20.3139,20.799,0.1041,0.1587
2006-12-23,20.3135,20.7615,0.0967,0.143
2006-12-24,20.327,20.7147,0.1009,0.127
2006-12-25,20.3455,20.6912,0.1106,0.1363
2006-12-26,20.3511,20.6603,0.1119,0.1393
2006-12-27,20.3492,20.6332,0.1066,0.1476
2006-12-28,20.353,20.6238,0.1076,0.1736
2006-12-29,20.3545,20.6208,0.1048,0.2009
2006-12-30,20.3695,20.5933,0.1174,0.2053
2006-12-31,20.3558,20.5287,0.0992,0.1722
2007-01-01,20.3503,20.5282,0.101,0.2264
2007-01-02,20.3462,20.4614,0.0938,0.1899
2007-01-03,20.3375,20.4055,0.0806,0.1617
2007-01-04,20.3281,20.3346,0.066,0.1263
2007-01-05,20.3244,20.3016,0.0587,0.1268
2007-01-06,20.3308,20.3157,0.0621,0.1696
2007-01-07,20.3414,20.3183,0.0685,0.1993
2007-01-08,20.3563,20.3131,0.0781,0.2239
2007-01-09,20.365,20.3017,0.0824,0.2412
2007-01-10,20.3658,20.2617,0.078,0.2286
2007-01-11,20.3674,20.1893,0.0732,0.182
2007-01-12,20.3771,20.1565,0.077,0.1719
2007-01-13,20.3889,20.132,0.0815,0.1746
2007-01-14,20.3952,20.0885,0.0819,0.1577
2007-01-15,20.4024,20.0711,0.0854,0.163
2007-01-16,20.3976,20.0561,0.0759,0.1713
2007-01-17,20.3941,20.0406,0.0677,0.1795
2007-01-18,20.3965,20.035,0.0653,0.193
2007-01-19,20.4024,20.0287,0.0656,0.2063
2007-01-20,20.3999,19.9915,0.0589,0.1895
2007-01-21,20.4027,19.9603,0.0581,0.1752
2007-01-22,20.4173,19.9469,0.0679,0.1751
2007-01-23,20.4273,19.921,0.0729,0.1745
2007-01-24,20.4464,19.9234,0.0862,0.2005
2007-01-25,20.4712,19.9342,0.1034,0.2329
2007-01-26,20.484,19.9324,0.1116,0.2534
2007-01-27,20.4831,19.9146,0.1078,0.2589
2007-01-28,20.4735,19.888,0.0936,0.2498
2007-01-29,20.4655,19.8758,0.0787,0.254
2007-01-30,20.4777,19.8506,0.0847,0.2418
2007-01-31,20.5,19.8382,0.103,0.2412
2007-02-01,20.5092,19.8216,0.1095,0.2402
2007-02-02,20.5158,19.8111,0.113,0.2459
2007-02-03,20.5139,19.8138,0.1047,0.2632
2007-02-04,20.5124,19.8023,0.0961,0.2691
2007-02-05,20.5148,19.772,0.0919,0.2558
2007-02-06,20.5097,19.7515,0.0823,0.253
2007-02-07,20.5052,19.7406,0.072,0.2567
2007-02-08,20.5107,19.743,0.0713,0.2701
2007-02-09,20.5221,19.7458,0.0762,0.2816
2007-02-10,20.5295,19.7671,0.078,0.3102
2007-02-11,20.5392,19.7705,0.0817,0.3166
2007-02-12,20.5484,19.7724,0.0854,0.331
2007-02-13,20.5573,19.7629,0.092,0.3409
2007-02-14,20.5622,19.7361,0.0932,0.3327
2007-02-15,20.5696,19.7058,0.0949,0.3211
2007-02-16,20.5691,19.6833,0.0905,0.3095
2007-02-17,20.5611,19.6546,0.0793,0.2853
2007-02-18,20.5565,19.6307,0.0713,0.2683
2007-02-19,20.5599,19.6103,0.0713,0.2512
2007-02-20,20.5701,19.5759,0.0774,0.2241
2007-02-21,20.5839,19.5568,0.0873,0.2139
2007-02-22,20.5928,19.5718,0.0917,0.2376
2007-02-23,20.5994,19.612,0.0932,0.2844
2007-02-24,20.5979,19.6032,0.088,0.2804
2007-02-25,20.5942,19.5868,0.0808,0.2619
2007-02-26,20.5856,19.5869,0.0711,0.2658
2007-02-27,20.5874,19.5881,0.0713,0.2681
2007-02-28,20.582,19.5755,0.0678,0.2461
2007-03-01,20.5705,19.5599,0.0532,0.2411
2007-03-02,20.5649,19.5679,0.0479,0.2473
2007-03-03,20.5645,19.5649,0.0456,0.2464
2007-03-04,20.5763,19.5452,0.0564,0.2315
2007-03-05,20.5827,19.535,0.0638,0.2272
2007-03-06,20.5778,19.551,0.0591,0.2511
2007-03-07,20.5665,19.5464,0.0481,0.2565
2007-03-08,20.5657,19.541,0.0471,0.2522
2007-03-09,20.5613,19.5377,0.0405,0.2432
2007-03-10,20.5535,19.5364,0.0304,0.2372
2007-03-11,20.5671,19.5358,0.0423,0.2356
2007-03-12,20.5715,19.5178,0.043,0.2141
2007-03-13,20.5775,19.5018,0.0469,0.1948
2007-03-14,20.584,19.4932,0.0507,0.1781
2007-03-15,20.5878,19.5072,0.0515,0.1796
2007-03-16,20.5909,19.5376,0.0506,0.1925
2007-03-17,20.587,19.5497,0.0437,0.1919
2007-03-18,20.572,19.5159,0.0226,0.1511
2007-03-19,20.5529,19.4805,-0.0021,0.1089
2007-03-20,20.5413,19.4448,-0.0172,0.0661
2007-03-21,20.5343,19.4322,-0.0246,0.0454
2007-03-22,20.5319,19.4321,-0.027,0.04
2007-03-23,20.5413,19.4504,-0.0169,0.0539
2007-03-24,20.5436,19.4604,-0.0111,0.0613
2007-03-25,20.5315,19.4681,-0.0218,0.0618
2007-03-26,20.5179,19.4602,-0.0354,0.0458
2007-03-27,20.5082,19.4734,-0.0452,0.0507
2007-03-28,20.4981,19.4865,-0.0561,0.058
2007-03-29,20.4907,19.4916,-0.0625,0.0511
2007-03-30,20.4844,19.4784,-0.0678,0.0251
2007-03-31,20.4816,19.4761,-0.0685,0.0143
2007-04-01,20.4917,19.4854,-0.057,0.0131
2007-04-02,20.5024,19.4991,-0.0428,0.0088
2007-04-03,20.5123,19.5334,-0.0303,0.0267
2007-04-04,20.5183,19.5754,-0.0217,0.0542
2007-04-05,20.5273,19.6173,-0.0102,0.0766
2007-04-06,20.5319,19.6361,-0.0028,0.0825
2007-04-07,20.5298,19.6356,-0.002,0.0688
2007-04-08,20.5308,19.6681,0.0021,0.0848
2007-04-09,20.5387,19.7131,0.0113,0.1099
2007-04-10,20.5443,19.7434,0.0189,0.1205
2007-04-11,20.5411,19.7789,0.0215,0.1421
2007-04-12,20.5323,19.7986,0.0181,0.1504
2007-04-13,20.5251,19.8184,0.0147,0.1557
2007-04-14,20.5238,19.8572,0.016,0.173
2007-04-15,20.511,19.8764,0.0069,0.1663
2007-04-16,20.497,19.8668,-0.0056,0.1317
2007-04-17,20.491,19.8776,-0.0097,0.1219
2007-04-18,20.4867,19.9308,-0.0113,0.1527
2007-04-19,20.4742,19.9784,-0.0202,0.1783
2007-04-20,20.4638,20.0049,-0.03,0.1733
2007-04-21,20.4631,20.0165,-0.0286,0.1552
2007-04-22,20.4764,20.0418,-0.0155,0.1495
2007-04-23,20.4765,20.0653,-0.0136,0.1408
2007-04-24,20.4662,20.072,-0.0228,0.1184
2007-04-25,20.4599,20.0573,-0.0279,0.0767
2007-04-26,20.4515,20.077,-0.0326,0.0727
2007-04-27,20.4348,20.1257,-0.0458,0.0976
2007-04-28,20.4163,20.1591,-0.0606,0.1047
2007-04-29,20.4054,20.1721,-0.0671,0.0967
2007-04-30,20.4003,20.2063,-0.0679,0.1101
2007-05-01,20.3972,20.2618,-0.0658,0.1344
2007-05-02,20.3998,20.292,-0.0593,0.1296
2007-05-03,20.3967,20.3439,-0.0615,0.1418
2007-05-04,20.3921,20.3867,-0.063,0.1505
2007-05-05,20.39,20.4067,-0.0601,0.1406
2007-05-06,20.3952,20.4306,-0.0495,0.1367
2007-05-07,20.3883,20.4536,-0.0506,0.1329
2007-05-08,20.3804,20.4947,-0.0543,0.1422
2007-05-09,20.3774,20.5655,-0.054,0.1814
2007-05-10,20.3693,20.6351,-0.0597,0.2234
2007-05-11,20.3679,20.7175,-0.0582,0.2732
2007-05-12,20.3709,20.7783,-0.0516,0.305
2007-05-13,20.3619,20.7925,-0.0589,0.2809
2007-05-14,20.3521,20.7823,-0.0662,0.2424
2007-05-15,20.3482,20.7655,-0.0684,0.1991
2007-05-16,20.3493,20.7606,-0.0635,0.1623
2007-05-17,20.3663,20.7841,-0.044,0.1514
2007-05-18,20.3799,20.7874,-0.0278,0.1182
2007-05-19,20.3848,20.7836,-0.0198,0.0734
2007-05-20,20.3815,20.8081,-0.021,0.0567
2007-05-21,20.3812,20.841,-0.0187,0.0484
2007-05-22,20.3801,20.8809,-0.0181,0.0513
2007-05-23,20.3755,20.8923,-0.0206,0.022
2007-05-24,20.3691,20.9255,-0.023,0.0189
2007-05-25,20.3619,20.9679,-0.0255,0.019
2007-05-26,20.3499,21.0278,-0.0331,0.0372
2007-05-27,20.3315,21.0561,-0.0473,0.0239
2007-05-28,20.3238,21.0691,-0.0523,-0.0103
2007-05-29,20.3164,21.0716,-0.0558,-0.0582
2007-05-30,20.3136,21.0713,-0.0536,-0.1012
2007-05-31,20.3095,21.0652,-0.0528,-0.1485
2007-06-01,20.3119,21.1057,-0.0472,-0.1539
2007-06-02,20.3098,21.1649,-0.0465,-0.1333
2007-06-03,20.3125,21.2272,-0.0412,-0.11
2007-06-04,20.314,21.2834,-0.0359,-0.0945
2007-06-05,20.308,21.3384,-0.0356,-0.0801
2007-06-06,20.3074,21.3902,-0.0287,-0.0701
2007-06-07,20.3175,21.4852,-0.0137,-0.0198
2007-06-08,20.3333,21.5622,0.0048,0.0132
2007-06-09,20.3516,21.6399,0.0248,0.0418
2007-06-10,20.3733,21.7053,0.0503,0.0617
2007-06-11,20.3925,21.7394,0.0722,0.0483
2007-06-12,20.3975,21.7403,0.0794,0.0055
2007-06-13,20.3965,21.7374,0.0794,-0.0429
2007-06-14,20.4056,21.7714,0.0892,-0.0584
2007-06-15,20.3982,21.8275,0.0808,-0.0535
2007-06-16,20.3962,21.8872,0.0737,-0.0499
2007-06-17,20.3879,21.9257,0.064,-0.0616
2007-06-18,20.3756,21.9756,0.0529,-0.0633
2007-06-19,20.3616,22.0331,0.0405,-0.0577
2007-06-20,20.3468,22.0966,0.0267,-0.0363
2007-06-21,20.3432,22.1538,0.0223,-0.0226
2007-06-22,20.3503,22.2359,0.0273,0.0105
2007-06-23,20.3571,22.3172,0.032,0.0434
2007-06-24,20.3626,22.4225,0.0363,0.0943
2007-06-25,20.3677,22.4745,0.0414,0.0937
2007-06-26,20.3592,22.4904,0.0329,0.0598
2007-06-27,20.3407,22.4931,0.0141,0.0168
2007-06-28,20.3211,22.4782,-0.0066,-0.0384
2007-06-29,20.3074,22.4834,-0.0205,-0.0733
2007-06-30,20.3025,22.5035,-0.0262,-0.0956
2007-07-01,20.3036,22.5785,-0.027,-0.0591
2007-07-02,20.3103,22.6551,-0.0191,-0.0209
2007-07-03,20.3234,22.7411,-0.0056,0.0269
2007-07-04,20.3381,22.7859,0.0071,0.0288
2007-07-05,20.3483,22.8291,0.0155,0.0239
2007-07-06,20.3544,22.849,0.021,-0.002
2007-07-07,20.3539,22.862,0.0215,-0.0312
2007-07-08,20.3424,22.8687,0.0121,-0.0685
2007-07-09,20.321,22.8601,-0.0083,-0.123
2007-07-10,20.3084,22.8749,-0.0224,-0.1511
2007-07-11,20.2989,22.8935,-0.0349,-0.1676
2007-07-12,20.2956,22.9295,-0.0405,-0.1657
2007-07-13,20.2919,22.9681,-0.0471,-0.1537
2007-07-14,20.2859,23.0221,-0.0551,-0.1314
2007-07-15,20.2911,23.0864,-0.052,-0.1016
2007-07-16,20.3017,23.1671,-0.0445,-0.0601
2007-07-17,20.3061,23.2282,-0.0418,-0.0352
2007-07-18,20.3015,23.2599,-0.0463,-0.0398
2007-07-19,20.297,23.2925,-0.0508,-0.0434
2007-07-20,20.2924,23.3206,-0.0549,-0.0446
2007-07-21,20.2893,23.3179,-0.0595,-0.0803
2007-07-22,20.2872,23.3256,-0.0648,-0.1111
2007-07-23,20.2838,23.3362,-0.0701,-0.1376
2007-07-24,20.2932,23.3699,-0.0628,-0.1396
2007-07-25,20.3026,23.4389,-0.0563,-0.1032
2007-07-26,20.3196,23.5135,-0.0438,-0.0567
2007-07-27,20.3292,23.5959,-0.0408,-0.0128
2007-07-28,20.3412,23.6672,-0.0366,0.0143
2007-07-29,20.3612,23.7333,-0.0218,0.0446
2007-07-30,20.3649,23.7609,-0.0225,0.0283
2007-07-31,20.3547,23.7946,-0.0357,0.0249
2007-08-01,20.3425,23.7969,-0.0471,0.0017
2007-08-02,20.3331,23.7482,-0.0566,-0.0704
2007-08-03,20.3361,23.7313,-0.0529,-0.115
2007-08-04,20.3442,23.7466,-0.046,-0.1259
2007-08-05,20.3448,23.7824,-0.0475,-0.1179
2007-08-06,20.3361,23.809,-0.0568,-0.1232
2007-08-07,20.3295,23.8085,-0.0662,-0.1479
2007-08-08,20.3255,23.8219,-0.0719,-0.1548
2007-08-09,20.3246,23.8071,-0.0722,-0.1826
2007-08-10,20.3272,23.8132,-0.0715,-0.1999
2007-08-11,20.3281,23.8336,-0.0735,-0.2113
2007-08-12,20.3357,23.8746,-0.0685,-0.201
2007-08-13,20.3433,23.8772,-0.0626,-0.2212
2007-08-14,20.3508,23.8847,-0.0572,-0.2356
2007-08-15,20.3516,23.8875,-0.0574,-0.2483
2007-08-16,20.3345,23.8876,-0.0754,-0.2585
2007-08-17,20.311,23.8501,-0.0979,-0.2994
2007-08-18,20.2943,23.8197,-0.1122,-0.3236
2007-08-19,20.279,23.7765,-0.1277,-0.3716
2007-08-20,20.2776,23.7508,-0.1303,-0.4111
2007-08-21,20.2862,23.773,-0.1236,-0.407
2007-08-22,20.2992,23.7981,-0.1104,-0.3893
2007-08-23,20.3141,23.8568,-0.0953,-0.339
2007-08-24,20.3188,23.9062,-0.0905,-0.2961
2007-08-25,20.3238,23.9519,-0.0857,-0.2558
2007-08-26,20.3315,23.9729,-0.0781,-0.2417
2007-08-27,20.3281,23.9825,-0.0831,-0.2431
2007-08-28,20.3315,23.9815,-0.0792,-0.246
2007-08-29,20.3338,23.9944,-0.0774,-0.234
2007-08-30,20.3448,24.0227,-0.0659,-0.1999
2007-08-31,20.3608,24.0392,-0.048,-0.1758
2007-09-01,20.3756,24.0335,-0.0333,-0.1755
2007-09-02,20.3877,24.0141,-0.0205,-0.1938
2007-09-03,20.3927,24.031,-0.0135,-0.1722
2007-09-04,20.3927,24.039,-0.0122,-0.1624
2007-09-05,20.3904,24.0446,-0.0116,-0.1504
2007-09-06,20.3871,24.0612,-0.01,-0.1161
2007-09-07,20.386,24.0845,-0.0034,-0.0764
2007-09-08,20.385,24.1108,0.0014,-0.0322
2007-09-09,20.3874,24.1254,0.0089,0.0
2007-09-10,20.3788,24.1368,0.0063,0.0265
2007-09-11,20.3667,24.1132,0.0013,0.0231
2007-09-12,20.3558,24.1007,-0.0045,0.0267
2007-09-13,20.3539,24.1096,-0.0011,0.047
2007-09-14,20.3489,24.1126,0.0016,0.0654
2007-09-15,20.3441,24.1137,0.0033,0.0803
2007-09-16,20.3394,24.0843,0.0048,0.0683
2007-09-17,20.3242,24.0623,-0.0045,0.0651
2007-09-18,20.3089,24.052,-0.0154,0.0774
2007-09-19,20.2988,24.0267,-0.0225,0.0676
2007-09-20,20.2967,24.0201,-0.0248,0.0744
2007-09-21,20.2941,24.0122,-0.0257,0.086
2007-09-22,20.2801,23.9979,-0.0371,0.0906
2007-09-23,20.2673,23.9637,-0.048,0.0726
2007-09-24,20.2555,23.9179,-0.0569,0.0475
2007-09-25,20.246,23.8885,-0.0635,0.0347
2007-09-26,20.2329,23.865,-0.073,0.0275
2007-09-27,20.219,23.8433,-0.0817,0.0226
2007-09-28,20.196,23.8062,-0.0973,0.0045
2007-09-29,20.1764,23.7946,-0.1104,0.015
2007-09-30,20.1713,23.7825,-0.1109,0.03
2007-10-01,20.1731,23.7555,-0.1053,0.0335
2007-10-02,20.1771,23.7177,-0.0964,0.0282
2007-10-03,20.1877,23.6869,-0.0801,0.0297
2007-10-04,20.1985,23.6855,-0.0647,0.058
2007-10-05,20.2005,23.6844,-0.0573,0.0865
2007-10-06,20.2038,23.6764,-0.0496,0.1087
2007-10-07,20.2051,23.6511,-0.0456,0.1085
2007-10-08,20.2064,23.6014,-0.039,0.0934
2007-10-09,20.2013,23.5409,-0.0397,0.07
2007-10-10,20.1992,23.5013,-0.0365,0.0653
2007-10-11,20.2033,23.4819,-0.0253,0.0773
2007-10-12,20.208,23.4667,-0.0148,0.0925
2007-10-13,20.203,23.4645,-0.0148,0.124
2007-10-14,20.1951,23.447,-0.0182,0.139
2007-10-15,20.1829,23.4121,-0.0287,0.1369
2007-10-16,20.1717,23.3833,-0.0393,0.1368
2007-10-17,20.1719,23.3639,-0.0375,0.1452
2007-10-18,20.1671,23.3469,-0.0391,0.1539
2007-10-19,20.1706,23.3315,-0.0353,0.1682
2007-10-20,20.1628,23.3136,-0.0406,0.1833
2007-10-21,20.1475,23.2746,-0.0532,0.181
2007-10-22,20.1391,23.2352,-0.0588,0.179
2007-10-23,20.1389,23.2124,-0.0574,0.1934
2007-10-24,20.1332,23.1974,-0.0622,0.2155
2007-10-25,20.1209,23.1648,-0.0731,0.2208
2007-10-26,20.108,23.1326,-0.0829,0.2292
2007-10-27,20.0936,23.0749,-0.0935,0.2115
2007-10-28,20.0789,23.026,-0.1036,0.2077
2007-10-29,20.0681,22.9677,-0.1095,0.1948
2007-10-30,20.0599,22.9091,-0.1127,0.1806
2007-10-31,20.0518,22.8482,-0.1159,0.1606
2007-11-01,20.0396,22.7814,-0.121,0.1358
2007-11-02,20.0237,22.7198,-0.1321,0.1196
2007-11-03,20.0108,22.6464,-0.1407,0.0937
2007-11-04,20.0073,22.6205,-0.1405,0.115
2007-11-05,20.02,22.6379,-0.1257,0.1709
2007-11-06,20.0367,22.6563,-0.1091,0.2258
2007-11-07,20.0453,22.6212,-0.1006,0.2291
2007-11-08,20.0565,22.5699,-0.09,0.2142
2007-11-09,20.0585,22.5171,-0.0894,0.199
2007-11-10,20.0545,22.4453,-0.0945,0.166
2007-11-11,20.0444,22.3994,-0.1039,0.1639
2007-11-12,20.038,22.3567,-0.1108,0.1691
2007-11-13,20.0287,22.3034,-0.1196,0.1639
2007-11-14,20.0082,22.2517,-0.1405,0.1547
2007-11-15,19.9937,22.2178,-0.153,0.1573
2007-11-16,19.9878,22.2097,-0.1591,0.179
2007-11-17,19.9781,22.1827,-0.1691,0.1885
2007-11-18,19.9664,22.161,-0.1796,0.2103
2007-11-19,19.9594,22.1163,-0.1873,0.2089
2007-11-20,19.9597,22.0608,-0.1875,0.197
2007-11-21,19.9601,22.0198,-0.19,0.1934
2007-11-22,19.9638,21.993,-0.1888,0.2047
2007-11-23,19.9726,21.9463,-0.1826,0.2005
2007-11-24,19.98,21.893,-0.1769,0.1852
2007-11-25,19.9788,21.828,-0.18,0.1612
2007-11-26,19.9787,21.7808,-0.1798,0.1621
2007-11-27,19.9762,21.7504,-0.1816,0.1716
2007-11-28,19.9679,21.6928,-0.1887,0.1526
2007-11-29,19.9678,21.6383,-0.1862,0.1439
2007-11-30,19.9805,21.6177,-0.1729,0.1637
2007-12-01,19.994,21.5789,-0.1626,0.1599
2007-12-02,20.0039,21.5318,-0.156,0.1486
2007-12-03,20.0163,21.4827,-0.1464,0.1367
2007-12-04,20.0186,21.4457,-0.1456,0.1415
2007-12-05,20.0063,21.4076,-0.1619,0.1437
2007-12-06,19.9942,21.3816,-0.1774,0.1542
2007-12-07,19.9893,21.3694,-0.1843,0.1818
2007-12-08,19.9883,21.3355,-0.1854,0.1863
2007-12-09,20.0021,21.2874,-0.1728,0.1743
2007-12-10,20.0086,21.2546,-0.1664,0.1816
2007-12-11,20.015,21.214,-0.1592,0.1837
2007-12-12,20.031,21.1607,-0.145,0.1748
2007-12-13,20.0439,21.1099,-0.1367,0.161
2007-12-14,20.0463,21.053,-0.1382,0.1364
2007-12-15,20.0427,21.0021,-0.1454,0.1215
2007-12-16,20.0323,20.9808,-0.1598,0.1432
2007-12-17,20.026,20.9534,-0.1704,0.1564
2007-12-18,20.0425,20.9022,-0.1575,0.1408
2007-12-19,20.05,20.8231,-0.1526,0.094
2007-12-20,20.0524,20.7567,-0.1521,0.0615
2007-12-21,20.0511,20.712,-0.1557,0.0477
2007-12-22,20.0478,20.6748,-0.162,0.0345
2007-12-23,20.0525,20.6485,-0.1643,0.03
2007-12-24,20.0653,20.6284,-0.1608,0.0407
2007-12-25,20.072,20.602,-0.1629,0.0471
2007-12-26,20.0761,20.5485,-0.1631,0.0275
2007-12-27,20.084,20.525,-0.1586,0.0394
2007-12-28,20.0806,20.4969,-0.1648,0.0467
2007-12-29,20.0841,20.4672,-0.1656,0.0473
2007-12-30,20.0837,20.4278,-0.1684,0.0398
2007-12-31,20.0962,20.3851,-0.1604,0.0286
2008-01-01,20.0899,20.3308,-0.1594,0.029
2008-01-02,20.0823,20.3075,-0.1701,0.036
2008-01-03,20.0674,20.2865,-0.1895,0.0427
2008-01-04,20.0595,20.2368,-0.2026,0.0285
2008-01-05,20.0733,20.202,-0.1924,0.0272
2008-01-06,20.0892,20.1768,-0.1795,0.0307
2008-01-07,20.1091,20.1541,-0.1638,0.0351
2008-01-08,20.1342,20.1332,-0.144,0.044
2008-01-09,20.1559,20.1262,-0.1267,0.0657
2008-01-10,20.1669,20.119,-0.1209,0.0859
2008-01-11,20.1619,20.114,-0.1323,0.1067
2008-01-12,20.1612,20.1042,-0.1389,0.1196
2008-01-13,20.1725,20.1037,-0.1349,0.1463
2008-01-14,20.179,20.0841,-0.1343,0.1533
2008-01-15,20.1893,20.0769,-0.1277,0.1688
2008-01-16,20.1906,20.0516,-0.1311,0.1668
2008-01-17,20.1895,20.0587,-0.1369,0.1976
2008-01-18,20.1868,20.0638,-0.1444,0.2218
2008-01-19,20.202,20.0531,-0.1348,0.2307
2008-01-20,20.2104,20.0374,-0.1306,0.2354
2008-01-21,20.2086,19.9872,-0.136,0.2021
2008-01-22,20.2083,19.9338,-0.1411,0.162
2008-01-23,20.2239,19.9094,-0.1305,0.1629
2008-01-24,20.2446,19.8669,-0.1156,0.144
2008-01-25,20.2635,19.8298,-0.1043,0.1285
2008-01-26,20.2806,19.8115,-0.0918,0.1325
2008-01-27,20.2937,19.7725,-0.0816,0.1168
2008-01-28,20.3149,19.7269,-0.065,0.0887
2008-01-29,20.34,19.6815,-0.0468,0.0597
2008-01-30,20.3604,19.6682,-0.0326,0.0594
2008-01-31,20.3648,19.6415,-0.0322,0.0445
2008-02-01,20.3699,19.5887,-0.0298,0.0073
2008-02-02,20.3684,19.5764,-0.0344,0.0112
2008-02-03,20.3603,19.5737,-0.0489,0.0231
2008-02-04,20.3575,19.5931,-0.0588,0.0599
2008-02-05,20.3487,19.5969,-0.0742,0.0807
2008-02-06,20.3403,19.6075,-0.0871,0.109
2008-02-07,20.332,19.6071,-0.1012,0.1232
2008-02-08,20.3291,19.6022,-0.1103,0.1293
2008-02-09,20.3243,19.6193,-0.1216,0.1551
2008-02-10,20.3186,19.6325,-0.1329,0.1756
2008-02-11,20.3039,19.6109,-0.1536,0.157
2008-02-12,20.3029,19.5903,-0.1601,0.1489
2008-02-13,20.3079,19.557,-0.1574,0.135
2008-02-14,20.3176,19.5422,-0.1514,0.1388
2008-02-15,20.3291,19.539,-0.1456,0.1543
2008-02-16,20.3465,19.5548,-0.1321,0.181
2008-02-17,20.3618,19.574,-0.12,0.2047
2008-02-18,20.3746,19.5778,-0.1106,0.2154
2008-02-19,20.3824,19.5815,-0.1062,0.2224
2008-02-20,20.3942,19.5761,-0.0985,0.2243
2008-02-21,20.3931,19.5581,-0.1035,0.2152
2008-02-22,20.3919,19.5638,-0.1092,0.2296
2008-02-23,20.3893,19.5738,-0.1169,0.2462
2008-02-24,20.3813,19.567,-0.1286,0.2442
2008-02-25,20.3867,19.5735,-0.1267,0.2486
2008-02-26,20.4033,19.5984,-0.1112,0.2773
2008-02-27,20.4139,19.6154,-0.1022,0.2954
2008-02-28,20.4097,19.5827,-0.1045,0.2533
2008-02-29,20.4136,19.5566,-0.1006,0.2272
2008-03-01,20.4136,19.5405,-0.1037,0.2217
2008-03-02,20.4202,19.5082,-0.0968,0.1876
2008-03-03,20.424,19.4719,-0.0949,0.1534
2008-03-04,20.4298,19.4449,-0.0901,0.1312
2008-03-05,20.4369,19.4544,-0.082,0.1466
2008-03-06,20.4397,19.4725,-0.079,0.1726
2008-03-07,20.4523,19.4748,-0.0661,0.1849
2008-03-08,20.4531,19.4719,-0.0655,0.1831
2008-03-09,20.457,19.5026,-0.0638,0.2081
2008-03-10,20.4653,19.5347,-0.0578,0.2355
2008-03-11,20.4678,19.5542,-0.057,0.254
2008-03-12,20.459,19.5575,-0.0695,0.2538
2008-03-13,20.4552,19.5849,-0.0754,0.2779
2008-03-14,20.4573,19.608,-0.076,0.2929
2008-03-15,20.4585,19.6085,-0.0778,0.2809
2008-03-16,20.4644,19.6253,-0.0759,0.2802
2008-03-17,20.4598,19.6265,-0.0835,0.2687
2008-03-18,20.4534,19.6096,-0.096,0.2448
2008-03-19,20.4402,19.586,-0.1148,0.2143
2008-03-20,20.432,19.5732,-0.1265,0.1945
2008-03-21,20.4303,19.5702,-0.1286,0.1834
2008-03-22,20.425,19.5533,-0.1339,0.1612
2008-03-23,20.4411,19.5988,-0.1171,0.2023
2008-03-24,20.457,19.6265,-0.0977,0.2274
2008-03-25,20.4639,19.6308,-0.0894,0.2245
2008-03-26,20.4532,19.5744,-0.1001,0.16
2008-03-27,20.4451,19.5538,-0.1083,0.1311
2008-03-28,20.4416,19.5421,-0.1126,0.1136
2008-03-29,20.4456,19.5375,-0.1076,0.097
2008-03-30,20.4535,19.5415,-0.0987,0.0882
2008-03-31,20.4625,19.5258,-0.0876,0.064
2008-04-01,20.4657,19.4925,-0.083,0.0202
2008-04-02,20.4696,19.4931,-0.0756,0.0028
2008-04-03,20.4748,19.5048,-0.0678,-0.0019
2008-04-04,20.4665,19.5026,-0.0735,-0.0186
2008-04-05,20.4557,19.5229,-0.0818,-0.0178
2008-04-06,20.4357,19.5449,-0.099,-0.0087
2008-04-07,20.4361,19.5818,-0.0957,0.015
2008-04-08,20.446,19.6227,-0.0827,0.0394
2008-04-09,20.4483,19.6639,-0.0791,0.0607
2008-04-10,20.4562,19.6953,-0.0692,0.0724
2008-04-11,20.4503,19.7068,-0.0693,0.07
2008-04-12,20.4485,19.7058,-0.0657,0.0576
2008-04-13,20.4478,19.6964,-0.0626,0.0337
2008-04-14,20.4258,19.7009,-0.082,0.0167
2008-04-15,20.4026,19.7381,-0.1015,0.028
2008-04-16,20.3788,19.7706,-0.1238,0.0355
2008-04-17,20.3664,19.7915,-0.1343,0.0358
2008-04-18,20.3692,19.8421,-0.1288,0.064
2008-04-19,20.3617,19.8491,-0.1327,0.049
2008-04-20,20.361,19.8543,-0.1328,0.0227
2008-04-21,20.3687,19.8959,-0.123,0.0346
2008-04-22,20.3707,19.9377,-0.1212,0.0454
2008-04-23,20.3647,19.9509,-0.1254,0.0264
2008-04-24,20.363,19.9665,-0.126,0.0129
2008-04-25,20.3635,19.9934,-0.1243,0.0128
2008-04-26,20.3665,20.0469,-0.1176,0.0426
2008-04-27,20.3665,20.064,-0.1141,0.0359
2008-04-28,20.3603,20.0601,-0.1166,0.0057
2008-04-29,20.3461,20.0604,-0.1264,-0.015
2008-04-30,20.3325,20.0903,-0.1357,-0.0059
2008-05-01,20.3259,20.1553,-0.1371,0.0279
2008-05-02,20.3275,20.2336,-0.1316,0.0712
2008-05-03,20.3311,20.3147,-0.1271,0.1126
2008-05-04,20.3169,20.3419,-0.1382,0.1057
2008-05-05,20.3136,20.382,-0.1365,0.1159
2008-05-06,20.3235,20.4506,-0.1212,0.1567
2008-05-07,20.3297,20.4902,-0.1092,0.1695
2008-05-08,20.33,20.5201,-0.1047,0.1676
2008-05-09,20.3357,20.5554,-0.0957,0.1713
2008-05-10,20.3433,20.5987,-0.0857,0.187
2008-05-11,20.3533,20.6754,-0.0728,0.2311
2008-05-12,20.3616,20.715,-0.0609,0.2417
2008-05-13,20.3686,20.7492,-0.0522,0.2376
2008-05-14,20.3623,20.7723,-0.056,0.2324
2008-05-15,20.3687,20.8134,-0.0479,0.247
2008-05-16,20.3814,20.8656,-0.0314,0.2673
2008-05-17,20.4048,20.9315,-0.0055,0.2988
2008-05-18,20.4222,20.9992,0.0145,0.33
2008-05-19,20.4315,21.0335,0.0269,0.3233
2008-05-20,20.429,21.0489,0.0265,0.2975
2008-05-21,20.4201,21.0806,0.0202,0.288
2008-05-22,20.4099,21.1326,0.0117,0.303
2008-05-23,20.4052,21.1792,0.0091,0.3089
2008-05-24,20.4012,21.2203,0.0091,0.3137
2008-05-25,20.3912,21.2383,0.0038,0.2894
2008-05-26,20.3764,21.2378,-0.0066,0.2472
2008-05-27,20.3624,21.2472,-0.0164,0.215
2008-05-28,20.3466,21.2722,-0.0295,0.1928
2008-05-29,20.3389,21.3427,-0.0333,0.2129
2008-05-30,20.3333,21.395,-0.0339,0.2225
2008-05-31,20.3272,21.4352,-0.0351,0.2215
2008-06-01,20.3224,21.5424,-0.0367,0.2828
2008-06-02,20.3086,21.5985,-0.0477,0.3003
2008-06-03,20.3164,21.6738,-0.0373,0.3366
2008-06-04,20.3122,21.7258,-0.0377,0.3479
2008-06-05,20.3015,21.7424,-0.0421,0.3239
2008-06-06,20.2946,21.7893,-0.0415,0.329
2008-06-07,20.2775,21.8177,-0.0537,0.3127
2008-06-08,20.2582,21.8565,-0.0703,0.3075
2008-06-09,20.2509,21.929,-0.0759,0.3309
2008-06-10,20.2461,21.9964,-0.0769,0.3528
2008-06-11,20.2558,22.0765,-0.0645,0.3854
2008-06-12,20.2551,22.1599,-0.063,0.4251
2008-06-13,20.261,22.2506,-0.0561,0.4703
2008-06-14,20.2687,22.3271,-0.0477,0.4973
2008-06-15,20.2648,22.3475,-0.0526,0.4665
2008-06-16,20.2705,22.3886,-0.052,0.4515
2008-06-17,20.2711,22.4207,-0.0528,0.4334
2008-06-18,20.2706,22.4641,-0.0521,0.4252
2008-06-19,20.2744,22.5203,-0.0467,0.4294
2008-06-20,20.2859,22.5621,-0.0342,0.4292
2008-06-21,20.2982,22.5816,-0.0227,0.4052
2008-06-22,20.3033,22.6026,-0.0197,0.3772
2008-06-23,20.2994,22.6227,-0.0257,0.3489
2008-06-24,20.2996,22.6511,-0.0267,0.3229
2008-06-25,20.301,22.6804,-0.0253,0.2996
2008-06-26,20.2949,22.7257,-0.0314,0.2951
2008-06-27,20.2908,22.7849,-0.0358,0.3086
2008-06-28,20.2841,22.8415,-0.0436,0.3249
2008-06-29,20.2775,22.8677,-0.0504,0.311
2008-06-30,20.2801,22.9189,-0.0486,0.3198
2008-07-01,20.2853,22.9467,-0.0453,0.3091
2008-07-02,20.2877,22.9789,-0.0417,0.3029
2008-07-03,20.2942,23.0345,-0.0348,0.3203
2008-07-04,20.305,23.0996,-0.026,0.3425
2008-07-05,20.3144,23.1676,-0.0184,0.3624
2008-07-06,20.3274,23.2209,-0.006,0.3699
2008-07-07,20.3356,23.2634,0.0032,0.3702
2008-07-08,20.334,23.3104,0.0037,0.3732
2008-07-09,20.3264,23.3578,-0.0029,0.3747
2008-07-10,20.3245,23.3967,-0.0063,0.3707
2008-07-11,20.3355,23.4432,0.0017,0.3821
2008-07-12,20.3459,23.4796,0.0098,0.3844
2008-07-13,20.3559,23.5042,0.0169,0.3824
2008-07-14,20.3545,23.535,0.0135,0.3815
2008-07-15,20.3623,23.5844,0.0192,0.3964
2008-07-16,20.3653,23.5866,0.0191,0.3594
2008-07-17,20.369,23.5725,0.0211,0.3091
2008-07-18,20.3636,23.5812,0.0158,0.2815
2008-07-19,20.3582,23.5815,0.0104,0.2456
2008-07-20,20.3562,23.5939,0.0089,0.2287
2008-07-21,20.3556,23.6314,0.0068,0.2332
2008-07-22,20.3591,23.6798,0.0071,0.2431
2008-07-23,20.3602,23.7102,0.0063,0.2364
2008-07-24,20.3577,23.7353,0.0017,0.2258
2008-07-25,20.3619,23.7653,0.003,0.2232
2008-07-26,20.3619,23.7805,-0.0015,0.2103
2008-07-27,20.38,23.8566,0.0099,0.2479
2008-07-28,20.3836,23.8847,0.0058,0.2318
2008-07-29,20.3848,23.9234,0.0018,0.2347
2008-07-30,20.378,23.962,-0.0094,0.2294
2008-07-31,20.373,23.9967,-0.0174,0.227
2008-08-01,20.3789,24.0257,-0.0107,0.2305
2008-08-02,20.3809,24.0314,-0.0088,0.2128
2008-08-03,20.389,24.0557,-0.0,0.2094
2008-08-04,20.4099,24.1019,0.0197,0.2294
2008-08-05,20.43,24.1225,0.0377,0.2222
2008-08-06,20.4422,24.1368,0.0493,0.2046
2008-08-07,20.4465,24.1528,0.0508,0.1964
2008-08-08,20.4471,24.189,0.0497,0.2123
2008-08-09,20.4427,24.2402,0.0459,0.2505
2008-08-10,20.4439,24.2625,0.0452,0.2494
2008-08-11,20.4427,24.2608,0.0411,0.2159
2008-08-12,20.4361,24.2788,0.0319,0.2032
2008-08-13,20.427,24.2812,0.0211,0.1828
2008-08-14,20.4415,24.3125,0.0335,0.1922
2008-08-15,20.4544,24.3227,0.0454,0.1869
2008-08-16,20.4533,24.2989,0.0434,0.1528
2008-08-17,20.4394,24.2913,0.0305,0.1418
2008-08-18,20.4148,24.2437,0.0083,0.1004
2008-08-19,20.4014,24.2138,-0.0053,0.0657
2008-08-20,20.3905,24.1955,-0.0174,0.0336
2008-08-21,20.3884,24.2065,-0.0214,0.0265
2008-08-22,20.3802,24.2109,-0.0294,0.0235
2008-08-23,20.3739,24.2246,-0.0355,0.0288
2008-08-24,20.3761,24.2579,-0.0332,0.0556
2008-08-25,20.3814,24.2957,-0.0281,0.088
2008-08-26,20.3871,24.3289,-0.0225,0.1143
2008-08-27,20.3895,24.3443,-0.0217,0.1187
2008-08-28,20.3988,24.3243,-0.0119,0.0968
2008-08-29,20.3999,24.3223,-0.0113,0.0939
2008-08-30,20.3976,24.3232,-0.0131,0.1006
2008-08-31,20.3926,24.3127,-0.0162,0.0977
2008-09-01,20.3874,24.2967,-0.0215,0.0877
2008-09-02,20.3884,24.3064,-0.0198,0.0985
2008-09-03,20.3939,24.3146,-0.0123,0.1114
2008-09-04,20.4012,24.3086,-0.0037,0.1072
2008-09-05,20.405,24.3106,0.003,0.1156
2008-09-06,20.4116,24.3419,0.0145,0.1646
2008-09-07,20.4213,24.358,0.0319,0.1971
2008-09-08,20.4237,24.3495,0.0401,0.2065
2008-09-09,20.4198,24.3569,0.0413,0.2315
2008-09-10,20.4125,24.3115,0.04,0.2012
2008-09-11,20.4073,24.2341,0.0419,0.144
2008-09-12,20.4127,24.1823,0.0524,0.1083
2008-09-13,20.4226,24.196,0.0676,0.1334
2008-09-14,20.432,24.2171,0.0847,0.1699
2008-09-15,20.4364,24.2223,0.0956,0.1889
2008-09-16,20.4381,24.2361,0.1035,0.2201
2008-09-17,20.4295,24.2453,0.1008,0.2481
2008-09-18,20.4148,24.2284,0.0905,0.2538
2008-09-19,20.3996,24.1607,0.0783,0.2016
2008-09-20,20.3909,24.1286,0.0694,0.1829
2008-09-21,20.3813,24.0918,0.0615,0.1656
2008-09-22,20.3615,24.0555,0.0443,0.1482
2008-09-23,20.3505,24.0335,0.0352,0.1424
2008-09-24,20.3335,24.0305,0.0211,0.1601
2008-09-25,20.3228,24.0324,0.0133,0.1786
2008-09-26,20.309,24.0304,0.0031,0.1929
2008-09-27,20.2954,23.9904,-0.0053,0.1698
2008-09-28,20.2844,23.98,-0.0089,0.1783
2008-09-29,20.2879,23.9339,0.0011,0.1543
2008-09-30,20.2906,23.887,0.0084,0.1345
2008-10-01,20.3002,23.8822,0.0218,0.1602
2008-10-02,20.3099,23.8808,0.0364,0.1913
2008-10-03,20.3103,23.8634,0.0425,0.2062
2008-10-04,20.313,23.8563,0.0498,0.2288
2008-10-05,20.3145,23.8335,0.0567,0.2356
2008-10-06,20.3057,23.7635,0.0523,0.1958
2008-10-07,20.3014,23.7031,0.0507,0.1605
2008-10-08,20.2955,23.6273,0.0501,0.1193
2008-10-09,20.295,23.5987,0.054,0.1278
2008-10-10,20.2906,23.5821,0.0549,0.1461
2008-10-11,20.2902,23.5721,0.0616,0.1675
2008-10-12,20.2887,23.5161,0.0659,0.1419
2008-10-13,20.2936,23.4812,0.0758,0.1407
2008-10-14,20.3017,23.441,0.0884,0.133
2008-10-15,20.2961,23.3962,0.0845,0.121
2008-10-16,20.2915,23.3547,0.0805,0.1082
2008-10-17,20.2837,23.3209,0.0743,0.1022
2008-10-18,20.2839,23.3159,0.0777,0.1229
2008-10-19,20.278,23.299,0.0721,0.1357
2008-10-20,20.2764,23.2948,0.073,0.1645
2008-10-21,20.2749,23.2446,0.0742,0.151
2008-10-22,20.2639,23.1472,0.066,0.091
2008-10-23,20.2434,23.0626,0.0471,0.0436
2008-10-24,20.2212,22.9995,0.0258,0.0176
2008-10-25,20.2026,22.9373,0.0086,-0.0067
2008-10-26,20.1859,22.9074,-0.005,0.004
2008-10-27,20.1787,22.9115,-0.0084,0.0481
2008-10-28,20.1684,22.9004,-0.0141,0.0821
2008-10-29,20.1574,22.835,-0.0202,0.0621
2008-10-30,20.1552,22.7575,-0.0174,0.029
2008-10-31,20.1629,22.701,-0.0048,0.0134
2008-11-01,20.1666,22.6225,0.006,-0.0231
2008-11-02,20.1778,22.5769,0.022,-0.0233
2008-11-03,20.1828,22.5346,0.0313,-0.0181
2008-11-04,20.1767,22.4695,0.0289,-0.036
2008-11-05,20.1746,22.4396,0.0289,-0.0274
2008-11-06,20.1728,22.4215,0.027,-0.009
2008-11-07,20.1766,22.4152,0.0307,0.0231
2008-11-08,20.1746,22.401,0.0281,0.0453
2008-11-09,20.1671,22.3864,0.0192,0.0683
2008-11-10,20.1531,22.3697,0.0041,0.0905
2008-11-11,20.1454,22.3372,-0.0029,0.1017
2008-11-12,20.1387,22.2781,-0.0101,0.0905
2008-11-13,20.1336,22.2082,-0.0147,0.0687
2008-11-14,20.1333,22.1735,-0.0154,0.0765
2008-11-15,20.1393,22.1375,-0.0074,0.077
2008-11-16,20.1412,22.078,-0.0057,0.0473
2008-11-17,20.1241,22.0455,-0.0231,0.0513
2008-11-18,20.1052,22.0253,-0.0408,0.0746
2008-11-19,20.0999,22.0255,-0.0468,0.1181
2008-11-20,20.091,21.9795,-0.0562,0.1157
2008-11-21,20.0798,21.9587,-0.0703,0.1323
2008-11-22,20.0719,21.9246,-0.0807,0.1363
2008-11-23,20.0667,21.8599,-0.0885,0.1141
2008-11-24,20.0727,21.8166,-0.0842,0.1088
2008-11-25,20.0848,21.7554,-0.074,0.0886
2008-11-26,20.094,21.6866,-0.0645,0.0679
2008-11-27,20.0962,21.6389,-0.0616,0.0601
2008-11-28,20.0997,21.5909,-0.0569,0.0507
2008-11-29,20.0973,21.5454,-0.0567,0.051
2008-11-30,20.0956,21.5004,-0.0578,0.0464
2008-12-01,20.1076,21.4857,-0.049,0.0667
2008-12-02,20.115,21.4467,-0.0449,0.0635
2008-12-03,20.1208,21.4048,-0.0419,0.0588
2008-12-04,20.1205,21.3546,-0.0437,0.0504
2008-12-05,20.1332,21.3161,-0.035,0.0522
2008-12-06,20.1414,21.2932,-0.0302,0.0658
2008-12-07,20.1491,21.2655,-0.0245,0.0779
2008-12-08,20.149,21.2209,-0.0247,0.0717
2008-12-09,20.1524,21.1798,-0.0225,0.0667
2008-12-10,20.152,21.1147,-0.023,0.0417
2008-12-11,20.1437,21.0343,-0.0305,0.004
2008-12-12,20.1531,20.9973,-0.0229,0.0114
2008-12-13,20.1661,20.9774,-0.0145,0.0285
2008-12-14,20.1696,20.9372,-0.0149,0.0206
2008-12-15,20.1619,20.8853,-0.0262,0.0047
2008-12-16,20.1667,20.8108,-0.0254,-0.0267
2008-12-17,20.1772,20.756,-0.0192,-0.041
2008-12-18,20.197,20.7272,-0.003,-0.0342
2008-12-19,20.2036,20.7129,0.001,-0.0162
2008-12-20,20.2028,20.6901,-0.0017,-0.0051
2008-12-21,20.1868,20.6675,-0.02,0.0032
2008-12-22,20.176,20.6551,-0.0338,0.0148
2008-12-23,20.1732,20.6325,-0.0436,0.014
2008-12-24,20.1816,20.5917,-0.0445,0.004
2008-12-25,20.188,20.5717,-0.0469,0.0168
2008-12-26,20.1905,20.5464,-0.0487,0.0254
2008-12-27,20.2034,20.5074,-0.0392,0.0218
2008-12-28,20.222,20.4674,-0.0234,0.0172
2008-12-29,20.2418,20.43,-0.0079,0.0101
2008-12-30,20.2539,20.3945,0.0018,0.0065
2008-12-31,20.2769,20.3873,0.0203,0.0308
2009-01-01,20.3005,20.3854,0.0512,0.0836
2009-01-02,20.3238,20.363,0.0714,0.0915
2009-01-03,20.3462,20.3518,0.0893,0.108
2009-01-04,20.3595,20.3305,0.0974,0.1222
2009-01-05,20.3633,20.3062,0.0976,0.1314
2009-01-06,20.3623,20.2617,0.0936,0.1156
2009-01-07,20.3638,20.2203,0.0909,0.1013
2009-01-08,20.3663,20.1667,0.0881,0.0775
2009-01-09,20.3668,20.1436,0.0842,0.0831
2009-01-10,20.3573,20.1202,0.0695,0.0871
2009-01-11,20.3442,20.0865,0.05,0.0792
2009-01-12,20.3341,20.0572,0.034,0.0726
2009-01-13,20.3255,20.0263,0.0181,0.0689
2009-01-14,20.3065,19.9768,-0.0068,0.046
2009-01-15,20.2899,19.9323,-0.0271,0.0242
2009-01-16,20.2803,19.8808,-0.0414,-0.004
2009-01-17,20.2697,19.7972,-0.0567,-0.0639
2009-01-18,20.2661,19.7385,-0.0651,-0.1035
2009-01-19,20.2702,19.6933,-0.0666,-0.1291
2009-01-20,20.2869,19.6749,-0.0541,-0.1271
2009-01-21,20.303,19.6619,-0.0416,-0.1232
2009-01-22,20.3198,19.6404,-0.0296,-0.1314
2009-01-23,20.3277,19.5957,-0.0267,-0.1508
2009-01-24,20.3233,19.5354,-0.0369,-0.1875
2009-01-25,20.3233,19.5086,-0.0445,-0.1927
2009-01-26,20.3226,19.4881,-0.0498,-0.1909
2009-01-27,20.3238,19.457,-0.0515,-0.1987
2009-01-28,20.3344,19.4228,-0.0455,-0.2154
2009-01-29,20.3504,19.3995,-0.0364,-0.2223
2009-01-30,20.3695,19.3938,-0.0235,-0.215
2009-01-31,20.3829,19.3765,-0.0141,-0.2205
2009-02-01,20.3812,19.3277,-0.0185,-0.2537
2009-02-02,20.3869,19.2913,-0.0159,-0.2739
2009-02-03,20.3909,19.2822,-0.0183,-0.2684
2009-02-04,20.3913,19.2603,-0.025,-0.2729
2009-02-05,20.3874,19.2301,-0.0355,-0.2861
2009-02-06,20.369,19.1894,-0.0584,-0.3091
2009-02-07,20.3566,19.1767,-0.0766,-0.3072
2009-02-08,20.3517,19.1761,-0.0877,-0.2968
2009-02-09,20.3549,19.1784,-0.091,-0.2858
2009-02-10,20.3713,19.186,-0.0802,-0.2709
2009-02-11,20.3884,19.1928,-0.0691,-0.2611
2009-02-12,20.3975,19.1986,-0.0655,-0.2428
2009-02-13,20.3939,19.1898,-0.0714,-0.2321
2009-02-14,20.3952,19.1744,-0.0738,-0.229
2009-02-15,20.4066,19.1662,-0.0681,-0.2185
2009-02-16,20.4028,19.1757,-0.0758,-0.1981
2009-02-17,20.4053,19.188,-0.0765,-0.1813
2009-02-18,20.4075,19.1798,-0.0777,-0.1826
2009-02-19,20.4178,19.1846,-0.0708,-0.1745
2009-02-20,20.4289,19.1878,-0.0638,-0.164
2009-02-21,20.44,19.1766,-0.0566,-0.1663
2009-02-22,20.4549,19.1402,-0.0462,-0.194
2009-02-23,20.4659,19.0966,-0.0403,-0.231
2009-02-24,20.4787,19.0601,-0.0312,-0.2627
2009-02-25,20.4914,19.0342,-0.022,-0.2907
2009-02-26,20.5054,19.0428,-0.0091,-0.2783
2009-02-27,20.5069,19.0686,-0.0092,-0.2514
2009-02-28,20.5081,19.1094,-0.0061,-0.22
2009-03-01,20.5015,19.1295,-0.0158,-0.1893
2009-03-02,20.4883,19.1532,-0.0287,-0.1674
2009-03-03,20.4702,19.1224,-0.0487,-0.1961
2009-03-04,20.4464,19.0485,-0.0735,-0.2652
2009-03-05,20.4349,19.0085,-0.084,-0.2993
2009-03-06,20.4203,18.9744,-0.0984,-0.3255
2009-03-07,20.4145,18.9606,-0.1039,-0.3293
2009-03-08,20.4241,18.9868,-0.0945,-0.302
2009-03-09,20.4366,18.9991,-0.0842,-0.2954
2009-03-10,20.449,19.0377,-0.0741,-0.2615
2009-03-11,20.4514,19.0813,-0.0734,-0.2189
2009-03-12,20.4572,19.0972,-0.0713,-0.2065
2009-03-13,20.4528,19.081,-0.0778,-0.226
2009-03-14,20.4464,19.0808,-0.0869,-0.2343
2009-03-15,20.4526,19.0993,-0.0837,-0.2283
2009-03-16,20.4619,19.1437,-0.0784,-0.2014
2009-03-17,20.4743,19.1747,-0.069,-0.1831
2009-03-18,20.4881,19.2028,-0.0613,-0.162
2009-03-19,20.5003,19.2045,-0.0547,-0.1671
2009-03-20,20.5096,19.1927,-0.0489,-0.186
2009-03-21,20.5085,19.1662,-0.0504,-0.2206
2009-03-22,20.5177,19.1813,-0.0412,-0.2108
2009-03-23,20.5332,19.1915,-0.025,-0.205
2009-03-24,20.5459,19.204,-0.0088,-0.1951
2009-03-25,20.5491,19.2085,-0.0042,-0.1978
2009-03-26,20.5507,19.2032,-0.0026,-0.2112
2009-03-27,20.5578,19.2091,0.0044,-0.2136
2009-03-28,20.5652,19.1965,0.011,-0.232
2009-03-29,20.5577,19.2237,0.0045,-0.2168
2009-03-30,20.547,19.2536,-0.0052,-0.1997
2009-03-31,20.5362,19.2686,-0.0139,-0.1932
2009-04-01,20.5295,19.2751,-0.0192,-0.1972
2009-04-02,20.5294,19.3037,-0.0158,-0.1866
2009-04-03,20.5309,19.3489,-0.0117,-0.1578
2009-04-04,20.5355,19.3865,-0.0045,-0.1347
2009-04-05,20.5513,19.437,0.0138,-0.1037
2009-04-06,20.5724,19.4966,0.0377,-0.057
2009-04-07,20.5804,19.4947,0.0486,-0.0721
2009-04-08,20.5744,19.4791,0.0457,-0.1042
2009-04-09,20.5677,19.4627,0.0403,-0.1405
2009-04-10,20.5752,19.482,0.0498,-0.1409
2009-04-11,20.5727,19.5041,0.0531,-0.1327
2009-04-12,20.5635,19.5106,0.0493,-0.1376
2009-04-13,20.5531,19.5051,0.0427,-0.1576
2009-04-14,20.5405,19.5054,0.0327,-0.1788
2009-04-15,20.5196,19.5305,0.0155,-0.1796
2009-04-16,20.5152,19.5848,0.0126,-0.1503
2009-04-17,20.524,19.63,0.0233,-0.1257
2009-04-18,20.5346,19.6509,0.0366,-0.1272
2009-04-19,20.5415,19.666,0.0471,-0.1341
2009-04-20,20.5456,19.7017,0.0518,-0.1299
2009-04-21,20.5456,19.7314,0.0539,-0.1299
2009-04-22,20.5185,19.7396,0.0266,-0.1527
2009-04-23,20.4901,19.7492,-0.0,-0.1753
2009-04-24,20.4731,19.7792,-0.0159,-0.1744
2009-04-25,20.4663,19.8053,-0.0215,-0.1753
2009-04-26,20.4584,19.8154,-0.0257,-0.1889
2009-04-27,20.4479,19.8188,-0.0327,-0.2093
2009-04-28,20.4392,19.824,-0.0377,-0.2304
2009-04-29,20.4342,19.8538,-0.0383,-0.2216
2009-04-30,20.4341,19.8642,-0.0341,-0.232
2009-05-01,20.4334,19.8462,-0.0296,-0.2812
2009-05-02,20.431,19.8596,-0.0281,-0.3028
2009-05-03,20.4344,19.8859,-0.0238,-0.3162
2009-05-04,20.4406,19.9493,-0.0145,-0.2869
2009-05-05,20.4395,20.0041,-0.0106,-0.262
2009-05-06,20.4488,20.0603,0.0041,-0.2336
2009-05-07,20.4588,20.1203,0.0199,-0.2004
2009-05-08,20.4607,20.181,0.026,-0.1715
2009-05-09,20.4607,20.2283,0.0293,-0.1558
2009-05-10,20.4567,20.2637,0.0277,-0.148
2009-05-11,20.4493,20.3014,0.0232,-0.1429
2009-05-12,20.4506,20.3475,0.0281,-0.1258
2009-05-13,20.4572,20.3953,0.0364,-0.1163
2009-05-14,20.4429,20.4297,0.0246,-0.1102
2009-05-15,20.4284,20.4291,0.0118,-0.1373
2009-05-16,20.4227,20.4451,0.0099,-0.1532
2009-05-17,20.4294,20.4638,0.0191,-0.1689
2009-05-18,20.4366,20.5003,0.0289,-0.1689
2009-05-19,20.4447,20.575,0.0401,-0.1352
2009-05-20,20.4511,20.6495,0.0486,-0.1019
2009-05-21,20.4637,20.7071,0.0638,-0.0855
2009-05-22,20.479,20.7468,0.0808,-0.0828
2009-05-23,20.4892,20.7624,0.0931,-0.1079
2009-05-24,20.4922,20.7803,0.1001,-0.1263
2009-05-25,20.5005,20.7818,0.1131,-0.1671
2009-05-26,20.5009,20.7836,0.1179,-0.207
2009-05-27,20.4936,20.7987,0.1148,-0.2335
2009-05-28,20.4793,20.8241,0.1032,-0.2553
2009-05-29,20.4766,20.9219,0.1044,-0.2079
2009-05-30,20.4788,21.0439,0.1116,-0.1286
2009-05-31,20.4833,21.1213,0.121,-0.0924
2009-06-01,20.4783,21.1997,0.1192,-0.0599
2009-06-02,20.4792,21.2822,0.1229,-0.016
2009-06-03,20.4818,21.3712,0.1281,0.034
2009-06-04,20.4752,21.4185,0.1253,0.0406
2009-06-05,20.4739,21.4376,0.1303,0.0191
2009-06-06,20.4601,21.4491,0.124,-0.0112
2009-06-07,20.4565,21.4763,0.1253,-0.0287
2009-06-08,20.4658,21.513,0.1373,-0.036
2009-06-09,20.4786,21.5829,0.1517,-0.0152
2009-06-10,20.4932,21.6608,0.1702,0.0172
2009-06-11,20.508,21.6866,0.1877,-0.0045
2009-06-12,20.5092,21.7096,0.1911,-0.0252
2009-06-13,20.5096,21.7367,0.1925,-0.0436
2009-06-14,20.5066,21.7836,0.1902,-0.0462
2009-06-15,20.5087,21.8518,0.1913,-0.0292
2009-06-16,20.5113,21.9438,0.1888,0.0067
2009-06-17,20.5168,22.0304,0.1929,0.0431
2009-06-18,20.5276,22.1335,0.2049,0.0946
2009-06-19,20.5265,22.2334,0.2054,0.1425
2009-06-20,20.5235,22.2933,0.2034,0.1604
2009-06-21,20.5251,22.3478,0.2042,0.1714
2009-06-22,20.5197,22.3957,0.1967,0.1703
2009-06-23,20.5166,22.4464,0.1915,0.1726
2009-06-24,20.519,22.4793,0.1927,0.1511
2009-06-25,20.5241,22.5503,0.1978,0.1695
2009-06-26,20.5273,22.6284,0.201,0.1978
2009-06-27,20.5321,22.6729,0.2055,0.1966
2009-06-28,20.5357,22.7234,0.208,0.2068
2009-06-29,20.5427,22.8112,0.2148,0.2545
2009-06-30,20.5481,22.8781,0.2194,0.279
2009-07-01,20.5626,22.9544,0.232,0.3168
2009-07-02,20.5732,22.9899,0.2438,0.3139
2009-07-03,20.5812,23.0251,0.2522,0.3109
2009-07-04,20.579,23.0574,0.248,0.3003
2009-07-05,20.5712,23.0792,0.2384,0.274
2009-07-06,20.5537,23.07,0.2203,0.219
2009-07-07,20.5475,23.0966,0.2151,0.2034
2009-07-08,20.5302,23.1229,0.1999,0.1857
2009-07-09,20.5162,23.1738,0.1869,0.1907
2009-07-10,20.5042,23.2215,0.1734,0.1955
2009-07-11,20.4945,23.2487,0.1607,0.1876
2009-07-12,20.49,23.2763,0.1539,0.1811
2009-07-13,20.4816,23.2912,0.1426,0.1694
2009-07-14,20.4764,23.2897,0.1354,0.1362
2009-07-15,20.467,23.3025,0.1239,0.1145
2009-07-16,20.4637,23.3293,0.1175,0.1021
2009-07-17,20.468,23.3576,0.1201,0.0942
2009-07-18,20.4732,23.3868,0.1254,0.0871
2009-07-19,20.4764,23.4201,0.1286,0.0842
2009-07-20,20.4935,23.4598,0.1462,0.0946
2009-07-21,20.5093,23.4857,0.1605,0.0875
2009-07-22,20.5176,23.4963,0.1656,0.0596
2009-07-23,20.518,23.4971,0.1641,0.0233
2009-07-24,20.5242,23.5214,0.1682,0.0119
2009-07-25,20.5271,23.5588,0.1682,0.0167
2009-07-26,20.5197,23.5645,0.1563,-0.0057
2009-07-27,20.5132,23.582,0.1432,-0.0267
2009-07-28,20.5156,23.6251,0.1378,-0.0278
2009-07-29,20.5138,23.675,0.1308,-0.0137
2009-07-30,20.5058,23.7242,0.1184,-0.0084
2009-07-31,20.5073,23.7988,0.1169,0.0291
2009-08-01,20.5022,23.8073,0.1126,0.0121
2009-08-02,20.5044,23.803,0.1147,-0.0156
2009-08-03,20.5061,23.8139,0.1171,-0.0324
2009-08-04,20.501,23.8384,0.1108,-0.0341
2009-08-05,20.5019,23.85,0.1096,-0.0503
2009-08-06,20.5038,23.8862,0.1109,-0.046
2009-08-07,20.5056,23.941,0.1099,-0.0154
2009-08-08,20.5152,23.9886,0.1178,0.0119
2009-08-09,20.5141,24.0314,0.1173,0.0417
2009-08-10,20.5207,24.1029,0.122,0.0899
2009-08-11,20.5264,24.1649,0.1248,0.12
2009-08-12,20.5262,24.1822,0.122,0.1066
2009-08-13,20.5334,24.1772,0.1275,0.0788
2009-08-14,20.5373,24.209,0.1293,0.0887
2009-08-15,20.5428,24.2305,0.1338,0.0947
2009-08-16,20.5426,24.2154,0.1327,0.0693
2009-08-17,20.5446,24.1993,0.1357,0.0498
2009-08-18,20.5429,24.1799,0.1364,0.0366
2009-08-19,20.5439,24.1607,0.1372,0.0126
2009-08-20,20.5422,24.1987,0.1343,0.0368
2009-08-21,20.5409,24.189,0.1311,0.009
2009-08-22,20.5374,24.1602,0.1278,-0.0272
2009-08-23,20.5335,24.1354,0.1241,-0.0604
2009-08-24,20.5218,24.0672,0.1125,-0.1351
2009-08-25,20.5107,24.0574,0.1012,-0.1503
2009-08-26,20.5001,24.0717,0.0905,-0.1429
2009-08-27,20.5002,24.0764,0.089,-0.1492
2009-08-28,20.5003,24.0697,0.0896,-0.1578
2009-08-29,20.5061,24.0352,0.0949,-0.1932
2009-08-30,20.494,24.0043,0.0833,-0.2183
2009-08-31,20.4897,23.9837,0.0809,-0.2313
2009-09-01,20.4906,23.9678,0.0817,-0.2412
2009-09-02,20.489,23.9756,0.0808,-0.2323
2009-09-03,20.4797,23.9709,0.0735,-0.2323
2009-09-04,20.4714,23.9844,0.0665,-0.217
2009-09-05,20.4622,23.9948,0.0602,-0.2002
2009-09-06,20.4538,24.0078,0.0567,-0.1695
2009-09-07,20.4335,24.001,0.0441,-0.1599
2009-09-08,20.4102,23.9803,0.0266,-0.1627
2009-09-09,20.4002,23.9571,0.0217,-0.1683
2009-09-10,20.393,23.9359,0.0205,-0.1744
2009-09-11,20.3978,23.9321,0.0324,-0.158
2009-09-12,20.3996,23.9162,0.0393,-0.1578
2009-09-13,20.4005,23.9062,0.0455,-0.1564
2009-09-14,20.4041,23.9056,0.0568,-0.1416
2009-09-15,20.4078,23.9058,0.067,-0.1276
2009-09-16,20.4072,23.8802,0.0726,-0.1358
2009-09-17,20.4027,23.8719,0.074,-0.1253
2009-09-18,20.3921,23.8612,0.0678,-0.1134
2009-09-19,20.3888,23.8477,0.0675,-0.1114
2009-09-20,20.385,23.8113,0.0635,-0.1344
2009-09-21,20.3844,23.7726,0.0646,-0.1536
2009-09-22,20.3959,23.7702,0.0787,-0.1371
2009-09-23,20.401,23.8028,0.0857,-0.0883
2009-09-24,20.3933,23.8063,0.0809,-0.0641
2009-09-25,20.3871,23.7878,0.0776,-0.066
2009-09-26,20.382,23.7591,0.0761,-0.0784
2009-09-27,20.3668,23.7334,0.0661,-0.0873
2009-09-28,20.3423,23.722,0.049,-0.0797
2009-09-29,20.3234,23.7421,0.0366,-0.0375
2009-09-30,20.3214,23.7605,0.0392,0.008
2009-10-01,20.3244,23.7666,0.046,0.0446
2009-10-02,20.3309,23.7377,0.0574,0.0482
2009-10-03,20.3307,23.7078,0.0629,0.0506
2009-10-04,20.3324,23.6944,0.0692,0.0669
2009-10-05,20.3339,23.6785,0.0761,0.0806
2009-10-06,20.3288,23.6236,0.0754,0.0559
2009-10-07,20.3281,23.6075,0.0774,0.0649
2009-10-08,20.3197,23.5677,0.0743,0.0597
2009-10-09,20.2945,23.4941,0.0535,0.0232
2009-10-10,20.2836,23.4667,0.0479,0.0307
2009-10-11,20.2809,23.465,0.0523,0.0604
2009-10-12,20.2938,23.4506,0.071,0.0764
2009-10-13,20.308,23.4448,0.0902,0.1043
2009-10-14,20.3278,23.4253,0.1145,0.1173
2009-10-15,20.3475,23.4029,0.1359,0.1277
2009-10-16,20.3666,23.375,0.1556,0.1285
2009-10-17,20.3765,23.3494,0.1671,0.1307
2009-10-18,20.3672,23.2944,0.161,0.1014
2009-10-19,20.3495,23.216,0.1436,0.0527
2009-10-20,20.3382,23.1598,0.1348,0.0295
2009-10-21,20.343,23.1161,0.1423,0.0225
2009-10-22,20.3472,23.0845,0.1493,0.0283
2009-10-23,20.3454,23.0632,0.1491,0.0442
2009-10-24,20.3519,23.0435,0.1565,0.0616
2009-10-25,20.3542,23.0134,0.1602,0.0694
2009-10-26,20.3473,22.9748,0.1564,0.0714
2009-10-27,20.3276,22.9125,0.1405,0.0491
2009-10-28,20.3117,22.8731,0.1292,0.0548
2009-10-29,20.3149,22.8457,0.1373,0.0728
2009-10-30,20.3111,22.7853,0.1385,0.0568
2009-10-31,20.3071,22.7491,0.1394,0.0615
2009-11-01,20.2933,22.7011,0.1327,0.0555
2009-11-02,20.2818,22.6207,0.126,0.0205
2009-11-03,20.2718,22.5738,0.1203,0.0211
2009-11-04,20.2608,22.5264,0.113,0.0209
2009-11-05,20.2612,22.4931,0.1155,0.0261
2009-11-06,20.2607,22.4859,0.1149,0.0554
2009-11-07,20.2568,22.453,0.1109,0.0609
2009-11-08,20.2609,22.4215,0.1144,0.0658
2009-11-09,20.2603,22.3897,0.1124,0.0716
2009-11-10,20.2622,22.3698,0.1132,0.0906
2009-11-11,20.2721,22.3208,0.1238,0.0853
2009-11-12,20.2827,22.2813,0.1339,0.0937
2009-11-13,20.295,22.2397,0.1467,0.1002
2009-11-14,20.2904,22.1821,0.1417,0.0851
2009-11-15,20.2852,22.1294,0.1385,0.0689
2009-11-16,20.2884,22.081,0.1415,0.0503
2009-11-17,20.2833,22.033,0.1361,0.0388
2009-11-18,20.2712,22.0064,0.1252,0.0557
2009-11-19,20.2676,21.9822,0.1209,0.0748
2009-11-20,20.2611,21.9426,0.1139,0.0788
2009-11-21,20.2545,21.897,0.1044,0.0706
2009-11-22,20.2475,21.8264,0.0949,0.0381
2009-11-23,20.2467,21.7577,0.0915,0.0119
2009-11-24,20.2415,21.6985,0.0846,-0.0093
2009-11-25,20.2485,21.6647,0.0897,-0.0021
2009-11-26,20.248,21.6246,0.0895,0.0059
2009-11-27,20.2508,21.6238,0.093,0.045
2009-11-28,20.2573,21.6053,0.1007,0.0651
2009-11-29,20.2574,21.5763,0.1034,0.0819
2009-11-30,20.2698,21.5687,0.1164,0.1147
2009-12-01,20.2869,21.5323,0.1303,0.1133
2009-12-02,20.298,21.4759,0.1381,0.0927
2009-12-03,20.3073,21.427,0.1446,0.081
2009-12-04,20.3152,21.4108,0.151,0.1066
2009-12-05,20.3288,21.3745,0.1606,0.1106
2009-12-06,20.341,21.3199,0.1694,0.0925
2009-12-07,20.3579,21.277,0.1843,0.0894
2009-12-08,20.3829,21.2651,0.2092,0.1159
2009-12-09,20.4069,21.2603,0.232,0.1472
2009-12-10,20.4187,21.2431,0.2437,0.1701
2009-12-11,20.4322,21.2232,0.258,0.1929
2009-12-12,20.4357,21.1491,0.2597,0.1632
2009-12-13,20.4352,21.0666,0.2546,0.1178
2009-12-14,20.4362,21.0262,0.2517,0.1096
2009-12-15,20.4398,20.9923,0.2517,0.1117
2009-12-16,20.4451,20.9652,0.253,0.1276
2009-12-17,20.4527,20.931,0.2563,0.134
2009-12-18,20.4515,20.8727,0.2515,0.1113
2009-12-19,20.4518,20.8171,0.2492,0.088
2009-12-20,20.4506,20.7924,0.2461,0.0972
2009-12-21,20.4551,20.7463,0.2483,0.082
2009-12-22,20.4633,20.6836,0.2535,0.0433
2009-12-23,20.4742,20.6461,0.2574,0.0276
2009-12-24,20.4839,20.6215,0.2578,0.0338
2009-12-25,20.4951,20.6061,0.2602,0.0512
2009-12-26,20.5146,20.5881,0.2754,0.0671
2009-12-27,20.5208,20.5292,0.2782,0.0436
2009-12-28,20.5191,20.4894,0.2737,0.0392
2009-12-29,20.5178,20.4586,0.2681,0.0387
2009-12-30,20.5119,20.4134,0.2598,0.0254
2009-12-31,20.5103,20.4034,0.2537,0.0469
2010-01-01,20.4997,20.3576,0.2504,0.0558
2010-01-02,20.5064,20.339,0.254,0.0675
2010-01-03,20.5109,20.3054,0.254,0.0616
2010-01-04,20.509,20.2704,0.2469,0.0621
2010-01-05,20.5001,20.2138,0.2344,0.039
2010-01-06,20.493,20.1879,0.2243,0.0418
2010-01-07,20.4865,20.1685,0.2136,0.0495
2010-01-08,20.4776,20.138,0.1994,0.0488
2010-01-09,20.48,20.0982,0.1974,0.0377
2010-01-10,20.4853,20.0511,0.1975,0.018
2010-01-11,20.4806,20.0342,0.1864,0.0269
2010-01-12,20.4733,20.0027,0.1732,0.0181
2010-01-13,20.4647,19.969,0.1573,0.0116
2010-01-14,20.4649,19.9584,0.1516,0.0276
2010-01-15,20.4616,19.9625,0.1446,0.0544
2010-01-16,20.468,19.9743,0.1463,0.0895
2010-01-17,20.4699,19.9704,0.1435,0.1093
2010-01-18,20.4704,19.9543,0.1392,0.1123
2010-01-19,20.48,19.9426,0.1432,0.1202
2010-01-20,20.4875,19.9386,0.1465,0.1366
2010-01-21,20.4962,19.9311,0.1517,0.146
2010-01-22,20.5059,19.8977,0.1565,0.1259
2010-01-23,20.5221,19.8372,0.1677,0.0907
2010-01-24,20.542,19.8013,0.1818,0.0784
2010-01-25,20.5575,19.7861,0.1897,0.0848
2010-01-26,20.5738,19.7905,0.2014,0.1115
2010-01-27,20.5839,19.7907,0.2086,0.135
2010-01-28,20.5916,19.7922,0.2117,0.154
2010-01-29,20.5896,19.7789,0.2028,0.1571
2010-01-30,20.5914,19.7603,0.1984,0.1515
2010-01-31,20.5815,19.7173,0.1845,0.1203
2010-02-01,20.5699,19.6769,0.1702,0.0955
2010-02-02,20.5751,19.6653,0.1723,0.1001
2010-02-03,20.5752,19.6573,0.166,0.1067
2010-02-04,20.5785,19.6508,0.1622,0.1176
2010-02-05,20.5921,19.651,0.1692,0.1348
2010-02-06,20.6082,19.6346,0.1808,0.1361
2010-02-07,20.6219,19.6077,0.1887,0.1238
2010-02-08,20.629,19.5869,0.1896,0.114
2010-02-09,20.6404,19.5899,0.1945,0.1257
2010-02-10,20.6451,19.5928,0.1936,0.1359
2010-02-11,20.645,19.6026,0.1875,0.1487
2010-02-12,20.646,19.5808,0.183,0.1394
2010-02-13,20.647,19.5614,0.1817,0.1395
2010-02-14,20.6492,19.5394,0.1802,0.136
2010-02-15,20.6567,19.5305,0.182,0.1458
2010-02-16,20.6562,19.5209,0.1776,0.1471
2010-02-17,20.6556,19.5354,0.1738,0.1661
2010-02-18,20.653,19.5259,0.1678,0.1635
2010-02-19,20.6545,19.5206,0.1659,0.1615
2010-02-20,20.662,19.5038,0.1693,0.152
2010-02-21,20.668,19.4944,0.1714,0.1515
2010-02-22,20.6871,19.4958,0.186,0.1616
2010-02-23,20.7066,19.5158,0.2004,0.1882
2010-02-24,20.7163,19.5465,0.2064,0.2237
2010-02-25,20.7148,19.5875,0.2014,0.2626
2010-02-26,20.7127,19.6068,0.1982,0.2857
2010-02-27,20.7117,19.5812,0.1956,0.2612
2010-02-28,20.7163,19.5641,0.2021,0.2347
2010-03-01,20.711,19.5569,0.1937,0.2381
2010-03-02,20.7057,19.5648,0.1887,0.2442
2010-03-03,20.7026,19.5619,0.1837,0.2434
2010-03-04,20.6922,19.5634,0.1723,0.2497
2010-03-05,20.6826,19.5975,0.1637,0.2897
2010-03-06,20.6904,19.6168,0.1717,0.3169
2010-03-07,20.6921,19.6148,0.1737,0.3249
2010-03-08,20.6943,19.6025,0.1757,0.3137
2010-03-09,20.6961,19.6031,0.1753,0.3086
2010-03-10,20.7005,19.6116,0.1774,0.3124
2010-03-11,20.7048,19.6194,0.18,0.3192
2010-03-12,20.7073,19.623,0.1788,0.3193
2010-03-13,20.7064,19.6635,0.1758,0.3565
2010-03-14,20.7011,19.7029,0.1678,0.3878
2010-03-15,20.6953,19.7149,0.159,0.3873
2010-03-16,20.6891,19.7311,0.1488,0.386
2010-03-17,20.6902,19.7455,0.1469,0.3877
2010-03-18,20.6984,19.7493,0.149,0.3845
2010-03-19,20.7086,19.7581,0.1536,0.3864
2010-03-20,20.7114,19.7606,0.1529,0.3819
2010-03-21,20.7058,19.7557,0.1469,0.3689
2010-03-22,20.7013,19.7316,0.1424,0.3395
2010-03-23,20.695,19.6878,0.1368,0.2913
2010-03-24,20.6885,19.6665,0.1338,0.2674
2010-03-25,20.6974,19.7051,0.1441,0.2988
2010-03-26,20.7095,19.7436,0.1562,0.3292
2010-03-27,20.7142,19.7463,0.1608,0.3236
2010-03-28,20.7225,19.7331,0.1683,0.3046
2010-03-29,20.7227,19.7084,0.1695,0.2679
2010-03-30,20.7199,19.6985,0.1677,0.2452
2010-03-31,20.7184,19.7192,0.1683,0.2574
2010-04-01,20.7142,19.7662,0.1655,0.2939
2010-04-02,20.7181,19.8144,0.1729,0.3241
2010-04-03,20.7306,19.8744,0.188,0.3677
2010-04-04,20.7363,19.9263,0.1963,0.4051
2010-04-05,20.7507,19.9888,0.2132,0.4481
2010-04-06,20.7641,20.0228,0.2294,0.4692
2010-04-07,20.7689,20.0498,0.2371,0.483
2010-04-08,20.7656,20.0686,0.2369,0.4853
2010-04-09,20.7555,20.0809,0.2281,0.4777
2010-04-10,20.7559,20.1253,0.2305,0.5024
2010-04-11,20.7365,20.1369,0.2169,0.5001
2010-04-12,20.7266,20.1374,0.2124,0.4892
2010-04-13,20.7132,20.1256,0.2028,0.4629
2010-04-14,20.7049,20.1316,0.1971,0.4474
2010-04-15,20.6953,20.1514,0.1912,0.4413
2010-04-16,20.6874,20.1527,0.1848,0.4176
2010-04-17,20.681,20.1418,0.1803,0.3861
2010-04-18,20.6771,20.1529,0.1791,0.3748
2010-04-19,20.6731,20.1976,0.1787,0.3975
2010-04-20,20.6692,20.2717,0.1754,0.4401
2010-04-21,20.6564,20.337,0.1647,0.4757
2010-04-22,20.6461,20.3967,0.1542,0.5044
2010-04-23,20.6413,20.4637,0.1512,0.5392
2010-04-24,20.6407,20.4679,0.1517,0.5143
2010-04-25,20.6425,20.4631,0.1547,0.4825
2010-04-26,20.6373,20.456,0.1532,0.4517
2010-04-27,20.6404,20.4971,0.1598,0.469
2010-04-28,20.629,20.5098,0.1521,0.4554
2010-04-29,20.6162,20.524,0.1437,0.4486
2010-04-30,20.6088,20.5516,0.1406,0.4554
2010-05-01,20.6057,20.62,0.1427,0.4926
2010-05-02,20.5936,20.6632,0.1345,0.5008
2010-05-03,20.5839,20.708,0.1257,0.5059
2010-05-04,20.5783,20.7598,0.1232,0.5236
2010-05-05,20.5845,20.8007,0.1344,0.5346
2010-05-06,20.5898,20.8488,0.1451,0.5549
2010-05-07,20.5958,20.8933,0.1569,0.5726
2010-05-08,20.6012,20.9297,0.1665,0.5772
2010-05-09,20.5952,20.9537,0.1638,0.5696
2010-05-10,20.582,20.9454,0.153,0.5337
2010-05-11,20.5613,20.9081,0.1352,0.4638
2010-05-12,20.5523,20.8708,0.1298,0.3975
2010-05-13,20.541,20.869,0.1202,0.3574
2010-05-14,20.526,20.865,0.1077,0.3251
2010-05-15,20.5215,20.8997,0.1049,0.3333
2010-05-16,20.5302,20.9559,0.1174,0.3576
2010-05-17,20.5388,21.0228,0.1285,0.3901
2010-05-18,20.5505,21.0929,0.1428,0.4237
2010-05-19,20.5577,21.1403,0.1531,0.4301
2010-05-20,20.5563,21.1795,0.1538,0.4281
2010-05-21,20.5524,21.2272,0.1525,0.4346
2010-05-22,20.5664,21.3005,0.1682,0.4709
2010-05-23,20.5682,21.3649,0.1721,0.4946
2010-05-24,20.5547,21.3858,0.1626,0.4792
2010-05-25,20.5395,21.3834,0.1521,0.4345
2010-05-26,20.5289,21.3999,0.1459,0.4093
2010-05-27,20.52,21.4339,0.1412,0.4017
2010-05-28,20.5173,21.455,0.1412,0.3756
2010-05-29,20.5121,21.4633,0.1399,0.3335
2010-05-30,20.5029,21.4683,0.1357,0.2958
2010-05-31,20.4924,21.5092,0.1301,0.2955
2010-06-01,20.4958,21.6042,0.1367,0.3446
2010-06-02,20.4961,21.6838,0.1398,0.3856
2010-06-03,20.4836,21.7523,0.1299,0.4151
2010-06-04,20.4829,21.8174,0.133,0.4395
2010-06-05,20.4906,21.9106,0.147,0.4921
2010-06-06,20.4929,21.9764,0.1568,0.5161
2010-06-07,20.4935,22.0396,0.1623,0.5346
2010-06-08,20.4982,22.0684,0.1697,0.5194
2010-06-09,20.4878,22.0735,0.1609,0.4754
2010-06-10,20.471,22.1024,0.148,0.4588
2010-06-11,20.4613,22.185,0.141,0.4939
2010-06-12,20.4615,22.2738,0.1434,0.539
2010-06-13,20.4516,22.3454,0.1345,0.5651
2010-06-14,20.4463,22.3898,0.1299,0.56
2010-06-15,20.436,22.3907,0.1186,0.5097
2010-06-16,20.4323,22.4132,0.1098,0.4761
2010-06-17,20.4259,22.4483,0.102,0.461
2010-06-18,20.4198,22.4949,0.0971,0.456
2010-06-19,20.4114,22.5233,0.0903,0.4324
2010-06-20,20.4142,22.5921,0.0941,0.4592
2010-06-21,20.4126,22.6415,0.0917,0.4651
2010-06-22,20.4113,22.675,0.0883,0.4496
2010-06-23,20.4181,22.7275,0.093,0.4537
2010-06-24,20.4247,22.7662,0.0984,0.438
2010-06-25,20.4273,22.8126,0.101,0.4318
2010-06-26,20.4235,22.8651,0.0972,0.4345
2010-06-27,20.4218,22.9117,0.0952,0.4354
2010-06-28,20.4167,22.9664,0.089,0.4498
2010-06-29,20.4191,23.0286,0.0912,0.4719
2010-06-30,20.4269,23.0567,0.0982,0.4576
2010-07-01,20.4335,23.0622,0.1029,0.4246
2010-07-02,20.4362,23.0816,0.1068,0.4056
2010-07-03,20.4504,23.1162,0.1214,0.402
2010-07-04,20.467,23.1735,0.136,0.4164
2010-07-05,20.4751,23.2525,0.1423,0.4473
2010-07-06,20.4661,23.3115,0.1327,0.4605
2010-07-07,20.4591,23.3745,0.1267,0.4813
2010-07-08,20.4563,23.4213,0.126,0.484
2010-07-09,20.4624,23.4935,0.1331,0.5104
2010-07-10,20.4631,23.5488,0.1323,0.5228
2010-07-11,20.4572,23.5693,0.1234,0.5082
2010-07-12,20.4475,23.5557,0.1114,0.4605
2010-07-13,20.4466,23.5442,0.1076,0.4224
2010-07-14,20.4428,23.5538,0.1018,0.4003
2010-07-15,20.4377,23.5678,0.0946,0.3798
2010-07-16,20.4484,23.6209,0.1022,0.3937
2010-07-17,20.4468,23.6536,0.0989,0.3902
2010-07-18,20.4461,23.7468,0.0983,0.4471
2010-07-19,20.45,23.8157,0.1022,0.4798
2010-07-20,20.4482,23.8763,0.1009,0.5111
2010-07-21,20.4477,23.9247,0.0989,0.5265
2010-07-22,20.4488,23.9813,0.0968,0.5446
2010-07-23,20.4416,24.006,0.0877,0.5322
2010-07-24,20.4366,24.0142,0.0806,0.5047
2010-07-25,20.4276,23.9982,0.0687,0.4561
2010-07-26,20.4246,24.0067,0.0612,0.4365
2010-07-27,20.4314,24.0641,0.0614,0.4554
2010-07-28,20.4202,24.0381,0.0424,0.3852
2010-07-29,20.4208,24.0741,0.0378,0.3854
2010-07-30,20.4278,24.12,0.0404,0.3874
2010-07-31,20.4354,24.1575,0.045,0.3878
2010-08-01,20.4342,24.1906,0.0446,0.3954
2010-08-02,20.4304,24.2242,0.0407,0.4056
2010-08-03,20.4443,24.265,0.0553,0.4187
2010-08-04,20.4655,24.2842,0.0753,0.4117
2010-08-05,20.4853,24.3116,0.093,0.4113
2010-08-06,20.4835,24.3756,0.0906,0.4434
2010-08-07,20.477,24.4309,0.0813,0.4745
2010-08-08,20.476,24.4607,0.0786,0.484
2010-08-09,20.4718,24.49,0.075,0.5003
2010-08-10,20.4727,24.5503,0.074,0.5373
2010-08-11,20.4786,24.6257,0.077,0.5808
2010-08-12,20.47,24.6455,0.0658,0.5699
2010-08-13,20.4515,24.637,0.0456,0.5386
2010-08-14,20.4347,24.6072,0.0267,0.4869
2010-08-15,20.4193,24.6297,0.0103,0.4939
2010-08-16,20.4082,24.6455,-0.0017,0.4994
2010-08-17,20.4056,24.6402,-0.0033,0.4907
2010-08-18,20.4111,24.6739,0.0046,0.5306
2010-08-19,20.4151,24.6969,0.0084,0.5488
2010-08-20,20.425,24.7342,0.0171,0.5723
2010-08-21,20.424,24.7572,0.0142,0.5772
2010-08-22,20.4318,24.7632,0.0222,0.5758
2010-08-23,20.4332,24.7396,0.0238,0.5438
2010-08-24,20.4324,24.7222,0.0231,0.5199
2010-08-25,20.4363,24.7328,0.0268,0.5251
2010-08-26,20.4445,24.738,0.0349,0.5234
2010-08-27,20.4457,24.7222,0.0345,0.4966
2010-08-28,20.4345,24.6661,0.0238,0.4386
2010-08-29,20.43,24.6129,0.0188,0.3845
2010-08-30,20.4288,24.5745,0.0181,0.3519
2010-08-31,20.4224,24.5553,0.0136,0.3403
2010-09-01,20.4177,24.5488,0.0088,0.3398
2010-09-02,20.3995,24.5328,-0.0087,0.3249
2010-09-03,20.3919,24.5515,-0.0143,0.3483
2010-09-04,20.3787,24.5664,-0.0262,0.365
2010-09-05,20.372,24.5589,-0.03,0.3639
2010-09-06,20.3741,24.5829,-0.023,0.4056
2010-09-07,20.3588,24.5635,-0.0306,0.4026
2010-09-08,20.3557,24.5535,-0.0279,0.4105
2010-09-09,20.3649,24.5586,-0.0136,0.4332
2010-09-10,20.3693,24.5521,-0.0032,0.4418
2010-09-11,20.3638,24.5001,-0.0016,0.41
2010-09-12,20.3623,24.4585,0.002,0.3845
2010-09-13,20.3643,24.4468,0.0093,0.3842
2010-09-14,20.3654,24.4377,0.0181,0.3905
2010-09-15,20.3644,24.4227,0.0236,0.3893
2010-09-16,20.3536,24.375,0.019,0.359
2010-09-17,20.3458,24.3293,0.0171,0.3321
2010-09-18,20.3427,24.2993,0.0184,0.3247
2010-09-19,20.3375,24.2071,0.0162,0.248
2010-09-20,20.3408,24.119,0.0193,0.1733
2010-09-21,20.3333,23.9798,0.0135,0.0536
2010-09-22,20.3326,23.9373,0.0154,0.03
2010-09-23,20.3258,23.9416,0.0105,0.0505
2010-09-24,20.317,23.9567,0.0046,0.0863
2010-09-25,20.3146,23.9767,0.0051,0.1229
2010-09-26,20.3028,23.9799,-0.0031,0.1424
2010-09-27,20.2912,23.9644,-0.0095,0.1438
2010-09-28,20.2784,23.9581,-0.0149,0.1564
2010-09-29,20.2606,23.9349,-0.0262,0.1553
2010-09-30,20.2378,23.9296,-0.0444,0.1771
2010-10-01,20.2048,23.8895,-0.0736,0.1675
2010-10-02,20.2002,23.8706,-0.0733,0.1811
2010-10-03,20.1919,23.8412,-0.0759,0.184
2010-10-04,20.185,23.8176,-0.0782,0.1901
2010-10-05,20.1895,23.7776,-0.0683,0.1797
2010-10-06,20.1934,23.7539,-0.06,0.1862
2010-10-07,20.1957,23.7096,-0.055,0.167
2010-10-08,20.1895,23.6661,-0.0559,0.1581
2010-10-09,20.1819,23.6486,-0.0591,0.1777
2010-10-10,20.1802,23.631,-0.0555,0.195
2010-10-11,20.1849,23.6162,-0.0437,0.2116
2010-10-12,20.195,23.6055,-0.0278,0.2313
2010-10-13,20.1988,23.6011,-0.019,0.2606
2010-10-14,20.2063,23.5814,-0.007,0.2734
2010-10-15,20.2121,23.5416,0.0005,0.2664
2010-10-16,20.2181,23.5093,0.0071,0.2628
2010-10-17,20.2201,23.5051,0.0107,0.2864
2010-10-18,20.2239,23.5063,0.0177,0.3133
2010-10-19,20.2277,23.4762,0.0218,0.3129
2010-10-20,20.2274,23.4427,0.024,0.3124
2010-10-21,20.2157,23.412,0.015,0.3184
2010-10-22,20.2109,23.3841,0.013,0.3279
2010-10-23,20.2058,23.3431,0.0095,0.3241
2010-10-24,20.2055,23.2905,0.0101,0.3086
2010-10-25,20.2086,23.2366,0.0146,0.2926
2010-10-26,20.2016,23.2005,0.0107,0.2971
2010-10-27,20.1873,23.163,0.0002,0.2996
2010-10-28,20.1638,23.1243,-0.0187,0.306
2010-10-29,20.1378,23.086,-0.0398,0.3131
2010-10-30,20.1238,23.0193,-0.0488,0.2908
2010-10-31,20.1076,22.9436,-0.0601,0.256
2010-11-01,20.1014,22.8827,-0.0592,0.2371
2010-11-02,20.1036,22.8346,-0.0522,0.2344
2010-11-03,20.105,22.8084,-0.0465,0.2557
2010-11-04,20.1126,22.8027,-0.0352,0.2972
2010-11-05,20.1085,22.7778,-0.0372,0.3108
2010-11-06,20.1044,22.7381,-0.0414,0.3076
2010-11-07,20.094,22.689,-0.0519,0.2969
2010-11-08,20.0893,22.6271,-0.0572,0.2714
2010-11-09,20.0847,22.579,-0.0632,0.2609
2010-11-10,20.0825,22.5333,-0.0665,0.254
2010-11-11,20.0848,22.5051,-0.0635,0.2696
2010-11-12,20.0785,22.458,-0.0703,0.2704
2010-11-13,20.0781,22.4201,-0.0702,0.2806
2010-11-14,20.0801,22.3676,-0.0686,0.2706
2010-11-15,20.0798,22.3239,-0.0669,0.2634
2010-11-16,20.0798,22.2992,-0.0671,0.2685
2010-11-17,20.0881,22.2674,-0.0591,0.2732
2010-11-18,20.1082,22.2343,-0.0378,0.2836
2010-11-19,20.1236,22.1958,-0.0231,0.2884
2010-11-20,20.1295,22.17,-0.0177,0.3062
2010-11-21,20.1257,22.1241,-0.0244,0.2977
2010-11-22,20.1284,22.0701,-0.0242,0.2818
2010-11-23,20.1313,22.0214,-0.0239,0.2756
2010-11-24,20.1251,21.9897,-0.0318,0.2819
2010-11-25,20.121,21.9358,-0.0378,0.269
2010-11-26,20.1158,21.8611,-0.0427,0.2424
2010-11-27,20.1126,21.7896,-0.0452,0.2108
2010-11-28,20.1141,21.7332,-0.0425,0.193
2010-11-29,20.1169,21.6724,-0.0371,0.178
2010-11-30,20.1201,21.6044,-0.0333,0.1504
2010-12-01,20.1295,21.55,-0.0271,0.131
2010-12-02,20.1307,21.5211,-0.0292,0.1379
2010-12-03,20.1276,21.4982,-0.0351,0.1522
2010-12-04,20.1254,21.47,-0.0388,0.1658
2010-12-05,20.1325,21.4557,-0.0357,0.1918
2010-12-06,20.14,21.4297,-0.0316,0.2023
2010-12-07,20.1409,21.3763,-0.0327,0.1887
2010-12-08,20.1462,21.3219,-0.0275,0.1727
2010-12-09,20.1449,21.2526,-0.03,0.1395
2010-12-10,20.1465,21.1904,-0.0285,0.1174
2010-12-11,20.1461,21.1108,-0.0281,0.0805
2010-12-12,20.152,21.0823,-0.024,0.0964
2010-12-13,20.1639,21.0714,-0.0167,0.1226
2010-12-14,20.1591,21.0401,-0.0254,0.1235
2010-12-15,20.144,20.9876,-0.0441,0.107
2010-12-16,20.1362,20.9272,-0.0559,0.0896
2010-12-17,20.1356,20.8762,-0.0608,0.0792
2010-12-18,20.1345,20.846,-0.0655,0.0846
2010-12-19,20.1492,20.8363,-0.0534,0.1072
2010-12-20,20.1685,20.8361,-0.036,0.1409
2010-12-21,20.1885,20.8231,-0.0183,0.1588
2010-12-22,20.1958,20.7835,-0.014,0.1432
2010-12-23,20.1975,20.7508,-0.0193,0.1323
2010-12-24,20.1919,20.7266,-0.0342,0.1389
2010-12-25,20.196,20.7009,-0.0389,0.146
2010-12-26,20.2004,20.6723,-0.0388,0.1513
2010-12-27,20.2036,20.6198,-0.039,0.1342
2010-12-28,20.2056,20.5405,-0.0398,0.0903
2010-12-29,20.2039,20.4906,-0.0458,0.0707
2010-12-30,20.2038,20.4711,-0.0483,0.0831
2010-12-31,20.2176,20.4557,-0.039,0.0992
2011-01-01,20.2143,20.4199,-0.035,0.1181
2011-01-02,20.2026,20.3979,-0.0498,0.1264
2011-01-03,20.2078,20.3797,-0.0491,0.1359
2011-01-04,20.2222,20.3712,-0.0399,0.1629
2011-01-05,20.2397,20.3682,-0.026,0.1934
2011-01-06,20.2434,20.3493,-0.0253,0.2032
2011-01-07,20.2476,20.332,-0.0253,0.213
2011-01-08,20.2511,20.309,-0.0271,0.2198
2011-01-09,20.2572,20.2908,-0.0254,0.2303
2011-01-10,20.2564,20.2425,-0.0314,0.2094
2011-01-11,20.2481,20.1956,-0.0461,0.1883
2011-01-12,20.2386,20.1534,-0.0615,0.1688
2011-01-13,20.229,20.1187,-0.0784,0.1613
2011-01-14,20.22,20.0802,-0.0933,0.1494
2011-01-15,20.2201,20.0617,-0.0969,0.1536
2011-01-16,20.2375,20.0546,-0.0842,0.1698
2011-01-17,20.2733,20.0445,-0.0531,0.1834
2011-01-18,20.305,20.033,-0.0262,0.191
2011-01-19,20.3297,20.02,-0.0071,0.1976
2011-01-20,20.3365,20.0115,-0.0045,0.2095
2011-01-21,20.3416,20.0051,-0.003,0.22
2011-01-22,20.3366,19.9906,-0.0128,0.2188
2011-01-23,20.3281,19.9686,-0.0263,0.2221
2011-01-24,20.3231,19.9354,-0.0371,0.2125
2011-01-25,20.3245,19.8934,-0.0433,0.1921
2011-01-26,20.3221,19.8415,-0.0503,0.1625
2011-01-27,20.3161,19.8073,-0.0592,0.1516
2011-01-28,20.3235,19.8119,-0.0564,0.1737
2011-01-29,20.3422,19.8043,-0.0446,0.1825
2011-01-30,20.352,19.7762,-0.041,0.1674
2011-01-31,20.3591,19.7382,-0.0378,0.1412
2011-02-01,20.3561,19.7071,-0.0436,0.1258
2011-02-02,20.3516,19.6858,-0.0512,0.1206
2011-02-03,20.3527,19.6675,-0.0565,0.1169
2011-02-04,20.3565,19.6219,-0.0598,0.0887
2011-02-05,20.372,19.599,-0.0509,0.0828
2011-02-06,20.387,19.5998,-0.0404,0.1013
2011-02-07,20.403,19.5996,-0.0302,0.1157
2011-02-08,20.4237,19.6275,-0.0157,0.1546
2011-02-09,20.4396,19.6336,-0.0063,0.1694
2011-02-10,20.4465,19.6036,-0.005,0.1467
2011-02-11,20.4599,19.5843,0.0024,0.1304
2011-02-12,20.4669,19.5724,0.0039,0.131
2011-02-13,20.4511,19.5438,-0.0142,0.1219
2011-02-14,20.4491,19.5113,-0.0199,0.1079
2011-02-15,20.4635,19.4885,-0.0112,0.1038
2011-02-16,20.4722,19.476,-0.0064,0.1022
2011-02-17,20.4767,19.4652,-0.0051,0.0959
2011-02-18,20.4821,19.4622,-0.0031,0.0998
2011-02-19,20.4837,19.4765,-0.0049,0.1174
2011-02-20,20.4835,19.47,-0.0092,0.1182
2011-02-21,20.476,19.4534,-0.0206,0.1105
2011-02-22,20.4684,19.448,-0.0327,0.1138
2011-02-23,20.462,19.4636,-0.0442,0.136
2011-02-24,20.4558,19.4693,-0.0541,0.1465
2011-02-25,20.454,19.4725,-0.0594,0.1476
2011-02-26,20.4524,19.4712,-0.0621,0.1501
2011-02-27,20.4519,19.4469,-0.0642,0.1269
2011-02-28,20.4605,19.4412,-0.0537,0.1118
2011-03-01,20.4706,19.4414,-0.0467,0.1226
2011-03-02,20.4711,19.4274,-0.0459,0.1068
2011-03-03,20.4722,19.4193,-0.0467,0.1008
2011-03-04,20.4829,19.4106,-0.037,0.0969
2011-03-05,20.4895,19.3929,-0.0294,0.0851
2011-03-06,20.49,19.3628,-0.0287,0.0629
2011-03-07,20.4909,19.35,-0.0275,0.0601
2011-03-08,20.4983,19.3676,-0.0203,0.0788
2011-03-09,20.5137,19.3745,-0.0071,0.08
2011-03-10,20.5306,19.3685,0.0075,0.0693
2011-03-11,20.5358,19.3654,0.011,0.0652
2011-03-12,20.539,19.3809,0.0105,0.0772
2011-03-13,20.5369,19.3626,0.0063,0.0556
2011-03-14,20.5267,19.3568,-0.0066,0.0417
2011-03-15,20.5171,19.3311,-0.0192,0.0035
2011-03-16,20.5061,19.3061,-0.0342,-0.039
2011-03-17,20.5019,19.3068,-0.0414,-0.051
2011-03-18,20.5043,19.3207,-0.0451,-0.0441
2011-03-19,20.5217,19.3505,-0.0333,-0.0211
2011-03-20,20.5311,19.3566,-0.0274,-0.0221
2011-03-21,20.5345,19.3621,-0.0244,-0.0247
2011-03-22,20.5401,19.3694,-0.0188,-0.0227
2011-03-23,20.5423,19.3966,-0.0159,0.0001
2011-03-24,20.5447,19.4003,-0.01,0.0012
2011-03-25,20.5447,19.4101,-0.0086,0.0038
2011-03-26,20.5417,19.4483,-0.0116,0.0339
2011-03-27,20.5398,19.49,-0.0136,0.0673
2011-03-28,20.5423,19.502,-0.0119,0.0735
2011-03-29,20.5463,19.5293,-0.0069,0.0888
2011-03-30,20.5538,19.5528,0.0016,0.0995
2011-03-31,20.5551,19.5786,0.005,0.1168
2011-04-01,20.5459,19.5791,-0.0028,0.1068
2011-04-02,20.5398,19.5804,-0.0054,0.0901
2011-04-03,20.5304,19.5888,-0.0122,0.0821
2011-04-04,20.5169,19.593,-0.0231,0.0718
2011-04-05,20.5021,19.61,-0.0354,0.0693
2011-04-06,20.4939,19.6386,-0.0408,0.085
2011-04-07,20.4869,19.6626,-0.0449,0.0958
2011-04-08,20.4777,19.6919,-0.051,0.1086
2011-04-09,20.4749,19.7135,-0.0525,0.1103
2011-04-10,20.4628,19.7151,-0.0626,0.0922
2011-04-11,20.4469,19.7108,-0.0727,0.074
2011-04-12,20.4382,19.7538,-0.076,0.1056
2011-04-13,20.4451,19.7989,-0.0653,0.1362
2011-04-14,20.453,19.8158,-0.0548,0.1316
2011-04-15,20.4634,19.8399,-0.0407,0.1298
2011-04-16,20.475,19.8632,-0.0276,0.1281
2011-04-17,20.4846,19.8827,-0.0161,0.127
2011-04-18,20.4779,19.9261,-0.0201,0.148
2011-04-19,20.4436,19.9123,-0.0508,0.1122
2011-04-20,20.4595,19.9412,-0.0343,0.1096
2011-04-21,20.4506,19.9434,-0.0411,0.0821
2011-04-22,20.4439,19.9206,-0.048,0.0283
2011-04-23,20.4355,19.917,-0.0546,-0.0075
2011-04-24,20.433,19.9381,-0.056,-0.0155
2011-04-25,20.4374,19.982,-0.0504,0.0014
2011-04-26,20.4499,20.0492,-0.0342,0.0449
2011-04-27,20.4477,20.0775,-0.0329,0.0494
2011-04-28,20.4401,20.1109,-0.0368,0.0565
2011-04-29,20.438,20.1435,-0.0345,0.0681
2011-04-30,20.4281,20.164,-0.0401,0.0678
2011-05-01,20.4242,20.2341,-0.0388,0.1067
2011-05-02,20.4173,20.2848,-0.0418,0.1224
2011-05-03,20.415,20.3064,-0.0432,0.1043
2011-05-04,20.4109,20.3163,-0.0442,0.0801
2011-05-05,20.4031,20.3367,-0.047,0.0706
2011-05-06,20.3922,20.3628,-0.0525,0.0689
2011-05-07,20.3786,20.3846,-0.0603,0.0639
2011-05-08,20.3786,20.4226,-0.0561,0.0701
2011-05-09,20.3854,20.4791,-0.046,0.095
2011-05-10,20.3906,20.5289,-0.0384,0.1172
2011-05-11,20.4012,20.533,-0.0249,0.0887
2011-05-12,20.4022,20.5583,-0.0203,0.085
2011-05-13,20.4013,20.5675,-0.0195,0.0559
2011-05-14,20.4076,20.5904,-0.0107,0.0505
2011-05-15,20.4172,20.6573,0.0006,0.0909
2011-05-16,20.4125,20.7163,-0.0003,0.118
2011-05-17,20.4056,20.7609,-0.0047,0.1282
2011-05-18,20.4071,20.8144,-0.0006,0.1452
2011-05-19,20.4051,20.8454,0.0005,0.1352
2011-05-20,20.4024,20.8818,-0.0001,0.1303
2011-05-21,20.4042,20.9491,0.0043,0.1565
2011-05-22,20.3957,20.9792,-0.0025,0.1496
2011-05-23,20.3799,20.9744,-0.0162,0.1041
2011-05-24,20.3667,20.9922,-0.0254,0.0856
2011-05-25,20.3566,21.0355,-0.0308,0.0866
2011-05-26,20.3437,21.0829,-0.0393,0.0923
2011-05-27,20.336,21.15,-0.0428,0.1178
2011-05-28,20.3346,21.2296,-0.0415,0.1502
2011-05-29,20.3358,21.3173,-0.0364,0.1875
2011-05-30,20.3412,21.3756,-0.026,0.2031
2011-05-31,20.3467,21.4054,-0.0156,0.1917
2011-06-01,20.3482,21.437,-0.0109,0.1774
2011-06-02,20.3484,21.4407,-0.0079,0.1425
2011-06-03,20.3496,21.4771,-0.0041,0.1399
2011-06-04,20.3514,21.4949,0.0015,0.117
2011-06-05,20.3483,21.5183,0.0047,0.0998
2011-06-06,20.3444,21.5559,0.0083,0.0956
2011-06-07,20.3424,21.6129,0.0112,0.1079
2011-06-08,20.342,21.7036,0.0135,0.1546
2011-06-09,20.3384,21.7711,0.0115,0.173
2011-06-10,20.3341,21.8496,0.0111,0.206
2011-06-11,20.3274,21.9156,0.0071,0.2245
2011-06-12,20.3212,21.9691,0.0031,0.2343
2011-06-13,20.3212,22.0146,0.0041,0.2343
2011-06-14,20.322,22.064,0.0056,0.2342
2011-06-15,20.3185,22.0841,0.0011,0.2031
2011-06-16,20.3257,22.1237,0.0032,0.1866
2011-06-17,20.3292,22.1613,0.0053,0.174
2011-06-18,20.3292,22.2077,0.0065,0.1688
2011-06-19,20.3222,22.2587,0.0011,0.1679
2011-06-20,20.324,22.3127,0.0039,0.1798
2011-06-21,20.3252,22.3384,0.0043,0.162
2011-06-22,20.331,22.3855,0.008,0.1601
2011-06-23,20.3438,22.4269,0.0187,0.1531
2011-06-24,20.3502,22.4742,0.0239,0.146
2011-06-25,20.347,22.5385,0.0207,0.1577
2011-06-26,20.3439,22.5918,0.0176,0.1612
2011-06-27,20.3401,22.5995,0.0135,0.1232
2011-06-28,20.3363,22.624,0.0086,0.1074
2011-06-29,20.3393,22.6437,0.0114,0.087
2011-06-30,20.3346,22.6679,0.0059,0.0688
2011-07-01,20.34,22.7345,0.0094,0.0969
2011-07-02,20.336,22.7736,0.0066,0.0976
2011-07-03,20.3306,22.8188,0.0016,0.1046
2011-07-04,20.3207,22.8525,-0.0103,0.0954
2011-07-05,20.3118,22.871,-0.021,0.0658
2011-07-06,20.3472,22.9663,0.0138,0.1153
2011-07-07,20.3398,22.9803,0.0074,0.0871
2011-07-08,20.3493,23.0087,0.019,0.0715
2011-07-09,20.3551,23.027,0.0258,0.0439
2011-07-10,20.3599,23.0506,0.0291,0.0246
2011-07-11,20.3883,23.0996,0.0545,0.0385
2011-07-12,20.3775,23.1033,0.0414,0.0081
2011-07-13,20.3838,23.1297,0.0448,0.0079
2011-07-14,20.3771,23.1474,0.0361,-0.0061
2011-07-15,20.3608,23.1454,0.0177,-0.0426
2011-07-16,20.355,23.1771,0.0088,-0.0501
2011-07-17,20.3541,23.2118,0.0062,-0.0516
2011-07-18,20.3545,23.2273,0.0067,-0.0724
2011-07-19,20.3506,23.2669,0.0028,-0.069
2011-07-20,20.3418,23.3177,-0.0055,-0.0475
2011-07-21,20.3302,23.3631,-0.0186,-0.0351
2011-07-22,20.3225,23.4193,-0.0295,-0.0175
2011-07-23,20.3197,23.4501,-0.0342,-0.0237
2011-07-24,20.3131,23.4549,-0.0429,-0.0546
2011-07-25,20.3205,23.4901,-0.0384,-0.052
2011-07-26,20.334,23.5341,-0.0294,-0.0361
2011-07-27,20.3462,23.5762,-0.0238,-0.0325
2011-07-28,20.349,23.6152,-0.0288,-0.0377
2011-07-29,20.3505,23.6491,-0.0325,-0.0396
2011-07-30,20.3522,23.6698,-0.0352,-0.0628
2011-07-31,20.3578,23.7115,-0.0326,-0.0582
2011-08-01,20.3744,23.7425,-0.0152,-0.0527
2011-08-02,20.3887,23.7904,-0.001,-0.0282
2011-08-03,20.3785,23.8144,-0.0105,-0.0319
2011-08-04,20.366,23.8419,-0.0242,-0.0306
2011-08-05,20.3577,23.8566,-0.0346,-0.0437
2011-08-06,20.3485,23.8763,-0.0444,-0.0559
2011-08-07,20.3401,23.8922,-0.0556,-0.0642
2011-08-08,20.3387,23.9233,-0.0587,-0.0534
2011-08-09,20.3434,23.9443,-0.0534,-0.0454
2011-08-10,20.3548,23.9698,-0.0439,-0.0433
2011-08-11,20.3719,24.0007,-0.0297,-0.0442
2011-08-12,20.3729,24.0359,-0.0313,-0.0397
2011-08-13,20.3713,24.0693,-0.0346,-0.0291
2011-08-14,20.3602,24.0782,-0.0478,-0.0421
2011-08-15,20.3701,24.1104,-0.0389,-0.0254
2011-08-16,20.3944,24.1492,-0.0155,0.0031
2011-08-17,20.3944,24.1477,-0.0145,-0.0018
2011-08-18,20.3741,24.1165,-0.0324,-0.0268
2011-08-19,20.3601,24.1167,-0.0466,-0.0314
2011-08-20,20.3639,24.1711,-0.044,0.0092
2011-08-21,20.3784,24.2201,-0.0314,0.0401
2011-08-22,20.3803,24.2471,-0.0293,0.0597
2011-08-23,20.3718,24.2537,-0.0376,0.0579
2011-08-24,20.3688,24.2793,-0.0405,0.077
2011-08-25,20.368,24.2945,-0.0415,0.0868
2011-08-26,20.3796,24.3366,-0.03,0.122
2011-08-27,20.3764,24.3518,-0.0348,0.1262
2011-08-28,20.3696,24.3293,-0.0411,0.1018
2011-08-29,20.3746,24.3464,-0.0366,0.118
2011-08-30,20.381,24.338,-0.0297,0.1154
2011-08-31,20.3774,24.3118,-0.0314,0.0968
2011-09-01,20.3689,24.3068,-0.04,0.0978
2011-09-02,20.3535,24.3108,-0.0547,0.1029
2011-09-03,20.3436,24.3063,-0.0626,0.1031
2011-09-04,20.3397,24.2879,-0.0652,0.0865
2011-09-05,20.3338,24.2806,-0.0682,0.0856
2011-09-06,20.3297,24.2796,-0.0674,0.1023
2011-09-07,20.3225,24.2505,-0.0669,0.0896
2011-09-08,20.3167,24.2087,-0.0669,0.0657
2011-09-09,20.3079,24.1425,-0.0706,0.0171
2011-09-10,20.2926,24.0909,-0.0799,-0.0194
2011-09-11,20.2723,24.0486,-0.0931,-0.0415
2011-09-12,20.2661,24.0402,-0.0942,-0.0338
2011-09-13,20.261,24.0374,-0.094,-0.0252
2011-09-14,20.2664,24.0578,-0.0809,0.0106
2011-09-15,20.269,24.0843,-0.0718,0.0509
2011-09-16,20.2663,24.0678,-0.0683,0.0518
2011-09-17,20.2612,24.0032,-0.0675,0.006
2011-09-18,20.2532,23.9397,-0.0711,-0.0349
2011-09-19,20.2398,23.8858,-0.0815,-0.0733
2011-09-20,20.2328,23.8734,-0.0887,-0.0723
2011-09-21,20.2339,23.8633,-0.0859,-0.0629
2011-09-22,20.2306,23.8345,-0.0866,-0.0728
2011-09-23,20.2408,23.8151,-0.0745,-0.076
2011-09-24,20.2448,23.8143,-0.0676,-0.0561
2011-09-25,20.2494,23.8227,-0.0601,-0.0311
2011-09-26,20.2524,23.8438,-0.0535,0.0063
2011-09-27,20.2495,23.8786,-0.0512,0.0579
2011-09-28,20.2524,23.9024,-0.0409,0.1007
2011-09-29,20.2576,23.8811,-0.0292,0.1015
2011-09-30,20.2571,23.8658,-0.0251,0.1133
2011-10-01,20.2479,23.8261,-0.0305,0.1041
2011-10-02,20.2203,23.7676,-0.0532,0.0781
2011-10-03,20.1903,23.7171,-0.0775,0.0599
2011-10-04,20.1788,23.6977,-0.0844,0.0702
2011-10-05,20.1724,23.6649,-0.0854,0.067
2011-10-06,20.1734,23.6136,-0.08,0.0459
2011-10-07,20.1754,23.5427,-0.0753,0.0001
2011-10-08,20.1687,23.453,-0.0767,-0.055
2011-10-09,20.1532,23.3917,-0.0878,-0.0792
2011-10-10,20.1328,23.3789,-0.1029,-0.0571
2011-10-11,20.1208,23.3767,-0.1078,-0.0279
2011-10-12,20.1121,23.3496,-0.1107,-0.0246
2011-10-13,20.1318,23.319,-0.086,-0.0215
2011-10-14,20.1168,23.3268,-0.0965,0.0188
2011-10-15,20.1236,23.3035,-0.088,0.0283
2011-10-16,20.1337,23.2933,-0.0773,0.0468
2011-10-17,20.1315,23.279,-0.0779,0.0603
2011-10-18,20.1257,23.2433,-0.0805,0.0503
2011-10-19,20.1276,23.227,-0.0783,0.0637
2011-10-20,20.1244,23.2182,-0.079,0.0879
2011-10-21,20.1257,23.1991,-0.075,0.1055
2011-10-22,20.1318,23.1864,-0.0661,0.1302
2011-10-23,20.1413,23.1555,-0.055,0.1365
2011-10-24,20.144,23.1061,-0.0514,0.1242
2011-10-25,20.1499,23.0678,-0.0441,0.1238
2011-10-26,20.1495,22.9938,-0.0414,0.0904
2011-10-27,20.1512,22.9305,-0.0359,0.0671
2011-10-28,20.1468,22.8633,-0.0357,0.045
2011-10-29,20.1337,22.7959,-0.0439,0.023
2011-10-30,20.1201,22.744,-0.0525,0.0155
2011-10-31,20.1091,22.6853,-0.0586,-0.0023
2011-11-01,20.0986,22.6587,-0.062,0.0131
2011-11-02,20.0949,22.5995,-0.0609,-0.0007
2011-11-03,20.0994,22.548,-0.0521,-0.0047
2011-11-04,20.1084,22.5129,-0.0394,0.0074
2011-11-05,20.1164,22.4756,-0.0293,0.0086
2011-11-06,20.1187,22.4305,-0.0271,0.0
2011-11-07,20.1189,22.3666,-0.027,-0.0255
2011-11-08,20.1127,22.2871,-0.0338,-0.0686
2011-11-09,20.1124,22.2449,-0.0355,-0.0732
2011-11-10,20.1183,22.2217,-0.0307,-0.0576
2011-11-11,20.1148,22.1972,-0.0335,-0.0383
2011-11-12,20.1105,22.1447,-0.0383,-0.0429
2011-11-13,20.1157,22.0841,-0.0326,-0.0554
2011-11-14,20.1228,22.0512,-0.0259,-0.0458
2011-11-15,20.1264,22.0274,-0.0203,-0.0331
2011-11-16,20.1303,21.971,-0.0166,-0.0597
2011-11-17,20.1331,21.9297,-0.0141,-0.0645
2011-11-18,20.1304,21.8589,-0.0156,-0.0918
2011-11-19,20.1247,21.8022,-0.022,-0.1052
2011-11-20,20.1118,21.7482,-0.0354,-0.1156
2011-11-21,20.1095,21.7159,-0.0406,-0.1105
2011-11-22,20.1031,21.6998,-0.0495,-0.0885
2011-11-23,20.0981,21.6526,-0.0571,-0.0932
2011-11-24,20.0978,21.617,-0.0591,-0.0908
2011-11-25,20.0935,21.595,-0.0653,-0.0718
2011-11-26,20.0908,21.5575,-0.0677,-0.0612
2011-11-27,20.0864,21.4949,-0.0714,-0.0839
2011-11-28,20.0823,21.4282,-0.0743,-0.112
2011-11-29,20.0738,21.3903,-0.0802,-0.1041
2011-11-30,20.0687,21.3668,-0.0847,-0.0872
2011-12-01,20.0753,21.3453,-0.0813,-0.0737
2011-12-02,20.0797,21.3059,-0.0802,-0.0773
2011-12-03,20.077,21.2666,-0.0857,-0.0794
2011-12-04,20.0795,21.2444,-0.0847,-0.0598
2011-12-05,20.0793,21.2202,-0.0889,-0.0437
2011-12-06,20.0769,21.2035,-0.0947,-0.0239
2011-12-07,20.0786,21.178,-0.095,-0.0096
2011-12-08,20.0766,21.1308,-0.0971,-0.0184
2011-12-09,20.077,21.0723,-0.0979,-0.0408
2011-12-10,20.0776,21.0212,-0.0974,-0.0518
2011-12-11,20.0773,20.9738,-0.0969,-0.0565
2011-12-12,20.0902,20.9186,-0.0858,-0.0673
2011-12-13,20.097,20.8605,-0.0836,-0.0884
2011-12-14,20.102,20.8193,-0.0825,-0.0973
2011-12-15,20.1155,20.806,-0.0726,-0.0746
2011-12-16,20.1238,20.7833,-0.0683,-0.0542
2011-12-17,20.1211,20.7518,-0.0753,-0.0452
2011-12-18,20.1108,20.7165,-0.0892,-0.0449
2011-12-19,20.1067,20.6922,-0.0959,-0.0369
2011-12-20,20.115,20.6634,-0.0895,-0.0318
2011-12-21,20.1205,20.6312,-0.0863,-0.0331
2011-12-22,20.1197,20.5971,-0.0901,-0.0432
2011-12-23,20.1278,20.5575,-0.089,-0.061
2011-12-24,20.1296,20.5047,-0.0965,-0.083
2011-12-25,20.1267,20.4581,-0.1082,-0.0968
2011-12-26,20.1282,20.4454,-0.111,-0.0756
2011-12-27,20.1324,20.4197,-0.1102,-0.0659
2011-12-28,20.1325,20.3987,-0.1129,-0.0515
2011-12-29,20.1378,20.3654,-0.1119,-0.0545
2011-12-30,20.1362,20.3192,-0.1159,-0.0688
2011-12-31,20.1523,20.2777,-0.1043,-0.0788
2012-01-01,20.1505,20.2163,-0.0988,-0.0855
2012-01-02,20.1527,20.1985,-0.0997,-0.073
2012-01-03,20.1666,20.2122,-0.0903,-0.0316
2012-01-04,20.1993,20.1602,-0.0628,-0.0481
2012-01-05,20.195,20.1374,-0.0707,-0.0374
2012-01-06,20.204,20.1443,-0.0647,-0.0018
2012-01-07,20.196,20.1139,-0.0769,-0.0051
2012-01-08,20.1879,20.0933,-0.0903,0.0041
2012-01-09,20.1897,20.0813,-0.0929,0.0208
2012-01-10,20.1965,20.0826,-0.0913,0.0495
2012-01-11,20.2051,20.0621,-0.0891,0.0548
2012-01-12,20.2216,20.0648,-0.0785,0.0802
2012-01-13,20.2438,20.0314,-0.0636,0.074
2012-01-14,20.2754,19.9718,-0.0379,0.041
2012-01-15,20.2786,19.9341,-0.0384,0.026
2012-01-16,20.2956,19.8755,-0.0261,-0.0093
2012-01-17,20.3087,19.8746,-0.0177,0.0135
2012-01-18,20.331,19.8881,-0.0002,0.0461
2012-01-19,20.3389,19.8812,0.0021,0.0588
2012-01-20,20.3321,19.849,-0.0089,0.047
2012-01-21,20.3349,19.8014,-0.0097,0.0163
2012-01-22,20.3249,19.7575,-0.0245,-0.0143
2012-01-23,20.3285,19.7471,-0.0259,0.0006
2012-01-24,20.3142,19.7372,-0.046,0.0143
2012-01-25,20.3046,19.721,-0.0632,0.0197
2012-01-26,20.2933,19.6777,-0.0791,-0.0013
2012-01-27,20.2847,19.649,-0.0906,-0.0067
2012-01-28,20.2812,19.6519,-0.0987,0.0137
2012-01-29,20.2736,19.6623,-0.1132,0.0404
2012-01-30,20.2661,19.6561,-0.1269,0.0473
2012-01-31,20.2619,19.6545,-0.135,0.0575
2012-02-01,20.2688,19.6487,-0.1309,0.0674
2012-02-02,20.2631,19.6133,-0.1397,0.0481
2012-02-03,20.2698,19.5865,-0.1394,0.0359
2012-02-04,20.2798,19.5397,-0.1365,0.0065
2012-02-05,20.2912,19.4821,-0.1317,-0.0341
2012-02-06,20.3074,19.4548,-0.12,-0.0437
2012-02-07,20.3286,19.4121,-0.1046,-0.0718
2012-02-08,20.3442,19.3681,-0.0952,-0.1048
2012-02-09,20.3604,19.3622,-0.0855,-0.102
2012-02-10,20.3895,19.3779,-0.062,-0.079
2012-02-11,20.4132,19.3939,-0.0443,-0.06
2012-02-12,20.4355,19.3876,-0.0275,-0.0538
2012-02-13,20.4575,19.3667,-0.0078,-0.0552
2012-02-14,20.4697,19.3692,0.0007,-0.0342
2012-02-15,20.4878,19.3431,0.0131,-0.0416
2012-02-16,20.5072,19.3142,0.0286,-0.0596
2012-02-17,20.528,19.3233,0.0462,-0.046
2012-02-18,20.5469,19.3278,0.0617,-0.0346
2012-02-19,20.5602,19.3416,0.0716,-0.0175
2012-02-20,20.5608,19.3394,0.0681,-0.0124
2012-02-21,20.5637,19.3183,0.0671,-0.0246
2012-02-22,20.5684,19.2965,0.0673,-0.0377
2012-02-23,20.5649,19.2745,0.0587,-0.0531
2012-02-24,20.562,19.2741,0.0521,-0.0487
2012-02-25,20.5644,19.2677,0.051,-0.0572
2012-02-26,20.5498,19.2473,0.0353,-0.0738
2012-02-27,20.5283,19.2189,0.0122,-0.1011
2012-02-28,20.5129,19.1944,-0.0013,-0.135
2012-02-29,20.5084,19.1759,-0.0058,-0.1535
2012-03-01,20.5043,19.1524,-0.013,-0.1664
2012-03-02,20.4973,19.1235,-0.0197,-0.1971
2012-03-03,20.4979,19.1189,-0.021,-0.1996
2012-03-04,20.5025,19.1324,-0.0174,-0.1813
2012-03-05,20.491,19.1343,-0.0279,-0.1735
2012-03-06,20.4792,19.148,-0.0395,-0.1519
2012-03-07,20.4687,19.1374,-0.0497,-0.1525
2012-03-08,20.4632,19.1514,-0.0554,-0.1374
2012-03-09,20.4607,19.1676,-0.0601,-0.1269
2012-03-10,20.4521,19.2259,-0.071,-0.0733
2012-03-11,20.4398,19.2141,-0.085,-0.0861
2012-03-12,20.4407,19.22,-0.0878,-0.0837
2012-03-13,20.4382,19.2181,-0.0924,-0.0889
2012-03-14,20.436,19.2289,-0.0973,-0.0862
2012-03-15,20.4441,19.2421,-0.0922,-0.0855
2012-03-16,20.453,19.24,-0.0873,-0.1051
2012-03-17,20.4423,19.2463,-0.101,-0.1115
2012-03-18,20.435,19.2524,-0.1144,-0.1124
2012-03-19,20.4321,19.2763,-0.1229,-0.0953
2012-03-20,20.4355,19.2982,-0.123,-0.0805
2012-03-21,20.4475,19.3201,-0.1114,-0.0667
2012-03-22,20.4598,19.3369,-0.0991,-0.0552
2012-03-23,20.4698,19.3899,-0.0884,-0.0066
2012-03-24,20.4797,19.4301,-0.075,0.031
2012-03-25,20.4916,19.45,-0.0617,0.0437
2012-03-26,20.5073,19.4759,-0.046,0.0615
2012-03-27,20.5229,19.4937,-0.0305,0.071
2012-03-28,20.531,19.5258,-0.0232,0.0973
2012-03-29,20.5391,19.5462,-0.0141,0.1057
2012-03-30,20.5392,19.5609,-0.013,0.1076
2012-03-31,20.5274,19.5553,-0.0227,0.0935
2012-04-01,20.5194,19.5419,-0.0293,0.0696
2012-04-02,20.5187,19.5671,-0.0265,0.0768
2012-04-03,20.5247,19.6013,-0.0179,0.0946
2012-04-04,20.5247,19.6367,-0.0153,0.1155
2012-04-05,20.5195,19.6491,-0.018,0.1084
2012-04-06,20.5209,19.6519,-0.0138,0.0983
2012-04-07,20.5211,19.6671,-0.0107,0.1003
2012-04-08,20.5167,19.6802,-0.012,0.0969
2012-04-09,20.5149,19.6872,-0.0125,0.084
2012-04-10,20.5093,19.6902,-0.0161,0.0673
2012-04-11,20.504,19.699,-0.0156,0.0622
2012-04-12,20.496,19.7003,-0.0182,0.0521
2012-04-13,20.4764,19.685,-0.034,0.0223
2012-04-14,20.4541,19.6663,-0.0537,-0.0179
2012-04-15,20.449,19.6718,-0.0551,-0.0383
2012-04-16,20.4496,19.6948,-0.053,-0.0403
2012-04-17,20.4536,19.7089,-0.0471,-0.0468
2012-04-18,20.4565,19.7216,-0.0415,-0.0565
2012-04-19,20.4581,19.7664,-0.0363,-0.0337
2012-04-20,20.4642,19.8577,-0.0296,0.0261
2012-04-21,20.4708,19.9513,-0.0209,0.09
2012-04-22,20.4705,20.0175,-0.0214,0.1252
2012-04-23,20.454,20.0298,-0.0361,0.1053
2012-04-24,20.431,20.017,-0.058,0.0634
2012-04-25,20.4245,20.0023,-0.0633,0.0217
2012-04-26,20.4261,20.0313,-0.058,0.027
2012-04-27,20.4345,20.0563,-0.0461,0.0282
2012-04-28,20.4422,20.0735,-0.0347,0.0191
2012-04-29,20.4459,20.0783,-0.0266,0.0029
2012-04-30,20.4593,20.1081,-0.0089,0.0119
2012-05-01,20.4684,20.1462,0.0054,0.0188
2012-05-02,20.4801,20.1711,0.021,0.0087
2012-05-03,20.4863,20.1886,0.0281,-0.0135
2012-05-04,20.4932,20.1915,0.0381,-0.0447
2012-05-05,20.4916,20.236,0.0415,-0.0301
2012-05-06,20.4941,20.2892,0.0494,-0.0047
2012-05-07,20.494,20.3571,0.0551,0.0364
2012-05-08,20.4935,20.4122,0.0588,0.0597
2012-05-09,20.4983,20.4944,0.0669,0.1103
2012-05-10,20.5101,20.6018,0.0811,0.1901
2012-05-11,20.5121,20.6943,0.086,0.25
2012-05-12,20.5094,20.7355,0.0869,0.2622
2012-05-13,20.5057,20.7657,0.0849,0.2541
2012-05-14,20.5026,20.7866,0.0843,0.2467
2012-05-15,20.4945,20.7905,0.0779,0.2241
2012-05-16,20.4843,20.8153,0.0715,0.217
2012-05-17,20.4665,20.8167,0.0562,0.184
2012-05-18,20.4447,20.8117,0.037,0.1425
2012-05-19,20.4286,20.8042,0.024,0.094
2012-05-20,20.4107,20.8094,0.0082,0.058
2012-05-21,20.4021,20.856,0.0022,0.0634
2012-05-22,20.4012,20.8853,0.003,0.0557
2012-05-23,20.3999,20.9406,0.0038,0.0703
2012-05-24,20.3909,20.9838,-0.0012,0.0772
2012-05-25,20.3815,21.0465,-0.0059,0.0976
2012-05-26,20.3698,21.1076,-0.0132,0.117
2012-05-27,20.3611,21.1505,-0.0177,0.1183
2012-05-28,20.3566,21.1852,-0.0195,0.1058
2012-05-29,20.3411,21.2005,-0.0311,0.0707
2012-05-30,20.3429,21.2567,-0.0243,0.0842
2012-05-31,20.3553,21.3439,-0.007,0.1302
2012-06-01,20.3682,21.4321,0.0091,0.1725
2012-06-02,20.3714,21.4968,0.0151,0.1986
2012-06-03,20.3759,21.5728,0.0222,0.2356
2012-06-04,20.3683,21.6647,0.0184,0.2868
2012-06-05,20.3514,21.7205,0.0078,0.302
2012-06-06,20.3254,21.7158,-0.0107,0.2555
2012-06-07,20.3094,21.7185,-0.0218,0.2135
2012-06-08,20.302,21.728,-0.0265,0.179
2012-06-09,20.3009,21.7933,-0.026,0.1952
2012-06-10,20.3053,21.8318,-0.0177,0.1882
2012-06-11,20.309,21.8521,-0.0113,0.161
2012-06-12,20.306,21.8816,-0.0121,0.1468
2012-06-13,20.2988,21.9191,-0.0183,0.1388
2012-06-14,20.2988,21.965,-0.0176,0.1352
2012-06-15,20.3037,22.0215,-0.0137,0.1405
2012-06-16,20.3109,22.0634,-0.0116,0.1263
2012-06-17,20.3225,22.1553,-0.0014,0.168
2012-06-18,20.3263,22.2245,0.0036,0.1856
2012-06-19,20.3304,22.303,0.0093,0.2122
2012-06-20,20.3303,22.3613,0.0102,0.2284
2012-06-21,20.3288,22.4175,0.0079,0.2411
2012-06-22,20.3197,22.4644,-0.0033,0.239
2012-06-23,20.3195,22.4918,-0.0056,0.218
2012-06-24,20.3324,22.5373,0.0061,0.2091
2012-06-25,20.3408,22.5958,0.0145,0.215
2012-06-26,20.338,22.6376,0.0117,0.207
2012-06-27,20.3367,22.6705,0.0101,0.1942
2012-06-28,20.3389,22.7094,0.0112,0.1928
2012-06-29,20.3392,22.7637,0.0113,0.207
2012-06-30,20.3412,22.7963,0.0125,0.1972
2012-07-01,20.35,22.8086,0.0194,0.171
2012-07-02,20.3502,22.855,0.0208,0.179
2012-07-03,20.3481,22.9375,0.0191,0.2233
2012-07-04,20.3404,23.0043,0.0094,0.2472
2012-07-05,20.3371,23.0576,0.0043,0.2524
2012-07-06,20.329,23.1149,-0.0044,0.2639
2012-07-07,20.3213,23.1552,-0.0111,0.262
2012-07-08,20.3204,23.2127,-0.0099,0.2755
2012-07-09,20.3294,23.2518,0.0001,0.2687
2012-07-10,20.337,23.2633,0.0062,0.2373
2012-07-11,20.3449,23.2749,0.0111,0.2138
2012-07-12,20.364,23.3145,0.0279,0.2193
2012-07-13,20.3828,23.3263,0.0438,0.2045
2012-07-14,20.3957,23.3649,0.0547,0.2114
2012-07-15,20.4075,23.3702,0.0644,0.1822
2012-07-16,20.4202,23.4066,0.074,0.1794
2012-07-17,20.4269,23.4549,0.079,0.1915
2012-07-18,20.4351,23.5062,0.0873,0.2065
2012-07-19,20.4347,23.5317,0.0869,0.1958
2012-07-20,20.4263,23.5238,0.079,0.1586
2012-07-21,20.4189,23.5297,0.0701,0.1315
2012-07-22,20.412,23.5482,0.06,0.1115
2012-07-23,20.4059,23.6086,0.052,0.1348
2012-07-24,20.398,23.6923,0.042,0.1828
2012-07-25,20.3928,23.739,0.0339,0.1969
2012-07-26,20.3972,23.7937,0.0338,0.2235
2012-07-27,20.4067,23.8405,0.0367,0.2318
2012-07-28,20.4216,23.8997,0.0438,0.2468
2012-07-29,20.4319,23.9718,0.0489,0.2831
2012-07-30,20.4402,24.0475,0.0528,0.3149
2012-07-31,20.4364,24.0932,0.046,0.3235
2012-08-01,20.4233,24.1179,0.0337,0.3227
2012-08-02,20.4117,24.1476,0.022,0.329
2012-08-03,20.4041,24.1813,0.0151,0.335
2012-08-04,20.4011,24.1933,0.0109,0.3208
2012-08-05,20.3978,24.2204,0.0055,0.3201
2012-08-06,20.3976,24.2786,0.0047,0.3464
2012-08-07,20.4078,24.3309,0.0121,0.3745
2012-08-08,20.4192,24.3722,0.0218,0.3955
2012-08-09,20.4242,24.3885,0.0274,0.3988
2012-08-10,20.4281,24.3964,0.0294,0.3834
2012-08-11,20.4246,24.4108,0.023,0.3659
2012-08-12,20.4077,24.4113,0.0035,0.3357
2012-08-13,20.3978,24.4239,-0.0081,0.3255
2012-08-14,20.3832,24.4225,-0.0248,0.3022
2012-08-15,20.3738,24.4314,-0.0352,0.2956
2012-08-16,20.3737,24.428,-0.0362,0.2819
2012-08-17,20.3977,24.433,-0.0112,0.2835
2012-08-18,20.4196,24.4552,0.0131,0.3119
2012-08-19,20.4437,24.5003,0.037,0.3522
2012-08-20,20.4595,24.5369,0.0516,0.375
2012-08-21,20.4764,24.558,0.0666,0.378
2012-08-22,20.4796,24.5545,0.07,0.3671
2012-08-23,20.4811,24.538,0.0717,0.3422
2012-08-24,20.4858,24.5703,0.0765,0.368
2012-08-25,20.4985,24.6094,0.089,0.4017
2012-08-26,20.5047,24.6711,0.0951,0.4565
2012-08-27,20.4984,24.654,0.0872,0.4284
2012-08-28,20.4931,24.6769,0.0824,0.4494
2012-08-29,20.4925,24.7104,0.0813,0.482
2012-08-30,20.4836,24.6986,0.0729,0.476
2012-08-31,20.4716,24.6469,0.0628,0.4319
2012-09-01,20.4626,24.6232,0.0537,0.4142
2012-09-02,20.4467,24.6157,0.0385,0.4078
2012-09-03,20.4337,24.626,0.0275,0.4229
2012-09-04,20.4225,24.6193,0.0176,0.4179
2012-09-05,20.4149,24.6175,0.0129,0.4225
2012-09-06,20.4158,24.6108,0.0187,0.4335
2012-09-07,20.4236,24.6157,0.0342,0.4548
2012-09-08,20.4259,24.6187,0.0423,0.4757
2012-09-09,20.4323,24.5836,0.0538,0.4582
2012-09-10,20.4405,24.5204,0.068,0.4101
2012-09-11,20.4409,24.4533,0.0755,0.3632
2012-09-12,20.4478,24.4369,0.0875,0.3629
2012-09-13,20.4446,24.4061,0.0896,0.3435
2012-09-14,20.4353,24.3786,0.088,0.3314
2012-09-15,20.4421,24.3907,0.1013,0.3573
2012-09-16,20.4401,24.3667,0.1055,0.3507
2012-09-17,20.431,24.3533,0.1023,0.3561
2012-09-18,20.4346,24.3397,0.1103,0.3651
2012-09-19,20.4418,24.3414,0.1205,0.3823
2012-09-20,20.4456,24.352,0.1241,0.4063
2012-09-21,20.4388,24.3427,0.119,0.4165
2012-09-22,20.4288,24.3124,0.1116,0.4051
2012-09-23,20.4288,24.2824,0.1135,0.3913
2012-09-24,20.4384,24.2612,0.126,0.3908
2012-09-25,20.4395,24.2532,0.13,0.3994
2012-09-26,20.4284,24.2506,0.1225,0.4131
2012-09-27,20.4164,24.2298,0.1157,0.4092
2012-09-28,20.3978,24.1912,0.1045,0.3895
2012-09-29,20.3775,24.1582,0.0907,0.3786
2012-09-30,20.3603,24.1294,0.0781,0.3769
2012-10-01,20.3622,24.1125,0.0838,0.3905
2012-10-02,20.3628,24.0902,0.0893,0.4007
2012-10-03,20.3519,24.051,0.0841,0.3938
2012-10-04,20.3443,24.0323,0.0811,0.4048
2012-10-05,20.34,24.0183,0.0822,0.4204
2012-10-06,20.351,24.0002,0.0976,0.4325
2012-10-07,20.3659,24.0003,0.1152,0.4577
2012-10-08,20.3624,23.9525,0.117,0.4445
2012-10-09,20.3568,23.8655,0.1158,0.3946
2012-10-10,20.3454,23.7896,0.1097,0.3536
2012-10-11,20.3323,23.7247,0.1037,0.3201
2012-10-12,20.3147,23.6433,0.0919,0.2691
2012-10-13,20.297,23.5714,0.0792,0.2309
2012-10-14,20.2821,23.4959,0.0688,0.1879
2012-10-15,20.2701,23.4359,0.0585,0.1607
2012-10-16,20.2624,23.3788,0.0514,0.1323
2012-10-17,20.2724,23.3318,0.063,0.1131
2012-10-18,20.2775,23.2742,0.0713,0.0812
2012-10-19,20.2792,23.2381,0.0733,0.0748
2012-10-20,20.2744,23.1996,0.071,0.0693
2012-10-21,20.2749,23.1671,0.0742,0.0735
2012-10-22,20.2683,23.1481,0.0704,0.0919
2012-10-23,20.2533,23.1232,0.057,0.1042
2012-10-24,20.2354,23.0822,0.04,0.1003
2012-10-25,20.2288,23.0399,0.0348,0.0959
2012-10-26,20.2299,22.9899,0.039,0.0865
2012-10-27,20.2386,22.9499,0.0515,0.0865
2012-10-28,20.2362,22.9163,0.0537,0.098
2012-10-29,20.2388,22.8681,0.0612,0.0952
2012-10-30,20.2465,22.8329,0.0739,0.1044
2012-10-31,20.2473,22.8042,0.0796,0.1166
2012-11-01,20.2404,22.7924,0.0798,0.1468
2012-11-02,20.2339,22.7873,0.0781,0.1871
2012-11-03,20.2295,22.7623,0.078,0.2096
2012-11-04,20.2238,22.7243,0.076,0.2188
2012-11-05,20.2213,22.6749,0.0756,0.2079
2012-11-06,20.2243,22.6337,0.0785,0.2032
2012-11-07,20.2208,22.5868,0.0749,0.1947
2012-11-08,20.2058,22.5284,0.0593,0.1727
2012-11-09,20.1901,22.4384,0.0422,0.1203
2012-11-10,20.1746,22.3304,0.0256,0.0511
2012-11-11,20.1623,22.2613,0.014,0.0258
2012-11-12,20.1667,22.2315,0.0179,0.0439
2012-11-13,20.182,22.23,0.0337,0.0905
2012-11-14,20.2023,22.2197,0.0536,0.1227
2012-11-15,20.2208,22.2006,0.0741,0.1401
2012-11-16,20.2335,22.1616,0.0866,0.1309
2012-11-17,20.2344,22.1324,0.0872,0.1382
2012-11-18,20.2249,22.0753,0.0789,0.1246
2012-11-19,20.2251,22.0458,0.0784,0.1384
2012-11-20,20.2134,22.0091,0.0662,0.1453
2012-11-21,20.2006,21.9723,0.0505,0.1459
2012-11-22,20.1995,21.955,0.0469,0.1667
2012-11-23,20.2015,21.9239,0.0463,0.1781
2012-11-24,20.1958,21.9085,0.0389,0.2007
2012-11-25,20.1842,21.9053,0.0254,0.2385
2012-11-26,20.1865,21.8548,0.028,0.2361
2012-11-27,20.1782,21.7919,0.0204,0.2131
2012-11-28,20.1772,21.7274,0.0206,0.1872
2012-11-29,20.1773,21.663,0.0233,0.1686
2012-11-30,20.178,21.6137,0.0246,0.1597
2012-12-01,20.1782,21.5512,0.0216,0.1322
2012-12-02,20.1716,21.4752,0.0117,0.092
2012-12-03,20.1737,21.4063,0.011,0.0603
2012-12-04,20.1888,21.3785,0.0246,0.0743
2012-12-05,20.2042,21.371,0.036,0.1071
2012-12-06,20.2106,21.3434,0.039,0.116
2012-12-07,20.2089,21.3161,0.0353,0.1285
2012-12-08,20.215,21.2935,0.0413,0.1443
2012-12-09,20.2332,21.2761,0.0583,0.163
2012-12-10,20.2437,21.225,0.0687,0.152
2012-12-11,20.2501,21.1859,0.0759,0.1556
2012-12-12,20.2539,21.1354,0.0779,0.1495
2012-12-13,20.2564,21.093,0.0758,0.1441
2012-12-14,20.2595,21.0429,0.075,0.1263
2012-12-15,20.2613,20.9742,0.0732,0.0936
2012-12-16,20.2649,20.9473,0.0728,0.1097
2012-12-17,20.271,20.9266,0.0746,0.1296
2012-12-18,20.2801,20.8842,0.0801,0.1228
2012-12-19,20.2795,20.8603,0.0769,0.1312
2012-12-20,20.2953,20.861,0.0908,0.1658
2012-12-21,20.3016,20.8378,0.0948,0.1735
2012-12-22,20.31,20.8303,0.1002,0.19
2012-12-23,20.3183,20.8464,0.1015,0.2279
2012-12-24,20.3231,20.821,0.097,0.2333
2012-12-25,20.3209,20.7598,0.086,0.2049
2012-12-26,20.3177,20.6871,0.0785,0.1661
2012-12-27,20.3163,20.6244,0.0737,0.1388
2012-12-28,20.3157,20.5715,0.0703,0.1213
2012-12-29,20.313,20.5287,0.0633,0.1088
2012-12-30,20.301,20.4869,0.0489,0.0989
2012-12-31,20.2881,20.4335,0.0315,0.077
2013-01-01,20.2757,20.3931,0.0264,0.0913
2013-01-02,20.2742,20.3846,0.0218,0.1131
2013-01-03,20.2775,20.387,0.0206,0.1432
2013-01-04,20.2763,20.3692,0.0142,0.1609
2013-01-05,20.2683,20.3412,0.0026,0.1664
2013-01-06,20.2607,20.287,-0.008,0.1409
2013-01-07,20.2625,20.213,-0.0104,0.094
2013-01-08,20.2599,20.1645,-0.0183,0.0753
2013-01-09,20.265,20.1235,-0.0176,0.063
2013-01-10,20.2784,20.0913,-0.0094,0.0582
2013-01-11,20.2943,20.0721,0.0001,0.0648
2013-01-12,20.3051,20.0839,0.005,0.0993
2013-01-13,20.3236,20.0918,0.0162,0.1344
2013-01-14,20.3422,20.0894,0.0289,0.1586
2013-01-15,20.354,20.063,0.037,0.1549
2013-01-16,20.3593,20.0462,0.0376,0.1614
2013-01-17,20.3582,20.0464,0.0318,0.1853
2013-01-18,20.3542,20.0499,0.023,0.2079
2013-01-19,20.3568,20.0208,0.02,0.1984
2013-01-20,20.3679,20.0007,0.0269,0.1987
2013-01-21,20.3823,19.9845,0.0377,0.1994
2013-01-22,20.393,19.9558,0.0436,0.184
2013-01-23,20.4012,19.9335,0.0468,0.187
2013-01-24,20.4058,19.9111,0.0456,0.1882
2013-01-25,20.3999,19.8519,0.0321,0.1506
2013-01-26,20.396,19.8042,0.0236,0.1252
2013-01-27,20.3987,19.7937,0.0234,0.138
2013-01-28,20.403,19.804,0.0231,0.1658
2013-01-29,20.4013,19.7945,0.0145,0.1727
2013-01-30,20.3994,19.7655,0.0064,0.1567
2013-01-31,20.405,19.7588,0.0081,0.1618
2013-02-01,20.4063,19.753,0.0066,0.1716
2013-02-02,20.4009,19.7096,-0.0019,0.1444
2013-02-03,20.3915,19.6483,-0.0177,0.0977
2013-02-04,20.3863,19.6078,-0.03,0.0746
2013-02-05,20.3892,19.604,-0.0337,0.0878
2013-02-06,20.3984,19.5938,-0.029,0.0953
2013-02-07,20.4156,19.5938,-0.0176,0.1099
2013-02-08,20.4414,19.5928,0.002,0.1199
2013-02-09,20.4632,19.5857,0.0173,0.1215
2013-02-10,20.4765,19.5692,0.025,0.1123
2013-02-11,20.4819,19.5584,0.0244,0.1045
2013-02-12,20.4833,19.5351,0.0203,0.0937
2013-02-13,20.4792,19.5284,0.0139,0.1065
2013-02-14,20.4818,19.55,0.0128,0.1466
2013-02-15,20.4972,19.5722,0.0225,0.1875
2013-02-16,20.5183,19.5943,0.0397,0.2205
2013-02-17,20.5354,19.6116,0.0536,0.2423
2013-02-18,20.5378,19.6021,0.0526,0.2397
2013-02-19,20.5358,19.5778,0.0472,0.2187
2013-02-20,20.5346,19.5634,0.0419,0.2116
2013-02-21,20.535,19.5496,0.0384,0.2067
2013-02-22,20.5238,19.5348,0.0227,0.2006
2013-02-23,20.5108,19.5095,0.0046,0.1819
2013-02-24,20.5037,19.5036,-0.0062,0.1808
2013-02-25,20.51,19.5412,-0.0034,0.2163
2013-02-26,20.5089,19.5683,-0.0056,0.2472
2013-02-27,20.5012,19.5764,-0.0149,0.2564
2013-02-28,20.4902,19.5681,-0.024,0.2387
2013-03-01,20.4854,19.5783,-0.0319,0.2595
2013-03-02,20.4734,19.5789,-0.0436,0.2583
2013-03-03,20.478,19.5581,-0.0409,0.2396
2013-03-04,20.4873,19.5387,-0.0326,0.225
2013-03-05,20.4911,19.5461,-0.0278,0.2383
2013-03-06,20.4879,19.5457,-0.0308,0.2458
2013-03-07,20.4734,19.5401,-0.045,0.2502
2013-03-08,20.4648,19.5264,-0.0538,0.2376
2013-03-09,20.4576,19.509,-0.0632,0.2145
2013-03-10,20.4608,19.5185,-0.0623,0.2193
2013-03-11,20.4652,19.5369,-0.0596,0.2367
2013-03-12,20.4649,19.55,-0.0636,0.2463
2013-03-13,20.4726,19.5558,-0.058,0.2488
2013-03-14,20.4843,19.6147,-0.049,0.2996
2013-03-15,20.4948,19.6799,-0.0415,0.3523
2013-03-16,20.5055,19.6948,-0.0348,0.3497
2013-03-17,20.5205,19.6896,-0.0228,0.3318
2013-03-18,20.5384,19.6737,-0.011,0.3089
2013-03-19,20.5497,19.6655,-0.0053,0.2939
2013-03-20,20.5594,19.6694,0.0009,0.2907
2013-03-21,20.5699,19.6983,0.011,0.3115
2013-03-22,20.5838,19.7087,0.0249,0.3166
2013-03-23,20.5853,19.6942,0.0271,0.2977
2013-03-24,20.5889,19.6828,0.0342,0.2837
2013-03-25,20.595,19.6941,0.0417,0.2878
2013-03-26,20.5962,19.7051,0.0429,0.2907
2013-03-27,20.5986,19.7053,0.0452,0.2826
2013-03-28,20.5992,19.7193,0.045,0.2908
2013-03-29,20.5941,19.7032,0.0409,0.2627
2013-03-30,20.59,19.6973,0.0378,0.244
2013-03-31,20.5942,19.6886,0.0441,0.2268
2013-04-01,20.6068,19.6783,0.0581,0.206
2013-04-02,20.6157,19.6692,0.0705,0.1789
2013-04-03,20.6213,19.6429,0.0787,0.1362
2013-04-04,20.6149,19.6173,0.0749,0.0961
2013-04-05,20.6031,19.6239,0.0656,0.0832
2013-04-06,20.5878,19.619,0.0531,0.0654
2013-04-07,20.5826,19.6291,0.0508,0.0623
2013-04-08,20.5783,19.6498,0.0496,0.0665
2013-04-09,20.574,19.6878,0.0466,0.0846
2013-04-10,20.5684,19.7267,0.043,0.1038
2013-04-11,20.5433,19.7306,0.0237,0.0938
2013-04-12,20.5197,19.7525,0.0055,0.1043
2013-04-13,20.5083,19.7772,-0.0021,0.1145
2013-04-14,20.5154,19.8246,0.0076,0.1404
2013-04-15,20.5163,19.8729,0.0122,0.1628
2013-04-16,20.5104,19.9209,0.0078,0.1858
2013-04-17,20.508,19.9472,0.0073,0.1915
2013-04-18,20.5023,19.9325,0.0043,0.1544
2013-04-19,20.4983,19.9091,0.0039,0.109
2013-04-20,20.4951,19.9557,0.0013,0.1241
2013-04-21,20.4915,19.991,-0.0002,0.1297
2013-04-22,20.4908,20.0036,-0.0011,0.1113
2013-04-23,20.4935,20.0386,0.0034,0.1141
2013-04-24,20.5042,20.0876,0.0152,0.134
2013-04-25,20.5207,20.1576,0.0329,0.177
2013-04-26,20.5287,20.1992,0.0446,0.1949
2013-04-27,20.5348,20.2095,0.0542,0.1814
2013-04-28,20.5252,20.2191,0.0483,0.1647
2013-04-29,20.515,20.2315,0.0425,0.1561
2013-04-30,20.5132,20.2612,0.045,0.165
2013-05-01,20.5119,20.2654,0.0489,0.138
2013-05-02,20.503,20.2486,0.0439,0.0862
2013-05-03,20.5053,20.268,0.0471,0.0659
2013-05-04,20.5109,20.336,0.0558,0.0998
2013-05-05,20.5167,20.4253,0.0666,0.1592
2013-05-06,20.517,20.4881,0.0723,0.1942
2013-05-07,20.5214,20.5407,0.0825,0.22
2013-05-08,20.5213,20.6038,0.0866,0.2513
2013-05-09,20.5126,20.6301,0.0812,0.246
2013-05-10,20.5043,20.62,0.0753,0.2083
2013-05-11,20.4853,20.5975,0.0592,0.1532
2013-05-12,20.4737,20.6119,0.0512,0.1386
2013-05-13,20.4621,20.6433,0.0413,0.1317
2013-05-14,20.4478,20.633,0.0295,0.0931
2013-05-15,20.4362,20.6074,0.0196,0.041
2013-05-16,20.4373,20.6191,0.0245,0.0208
2013-05-17,20.4362,20.6706,0.0259,0.0379
2013-05-18,20.4374,20.7294,0.0297,0.0602
2013-05-19,20.4386,20.7874,0.034,0.0772
2013-05-20,20.4413,20.8205,0.0388,0.0691
2013-05-21,20.4469,20.8539,0.047,0.0613
2013-05-22,20.4511,20.887,0.0529,0.0574
2013-05-23,20.4545,20.9308,0.0584,0.0605
2013-05-24,20.451,20.9696,0.0589,0.063
2013-05-25,20.437,20.9849,0.0496,0.036
2013-05-26,20.4215,20.9745,0.0385,-0.0161
2013-05-27,20.4065,20.9727,0.0277,-0.0595
2013-05-28,20.4004,20.9832,0.0243,-0.0962
2013-05-29,20.3874,21.0008,0.0152,-0.129
2013-05-30,20.3664,21.0174,-0.0008,-0.1551
2013-05-31,20.3604,21.0848,-0.0019,-0.1289
2013-06-01,20.3522,21.1532,-0.0069,-0.1064
2013-06-02,20.3435,21.2147,-0.0128,-0.0835
2013-06-03,20.3285,21.2946,-0.0252,-0.0426
2013-06-04,20.3132,21.3491,-0.0367,-0.0288
2013-06-05,20.297,21.4354,-0.0466,0.0169
2013-06-06,20.2813,21.4896,-0.0548,0.0293
2013-06-07,20.2713,21.5239,-0.0599,0.0189
2013-06-08,20.2629,21.5546,-0.0656,0.0056
2013-06-09,20.2628,21.5735,-0.0641,-0.0246
2013-06-10,20.2633,21.5917,-0.0597,-0.0519
2013-06-11,20.2663,21.6502,-0.054,-0.0409
2013-06-12,20.278,21.7346,-0.0401,-0.0002
2013-06-13,20.2806,21.7756,-0.0365,-0.0047
2013-06-14,20.2893,21.7917,-0.0271,-0.0381
2013-06-15,20.2971,21.8253,-0.0203,-0.0557
2013-06-16,20.3009,21.8517,-0.0216,-0.0854
2013-06-17,20.3018,21.8928,-0.0221,-0.0945
2013-06-18,20.3016,21.9204,-0.0211,-0.1185
2013-06-19,20.3095,21.9961,-0.0116,-0.0948
2013-06-20,20.309,22.041,-0.0111,-0.0919
2013-06-21,20.3055,22.1124,-0.0154,-0.064
2013-06-22,20.299,22.1734,-0.024,-0.052
2013-06-23,20.3028,22.2384,-0.0223,-0.0354
2013-06-24,20.3107,22.2962,-0.0156,-0.032
2013-06-25,20.3192,22.352,-0.0071,-0.0288
2013-06-26,20.3205,22.4009,-0.0058,-0.0297
2013-06-27,20.3216,22.4531,-0.005,-0.0232
2013-06-28,20.3226,22.4849,-0.0051,-0.0317
2013-06-29,20.3237,22.4983,-0.0042,-0.0584
2013-06-30,20.3232,22.5368,-0.0055,-0.0623
2013-07-01,20.3206,22.5282,-0.01,-0.1094
2013-07-02,20.3136,22.5219,-0.0158,-0.1541
2013-07-03,20.3232,22.5577,-0.0058,-0.1565
2013-07-04,20.3234,22.5797,-0.0076,-0.1774
2013-07-05,20.3212,22.6325,-0.0116,-0.1727
2013-07-06,20.332,22.6946,-0.0014,-0.1564
2013-07-07,20.3421,22.772,0.0097,-0.1212
2013-07-08,20.3622,22.9092,0.0319,-0.0281
2013-07-09,20.3835,23.0072,0.0542,0.0241
2013-07-10,20.4005,23.0746,0.0697,0.0486
2013-07-11,20.4189,23.1797,0.0851,0.1186
2013-07-12,20.43,23.276,0.0939,0.1808
2013-07-13,20.4379,23.3496,0.0989,0.2278
2013-07-14,20.4405,23.4321,0.0995,0.2786
2013-07-15,20.439,23.4553,0.0959,0.2673
2013-07-16,20.4322,23.4609,0.086,0.2337
2013-07-17,20.4391,23.4729,0.0912,0.2095
2013-07-18,20.4551,23.4878,0.1073,0.1881
2013-07-19,20.4536,23.5087,0.1058,0.1728
2013-07-20,20.4557,23.5397,0.1084,0.1745
2013-07-21,20.4772,23.6479,0.1284,0.2497
2013-07-22,20.4812,23.7231,0.1292,0.2863
2013-07-23,20.4843,23.8023,0.1304,0.3285
2013-07-24,20.4891,23.8524,0.1331,0.3429
2013-07-25,20.4948,23.8906,0.1359,0.3485
2013-07-26,20.4916,23.8949,0.1282,0.3247
2013-07-27,20.4871,23.8993,0.1171,0.2906
2013-07-28,20.4944,23.9374,0.1166,0.2845
2013-07-29,20.4982,23.9479,0.1152,0.2592
2013-07-30,20.5039,23.9803,0.1165,0.2477
2013-07-31,20.4967,24.0132,0.1063,0.2435
2013-08-01,20.4785,23.9991,0.0889,0.2039
2013-08-02,20.4611,23.9646,0.0714,0.146
2013-08-03,20.4551,23.9429,0.0661,0.0966
2013-08-04,20.4502,23.9655,0.06,0.093
2013-08-05,20.4553,24.0233,0.063,0.123
2013-08-06,20.4653,24.0595,0.0724,0.1273
2013-08-07,20.4729,24.0832,0.0772,0.1268
2013-08-08,20.4748,24.0898,0.0774,0.1131
2013-08-09,20.4768,24.1161,0.08,0.1264
2013-08-10,20.4724,24.1118,0.0737,0.0987
2013-08-11,20.4807,24.1384,0.0791,0.0935
2013-08-12,20.4785,24.1343,0.0743,0.0587
2013-08-13,20.4805,24.1703,0.0746,0.0719
2013-08-14,20.4932,24.2164,0.0852,0.0961
2013-08-15,20.5062,24.253,0.0972,0.1172
2013-08-16,20.515,24.2642,0.1051,0.1181
2013-08-17,20.5116,24.2677,0.1027,0.1182
2013-08-18,20.5166,24.2667,0.1101,0.1234
2013-08-19,20.522,24.2734,0.1153,0.1253
2013-08-20,20.5309,24.295,0.123,0.1331
2013-08-21,20.5338,24.3178,0.124,0.1378
2013-08-22,20.5393,24.32,0.1297,0.1326
2013-08-23,20.5455,24.3261,0.1361,0.1303
2013-08-24,20.5388,24.3304,0.1295,0.1281
2013-08-25,20.5156,24.302,0.1061,0.0943
2013-08-26,20.4951,24.2816,0.0855,0.067
2013-08-27,20.4979,24.3164,0.0867,0.0908
2013-08-28,20.5021,24.3336,0.0914,0.1061
2013-08-29,20.5022,24.3478,0.091,0.1194
2013-08-30,20.5001,24.3377,0.0894,0.1151
2013-08-31,20.5107,24.3435,0.1019,0.1285
2013-09-01,20.5185,24.3547,0.1096,0.1457
2013-09-02,20.515,24.373,0.1068,0.1651
2013-09-03,20.504,24.3336,0.0978,0.1304
2013-09-04,20.4987,24.3079,0.0938,0.1065
2013-09-05,20.4958,24.2968,0.0938,0.1018
2013-09-06,20.487,24.2807,0.0899,0.1034
2013-09-07,20.4801,24.2995,0.0907,0.1386
2013-09-08,20.4732,24.3015,0.0896,0.1585
2013-09-09,20.4709,24.2919,0.0924,0.1665
2013-09-10,20.4691,24.2775,0.0966,0.1672
2013-09-11,20.4758,24.2725,0.1104,0.1824
2013-09-12,20.486,24.2885,0.1257,0.2145
2013-09-13,20.4962,24.314,0.1412,0.2514
2013-09-14,20.4896,24.2932,0.1423,0.246
2013-09-15,20.4724,24.2648,0.1316,0.2314
2013-09-16,20.4612,24.234,0.1266,0.218
2013-09-17,20.4535,24.1838,0.1248,0.1866
2013-09-18,20.4546,24.1558,0.1303,0.1812
2013-09-19,20.4573,24.1607,0.136,0.2016
2013-09-20,20.4477,24.2048,0.1262,0.2591
2013-09-21,20.4344,24.2186,0.1146,0.2924
2013-09-22,20.4146,24.2073,0.0974,0.3
2013-09-23,20.3948,24.1803,0.0795,0.2892
2013-09-24,20.3815,24.1379,0.0691,0.2675
2013-09-25,20.3675,24.1085,0.058,0.2547
2013-09-26,20.3668,24.0965,0.0609,0.259
2013-09-27,20.3698,24.1025,0.0691,0.2818
2013-09-28,20.3691,24.1161,0.0758,0.3144
2013-09-29,20.3601,24.1129,0.0733,0.3333
2013-09-30,20.3541,24.0938,0.0719,0.3413
2013-10-01,20.3492,24.0847,0.0708,0.3627
2013-10-02,20.3467,24.0558,0.0732,0.3663
2013-10-03,20.3386,24.0387,0.0708,0.3815
2013-10-04,20.3249,24.052,0.0617,0.4245
2013-10-05,20.3094,24.0463,0.0516,0.4484
2013-10-06,20.2955,23.9991,0.0421,0.4314
2013-10-07,20.2887,23.964,0.038,0.4214
2013-10-08,20.2842,23.9121,0.0388,0.4041
2013-10-09,20.2799,23.8644,0.0389,0.3935
2013-10-10,20.2657,23.8089,0.03,0.3729
2013-10-11,20.247,23.7417,0.0184,0.3371
2013-10-12,20.2372,23.7064,0.0144,0.3322
2013-10-13,20.2393,23.673,0.0215,0.3325
2013-10-14,20.235,23.6177,0.0217,0.3097
2013-10-15,20.2305,23.5923,0.0189,0.3171
2013-10-16,20.2245,23.579,0.0135,0.3325
2013-10-17,20.2217,23.5804,0.0123,0.3617
2013-10-18,20.2345,23.6041,0.0283,0.4111
2013-10-19,20.2384,23.5796,0.0325,0.4163
2013-10-20,20.2407,23.5395,0.0373,0.4092
2013-10-21,20.243,23.4931,0.0423,0.3995
2013-10-22,20.2441,23.4606,0.0462,0.4044
2013-10-23,20.2452,23.4097,0.0489,0.3907
2013-10-24,20.2515,23.3758,0.0561,0.3939
2013-10-25,20.2525,23.3178,0.0585,0.3738
2013-10-26,20.2516,23.2419,0.0607,0.3385
2013-10-27,20.2487,23.1714,0.0616,0.308
2013-10-28,20.2545,23.0855,0.072,0.2672
2013-10-29,20.2651,22.9977,0.0875,0.2248
2013-10-30,20.2721,22.9515,0.0995,0.223
2013-10-31,20.2817,22.9133,0.114,0.2257
2013-11-01,20.2821,22.8616,0.1215,0.216
2013-11-02,20.2744,22.8076,0.1186,0.2074
2013-11-03,20.2722,22.7827,0.1207,0.23
2013-11-04,20.2684,22.7466,0.1206,0.2411
2013-11-05,20.2601,22.7105,0.1144,0.2435
2013-11-06,20.2417,22.6632,0.0959,0.2327
2013-11-07,20.2225,22.5969,0.0766,0.2048
2013-11-08,20.2127,22.553,0.0662,0.1973
2013-11-09,20.2111,22.5057,0.0632,0.1876
2013-11-10,20.2228,22.4706,0.0738,0.1913
2013-11-11,20.2278,22.4219,0.0795,0.1864
2013-11-12,20.2402,22.3997,0.0914,0.2121
2013-11-13,20.2431,22.352,0.0948,0.2125
2013-11-14,20.246,22.285,0.0973,0.188
2013-11-15,20.2522,22.2172,0.1055,0.1567
2013-11-16,20.27,22.1733,0.1231,0.1426
2013-11-17,20.294,22.1226,0.1468,0.1284
2013-11-18,20.3096,22.0795,0.1636,0.1288
2013-11-19,20.3238,22.0202,0.1771,0.1128
2013-11-20,20.3335,21.9634,0.1863,0.0996
2013-11-21,20.3492,21.9247,0.1991,0.0983
2013-11-22,20.3609,21.9135,0.2083,0.1252
2013-11-23,20.3679,21.8995,0.2127,0.1537
2013-11-24,20.3731,21.8719,0.2162,0.1641
2013-11-25,20.3656,21.805,0.2068,0.1382
2013-11-26,20.3432,21.7234,0.1847,0.1047
2013-11-27,20.3201,21.6628,0.1623,0.084
2013-11-28,20.2938,21.6082,0.1372,0.068
2013-11-29,20.2693,21.554,0.1153,0.0596
2013-11-30,20.2652,21.5044,0.1118,0.0504
2013-12-01,20.263,21.4576,0.1064,0.0386
2013-12-02,20.2653,21.4493,0.1054,0.0661
2013-12-03,20.254,21.45,0.0913,0.104
2013-12-04,20.2549,21.4461,0.0907,0.1419
2013-12-05,20.2617,21.4283,0.0935,0.1644
2013-12-06,20.2661,21.4072,0.0945,0.1798
2013-12-07,20.2671,21.3801,0.0935,0.1925
2013-12-08,20.2706,21.3442,0.0969,0.195
2013-12-09,20.2662,21.2881,0.0913,0.175
2013-12-10,20.2586,21.2227,0.0836,0.1497
2013-12-11,20.2615,21.1756,0.0873,0.1453
2013-12-12,20.2654,21.0998,0.0894,0.1139
2013-12-13,20.267,21.0235,0.0864,0.0746
2013-12-14,20.2816,20.9653,0.0971,0.0487
2013-12-15,20.298,20.9078,0.1099,0.0272
2013-12-16,20.3122,20.8238,0.1201,-0.0138
2013-12-17,20.3192,20.7608,0.1228,-0.0362
2013-12-18,20.3164,20.709,0.1164,-0.0524
2013-12-19,20.299,20.6538,0.0964,-0.0753
2013-12-20,20.2848,20.6302,0.0803,-0.065
2013-12-21,20.2847,20.5986,0.0779,-0.0657
2013-12-22,20.2853,20.5756,0.0755,-0.0647
2013-12-23,20.2882,20.5427,0.0714,-0.0758
2013-12-24,20.3016,20.5233,0.0755,-0.0644
2013-12-25,20.3201,20.5062,0.0852,-0.0487
2013-12-26,20.3319,20.4874,0.0927,-0.0336
2013-12-27,20.3396,20.4652,0.097,-0.0204
2013-12-28,20.3416,20.4381,0.0962,-0.0121
2013-12-29,20.3499,20.4214,0.1002,0.0015
2013-12-30,20.359,20.4031,0.1069,0.0151
2013-12-31,20.3583,20.386,0.1017,0.0295
2014-01-01,20.3595,20.3641,0.1102,0.0623
2014-01-02,20.3632,20.3264,0.1108,0.0549
2014-01-03,20.3691,20.2885,0.1122,0.0447
2014-01-04,20.3558,20.244,0.0937,0.0357
2014-01-05,20.3505,20.2086,0.0848,0.0338
2014-01-06,20.3574,20.1913,0.0887,0.0452
2014-01-07,20.3629,20.1766,0.09,0.0576
2014-01-08,20.3618,20.1466,0.0836,0.0574
2014-01-09,20.3508,20.1026,0.0682,0.0421
2014-01-10,20.3446,20.0541,0.0568,0.021
2014-01-11,20.3474,20.0163,0.0532,0.009
2014-01-12,20.355,20.0056,0.0549,0.021
2014-01-13,20.3705,19.9658,0.0631,0.0084
2014-01-14,20.3912,19.93,0.0779,-0.0008
2014-01-15,20.4042,19.9016,0.0872,-0.0065
2014-01-16,20.4223,19.8908,0.1006,0.006
2014-01-17,20.4321,19.8829,0.1057,0.0218
2014-01-18,20.4493,19.858,0.1181,0.016
2014-01-19,20.4657,19.8315,0.1289,0.0091
2014-01-20,20.4845,19.8312,0.1435,0.0292
2014-01-21,20.5,19.8313,0.1554,0.0462
2014-01-22,20.4996,19.7967,0.1502,0.0249
2014-01-23,20.4973,19.7382,0.1429,-0.0083
2014-01-24,20.4876,19.6978,0.1274,-0.0251
2014-01-25,20.4718,19.6657,0.104,-0.0356
2014-01-26,20.4548,19.6269,0.0824,-0.0521
2014-01-27,20.4437,19.5893,0.0684,-0.0664
2014-01-28,20.4341,19.5704,0.0542,-0.0678
2014-01-29,20.4268,19.5514,0.04,-0.0704
2014-01-30,20.4375,19.5685,0.0445,-0.0403
2014-01-31,20.4549,19.582,0.0579,-0.015
2014-02-01,20.4664,19.5823,0.0667,0.0009
2014-02-02,20.4756,19.5955,0.0728,0.0303
2014-02-03,20.4869,19.6032,0.0777,0.0526
2014-02-04,20.4944,19.6098,0.0781,0.0766
2014-02-05,20.5037,19.5951,0.0808,0.0789
2014-02-06,20.5049,19.5737,0.0775,0.0752
2014-02-07,20.5031,19.5354,0.0699,0.0515
2014-02-08,20.5113,19.5126,0.0719,0.0397
2014-02-09,20.529,19.4896,0.0831,0.0254
2014-02-10,20.5453,19.4885,0.0938,0.0316
2014-02-11,20.5524,19.4745,0.0949,0.0206
2014-02-12,20.555,19.4561,0.092,0.0147
2014-02-13,20.5539,19.4283,0.0886,0.0064
2014-02-14,20.5541,19.4036,0.0851,0.0002
2014-02-15,20.5617,19.374,0.087,-0.0107
2014-02-16,20.5732,19.3574,0.0946,-0.0164
2014-02-17,20.5747,19.3445,0.0929,-0.0248
2014-02-18,20.5692,19.3461,0.084,-0.0163
2014-02-19,20.5659,19.3396,0.0773,-0.0195
2014-02-20,20.5607,19.3262,0.068,-0.0256
2014-02-21,20.5543,19.2957,0.0577,-0.0472
2014-02-22,20.5499,19.2868,0.0488,-0.0474
2014-02-23,20.5508,19.2704,0.0446,-0.0572
2014-02-24,20.5566,19.2692,0.0467,-0.0536
2014-02-25,20.5581,19.2586,0.0447,-0.0663
2014-02-26,20.5619,19.252,0.0474,-0.0691
2014-02-27,20.574,19.2605,0.0579,-0.0595
2014-02-28,20.5693,19.208,0.0551,-0.1214
2014-03-01,20.5546,19.1349,0.0373,-0.1839
2014-03-02,20.5499,19.1223,0.0329,-0.1983
2014-03-03,20.5522,19.118,0.0333,-0.2005
2014-03-04,20.5579,19.124,0.038,-0.1897
2014-03-05,20.5643,19.1328,0.0454,-0.175
2014-03-06,20.589,19.138,0.0703,-0.1619
2014-03-07,20.6146,19.1457,0.0962,-0.1442
2014-03-08,20.6339,19.143,0.1153,-0.1458
2014-03-09,20.6554,19.135,0.1346,-0.1595
2014-03-10,20.6665,19.158,0.1434,-0.1412
2014-03-11,20.6786,19.1952,0.1538,-0.105
2014-03-12,20.6771,19.2187,0.1486,-0.085
2014-03-13,20.6778,19.2796,0.1472,-0.0274
2014-03-14,20.6693,19.3051,0.136,-0.01
2014-03-15,20.662,19.3107,0.1257,-0.0169
2014-03-16,20.6604,19.3293,0.1201,-0.0158
2014-03-17,20.6457,19.3037,0.1024,-0.0541
2014-03-18,20.6556,19.2719,0.1062,-0.0929
2014-03-19,20.6723,19.2514,0.1173,-0.1202
2014-03-20,20.6916,19.2685,0.1331,-0.1102
2014-03-21,20.7034,19.2752,0.1445,-0.1116
2014-03-22,20.7101,19.2916,0.1512,-0.1005
2014-03-23,20.7139,19.3109,0.1557,-0.0856
2014-03-24,20.7125,19.3262,0.1578,-0.0729
2014-03-25,20.7015,19.3295,0.1482,-0.0768
2014-03-26,20.7095,19.3253,0.1562,-0.0891
2014-03-27,20.7274,19.302,0.174,-0.1207
2014-03-28,20.7363,19.2857,0.1821,-0.1428
2014-03-29,20.734,19.2991,0.1808,-0.1414
2014-03-30,20.7241,19.3242,0.1719,-0.1291
2014-03-31,20.7184,19.3581,0.1683,-0.1037
2014-04-01,20.7141,19.3824,0.1654,-0.0899
2014-04-02,20.7098,19.4031,0.1646,-0.0872
2014-04-03,20.696,19.4289,0.1534,-0.0778
2014-04-04,20.6768,19.4452,0.1368,-0.076
2014-04-05,20.6642,19.457,0.1267,-0.0837
2014-04-06,20.6651,19.4859,0.1304,-0.0677
2014-04-07,20.6675,19.4809,0.1357,-0.0859
2014-04-08,20.6805,19.4872,0.1518,-0.0961
2014-04-09,20.6914,19.5066,0.164,-0.0966
2014-04-10,20.6977,19.5378,0.1723,-0.0851
2014-04-11,20.6986,19.5549,0.179,-0.0819
2014-04-12,20.6923,19.5778,0.1781,-0.0704
2014-04-13,20.6983,19.656,0.1879,-0.0067
2014-04-14,20.7046,19.7221,0.1968,0.0379
2014-04-15,20.7042,19.7399,0.2001,0.0298
2014-04-16,20.6876,19.7492,0.185,0.0141
2014-04-17,20.6841,19.7542,0.1834,-0.0015
2014-04-18,20.6871,19.7633,0.1891,-0.0148
2014-04-19,20.6944,19.7634,0.2,-0.0367
2014-04-20,20.6975,19.7652,0.2037,-0.0664
2014-04-21,20.7016,19.7992,0.2099,-0.0621
2014-04-22,20.7226,19.8565,0.2307,-0.0358
2014-04-23,20.7322,19.9182,0.2421,-0.0063
2014-04-24,20.7291,19.9426,0.2401,-0.011
2014-04-25,20.7211,19.9626,0.2333,-0.018
2014-04-26,20.7137,20.0044,0.2296,0.0001
2014-04-27,20.7102,20.0509,0.2296,0.0228
2014-04-28,20.7034,20.1016,0.2265,0.0472
2014-04-29,20.7011,20.1388,0.2286,0.0634
2014-04-30,20.7115,20.1275,0.2433,0.0313
2014-05-01,20.7059,20.1368,0.2429,0.0094
2014-05-02,20.6902,20.1588,0.2311,-0.0036
2014-05-03,20.6787,20.2131,0.2205,0.011
2014-05-04,20.6654,20.2467,0.2103,0.0105
2014-05-05,20.6535,20.2677,0.2034,0.0016
2014-05-06,20.6517,20.306,0.207,0.0121
2014-05-07,20.6402,20.3326,0.2013,0.0119
2014-05-08,20.6151,20.3377,0.1804,-0.0148
2014-05-09,20.5955,20.3273,0.1641,-0.0568
2014-05-10,20.5872,20.3172,0.1582,-0.0945
2014-05-11,20.5823,20.3658,0.1562,-0.0785
2014-05-12,20.5819,20.4234,0.1594,-0.0499
2014-05-13,20.5905,20.4915,0.1697,-0.0201
2014-05-14,20.5929,20.5305,0.1746,-0.0094
2014-05-15,20.5953,20.5513,0.1787,-0.0151
2014-05-16,20.5917,20.6074,0.1789,0.0091
2014-05-17,20.5782,20.6716,0.1679,0.0389
2014-05-18,20.5652,20.7196,0.1575,0.0504
2014-05-19,20.5533,20.7506,0.1487,0.0404
2014-05-20,20.5634,20.7911,0.1609,0.0397
2014-05-21,20.5601,20.8193,0.1602,0.0267
2014-05-22,20.5565,20.8428,0.1583,0.0132
2014-05-23,20.5377,20.8536,0.1416,-0.0167
2014-05-24,20.52,20.8611,0.1279,-0.0455
2014-05-25,20.5142,20.9155,0.1268,-0.0334
2014-05-26,20.5076,20.9652,0.1246,-0.0254
2014-05-27,20.4996,21.0018,0.1208,-0.0304
2014-05-28,20.4967,21.0283,0.1206,-0.0511
2014-05-29,20.5026,21.0704,0.1304,-0.0594
2014-05-30,20.5038,21.1208,0.1366,-0.0517
2014-05-31,20.4949,21.1357,0.1326,-0.078
2014-06-01,20.4861,21.139,0.127,-0.1206
2014-06-02,20.4909,21.1614,0.1346,-0.1368
2014-06-03,20.4987,21.2058,0.145,-0.1314
2014-06-04,20.5053,21.2547,0.1554,-0.1232
2014-06-05,20.5182,21.3276,0.1746,-0.0909
2014-06-06,20.5257,21.3598,0.1896,-0.1005
2014-06-07,20.5357,21.4069,0.2045,-0.0981
2014-06-08,20.5411,21.4693,0.2126,-0.0797
2014-06-09,20.5442,21.517,0.2173,-0.0811
2014-06-10,20.5467,21.5792,0.2237,-0.0644
2014-06-11,20.5505,21.6635,0.2302,-0.0276
2014-06-12,20.5448,21.6956,0.2267,-0.0392
2014-06-13,20.5345,21.7371,0.2174,-0.0432
2014-06-14,20.5345,21.8025,0.2181,-0.0273
2014-06-15,20.533,21.8647,0.2156,-0.0163
2014-06-16,20.5433,21.9397,0.2208,0.0026
2014-06-17,20.5495,21.9902,0.2256,0.0029
2014-06-18,20.5413,22.0617,0.2186,0.0228
2014-06-19,20.5322,22.1271,0.2111,0.0362
2014-06-20,20.5195,22.2039,0.1994,0.071
2014-06-21,20.52,22.2942,0.1991,0.1178
2014-06-22,20.5371,22.3745,0.2141,0.1491
2014-06-23,20.5566,22.4371,0.2315,0.1633
2014-06-24,20.5666,22.4761,0.2403,0.1479
2014-06-25,20.5672,22.514,0.2409,0.1332
2014-06-26,20.5626,22.535,0.2363,0.1044
2014-06-27,20.5594,22.5772,0.2328,0.1009
2014-06-28,20.5515,22.6238,0.2238,0.1072
2014-06-29,20.5383,22.6631,0.2104,0.1064
2014-06-30,20.5205,22.6974,0.1918,0.0983
2014-07-01,20.505,22.7246,0.1744,0.087
2014-07-02,20.4896,22.7692,0.1602,0.0932
2014-07-03,20.4737,22.7784,0.1447,0.0642
2014-07-04,20.4702,22.7956,0.1392,0.0385
2014-07-05,20.4837,22.882,0.1509,0.0768
2014-07-06,20.4669,22.8347,0.1335,-0.0163
2014-07-07,20.4662,22.8663,0.1338,-0.0269
2014-07-08,20.4637,22.9376,0.1334,0.0004
2014-07-09,20.4626,23.0294,0.1333,0.0463
2014-07-10,20.4706,23.1293,0.1398,0.1033
2014-07-11,20.4767,23.1942,0.1429,0.1331
2014-07-12,20.4848,23.225,0.1487,0.1298
2014-07-13,20.4889,23.2507,0.1499,0.1288
2014-07-14,20.4931,23.2962,0.1521,0.1427
2014-07-15,20.4974,23.3658,0.1543,0.1778
2014-07-16,20.4973,23.4107,0.1511,0.1835
2014-07-17,20.4977,23.4475,0.1498,0.1841
2014-07-18,20.4941,23.4543,0.1463,0.1546
2014-07-19,20.4998,23.4829,0.152,0.147
2014-07-20,20.5015,23.5367,0.1542,0.1715
2014-07-21,20.5077,23.6036,0.1589,0.2054
2014-07-22,20.525,23.6747,0.173,0.238
2014-07-23,20.5344,23.7328,0.1805,0.259
2014-07-24,20.5283,23.7479,0.1723,0.2384
2014-07-25,20.5286,23.7845,0.1697,0.2424
2014-07-26,20.5336,23.8365,0.1702,0.2663
2014-07-27,20.5475,23.9006,0.1775,0.2919
2014-07-28,20.5658,23.9626,0.188,0.3097
2014-07-29,20.5825,24.0037,0.1995,0.315
2014-07-30,20.604,24.1027,0.2166,0.3701
2014-07-31,20.6294,24.1671,0.239,0.3974
2014-08-01,20.6414,24.18,0.2518,0.3848
2014-08-02,20.645,24.1671,0.2553,0.3485
2014-08-03,20.6507,24.2027,0.2617,0.3564
2014-08-04,20.6592,24.2511,0.269,0.3786
2014-08-05,20.6587,24.2741,0.2664,0.3738
2014-08-06,20.6518,24.2975,0.2589,0.3653
2014-08-07,20.6563,24.3122,0.2606,0.3558
2014-08-08,20.6597,24.2863,0.2623,0.3096
2014-08-09,20.6518,24.2561,0.255,0.2664
2014-08-10,20.6405,24.2294,0.2418,0.2163
2014-08-11,20.6338,24.2254,0.2322,0.1805
2014-08-12,20.627,24.2125,0.2228,0.1369
2014-08-13,20.6148,24.1754,0.2089,0.077
2014-08-14,20.6094,24.2018,0.2014,0.0815
2014-08-15,20.6069,24.2272,0.1979,0.0914
2014-08-16,20.6136,24.2548,0.2037,0.1087
2014-08-17,20.6192,24.2658,0.2103,0.1163
2014-08-18,20.6338,24.3132,0.2273,0.1699
2014-08-19,20.6467,24.3893,0.24,0.2412
2014-08-20,20.6511,24.4479,0.2432,0.286
2014-08-21,20.6519,24.4651,0.2421,0.2851
2014-08-22,20.6543,24.467,0.2447,0.2796
2014-08-23,20.6516,24.4796,0.2422,0.2838
2014-08-24,20.6512,24.4927,0.2419,0.2904
2014-08-25,20.6479,24.4743,0.2384,0.2666
2014-08-26,20.6383,24.4337,0.2287,0.2191
2014-08-27,20.6366,24.4018,0.2254,0.1762
2014-08-28,20.6427,24.4139,0.232,0.1864
2014-08-29,20.6489,24.3988,0.2377,0.1704
2014-08-30,20.6521,24.3912,0.2414,0.1686
2014-08-31,20.6546,24.4011,0.2458,0.1861
2014-09-01,20.6539,24.421,0.245,0.212
2014-09-02,20.651,24.4506,0.2428,0.2427
2014-09-03,20.641,24.4561,0.2348,0.2529
2014-09-04,20.6323,24.4951,0.2274,0.2937
2014-09-05,20.627,24.549,0.225,0.354
2014-09-06,20.6219,24.5619,0.2248,0.3846
2014-09-07,20.6064,24.5412,0.217,0.3803
2014-09-08,20.5945,24.5093,0.2109,0.3663
2014-09-09,20.5903,24.4663,0.2118,0.3409
2014-09-10,20.5877,24.4268,0.2152,0.3165
2014-09-11,20.5782,24.3871,0.2128,0.297
2014-09-12,20.5727,24.3531,0.2124,0.2791
2014-09-13,20.5675,24.3273,0.2125,0.2647
2014-09-14,20.559,24.2874,0.2117,0.2402
2014-09-15,20.5574,24.2665,0.2166,0.2331
2014-09-16,20.558,24.2785,0.2234,0.2625
2014-09-17,20.5574,24.2647,0.2287,0.2675
2014-09-18,20.5515,24.2375,0.2272,0.2629
2014-09-19,20.5465,24.1862,0.2252,0.2271
2014-09-20,20.5382,24.1379,0.2167,0.1922
2014-09-21,20.5342,24.1256,0.2144,0.1994
2014-09-22,20.5373,24.097,0.2201,0.1897
2014-09-23,20.5336,24.0757,0.2183,0.1846
2014-09-24,20.5347,24.0699,0.2223,0.1995
2014-09-25,20.5339,24.0634,0.2244,0.2096
2014-09-26,20.5303,24.0628,0.2244,0.2253
2014-09-27,20.5323,24.0745,0.2316,0.2538
2014-09-28,20.5274,24.082,0.2341,0.2803
2014-09-29,20.5183,24.0676,0.2315,0.288
2014-09-30,20.5032,24.008,0.221,0.2555
2014-10-01,20.4898,23.9818,0.2114,0.2598
2014-10-02,20.4854,23.9173,0.2119,0.2278
2014-10-03,20.4926,23.8896,0.2248,0.2324
2014-10-04,20.4815,23.8758,0.2183,0.2483
2014-10-05,20.4692,23.8773,0.2114,0.2794
2014-10-06,20.466,23.8781,0.2126,0.3104
2014-10-07,20.4632,23.8655,0.2125,0.3229
2014-10-08,20.4576,23.8486,0.2122,0.3406
2014-10-09,20.4526,23.8356,0.2116,0.3647
2014-10-10,20.4515,23.8205,0.2158,0.3845
2014-10-11,20.4423,23.7741,0.2137,0.3695
2014-10-12,20.4364,23.7065,0.2136,0.3323
2014-10-13,20.4259,23.6224,0.2081,0.2819
2014-10-14,20.421,23.5383,0.2077,0.2303
2014-10-15,20.4206,23.4947,0.209,0.2195
2014-10-16,20.4251,23.4877,0.2141,0.2412
2014-10-17,20.4147,23.4652,0.2053,0.2465
2014-10-18,20.4066,23.4699,0.2004,0.2769
2014-10-19,20.404,23.4677,0.1981,0.3044
2014-10-20,20.3976,23.4326,0.1942,0.3023
2014-10-21,20.4047,23.4161,0.204,0.3225
2014-10-22,20.4155,23.3859,0.2176,0.3297
2014-10-23,20.4123,23.3384,0.216,0.3194
2014-10-24,20.4111,23.3136,0.2157,0.3317
2014-10-25,20.4191,23.2731,0.2251,0.3291
2014-10-26,20.4185,23.2317,0.2276,0.3283
2014-10-27,20.4134,23.1823,0.2263,0.3189
2014-10-28,20.4111,23.1614,0.2286,0.3431
2014-10-29,20.4026,23.136,0.225,0.3631
2014-10-30,20.3863,23.0994,0.2137,0.3709
2014-10-31,20.3792,23.055,0.2115,0.3674
2014-11-01,20.3683,23.0106,0.2077,0.365
2014-11-02,20.3602,22.9443,0.2044,0.3441
2014-11-03,20.3442,22.8333,0.1927,0.2806
2014-11-04,20.3221,22.7055,0.1743,0.2
2014-11-05,20.301,22.6337,0.1553,0.1667
2014-11-06,20.2929,22.5893,0.1471,0.1588
2014-11-07,20.2869,22.528,0.141,0.1359
2014-11-08,20.2809,22.4344,0.1344,0.0787
2014-11-09,20.2748,22.3797,0.1269,0.0616
2014-11-10,20.2755,22.3627,0.1265,0.0834
2014-11-11,20.2716,22.3248,0.1233,0.0893
2014-11-12,20.272,22.2679,0.1232,0.0803
2014-11-13,20.2767,22.2429,0.1284,0.1034
2014-11-14,20.2889,22.2347,0.1402,0.1377
2014-11-15,20.2909,22.1913,0.1442,0.1308
2014-11-16,20.2981,22.168,0.1512,0.1373
2014-11-17,20.3116,22.1342,0.1644,0.14
2014-11-18,20.3323,22.1082,0.1863,0.1575
2014-11-19,20.3584,22.0609,0.2117,0.1535
2014-11-20,20.3722,22.013,0.225,0.1492
2014-11-21,20.387,21.9703,0.2369,0.1439
2014-11-22,20.4017,21.9063,0.2491,0.118
2014-11-23,20.4093,21.8346,0.2541,0.0888
2014-11-24,20.4097,21.7906,0.2528,0.0828
2014-11-25,20.411,21.7668,0.2522,0.1
2014-11-26,20.4029,21.724,0.2444,0.1053
2014-11-27,20.406,21.6854,0.2482,0.1066
2014-11-28,20.4035,21.6329,0.2469,0.0927
2014-11-29,20.3922,21.5884,0.2382,0.094
2014-11-30,20.3839,21.5542,0.2305,0.1002
2014-12-01,20.3768,21.515,0.2202,0.096
2014-12-02,20.369,21.4703,0.2091,0.0871
2014-12-03,20.3619,21.432,0.1992,0.086
2014-12-04,20.3507,21.3904,0.1865,0.0862
2014-12-05,20.3482,21.3254,0.18,0.0615
2014-12-06,20.3519,21.25,0.1803,0.0226
2014-12-07,20.3584,21.1873,0.1848,-0.0003
2014-12-08,20.3613,21.1446,0.1876,-0.0046
2014-12-09,20.3687,21.115,0.1938,0.0019
2014-12-10,20.3725,21.1071,0.1974,0.0341
2014-12-11,20.3681,21.0913,0.1939,0.061
2014-12-12,20.3626,21.0583,0.1866,0.0724
2014-12-13,20.3728,21.0491,0.1922,0.1002
2014-12-14,20.3843,21.0261,0.1998,0.1095
2014-12-15,20.3918,20.983,0.2037,0.1024
2014-12-16,20.3956,20.9439,0.2035,0.1063
2014-12-17,20.4011,20.8875,0.2047,0.0905
2014-12-18,20.4056,20.8689,0.2056,0.1075
2014-12-19,20.4074,20.8448,0.2048,0.1157
2014-12-20,20.4122,20.8211,0.2077,0.1259
2014-12-21,20.4103,20.8027,0.2035,0.1384
2014-12-22,20.4017,20.7971,0.1919,0.1568
2014-12-23,20.3973,20.7805,0.1805,0.162
2014-12-24,20.4024,20.7521,0.1763,0.1644
2014-12-25,20.414,20.7346,0.1791,0.1797
2014-12-26,20.4179,20.7079,0.1787,0.1869
2014-12-27,20.431,20.6899,0.1884,0.2043
2014-12-28,20.4331,20.6555,0.1877,0.2053
2014-12-29,20.4276,20.6339,0.1779,0.214
2014-12-30,20.4241,20.6059,0.172,0.2179
2014-12-31,20.4239,20.5584,0.1673,0.2019
2015-01-01,20.4211,20.5049,0.1718,0.2031
2015-01-02,20.4192,20.4733,0.1668,0.2018
2015-01-03,20.42,20.439,0.1631,0.1952
2015-01-04,20.4284,20.3711,0.1663,0.1628
2015-01-05,20.439,20.2903,0.1733,0.1155
2015-01-06,20.4515,20.2665,0.1828,0.1204
2015-01-07,20.4534,20.2346,0.1805,0.1156
2015-01-08,20.444,20.185,0.1658,0.0958
2015-01-09,20.4383,20.1388,0.1557,0.0783
2015-01-10,20.4415,20.1023,0.1537,0.0692
2015-01-11,20.4577,20.06,0.1635,0.0527
2015-01-12,20.4644,20.008,0.1643,0.0234
2015-01-13,20.4712,19.973,0.1638,0.0156
2015-01-14,20.4808,19.9419,0.1675,0.0111
2015-01-15,20.4871,19.9187,0.1701,0.0106
2015-01-16,20.5137,19.9132,0.192,0.0284
2015-01-17,20.5454,19.8883,0.219,0.0272
2015-01-18,20.5649,19.8671,0.2337,0.0251
2015-01-19,20.5835,19.8602,0.2467,0.0378
2015-01-20,20.5902,19.8676,0.2492,0.0656
2015-01-21,20.5817,19.8703,0.2371,0.0852
2015-01-22,20.5664,19.8649,0.217,0.0931
2015-01-23,20.5687,19.8329,0.2143,0.0864
2015-01-24,20.5648,19.8022,0.2046,0.0793
2015-01-25,20.5719,19.8032,0.2041,0.1019
2015-01-26,20.5822,19.7903,0.2098,0.1113
2015-01-27,20.5814,19.7421,0.2061,0.0864
2015-01-28,20.5763,19.6935,0.1964,0.0553
2015-01-29,20.5775,19.6779,0.1907,0.0561
2015-01-30,20.5861,19.7095,0.1931,0.1007
2015-01-31,20.5962,19.7318,0.1992,0.1348
2015-02-01,20.6064,19.7132,0.2067,0.1319
2015-02-02,20.6148,19.6824,0.212,0.1172
2015-02-03,20.6237,19.6616,0.2145,0.111
2015-02-04,20.6288,19.6459,0.2125,0.1127
2015-02-05,20.6363,19.6138,0.2134,0.0976
2015-02-06,20.6359,19.5729,0.2085,0.0744
2015-02-07,20.6361,19.5572,0.2029,0.0733
2015-02-08,20.6422,19.5557,0.2028,0.0828
2015-02-09,20.6421,19.5743,0.1962,0.1101
2015-02-10,20.6446,19.5725,0.1931,0.1156
2015-02-11,20.6485,19.6083,0.191,0.1544
2015-02-12,20.6548,19.6076,0.1918,0.1662
2015-02-13,20.6622,19.5803,0.1969,0.1584
2015-02-14,20.6725,19.5493,0.2035,0.1459
2015-02-15,20.6778,19.5282,0.2031,0.1435
2015-02-16,20.6814,19.5166,0.2028,0.1428
2015-02-17,20.688,19.5233,0.2062,0.154
2015-02-18,20.683,19.5004,0.1978,0.138
2015-02-19,20.675,19.4511,0.1864,0.092
2015-02-20,20.6664,19.4096,0.1737,0.0578
2015-02-21,20.6709,19.3875,0.1743,0.0446
2015-02-22,20.6812,19.3761,0.1801,0.0419
2015-02-23,20.6897,19.3525,0.1835,0.0249
2015-02-24,20.6911,19.3376,0.1812,0.0148
2015-02-25,20.6897,19.3129,0.1763,-0.012
2015-02-26,20.6916,19.2952,0.1771,-0.0259
2015-02-27,20.6982,19.252,0.1821,-0.068
2015-02-28,20.6903,19.2145,0.1761,-0.1149
2015-03-01,20.6893,19.2169,0.172,-0.1019
2015-03-02,20.6826,19.2118,0.1656,-0.1088
2015-03-03,20.6802,19.2384,0.1613,-0.0801
2015-03-04,20.6772,19.2578,0.1573,-0.0559
2015-03-05,20.675,19.2657,0.1561,-0.0421
2015-03-06,20.673,19.278,0.1543,-0.0219
2015-03-07,20.6743,19.2749,0.1559,-0.015
2015-03-08,20.6731,19.2807,0.1545,-0.0081
2015-03-09,20.6775,19.2753,0.1567,-0.0192
2015-03-10,20.6899,19.2852,0.1668,-0.014
2015-03-11,20.6972,19.2944,0.1724,-0.0058
2015-03-12,20.6959,19.2906,0.1674,-0.0131
2015-03-13,20.6924,19.2799,0.1618,-0.0271
2015-03-14,20.6899,19.258,0.1566,-0.0571
2015-03-15,20.6937,19.2676,0.1574,-0.06
2015-03-16,20.692,19.2695,0.1517,-0.0756
2015-03-17,20.6985,19.2925,0.1552,-0.0653
2015-03-18,20.7093,19.3039,0.1599,-0.0609
2015-03-19,20.7134,19.2909,0.1584,-0.0807
2015-03-20,20.7296,19.3046,0.1711,-0.0741
2015-03-21,20.7357,19.3277,0.1768,-0.0591
2015-03-22,20.7343,19.36,0.1754,-0.0321
2015-03-23,20.7397,19.3837,0.1815,-0.0128
2015-03-24,20.7499,19.3729,0.1952,-0.0262
2015-03-25,20.7554,19.3559,0.2021,-0.0504
2015-03-26,20.7585,19.3614,0.2052,-0.053
2015-03-27,20.7592,19.3486,0.2058,-0.0741
2015-03-28,20.7564,19.3334,0.2022,-0.0951
2015-03-29,20.7575,19.3416,0.2043,-0.0989
2015-03-30,20.765,19.3803,0.2128,-0.073
2015-03-31,20.7731,19.3754,0.223,-0.0864
2015-04-01,20.7866,19.3692,0.2379,-0.1031
2015-04-02,20.7944,19.3834,0.2492,-0.1069
2015-04-03,20.7981,19.3821,0.2555,-0.1246
2015-04-04,20.7966,19.3686,0.2566,-0.1526
2015-04-05,20.7949,19.3849,0.2574,-0.1558
2015-04-06,20.7915,19.4086,0.2568,-0.145
2015-04-07,20.7785,19.4491,0.2467,-0.1177
2015-04-08,20.7689,19.4803,0.2402,-0.103
2015-04-09,20.7696,19.5028,0.2422,-0.1004
2015-04-10,20.7691,19.5091,0.2437,-0.1138
2015-04-11,20.7691,19.5043,0.2495,-0.1325
2015-04-12,20.7834,19.526,0.2692,-0.1222
2015-04-13,20.7884,19.5413,0.278,-0.1214
2015-04-14,20.7825,19.5586,0.2747,-0.1256
2015-04-15,20.7714,19.5626,0.2673,-0.1475
2015-04-16,20.7542,19.5747,0.2516,-0.1604
2015-04-17,20.7453,19.609,0.2446,-0.1467
2015-04-18,20.7425,19.656,0.2445,-0.1221
2015-04-19,20.7477,19.7015,0.2533,-0.0986
2015-04-20,20.7583,19.7533,0.2645,-0.0783
2015-04-21,20.7571,19.8108,0.2654,-0.0505
2015-04-22,20.7602,19.8992,0.2683,0.0069
2015-04-23,20.7678,19.9696,0.2777,0.0451
2015-04-24,20.7834,20.0153,0.2944,0.0617
2015-04-25,20.7829,20.0243,0.2951,0.0437
2015-04-26,20.7729,20.0393,0.2888,0.035
2015-04-27,20.7689,20.0831,0.2883,0.055
2015-04-28,20.7746,20.1344,0.2977,0.08
2015-04-29,20.7738,20.1542,0.3013,0.0788
2015-04-30,20.7711,20.1844,0.3029,0.0882
2015-05-01,20.7696,20.2395,0.3066,0.1121
2015-05-02,20.7775,20.3011,0.3184,0.1387
2015-05-03,20.7837,20.3646,0.3255,0.1625
2015-05-04,20.7784,20.3835,0.3233,0.1473
2015-05-05,20.7607,20.3664,0.3106,0.1003
2015-05-06,20.7447,20.3501,0.3,0.0562
2015-05-07,20.725,20.3475,0.2861,0.0268
2015-05-08,20.7039,20.3951,0.2692,0.0426
2015-05-09,20.6963,20.4127,0.2649,0.0286
2015-05-10,20.6868,20.3905,0.2578,-0.0212
2015-05-11,20.6749,20.4085,0.2488,-0.0358
2015-05-12,20.6606,20.4433,0.2381,-0.03
2015-05-13,20.6611,20.4965,0.2403,-0.0151
2015-05-14,20.6541,20.5215,0.2358,-0.0184
2015-05-15,20.64,20.5262,0.2234,-0.0402
2015-05-16,20.6305,20.5476,0.2177,-0.0507
2015-05-17,20.6332,20.5966,0.2229,-0.0361
2015-05-18,20.6416,20.6358,0.2339,-0.0334
2015-05-19,20.6512,20.672,0.2466,-0.0382
2015-05-20,20.6557,20.7387,0.2532,-0.0127
2015-05-21,20.6528,20.8028,0.2529,0.0102
2015-05-22,20.6416,20.8557,0.2434,0.0261
2015-05-23,20.6354,20.905,0.2393,0.0347
2015-05-24,20.63,20.9441,0.2379,0.0375
2015-05-25,20.6223,20.9759,0.2349,0.027
2015-05-26,20.6335,21.0223,0.2505,0.0317
2015-05-27,20.6469,21.0838,0.2681,0.0516
2015-05-28,20.6455,21.1375,0.2694,0.0581
2015-05-29,20.6377,21.1767,0.2655,0.0469
2015-05-30,20.6343,21.2399,0.2671,0.0674
2015-05-31,20.6304,21.2667,0.2681,0.053
2015-06-01,20.6178,21.2725,0.2587,0.0129
2015-06-02,20.621,21.325,0.2647,0.0268
2015-06-03,20.6288,21.3688,0.2751,0.0316
2015-06-04,20.6318,21.3861,0.2819,0.0082
2015-06-05,20.6232,21.3847,0.2796,-0.0338
2015-06-06,20.6148,21.3932,0.2787,-0.0671
2015-06-07,20.6182,21.4445,0.287,-0.0605
2015-06-08,20.6249,21.5,0.2964,-0.049
2015-06-09,20.6286,21.5702,0.3017,-0.0279
2015-06-10,20.6285,21.6682,0.3055,0.0246
2015-06-11,20.6239,21.7418,0.3036,0.0507
2015-06-12,20.6144,21.8011,0.2963,0.0663
2015-06-13,20.5966,21.8407,0.2795,0.0604
2015-06-14,20.584,21.8553,0.2676,0.0255
2015-06-15,20.5887,21.9014,0.2713,0.0204
2015-06-16,20.5868,21.9302,0.2643,-0.0069
2015-06-17,20.5842,21.9825,0.2603,-0.0048
2015-06-18,20.5825,22.0354,0.2598,-0.0035
2015-06-19,20.5796,22.0972,0.2585,0.0064
2015-06-20,20.5812,22.1848,0.2611,0.0519
2015-06-21,20.5679,22.2191,0.247,0.0427
2015-06-22,20.5645,22.2689,0.2415,0.0435
2015-06-23,20.5607,22.3019,0.2356,0.0281
2015-06-24,20.5615,22.358,0.2352,0.0298
2015-06-25,20.554,22.3756,0.2277,-0.0052
2015-06-26,20.5536,22.4344,0.2273,0.0038
2015-06-27,20.5422,22.4536,0.2156,-0.0227
2015-06-28,20.5486,22.4916,0.2209,-0.025
2015-06-29,20.5502,22.5303,0.2223,-0.0264
2015-06-30,20.5522,22.5758,0.2235,-0.0233
2015-07-01,20.5692,22.618,0.2386,-0.0196
2015-07-02,20.5819,22.6653,0.2525,-0.0107
2015-07-03,20.5849,22.6883,0.2559,-0.0259
2015-07-04,20.5898,22.6948,0.2588,-0.0623
2015-07-05,20.5931,22.7145,0.2603,-0.0907
2015-07-06,20.6032,22.8063,0.2698,-0.0447
2015-07-07,20.6057,22.8697,0.2733,-0.0235
2015-07-08,20.6038,22.93,0.2735,-0.0072
2015-07-09,20.6057,22.9939,0.2764,0.0108
2015-07-10,20.6177,23.0494,0.2869,0.0234
2015-07-11,20.6247,23.0863,0.2909,0.0252
2015-07-12,20.6297,23.1172,0.2936,0.022
2015-07-13,20.6263,23.161,0.2873,0.0392
2015-07-14,20.6225,23.1851,0.2815,0.0316
2015-07-15,20.6238,23.2039,0.2807,0.0159
2015-07-16,20.6238,23.236,0.2776,0.0088
2015-07-17,20.6082,23.2646,0.2603,0.0012
2015-07-18,20.6143,23.3203,0.2665,0.0206
2015-07-19,20.6241,23.38,0.2763,0.0441
2015-07-20,20.6285,23.4494,0.2812,0.0842
2015-07-21,20.6322,23.5182,0.2834,0.12
2015-07-22,20.6312,23.5625,0.2792,0.1258
2015-07-23,20.6332,23.5986,0.2793,0.1248
2015-07-24,20.632,23.5881,0.276,0.0786
2015-07-25,20.6299,23.5757,0.271,0.0336
2015-07-26,20.6374,23.5819,0.274,0.0117
2015-07-27,20.6572,23.6101,0.2872,0.0014
2015-07-28,20.6757,23.6336,0.2979,-0.0193
2015-07-29,20.6835,23.6711,0.3005,-0.0176
2015-07-30,20.6924,23.7142,0.305,-0.0184
2015-07-31,20.6922,23.7646,0.3018,-0.0051
2015-08-01,20.6917,23.8047,0.3021,0.0095
2015-08-02,20.6996,23.8417,0.3099,0.0231
2015-08-03,20.6941,23.8668,0.3051,0.0205
2015-08-04,20.6915,23.896,0.3013,0.0235
2015-08-05,20.6917,23.9262,0.2994,0.0259
2015-08-06,20.6839,23.9211,0.291,-0.0111
2015-08-07,20.6838,23.9223,0.2881,-0.0341
2015-08-08,20.669,23.8904,0.2716,-0.0863
2015-08-09,20.6547,23.8956,0.2579,-0.0941
2015-08-10,20.6562,23.9475,0.2575,-0.0655
2015-08-11,20.6586,23.9956,0.257,-0.0493
2015-08-12,20.6735,24.0079,0.2693,-0.0677
2015-08-13,20.6877,24.0452,0.2818,-0.0532
2015-08-14,20.6986,24.0908,0.2906,-0.0295
2015-08-15,20.7067,24.0826,0.2977,-0.0532
2015-08-16,20.7032,24.0876,0.2933,-0.0585
2015-08-17,20.7035,24.116,0.2946,-0.0335
2015-08-18,20.7039,24.1507,0.2974,0.0074
2015-08-19,20.7035,24.1866,0.2968,0.0385
2015-08-20,20.7078,24.2349,0.2999,0.073
2015-08-21,20.7155,24.2762,0.3057,0.0962
2015-08-22,20.721,24.2885,0.3114,0.1011
2015-08-23,20.7272,24.2847,0.3178,0.0889
2015-08-24,20.7283,24.314,0.319,0.1117
2015-08-25,20.7302,24.3343,0.3207,0.1266
2015-08-26,20.7337,24.3374,0.3241,0.1228
2015-08-27,20.7342,24.3417,0.323,0.1161
2015-08-28,20.7336,24.3793,0.3229,0.1518
2015-08-29,20.7276,24.4178,0.3164,0.1894
2015-08-30,20.7205,24.436,0.3098,0.2134
2015-08-31,20.719,24.4445,0.3102,0.2295
2015-09-01,20.7212,24.4454,0.3123,0.2364
2015-09-02,20.7268,24.4666,0.3186,0.2587
2015-09-03,20.7318,24.4849,0.3256,0.2817
2015-09-04,20.7389,24.473,0.334,0.2716
2015-09-05,20.742,24.4612,0.34,0.2662
2015-09-06,20.7384,24.4537,0.3413,0.2764
2015-09-07,20.7382,24.4299,0.3488,0.269
2015-09-08,20.7403,24.3991,0.3567,0.2561
2015-09-09,20.7319,24.3717,0.3534,0.2463
2015-09-10,20.7222,24.3889,0.3497,0.2786
2015-09-11,20.716,24.3817,0.3506,0.2916
2015-09-12,20.7096,24.3748,0.3493,0.3008
2015-09-13,20.7125,24.3708,0.3575,0.3082
2015-09-14,20.7167,24.3337,0.3694,0.2865
2015-09-15,20.7185,24.2891,0.3777,0.2557
2015-09-16,20.7162,24.2525,0.3816,0.2365
2015-09-17,20.7123,24.2356,0.3836,0.2384
2015-09-18,20.7063,24.212,0.382,0.2374
2015-09-19,20.7119,24.2214,0.3906,0.2623
2015-09-20,20.7167,24.2283,0.3952,0.2826
2015-09-21,20.7173,24.2058,0.3975,0.2796
2015-09-22,20.7282,24.2171,0.411,0.3098
2015-09-23,20.745,24.2132,0.4297,0.3221
2015-09-24,20.7585,24.2303,0.4461,0.3599
2015-09-25,20.762,24.2313,0.4525,0.3775
2015-09-26,20.7542,24.2055,0.4483,0.368
2015-09-27,20.7446,24.1697,0.4439,0.349
2015-09-28,20.7336,24.1373,0.4403,0.3356
2015-09-29,20.7219,24.109,0.4351,0.3294
2015-09-30,20.7124,24.0986,0.4302,0.3461
2015-10-01,20.696,24.0668,0.4176,0.3448
2015-10-02,20.677,23.9887,0.4035,0.2992
2015-10-03,20.6588,23.9141,0.391,0.2569
2015-10-04,20.657,23.8869,0.3938,0.2594
2015-10-05,20.6574,23.8457,0.3996,0.2478
2015-10-06,20.6544,23.8,0.401,0.2323
2015-10-07,20.648,23.7923,0.3973,0.2497
2015-10-08,20.6419,23.7629,0.3965,0.2549
2015-10-09,20.6356,23.7354,0.3946,0.2645
2015-10-10,20.6361,23.7081,0.4004,0.2721
2015-10-11,20.6396,23.6816,0.411,0.277
2015-10-12,20.6343,23.6571,0.4115,0.2829
2015-10-13,20.6254,23.6432,0.4076,0.3027
2015-10-14,20.6149,23.6229,0.4016,0.3149
2015-10-15,20.6105,23.6046,0.3989,0.3294
2015-10-16,20.6056,23.61,0.3946,0.3635
2015-10-17,20.601,23.6025,0.3916,0.3838
2015-10-18,20.6046,23.5751,0.3984,0.3821
2015-10-19,20.6051,23.5064,0.3992,0.3431
2015-10-20,20.5955,23.4128,0.3921,0.2825
2015-10-21,20.5899,23.3655,0.3892,0.2719
2015-10-22,20.5789,23.3283,0.381,0.2721
2015-10-23,20.5886,23.3131,0.3923,0.2941
2015-10-24,20.5901,23.273,0.3947,0.2911
2015-10-25,20.5835,23.2253,0.3895,0.2813
2015-10-26,20.5781,23.1776,0.3872,0.2742
2015-10-27,20.5745,23.1113,0.3874,0.2479
2015-10-28,20.5894,23.0571,0.4069,0.2388
2015-10-29,20.5994,23.0262,0.4218,0.2533
2015-10-30,20.5964,22.9901,0.4238,0.2616
2015-10-31,20.5836,22.9331,0.4159,0.2455
2015-11-01,20.5645,22.8919,0.4039,0.2463
2015-11-02,20.5534,22.852,0.3976,0.2518
2015-11-03,20.5483,22.809,0.3968,0.2563
2015-11-04,20.5647,22.7701,0.4169,0.2646
2015-11-05,20.5751,22.744,0.4294,0.277
2015-11-06,20.5744,22.7235,0.4286,0.293
2015-11-07,20.5751,22.6789,0.4292,0.2868
2015-11-08,20.5748,22.62,0.4283,0.2643
2015-11-09,20.568,22.5526,0.4201,0.2345
2015-11-10,20.5633,22.4774,0.4143,0.1981
2015-11-11,20.5691,22.4237,0.4208,0.1882
2015-11-12,20.5687,22.3576,0.4199,0.17
2015-11-13,20.5749,22.3074,0.4266,0.1679
2015-11-14,20.586,22.2881,0.4373,0.1911
2015-11-15,20.5851,22.2792,0.4384,0.2187
2015-11-16,20.5738,22.2452,0.4269,0.2145
2015-11-17,20.5635,22.1898,0.4163,0.1956
2015-11-18,20.5527,22.1353,0.4067,0.1846
2015-11-19,20.5393,22.0829,0.3926,0.1755
2015-11-20,20.5285,22.0269,0.3813,0.1631
2015-11-21,20.5241,21.9895,0.374,0.1631
2015-11-22,20.5257,21.9524,0.3731,0.1641
2015-11-23,20.5376,21.9255,0.3824,0.1797
2015-11-24,20.5642,21.9181,0.4073,0.2103
2015-11-25,20.5721,21.8733,0.4133,0.2065
2015-11-26,20.5668,21.8244,0.4083,0.2057
2015-11-27,20.5645,21.7922,0.4067,0.2134
2015-11-28,20.5581,21.7762,0.4015,0.236
2015-11-29,20.5602,21.7757,0.4062,0.2813
2015-11-30,20.5587,21.7605,0.4053,0.3065
2015-12-01,20.5565,21.7331,0.3999,0.3141
2015-12-02,20.5516,21.7006,0.3917,0.3174
2015-12-03,20.5457,21.6234,0.383,0.2774
2015-12-04,20.5381,21.5044,0.3739,0.2002
2015-12-05,20.5292,21.387,0.361,0.1231
2015-12-06,20.5354,21.3289,0.3638,0.1015
2015-12-07,20.5431,21.2936,0.3695,0.106
2015-12-08,20.5426,21.2696,0.3689,0.1204
2015-12-09,20.5328,21.2618,0.3579,0.1487
2015-12-10,20.5197,21.2467,0.3447,0.1737
2015-12-11,20.524,21.2576,0.3498,0.2273
2015-12-12,20.5453,21.2414,0.3693,0.2555
2015-12-13,20.5787,21.2167,0.3981,0.2678
2015-12-14,20.6205,21.1959,0.436,0.2793
2015-12-15,20.6511,21.1944,0.463,0.3138
2015-12-16,20.6685,21.1711,0.4764,0.3335
2015-12-17,20.6824,21.1334,0.486,0.3364
2015-12-18,20.6808,21.0735,0.4808,0.3121
2015-12-19,20.6733,21.0425,0.4707,0.3134
2015-12-20,20.6585,21.0024,0.454,0.3072
2015-12-21,20.6505,20.9669,0.4437,0.3026
2015-12-22,20.6439,20.9278,0.4341,0.2875
2015-12-23,20.6537,20.8858,0.4369,0.2673
2015-12-24,20.6632,20.874,0.4371,0.2863
2015-12-25,20.668,20.8535,0.4331,0.2986
2015-12-26,20.6641,20.8232,0.4249,0.3022
2015-12-27,20.6678,20.7958,0.4252,0.3102
2015-12-28,20.6792,20.7478,0.4338,0.2976
2015-12-29,20.6883,20.6882,0.4386,0.2683
2015-12-30,20.6935,20.6404,0.4414,0.2524
2015-12-31,20.6962,20.6129,0.4396,0.2564
2016-01-01,20.7034,20.5571,0.4541,0.2553
2016-01-02,20.7155,20.5424,0.4631,0.2709
2016-01-03,20.7268,20.5207,0.4699,0.2769
2016-01-04,20.7441,20.4927,0.482,0.2844
2016-01-05,20.7557,20.4519,0.49,0.2771
2016-01-06,20.7562,20.3868,0.4875,0.2407
2016-01-07,20.7531,20.353,0.4802,0.234
2016-01-08,20.7643,20.3524,0.4861,0.2632
2016-01-09,20.7749,20.3264,0.4923,0.2659
2016-01-10,20.8038,20.3426,0.516,0.3095
2016-01-11,20.8145,20.3492,0.5203,0.3419
2016-01-12,20.81,20.3523,0.5099,0.3677
2016-01-13,20.8046,20.3213,0.4972,0.3639
2016-01-14,20.812,20.3054,0.4987,0.3746
2016-01-15,20.8197,20.314,0.5027,0.4059
2016-01-16,20.827,20.3111,0.5053,0.4263
2016-01-17,20.8357,20.2751,0.5093,0.414
2016-01-18,20.8486,20.2576,0.5174,0.4156
2016-01-19,20.854,20.2221,0.5172,0.3997
2016-01-20,20.8515,20.1482,0.5105,0.3462
2016-01-21,20.856,20.117,0.5114,0.3319
2016-01-22,20.8559,20.1084,0.5065,0.3366
2016-01-23,20.8543,20.073,0.4999,0.3265
2016-01-24,20.8506,20.0438,0.4904,0.3209
2016-01-25,20.8496,20.0044,0.4818,0.3031
2016-01-26,20.8486,19.9333,0.4762,0.2543
2016-01-27,20.85,19.885,0.4747,0.2293
2016-01-28,20.8482,19.8674,0.4683,0.2292
2016-01-29,20.8457,19.8213,0.4589,0.1995
2016-01-30,20.8438,19.8022,0.4508,0.1934
2016-01-31,20.847,19.8189,0.4501,0.2219
2016-02-01,20.8496,19.8431,0.4499,0.2617
2016-02-02,20.8526,19.8631,0.4498,0.2979
2016-02-03,20.8491,19.8481,0.4399,0.2975
2016-02-04,20.8573,19.8567,0.441,0.3235
2016-02-05,20.8614,19.8649,0.4385,0.3487
2016-02-06,20.856,19.8572,0.4286,0.3587
2016-02-07,20.8515,19.8464,0.4183,0.3625
2016-02-08,20.8514,19.8284,0.412,0.3555
2016-02-09,20.8598,19.822,0.4139,0.3578
2016-02-10,20.875,19.8147,0.4235,0.3578
2016-02-11,20.8859,19.8122,0.4284,0.3583
2016-02-12,20.8969,19.8239,0.4339,0.3825
2016-02-13,20.9001,19.808,0.4348,0.3861
2016-02-14,20.899,19.7874,0.43,0.384
2016-02-15,20.886,19.7347,0.4113,0.35
2016-02-16,20.8738,19.6919,0.3952,0.3181
2016-02-17,20.8676,19.6538,0.3858,0.2845
2016-02-18,20.8525,19.6096,0.3673,0.2472
2016-02-19,20.8477,19.5844,0.3591,0.2253
2016-02-20,20.8533,19.5536,0.3606,0.2018
2016-02-21,20.8614,19.5563,0.3648,0.2134
2016-02-22,20.8781,19.5603,0.377,0.2261
2016-02-23,20.8983,19.5585,0.3921,0.2309
2016-02-24,20.9112,19.5496,0.4013,0.2268
2016-02-25,20.9083,19.5305,0.3949,0.2056
2016-02-26,20.9003,19.497,0.3858,0.1759
2016-02-27,20.904,19.4732,0.3879,0.1532
2016-02-28,20.9057,19.4603,0.3915,0.1309
2016-02-29,20.9061,19.4675,0.3919,0.1381
2016-03-01,20.913,19.5043,0.3957,0.1855
2016-03-02,20.9311,19.5355,0.4141,0.2149
2016-03-03,20.9478,19.5538,0.4289,0.2353
2016-03-04,20.966,19.5695,0.4461,0.2558
2016-03-05,20.9778,19.5852,0.4589,0.2774
2016-03-06,20.9907,19.5864,0.472,0.2865
2016-03-07,20.9868,19.5721,0.4684,0.2822
2016-03-08,20.9797,19.545,0.4611,0.2562
2016-03-09,20.9694,19.5313,0.4486,0.2368
2016-03-10,20.9662,19.5323,0.4431,0.2331
2016-03-11,20.9616,19.5435,0.4368,0.2433
2016-03-12,20.962,19.5781,0.4335,0.2744
2016-03-13,20.9622,19.596,0.4316,0.289
2016-03-14,20.9667,19.6316,0.4334,0.3165
2016-03-15,20.9725,19.647,0.4362,0.3194
2016-03-16,20.976,19.6738,0.4357,0.3287
2016-03-17,20.9805,19.7094,0.4372,0.3516
2016-03-18,20.9845,19.7252,0.4351,0.3604
2016-03-19,20.9751,19.7383,0.4201,0.3666
2016-03-20,20.9628,19.7372,0.4043,0.3585
2016-03-21,20.9494,19.7071,0.3905,0.3203
2016-03-22,20.9366,19.6834,0.3777,0.2913
2016-03-23,20.9271,19.6562,0.3689,0.2597
2016-03-24,20.9221,19.6696,0.3674,0.2705
2016-03-25,20.917,19.672,0.3637,0.2657
2016-03-26,20.914,19.6586,0.3607,0.2442
2016-03-27,20.9171,19.6643,0.3637,0.2416
2016-03-28,20.9305,19.6984,0.3763,0.2699
2016-03-29,20.9406,19.7103,0.3874,0.2698
2016-03-30,20.9411,19.7072,0.3889,0.2539
2016-03-31,20.9429,19.6732,0.3928,0.2114
2016-04-01,20.945,19.6599,0.3963,0.1876
2016-04-02,20.935,19.6517,0.3898,0.1614
2016-04-03,20.9253,19.6556,0.3827,0.1489
2016-04-04,20.9191,19.6945,0.3791,0.1733
2016-04-05,20.9093,19.7209,0.3718,0.1802
2016-04-06,20.8995,19.7221,0.3648,0.1685
2016-04-07,20.8917,19.7279,0.3599,0.1611
2016-04-08,20.8904,19.7524,0.3617,0.1691
2016-04-09,20.8852,19.7619,0.3578,0.1587
2016-04-10,20.8883,19.7632,0.3629,0.1403
2016-04-11,20.8799,19.7474,0.3603,0.1106
2016-04-12,20.8717,19.7424,0.3575,0.0942
2016-04-13,20.8697,19.7861,0.3593,0.1234
2016-04-14,20.8666,19.8342,0.3588,0.15
2016-04-15,20.8682,19.8821,0.3641,0.172
2016-04-16,20.8626,19.9014,0.36,0.1663
2016-04-17,20.841,19.9447,0.3403,0.189
2016-04-18,20.823,19.9552,0.325,0.1771
2016-04-19,20.8148,19.9781,0.3204,0.178
2016-04-20,20.8373,20.0191,0.3435,0.1875
2016-04-21,20.8297,20.0624,0.338,0.2011
2016-04-22,20.8334,20.1163,0.3415,0.224
2016-04-23,20.8372,20.1781,0.3471,0.2536
2016-04-24,20.8294,20.1982,0.3404,0.2446
2016-04-25,20.821,20.2155,0.3332,0.2349
2016-04-26,20.8167,20.248,0.3326,0.2437
2016-04-27,20.8194,20.3081,0.3388,0.28
2016-04-28,20.8182,20.379,0.3413,0.3246
2016-04-29,20.8123,20.3821,0.3398,0.3067
2016-04-30,20.8187,20.4727,0.3505,0.3765
2016-05-01,20.8093,20.516,0.3463,0.3886
2016-05-02,20.8027,20.5597,0.3436,0.3973
2016-05-03,20.7956,20.5846,0.3374,0.3825
2016-05-04,20.7997,20.6427,0.3446,0.4065
2016-05-05,20.8023,20.6724,0.3522,0.4063
2016-05-06,20.7807,20.6736,0.336,0.3797
2016-05-07,20.7586,20.6633,0.3197,0.3426
2016-05-08,20.7507,20.649,0.316,0.2965
2016-05-09,20.7503,20.691,0.3189,0.3069
2016-05-10,20.7451,20.721,0.3161,0.3093
2016-05-11,20.7431,20.805,0.317,0.3607
2016-05-12,20.7436,20.874,0.3211,0.4007
2016-05-13,20.7447,20.8929,0.3239,0.3813
2016-05-14,20.7368,20.8984,0.3185,0.3585
2016-05-15,20.7346,20.9402,0.318,0.3738
2016-05-16,20.7191,20.9706,0.3063,0.3723
2016-05-17,20.7066,20.935,0.2963,0.3023
2016-05-18,20.6986,20.9367,0.2909,0.2675
2016-05-19,20.6887,21.0034,0.2841,0.2932
2016-05-20,20.6623,21.0729,0.2598,0.3215
2016-05-21,20.6519,21.1648,0.252,0.3722
2016-05-22,20.6469,21.1739,0.2487,0.3443
2016-05-23,20.6204,21.1877,0.2243,0.3174
2016-05-24,20.6203,21.2088,0.2282,0.3022
2016-05-25,20.6193,21.2541,0.2319,0.3052
2016-05-26,20.6256,21.3377,0.2426,0.3471
2016-05-27,20.6475,21.4271,0.2687,0.3949
2016-05-28,20.6625,21.5218,0.2864,0.4424
2016-05-29,20.6644,21.5507,0.2922,0.4209
2016-05-30,20.6524,21.5564,0.2852,0.3839
2016-05-31,20.6439,21.5901,0.2816,0.3764
2016-06-01,20.6432,21.6475,0.2841,0.3879
2016-06-02,20.6414,21.6942,0.2851,0.396
2016-06-03,20.6621,21.7027,0.3084,0.3655
2016-06-04,20.6644,21.812,0.3145,0.4341
2016-06-05,20.6578,21.8827,0.3142,0.4642
2016-06-06,20.6557,21.9532,0.3196,0.4929
2016-06-07,20.6481,21.9548,0.3169,0.4498
2016-06-08,20.648,21.9912,0.3195,0.4422
2016-06-09,20.6523,22.0849,0.3254,0.4868
2016-06-10,20.6311,22.0944,0.3081,0.4508
2016-06-11,20.6338,22.0994,0.3135,0.4083
2016-06-12,20.6402,22.1345,0.3221,0.3997
2016-06-13,20.644,22.2014,0.3269,0.4211
2016-06-14,20.6455,22.2522,0.3291,0.4224
2016-06-15,20.6458,22.2733,0.3284,0.3923
2016-06-16,20.6502,22.3231,0.3277,0.386
2016-06-17,20.656,22.3506,0.3321,0.3633
2016-06-18,20.6494,22.3367,0.3267,0.2978
2016-06-19,20.6506,22.3745,0.3295,0.2837
2016-06-20,20.6436,22.3687,0.3235,0.2358
2016-06-21,20.6329,22.3902,0.312,0.2138
2016-06-22,20.6362,22.4417,0.3132,0.2163
2016-06-23,20.6304,22.4727,0.3053,0.1989
2016-06-24,20.632,22.5358,0.3057,0.2076
2016-06-25,20.6374,22.5848,0.3111,0.204
2016-06-26,20.6417,22.6662,0.3154,0.2356
2016-06-27,20.659,22.7755,0.3324,0.2992
2016-06-28,20.666,22.8078,0.3383,0.2912
2016-06-29,20.6627,22.8393,0.3348,0.2826
2016-06-30,20.6682,22.8652,0.3395,0.2661
2016-07-01,20.6795,22.8858,0.3489,0.2482
2016-07-02,20.6774,22.9221,0.348,0.2461
2016-07-03,20.6694,22.9536,0.3404,0.2394
2016-07-04,20.6648,22.9905,0.3338,0.2334
2016-07-05,20.6597,23.0342,0.3269,0.229
2016-07-06,20.646,23.071,0.3126,0.22
2016-07-07,20.6374,23.1161,0.305,0.2229
2016-07-08,20.6332,23.2055,0.3029,0.2683
2016-07-09,20.6311,23.2622,0.3018,0.2791
2016-07-10,20.6313,23.2851,0.3005,0.2591
2016-07-11,20.633,23.3169,0.2992,0.2558
2016-07-12,20.629,23.3508,0.2929,0.2556
2016-07-13,20.6323,23.4077,0.2933,0.2858
2016-07-14,20.632,23.4697,0.291,0.3162
2016-07-15,20.6276,23.4993,0.2845,0.3113
2016-07-16,20.6318,23.5512,0.2856,0.324
2016-07-17,20.6358,23.6127,0.2879,0.3493
2016-07-18,20.6384,23.6523,0.2906,0.3526
2016-07-19,20.6424,23.6679,0.2946,0.332
2016-07-20,20.643,23.6591,0.2957,0.2939
2016-07-21,20.6418,23.6605,0.293,0.2623
2016-07-22,20.6472,23.7119,0.2952,0.2752
2016-07-23,20.6459,23.7755,0.292,0.3017
2016-07-24,20.644,23.8423,0.288,0.3328
2016-07-25,20.6497,23.8704,0.2908,0.3283
2016-07-26,20.6622,23.9022,0.2988,0.332
2016-07-27,20.6763,23.9451,0.3063,0.3364
2016-07-28,20.6925,24.0029,0.3147,0.35
2016-07-29,20.7054,24.0724,0.3224,0.3837
2016-07-30,20.7148,24.1138,0.3274,0.3812
2016-07-31,20.7208,24.1073,0.3304,0.3376
2016-08-01,20.7261,24.1178,0.3365,0.3226
2016-08-02,20.7323,24.1328,0.3426,0.3142
2016-08-03,20.7336,24.1478,0.3446,0.3015
2016-08-04,20.729,24.1497,0.3388,0.2772
2016-08-05,20.7282,24.1943,0.3359,0.294
2016-08-06,20.7214,24.2443,0.3285,0.3121
2016-08-07,20.7109,24.2767,0.3152,0.3203
2016-08-08,20.7022,24.2762,0.3048,0.2995
2016-08-09,20.6835,24.2736,0.2867,0.2839
2016-08-10,20.6858,24.2884,0.2871,0.2753
2016-08-11,20.6987,24.3073,0.2971,0.2624
2016-08-12,20.7063,24.3557,0.3021,0.2801
2016-08-13,20.7069,24.3899,0.301,0.2915
2016-08-14,20.7054,24.3922,0.2974,0.2719
2016-08-15,20.701,24.4112,0.292,0.2754
2016-08-16,20.694,24.4562,0.2841,0.3101
2016-08-17,20.6886,24.478,0.2797,0.3285
2016-08-18,20.6742,24.4822,0.2677,0.3389
2016-08-19,20.6638,24.4873,0.2571,0.3392
2016-08-20,20.6568,24.5096,0.2489,0.3477
2016-08-21,20.6595,24.5442,0.2497,0.3642
2016-08-22,20.6696,24.5781,0.26,0.3907
2016-08-23,20.6688,24.5759,0.2594,0.3801
2016-08-24,20.6711,24.5566,0.2618,0.3543
2016-08-25,20.676,24.5468,0.2665,0.3391
2016-08-26,20.6814,24.5821,0.2718,0.3675
2016-08-27,20.6919,24.6253,0.2807,0.3997
2016-08-28,20.6851,24.609,0.2744,0.3815
2016-08-29,20.6807,24.5833,0.2695,0.3549
2016-08-30,20.6737,24.5405,0.263,0.3179
2016-08-31,20.6626,24.513,0.2538,0.298
2016-09-01,20.657,24.4745,0.2481,0.2655
2016-09-02,20.6537,24.4298,0.2455,0.2219
2016-09-03,20.6559,24.4226,0.2497,0.2194
2016-09-04,20.6559,24.4158,0.251,0.2144
2016-09-05,20.6581,24.4374,0.2561,0.2424
2016-09-06,20.6591,24.4196,0.262,0.2423
2016-09-07,20.6622,24.386,0.2728,0.2251
2016-09-08,20.6622,24.3502,0.2786,0.2072
2016-09-09,20.6562,24.3282,0.2777,0.2028
2016-09-10,20.6493,24.3316,0.2768,0.2213
2016-09-11,20.6463,24.3227,0.2809,0.2326
2016-09-12,20.6416,24.3078,0.2813,0.2338
2016-09-13,20.6399,24.2901,0.2849,0.2275
2016-09-14,20.6335,24.2613,0.2862,0.2141
2016-09-15,20.6263,24.2447,0.2855,0.2113
2016-09-16,20.6104,24.2034,0.2758,0.1874
2016-09-17,20.5977,24.1772,0.269,0.18
2016-09-18,20.5968,24.1766,0.2725,0.202
2016-09-19,20.6043,24.1806,0.283,0.2215
2016-09-20,20.6136,24.2078,0.2921,0.2621
2016-09-21,20.6215,24.2628,0.3017,0.3366
2016-09-22,20.6287,24.2738,0.3115,0.3665
2016-09-23,20.6287,24.2602,0.3134,0.3691
2016-09-24,20.6236,24.2156,0.3112,0.3452
2016-09-25,20.6178,24.1744,0.3083,0.3206
2016-09-26,20.6097,24.1448,0.3038,0.3073
2016-09-27,20.5954,24.1119,0.2947,0.2912
2016-09-28,20.5852,24.0628,0.2919,0.2611
2016-09-29,20.5707,24.008,0.2839,0.2284
2016-09-30,20.5608,23.9461,0.2786,0.1936
2016-10-01,20.5546,23.9113,0.2762,0.1893
2016-10-02,20.5551,23.8743,0.2816,0.1848
2016-10-03,20.5569,23.8296,0.2891,0.1724
2016-10-04,20.547,23.7854,0.2838,0.1579
2016-10-05,20.535,23.7755,0.2772,0.1776
2016-10-06,20.5208,23.7775,0.2674,0.2098
2016-10-07,20.5125,23.7628,0.2618,0.2202
2016-10-08,20.4997,23.7111,0.2543,0.2031
2016-10-09,20.496,23.6648,0.255,0.1939
2016-10-10,20.4954,23.5886,0.2597,0.1526
2016-10-11,20.4987,23.5517,0.2701,0.1471
2016-10-12,20.5013,23.5357,0.2785,0.1615
2016-10-13,20.4953,23.5134,0.2775,0.1729
2016-10-14,20.4826,23.5017,0.2693,0.1937
2016-10-15,20.4717,23.5171,0.2601,0.2419
2016-10-16,20.4667,23.5366,0.2557,0.2901
2016-10-17,20.4605,23.547,0.2511,0.3283
2016-10-18,20.4559,23.5202,0.2497,0.3272
2016-10-19,20.4536,23.4668,0.2477,0.3035
2016-10-20,20.4445,23.4157,0.2411,0.2854
2016-10-21,20.452,23.3739,0.2513,0.2803
2016-10-22,20.4454,23.3125,0.2475,0.2563
2016-10-23,20.4433,23.2683,0.247,0.2493
2016-10-24,20.4368,23.2486,0.2414,0.2667
2016-10-25,20.4322,23.2093,0.2382,0.2653
2016-10-26,20.4305,23.1714,0.2396,0.268
2016-10-27,20.4263,23.1235,0.2392,0.2601
2016-10-28,20.4212,23.07,0.2387,0.2517
2016-10-29,20.4154,23.0316,0.2378,0.2587
2016-10-30,20.4074,23.0082,0.2348,0.2797
2016-10-31,20.3965,22.9911,0.2288,0.3035
2016-11-01,20.384,22.9629,0.2234,0.3173
2016-11-02,20.373,22.9311,0.2172,0.3309
2016-11-03,20.3644,22.906,0.2129,0.3533
2016-11-04,20.3651,22.8682,0.2173,0.3627
2016-11-05,20.3654,22.823,0.2197,0.356
2016-11-06,20.3572,22.7715,0.2114,0.341
2016-11-07,20.33,22.7124,0.1841,0.3203
2016-11-08,20.303,22.638,0.1565,0.2823
2016-11-09,20.294,22.5546,0.1461,0.2365
2016-11-10,20.2967,22.482,0.1477,0.2027
2016-11-11,20.3105,22.4632,0.1622,0.2277
2016-11-12,20.3216,22.4623,0.1728,0.2747
2016-11-13,20.3267,22.458,0.1784,0.3185
2016-11-14,20.3286,22.4579,0.1799,0.3609
2016-11-15,20.3175,22.4449,0.1708,0.3844
2016-11-16,20.3079,22.4055,0.161,0.3748
2016-11-17,20.3043,22.362,0.1571,0.3678
2016-11-18,20.2984,22.3003,0.1524,0.3496
2016-11-19,20.2976,22.2372,0.1509,0.3298
2016-11-20,20.2985,22.2192,0.1513,0.3554
2016-11-21,20.3048,22.204,0.1547,0.3776
2016-11-22,20.3139,22.162,0.1613,0.3737
2016-11-23,20.3269,22.1374,0.1717,0.3916
2016-11-24,20.3292,22.1035,0.1723,0.3957
2016-11-25,20.3326,22.0548,0.1738,0.388
2016-11-26,20.3342,22.0077,0.1757,0.389
2016-11-27,20.3313,21.9733,0.1735,0.3945
2016-11-28,20.326,21.9464,0.1694,0.4062
2016-11-29,20.3355,21.9228,0.1815,0.4284
2016-11-30,20.3607,21.9049,0.2073,0.4509
2016-12-01,20.4064,21.9032,0.2498,0.4842
2016-12-02,20.4426,21.901,0.2827,0.5178
2016-12-03,20.4486,21.8556,0.2859,0.5096
2016-12-04,20.4452,21.8198,0.281,0.5156
2016-12-05,20.4403,21.7836,0.2721,0.5197
2016-12-06,20.4331,21.7515,0.2615,0.5241
2016-12-07,20.4294,21.7056,0.2558,0.518
2016-12-08,20.4321,21.6845,0.2584,0.5353
2016-12-09,20.4355,21.6685,0.2606,0.5554
2016-12-10,20.431,21.6205,0.256,0.5475
2016-12-11,20.4248,21.5503,0.2506,0.52
2016-12-12,20.4156,21.4844,0.2396,0.4985
2016-12-13,20.4031,21.3968,0.2225,0.4479
2016-12-14,20.3891,21.3088,0.2046,0.3922
2016-12-15,20.3832,21.2454,0.1951,0.3648
2016-12-16,20.3778,21.169,0.1857,0.3315
2016-12-17,20.3724,21.0827,0.176,0.2857
2016-12-18,20.3715,21.0464,0.1715,0.285
2016-12-19,20.3766,21.0226,0.174,0.2935
2016-12-20,20.3836,20.9825,0.1791,0.2873
2016-12-21,20.4023,20.9481,0.1955,0.2838
2016-12-22,20.421,20.9199,0.2112,0.2796
2016-12-23,20.425,20.8759,0.2082,0.2574
2016-12-24,20.4331,20.8048,0.207,0.2171
2016-12-25,20.4393,20.7525,0.2044,0.1976
2016-12-26,20.4352,20.7014,0.196,0.1804
2016-12-27,20.4389,20.6371,0.1963,0.1515
2016-12-28,20.4495,20.5917,0.2041,0.1415
2016-12-29,20.4636,20.5927,0.2139,0.1728
2016-12-30,20.4749,20.5974,0.2228,0.2094
2016-12-31,20.4767,20.5748,0.2201,0.2183
2017-01-01,20.4771,20.563,0.2278,0.2612
2017-01-02,20.476,20.5565,0.2236,0.285
2017-01-03,20.4773,20.5388,0.2204,0.295
2017-01-04,20.4929,20.5146,0.2308,0.3063
2017-01-05,20.5041,20.4996,0.2384,0.3248
2017-01-06,20.5027,20.4444,0.234,0.2983
2017-01-07,20.5043,20.4249,0.2314,0.3059
2017-01-08,20.5261,20.4003,0.2479,0.3111
2017-01-09,20.5287,20.3596,0.2461,0.2991
2017-01-10,20.5349,20.319,0.2471,0.2859
2017-01-11,20.5592,20.3261,0.265,0.3188
2017-01-12,20.5748,20.3081,0.2747,0.3235
2017-01-13,20.5874,20.2763,0.28,0.3189
2017-01-14,20.5903,20.2728,0.277,0.342
2017-01-15,20.59,20.2211,0.273,0.313
2017-01-16,20.596,20.1775,0.2743,0.2927
2017-01-17,20.5904,20.1777,0.264,0.3166
2017-01-18,20.5862,20.1374,0.255,0.2954
2017-01-19,20.5865,20.1303,0.2497,0.3079
2017-01-20,20.591,20.1281,0.25,0.3261
2017-01-21,20.6141,20.1383,0.2695,0.3532
2017-01-22,20.6369,20.1592,0.2875,0.3874
2017-01-23,20.643,20.1184,0.2886,0.3719
2017-01-24,20.6408,20.1109,0.2806,0.388
2017-01-25,20.6525,20.0958,0.2847,0.3945
2017-01-26,20.652,20.0765,0.2796,0.3975
2017-01-27,20.6498,20.0657,0.2745,0.41
2017-01-28,20.6475,20.0647,0.2676,0.4265
2017-01-29,20.6643,20.0343,0.2775,0.4125
2017-01-30,20.6893,20.0207,0.2963,0.4119
2017-01-31,20.6957,19.9529,0.2987,0.3559
2017-02-01,20.6956,19.925,0.2959,0.3437
2017-02-02,20.7032,19.9079,0.3004,0.3427
2017-02-03,20.7214,19.8987,0.3122,0.3481
2017-02-04,20.7403,19.8931,0.324,0.3599
2017-02-05,20.7299,19.8228,0.307,0.3066
2017-02-06,20.7314,19.8092,0.304,0.3107
2017-02-07,20.7282,19.7584,0.295,0.2745
2017-02-08,20.7204,19.7187,0.281,0.2458
2017-02-09,20.7219,19.7,0.276,0.2358
2017-02-10,20.7244,19.6862,0.2729,0.2293
2017-02-11,20.7311,19.6834,0.2736,0.2295
2017-02-12,20.7455,19.6569,0.2825,0.2155
2017-02-13,20.7638,19.7006,0.2985,0.2787
2017-02-14,20.7694,19.7092,0.3004,0.3058
2017-02-15,20.7805,19.6881,0.3058,0.3034
2017-02-16,20.7769,19.6627,0.2983,0.2889
2017-02-17,20.7594,19.6193,0.2776,0.25
2017-02-18,20.7537,19.6036,0.2685,0.2412
2017-02-19,20.7343,19.624,0.2457,0.2649
2017-02-20,20.7415,19.6477,0.2488,0.2959
2017-02-21,20.7454,19.6182,0.2488,0.2753
2017-02-22,20.7495,19.5893,0.2484,0.2551
2017-02-23,20.772,19.6198,0.2658,0.2922
2017-02-24,20.7891,19.6096,0.2792,0.2868
2017-02-25,20.8024,19.6339,0.289,0.309
2017-02-26,20.8104,19.6473,0.2959,0.3262
2017-02-27,20.8002,19.6192,0.2841,0.2992
2017-02-28,20.8029,19.5932,0.2887,0.2638
2017-03-01,20.8118,19.5956,0.2945,0.2768
2017-03-02,20.8102,19.5849,0.2932,0.2643
2017-03-03,20.8052,19.568,0.2863,0.2495
2017-03-04,20.8042,19.5453,0.2843,0.2316
2017-03-05,20.8092,19.5368,0.2903,0.229
2017-03-06,20.8238,19.5304,0.3051,0.2305
2017-03-07,20.8393,19.5502,0.3209,0.2603
2017-03-08,20.8533,19.5859,0.3347,0.2971
2017-03-09,20.8599,19.6124,0.3391,0.3179
2017-03-10,20.8515,19.609,0.3284,0.3098
2017-03-11,20.8414,19.5934,0.3166,0.2932
2017-03-12,20.8371,19.5705,0.3086,0.2668
2017-03-13,20.8418,19.5629,0.3112,0.2559
2017-03-14,20.8433,19.5748,0.31,0.2597
2017-03-15,20.8317,19.5601,0.2954,0.2325
2017-03-16,20.8158,19.5466,0.2755,0.2015
2017-03-17,20.8108,19.5423,0.2675,0.1845
2017-03-18,20.8155,19.5302,0.2661,0.1654
2017-03-19,20.8298,19.5281,0.2748,0.1564
2017-03-20,20.8362,19.5317,0.2777,0.153
2017-03-21,20.8364,19.5232,0.2775,0.1364
2017-03-22,20.8356,19.5252,0.2767,0.1331
2017-03-23,20.8286,19.5307,0.2704,0.1342
2017-03-24,20.8199,19.5325,0.2652,0.1334
2017-03-25,20.8144,19.5461,0.2611,0.1398
2017-03-26,20.8035,19.5702,0.2502,0.1558
2017-03-27,20.7916,19.5932,0.2382,0.1705
2017-03-28,20.7869,19.5835,0.2327,0.155
2017-03-29,20.7859,19.6026,0.2327,0.1621
2017-03-30,20.791,19.6265,0.2388,0.1732
2017-03-31,20.7958,19.6356,0.2457,0.1738
2017-04-01,20.8137,19.6516,0.265,0.1793
2017-04-02,20.824,19.691,0.2788,0.2007
2017-04-03,20.8292,19.7275,0.2866,0.2208
2017-04-04,20.834,19.7598,0.294,0.2386
2017-04-05,20.8241,19.7722,0.2866,0.2315
2017-04-06,20.8112,19.8055,0.2765,0.2519
2017-04-07,20.8108,19.8714,0.279,0.3046
2017-04-08,20.8029,19.8979,0.2742,0.3146
2017-04-09,20.8025,19.916,0.2751,0.3128
2017-04-10,20.8122,19.9485,0.2868,0.3256
2017-04-11,20.8157,19.9783,0.2961,0.3415
2017-04-12,20.8184,20.0085,0.3042,0.3603
2017-04-13,20.8233,20.0371,0.3129,0.3744
2017-04-14,20.8233,20.0562,0.3155,0.372
2017-04-15,20.8153,20.0654,0.3112,0.3553
2017-04-16,20.8212,20.0657,0.3186,0.3306
2017-04-17,20.8271,20.0778,0.3264,0.3221
2017-04-18,20.827,20.0932,0.329,0.3151
2017-04-19,20.8284,20.1267,0.334,0.3266
2017-04-20,20.8318,20.189,0.338,0.3574
2017-04-21,20.8324,20.2601,0.3407,0.3988
2017-04-22,20.8342,20.3363,0.3423,0.4441
2017-04-23,20.8408,20.4213,0.3507,0.4968
2017-04-24,20.8409,20.4691,0.3519,0.5155
2017-04-25,20.8255,20.4937,0.3377,0.5131
2017-04-26,20.8065,20.4898,0.3224,0.4855
2017-04-27,20.793,20.5181,0.3124,0.49
2017-04-28,20.781,20.5335,0.3041,0.4791
2017-04-29,20.7697,20.5389,0.2972,0.4635
2017-04-30,20.7696,20.5309,0.3014,0.4347
2017-05-01,20.7657,20.557,0.3027,0.4296
2017-05-02,20.7632,20.6123,0.3041,0.4499
2017-05-03,20.757,20.6512,0.2988,0.4491
2017-05-04,20.7434,20.6727,0.2883,0.4365
2017-05-05,20.7307,20.6946,0.2806,0.4285
2017-05-06,20.7174,20.7021,0.2727,0.4082
2017-05-07,20.7019,20.6982,0.263,0.3775
2017-05-08,20.6819,20.6898,0.2472,0.3373
2017-05-09,20.676,20.7034,0.2446,0.3193
2017-05-10,20.6763,20.7244,0.2473,0.3127
2017-05-11,20.6731,20.7354,0.247,0.2911
2017-05-12,20.6652,20.7496,0.2427,0.2763
2017-05-13,20.6574,20.7893,0.2366,0.2777
2017-05-14,20.6493,20.8281,0.231,0.2882
2017-05-15,20.6524,20.8859,0.2358,0.3195
2017-05-16,20.6506,20.9132,0.2378,0.3149
2017-05-17,20.6433,20.916,0.233,0.2833
2017-05-18,20.6384,20.9757,0.2307,0.3065
2017-05-19,20.6382,21.0484,0.2336,0.3382
2017-05-20,20.6319,21.0857,0.2294,0.3343
2017-05-21,20.6237,21.1139,0.2238,0.3213
2017-05-22,20.6276,21.158,0.2294,0.3284
2017-05-23,20.6345,21.1908,0.2384,0.3205
2017-05-24,20.6407,21.2429,0.2486,0.3363
2017-05-25,20.643,21.2745,0.2556,0.3256
2017-05-26,20.642,21.3167,0.259,0.3261
2017-05-27,20.6475,21.4007,0.2687,0.3685
2017-05-28,20.6549,21.5106,0.2788,0.4312
2017-05-29,20.6524,21.5705,0.2802,0.4407
2017-05-30,20.6496,21.612,0.2824,0.4395
2017-05-31,20.6495,21.6862,0.2872,0.4725
2017-06-01,20.6506,21.7442,0.2915,0.4846
2017-06-02,20.647,21.7909,0.2907,0.4927
2017-06-03,20.6383,21.8162,0.2846,0.479
2017-06-04,20.6307,21.8399,0.2808,0.462
2017-06-05,20.6264,21.8584,0.2828,0.4399
2017-06-06,20.6163,21.8721,0.2802,0.4118
2017-06-07,20.5995,21.8805,0.2683,0.3755
2017-06-08,20.5819,21.868,0.2534,0.319
2017-06-09,20.5796,21.878,0.2527,0.2799
2017-06-10,20.5788,21.8993,0.2558,0.2557
2017-06-11,20.566,21.9532,0.2457,0.2621
2017-06-12,20.5698,22.0167,0.2517,0.2819
2017-06-13,20.578,22.0947,0.2609,0.3144
2017-06-14,20.5805,22.1565,0.2641,0.3267
2017-06-15,20.5891,22.2283,0.2717,0.3473
2017-06-16,20.5953,22.3039,0.2728,0.3668
2017-06-17,20.6008,22.3787,0.2769,0.3914
2017-06-18,20.5898,22.4314,0.2671,0.3925
2017-06-19,20.5844,22.457,0.2633,0.3662
2017-06-20,20.5693,22.459,0.2492,0.3261
2017-06-21,20.5617,22.4745,0.2408,0.2981
2017-06-22,20.5698,22.5574,0.2468,0.332
2017-06-23,20.5729,22.6084,0.2478,0.3346
2017-06-24,20.573,22.6417,0.2467,0.3135
2017-06-25,20.5749,22.6924,0.2486,0.3116
2017-06-26,20.5764,22.7639,0.2501,0.3333
2017-06-27,20.5801,22.8419,0.2535,0.3656
2017-06-28,20.5916,22.9091,0.2639,0.3925
2017-06-29,20.5966,22.925,0.2687,0.3683
2017-06-30,20.5997,22.9626,0.271,0.3635
2017-07-01,20.5938,23.015,0.2632,0.3774
2017-07-02,20.5927,23.0816,0.2633,0.4056
2017-07-03,20.5945,23.1482,0.2655,0.434
2017-07-04,20.601,23.1902,0.27,0.4331
2017-07-05,20.6031,23.2175,0.2703,0.4123
2017-07-06,20.6112,23.2597,0.2778,0.4087
2017-07-07,20.6246,23.3153,0.2922,0.4221
2017-07-08,20.6289,23.3277,0.2986,0.3905
2017-07-09,20.6373,23.3404,0.308,0.3573
2017-07-10,20.6472,23.3979,0.3164,0.3719
2017-07-11,20.6509,23.4216,0.3171,0.3605
2017-07-12,20.6517,23.4689,0.3156,0.3737
2017-07-13,20.6506,23.4825,0.3116,0.3607
2017-07-14,20.65,23.5042,0.309,0.3507
2017-07-15,20.6498,23.558,0.3067,0.37
2017-07-16,20.6469,23.609,0.3007,0.3818
2017-07-17,20.6467,23.6499,0.2988,0.3865
2017-07-18,20.6426,23.6643,0.2948,0.3646
2017-07-19,20.6416,23.6943,0.2938,0.3584
2017-07-20,20.6361,23.7515,0.2888,0.3863
2017-07-21,20.6405,23.814,0.2917,0.4158
2017-07-22,20.648,23.849,0.296,0.4123
2017-07-23,20.6492,23.8687,0.2953,0.3949
2017-07-24,20.6457,23.8661,0.2897,0.3566
2017-07-25,20.6453,23.8728,0.2864,0.3307
2017-07-26,20.6514,23.8919,0.288,0.3217
2017-07-27,20.6546,23.9181,0.2845,0.3094
2017-07-28,20.659,23.9726,0.2812,0.3197
2017-07-29,20.6642,24.0,0.2812,0.3113
2017-07-30,20.667,24.0013,0.2796,0.2687
2017-07-31,20.6744,24.0141,0.284,0.2444
2017-08-01,20.6761,24.035,0.2865,0.2398
2017-08-02,20.6777,24.0749,0.288,0.2563
2017-08-03,20.6759,24.1119,0.2869,0.2656
2017-08-04,20.6794,24.1507,0.2892,0.2782
2017-08-05,20.6903,24.1764,0.298,0.2761
2017-08-06,20.7036,24.2223,0.3107,0.2901
2017-08-07,20.7072,24.2331,0.3115,0.2767
2017-08-08,20.7019,24.2389,0.3045,0.2622
2017-08-09,20.7007,24.253,0.3039,0.2633
2017-08-10,20.6995,24.2488,0.3008,0.2357
2017-08-11,20.6958,24.2517,0.2942,0.2068
2017-08-12,20.6966,24.2934,0.2924,0.2178
2017-08-13,20.692,24.3253,0.2861,0.2269
2017-08-14,20.6973,24.3689,0.2893,0.2486
2017-08-15,20.7017,24.3897,0.2927,0.2539
2017-08-16,20.7055,24.4035,0.2956,0.2574
2017-08-17,20.714,24.4016,0.3051,0.2521
2017-08-18,20.7216,24.3812,0.3151,0.2379
2017-08-19,20.7235,24.3846,0.3168,0.2365
2017-08-20,20.7132,24.3668,0.3053,0.2049
2017-08-21,20.7107,24.3831,0.3009,0.2031
2017-08-22,20.7077,24.4014,0.2981,0.214
2017-08-23,20.7141,24.4566,0.3047,0.2608
2017-08-24,20.7215,24.5269,0.3122,0.3246
2017-08-25,20.7244,24.5732,0.3149,0.3655
2017-08-26,20.7272,24.5912,0.3176,0.3766
2017-08-27,20.7222,24.5885,0.311,0.3629
2017-08-28,20.7183,24.5926,0.3076,0.3651
2017-08-29,20.7094,24.5794,0.2982,0.351
2017-08-30,20.6962,24.572,0.2855,0.3494
2017-08-31,20.6768,24.554,0.268,0.339
2017-09-01,20.6557,24.5168,0.2468,0.3078
2017-09-02,20.6415,24.5056,0.2333,0.2977
2017-09-03,20.62,24.4943,0.2138,0.2911
2017-09-04,20.617,24.5056,0.2121,0.3042
2017-09-05,20.6239,24.523,0.2219,0.328
2017-09-06,20.6215,24.4849,0.2244,0.3076
2017-09-07,20.6179,24.433,0.2285,0.2721
2017-09-08,20.6209,24.3984,0.2373,0.2554
2017-09-09,20.6166,24.3632,0.2381,0.2378
2017-09-10,20.6133,24.3517,0.2408,0.2414
2017-09-11,20.5966,24.3368,0.2312,0.2467
2017-09-12,20.593,24.3214,0.2327,0.2474
2017-09-13,20.5952,24.3408,0.2402,0.2782
2017-09-14,20.5882,24.3453,0.2409,0.2981
2017-09-15,20.5792,24.3324,0.2384,0.299
2017-09-16,20.5723,24.3151,0.2377,0.2991
2017-09-17,20.5694,24.302,0.2407,0.3048
2017-09-18,20.5704,24.277,0.2461,0.3024
2017-09-19,20.5704,24.2481,0.2491,0.289
2017-09-20,20.57,24.2247,0.2485,0.279
2017-09-21,20.5645,24.1797,0.2447,0.2535
2017-09-22,20.5571,24.1458,0.2399,0.2385
2017-09-23,20.5577,24.1418,0.2424,0.2507
2017-09-24,20.5503,24.0842,0.2379,0.2138
2017-09-25,20.5457,24.0416,0.2362,0.1878
2017-09-26,20.5446,24.0597,0.2387,0.2222
2017-09-27,20.5382,24.0647,0.2375,0.244
2017-09-28,20.5304,24.0225,0.2371,0.2208
2017-09-29,20.5314,24.0035,0.2446,0.2239
2017-09-30,20.5366,23.9731,0.2544,0.2206
2017-10-01,20.5325,23.9262,0.2541,0.2042
2017-10-02,20.5192,23.9002,0.2457,0.2107
2017-10-03,20.5047,23.8644,0.2369,0.2072
2017-10-04,20.4939,23.8112,0.2307,0.1837
2017-10-05,20.4831,23.7965,0.2253,0.1986
2017-10-06,20.4724,23.7746,0.219,0.2069
2017-10-07,20.4704,23.7692,0.2197,0.2266
2017-10-08,20.473,23.7748,0.2276,0.2668
2017-10-09,20.4805,23.7964,0.2395,0.3255
2017-10-10,20.4763,23.7917,0.2406,0.3557
2017-10-11,20.4629,23.7646,0.2343,0.36
2017-10-12,20.4551,23.7298,0.2323,0.3556
2017-10-13,20.4563,23.6879,0.2385,0.3474
2017-10-14,20.4532,23.6407,0.2399,0.3327
2017-10-15,20.4488,23.5805,0.2372,0.3053
2017-10-16,20.4483,23.5397,0.2373,0.2932
2017-10-17,20.44,23.4855,0.2306,0.2668
2017-10-18,20.425,23.4289,0.2188,0.2359
2017-10-19,20.4108,23.3797,0.2049,0.2164
2017-10-20,20.3977,23.3337,0.1943,0.2034
2017-10-21,20.3915,23.2964,0.1908,0.2028
2017-10-22,20.3903,23.2569,0.1924,0.2007
2017-10-23,20.3887,23.2075,0.1924,0.1885
2017-10-24,20.3915,23.1855,0.1961,0.2036
2017-10-25,20.3942,23.1723,0.2002,0.2283
2017-10-26,20.3969,23.1548,0.206,0.2514
2017-10-27,20.4064,23.1628,0.2193,0.2994
2017-10-28,20.412,23.1207,0.2295,0.3024
2017-10-29,20.4071,23.06,0.2295,0.2871
2017-10-30,20.4034,23.0218,0.2308,0.2933
2017-10-31,20.4008,23.0124,0.2331,0.3248
2017-11-01,20.3962,23.0161,0.2356,0.3705
2017-11-02,20.3891,22.9816,0.2333,0.3814
2017-11-03,20.3927,22.9497,0.2412,0.397
2017-11-04,20.3849,22.9014,0.2371,0.3959
2017-11-05,20.3752,22.8606,0.2295,0.3936
2017-11-06,20.3777,22.8198,0.2319,0.3893
2017-11-07,20.3814,22.7806,0.2355,0.3885
2017-11-08,20.3843,22.7476,0.2378,0.3919
2017-11-09,20.3858,22.7192,0.2379,0.4011
2017-11-10,20.385,22.7042,0.236,0.4249
2017-11-11,20.3755,22.6427,0.2272,0.4072
2017-11-12,20.3718,22.5701,0.223,0.3825
2017-11-13,20.3705,22.5087,0.2222,0.3692
2017-11-14,20.366,22.4496,0.2173,0.3526
2017-11-15,20.3533,22.3949,0.2066,0.3344
2017-11-16,20.3494,22.3847,0.2025,0.354
2017-11-17,20.3437,22.3854,0.1965,0.3912
2017-11-18,20.3415,22.3572,0.1955,0.4065
2017-11-19,20.3391,22.322,0.1924,0.4146
2017-11-20,20.341,22.2969,0.1938,0.4331
2017-11-21,20.3483,22.2865,0.1982,0.4601
2017-11-22,20.3517,22.2503,0.1991,0.462
2017-11-23,20.3439,22.1991,0.1887,0.4533
2017-11-24,20.3383,22.1526,0.1814,0.4448
2017-11-25,20.3345,22.1156,0.1757,0.4488
2017-11-26,20.3341,22.1026,0.1756,0.4839
2017-11-27,20.3284,22.0779,0.1706,0.4991
2017-11-28,20.323,22.0452,0.1664,0.505
2017-11-29,20.332,22.0214,0.178,0.527
2017-11-30,20.3392,21.9794,0.1858,0.5254
2017-12-01,20.3494,21.9406,0.1928,0.5216
2017-12-02,20.3545,21.9077,0.1946,0.5245
2017-12-03,20.3501,21.8678,0.1874,0.5218
2017-12-04,20.3412,21.8374,0.177,0.5332
2017-12-05,20.3364,21.8038,0.1682,0.5399
2017-12-06,20.3337,21.7544,0.1621,0.527
2017-12-07,20.3296,21.6731,0.156,0.4855
2017-12-08,20.3254,21.6344,0.1517,0.4852
2017-12-09,20.3236,21.6017,0.1487,0.4886
2017-12-10,20.3252,21.5481,0.1502,0.4751
2017-12-11,20.3332,21.4923,0.159,0.462
2017-12-12,20.339,21.4722,0.163,0.4863
2017-12-13,20.3349,21.4541,0.1543,0.5053
2017-12-14,20.3314,21.4119,0.1469,0.4953
2017-12-15,20.3328,21.3814,0.1447,0.5008
2017-12-16,20.3328,21.3387,0.1407,0.5011
2017-12-17,20.3249,21.29,0.1285,0.493
2017-12-18,20.3186,21.2509,0.1186,0.4895
2017-12-19,20.3219,21.224,0.1193,0.4949
2017-12-20,20.3318,21.2121,0.1273,0.5169
2017-12-21,20.3296,21.164,0.1228,0.4997
2017-12-22,20.334,21.1061,0.1242,0.4658
2017-12-23,20.3402,21.0596,0.1234,0.4411
2017-12-24,20.3447,21.0174,0.1186,0.4297
2017-12-25,20.3473,20.9899,0.1124,0.435
2017-12-26,20.3468,20.9441,0.1076,0.4231
2017-12-27,20.3528,20.8902,0.1102,0.4046
2017-12-28,20.3714,20.8891,0.126,0.4389
2017-12-29,20.3937,20.9038,0.144,0.4839
2017-12-30,20.4047,20.8546,0.1526,0.4666
2017-12-31,20.4105,20.8051,0.1539,0.4486
2018-01-01,20.4186,20.7681,0.1693,0.4663
2018-01-02,20.4286,20.7096,0.1762,0.4381
2018-01-03,20.4375,20.6558,0.1806,0.412
2018-01-04,20.4494,20.6002,0.1873,0.3919
2018-01-05,20.458,20.5599,0.1923,0.3851
2018-01-06,20.4563,20.5278,0.1876,0.3817
2018-01-07,20.4563,20.4773,0.1834,0.3583
2018-01-08,20.4582,20.4188,0.18,0.3296
2018-01-09,20.4589,20.4073,0.1763,0.3468
2018-01-10,20.4632,20.3872,0.1754,0.3541
2018-01-11,20.4657,20.3641,0.1715,0.3568
2018-01-12,20.4686,20.3563,0.1685,0.3717
2018-01-13,20.4823,20.337,0.1749,0.3796
2018-01-14,20.4896,20.3254,0.1763,0.3946
2018-01-15,20.489,20.2915,0.172,0.3834
2018-01-16,20.4824,20.2537,0.1607,0.3689
2018-01-17,20.479,20.2259,0.1526,0.3648
2018-01-18,20.4809,20.21,0.1497,0.368
2018-01-19,20.4809,20.1641,0.1441,0.3417
2018-01-20,20.486,20.1129,0.145,0.3109
2018-01-21,20.5057,20.1029,0.1611,0.3178
2018-01-22,20.5227,20.0656,0.1733,0.2938
2018-01-23,20.5405,20.0419,0.1861,0.2954
2018-01-24,20.562,20.0301,0.2018,0.3072
2018-01-25,20.5743,19.9998,0.2065,0.2985
2018-01-26,20.5801,19.9604,0.2077,0.2814
2018-01-27,20.5801,19.9241,0.2048,0.2684
2018-01-28,20.5687,19.8874,0.1888,0.2492
2018-01-29,20.5503,19.8364,0.1635,0.2146
2018-01-30,20.5348,19.8065,0.1418,0.1977
2018-01-31,20.5091,19.7858,0.1121,0.1888
2018-02-01,20.502,19.7832,0.1023,0.2019
2018-02-02,20.5088,19.7864,0.106,0.2212
2018-02-03,20.5168,19.7462,0.1076,0.1956
2018-02-04,20.5227,19.71,0.1064,0.1768
2018-02-05,20.5237,19.6731,0.1008,0.1569
2018-02-06,20.5241,19.6499,0.0967,0.1514
2018-02-07,20.5294,19.6305,0.0962,0.1466
2018-02-08,20.5411,19.6111,0.1017,0.1382
2018-02-09,20.5463,19.5872,0.1004,0.123
2018-02-10,20.5407,19.5605,0.0892,0.1036
2018-02-11,20.5482,19.5468,0.0907,0.0929
2018-02-12,20.5538,19.5308,0.0908,0.0894
2018-02-13,20.5587,19.4987,0.0934,0.0768
2018-02-14,20.5732,19.4754,0.1042,0.072
2018-02-15,20.5913,19.4752,0.1166,0.0905
2018-02-16,20.607,19.4757,0.1284,0.1019
2018-02-17,20.6273,19.4742,0.1455,0.1049
2018-02-18,20.64,19.4577,0.1548,0.0953
2018-02-19,20.6479,19.4521,0.1593,0.093
2018-02-20,20.6561,19.4411,0.1634,0.0893
2018-02-21,20.6725,19.4193,0.1759,0.0764
2018-02-22,20.6896,19.4068,0.1885,0.0726
2018-02-23,20.6967,19.3766,0.1905,0.049
2018-02-24,20.7022,19.3532,0.1923,0.0304
2018-02-25,20.7187,19.3727,0.2053,0.0478
2018-02-26,20.7263,19.3964,0.2118,0.0753
2018-02-27,20.729,19.4096,0.2129,0.0896
2018-02-28,20.7371,19.4117,0.2229,0.0823
2018-03-01,20.7475,19.4178,0.2302,0.099
2018-03-02,20.7584,19.4415,0.2414,0.1209
2018-03-03,20.7721,19.4326,0.2532,0.1141
2018-03-04,20.7816,19.4223,0.2617,0.1086
2018-03-05,20.7811,19.4032,0.2622,0.0954
2018-03-06,20.7784,19.4049,0.2597,0.105
2018-03-07,20.7666,19.4007,0.2482,0.1108
2018-03-08,20.7599,19.4277,0.2413,0.1389
2018-03-09,20.7429,19.4573,0.2221,0.1628
2018-03-10,20.7278,19.4643,0.2047,0.1651
2018-03-11,20.7285,19.4523,0.2037,0.1521
2018-03-12,20.7379,19.4491,0.2094,0.1454
2018-03-13,20.7311,19.438,0.2005,0.131
2018-03-14,20.7303,19.4214,0.197,0.1063
2018-03-15,20.7344,19.4326,0.1981,0.105
2018-03-16,20.741,19.4348,0.2007,0.0897
2018-03-17,20.7315,19.4429,0.1882,0.0851
2018-03-18,20.7346,19.4556,0.1852,0.0908
2018-03-19,20.7464,19.4703,0.1914,0.0987
2018-03-20,20.7538,19.4873,0.1953,0.1086
2018-03-21,20.739,19.4964,0.1801,0.1096
2018-03-22,20.7149,19.4721,0.156,0.08
2018-03-23,20.6929,19.4264,0.1347,0.0299
2018-03-24,20.6826,19.4192,0.1279,0.0201
2018-03-25,20.6773,19.4443,0.124,0.038
2018-03-26,20.6853,19.4905,0.132,0.0761
2018-03-27,20.7002,19.5079,0.1468,0.0852
2018-03-28,20.7173,19.4853,0.1631,0.0568
2018-03-29,20.7273,19.4755,0.1741,0.035
2018-03-30,20.7369,19.4992,0.1847,0.0459
2018-03-31,20.7411,19.5342,0.191,0.0724
2018-04-01,20.757,19.5839,0.2083,0.1116
2018-04-02,20.7733,19.6117,0.2281,0.1214
2018-04-03,20.7852,19.6253,0.2426,0.1186
2018-04-04,20.7931,19.609,0.2531,0.0878
2018-04-05,20.7938,19.6096,0.2563,0.0689
2018-04-06,20.7852,19.5961,0.2505,0.0425
2018-04-07,20.7733,19.6037,0.2415,0.0369
2018-04-08,20.7659,19.6246,0.2372,0.0413
2018-04-09,20.7638,19.6245,0.2364,0.0213
2018-04-10,20.7575,19.6326,0.2321,0.0097
2018-04-11,20.7382,19.6351,0.2186,-0.0017
2018-04-12,20.7312,19.6546,0.217,0.0064
2018-04-13,20.7239,19.6847,0.2135,0.022
2018-04-14,20.7164,19.6989,0.2086,0.0147
2018-04-15,20.7093,19.7065,0.2052,-0.0036
2018-04-16,20.7063,19.7175,0.2037,-0.0176
2018-04-17,20.7009,19.7298,0.2002,-0.0259
2018-04-18,20.6931,19.7471,0.1951,-0.031
2018-04-19,20.6928,19.7632,0.1984,-0.0369
2018-04-20,20.6881,19.7671,0.1943,-0.0645
2018-04-21,20.6948,19.7841,0.2031,-0.0772
2018-04-22,20.698,19.8028,0.2061,-0.0894
2018-04-23,20.6958,19.843,0.2057,-0.0815
2018-04-24,20.6936,19.8779,0.2046,-0.0757
2018-04-25,20.6976,19.923,0.2098,-0.0576
2018-04-26,20.6977,19.9673,0.2136,-0.037
2018-04-27,20.6912,19.9995,0.2106,-0.0286
2018-04-28,20.6865,20.0391,0.2096,-0.0153
2018-04-29,20.6776,20.0735,0.2051,-0.0019
2018-04-30,20.6694,20.0923,0.2012,-0.0039
2018-05-01,20.6553,20.1176,0.1923,-0.0098
2018-05-02,20.6488,20.1475,0.1897,-0.0149
2018-05-03,20.6462,20.1782,0.188,-0.0239
2018-05-04,20.6471,20.2139,0.192,-0.0223
2018-05-05,20.6543,20.262,0.2042,-0.0041
2018-05-06,20.66,20.2968,0.2153,0.0029
2018-05-07,20.6606,20.3251,0.2217,0.0044
2018-05-08,20.6534,20.3228,0.2187,-0.0297
2018-05-09,20.6433,20.3134,0.2119,-0.0707
2018-05-10,20.6493,20.3331,0.2203,-0.0786
2018-05-11,20.6536,20.3913,0.2275,-0.053
2018-05-12,20.6547,20.4437,0.2322,-0.0296
2018-05-13,20.6631,20.5028,0.2423,-0.0088
2018-05-14,20.6727,20.5461,0.2544,0.0062
2018-05-15,20.6735,20.5762,0.2569,0.0098
2018-05-16,20.6736,20.61,0.2608,0.0117
2018-05-17,20.6729,20.637,0.2626,0.0043
2018-05-18,20.6658,20.6511,0.2581,-0.0181
2018-05-19,20.6682,20.694,0.2636,-0.0162
2018-05-20,20.6597,20.7201,0.2572,-0.0313
2018-05-21,20.6528,20.7519,0.2529,-0.0407
2018-05-22,20.644,20.7907,0.2458,-0.0389
2018-05-23,20.6363,20.8283,0.2402,-0.042
2018-05-24,20.6259,20.8545,0.2338,-0.0521
2018-05-25,20.6208,20.8819,0.2334,-0.067
2018-05-26,20.6141,20.9337,0.2311,-0.0569
2018-05-27,20.6001,20.9558,0.2213,-0.0764
2018-05-28,20.5912,20.9894,0.2151,-0.09
2018-05-29,20.5817,21.0442,0.2095,-0.0856
2018-05-30,20.5711,21.0819,0.2039,-0.0906
2018-05-31,20.5651,21.1148,0.2028,-0.0989
2018-06-01,20.5658,21.1479,0.2067,-0.1117
2018-06-02,20.5677,21.1737,0.2114,-0.1245
2018-06-03,20.5628,21.2029,0.2091,-0.1343
2018-06-04,20.5636,21.2309,0.2137,-0.147
2018-06-05,20.5598,21.2604,0.2162,-0.1581
2018-06-06,20.5646,21.3623,0.2285,-0.098
2018-06-07,20.5616,21.4303,0.2304,-0.0747
2018-06-08,20.5565,21.5074,0.228,-0.0416
2018-06-09,20.5485,21.5659,0.2217,-0.0322
2018-06-10,20.5346,21.609,0.2116,-0.0346
2018-06-11,20.5101,21.6278,0.1898,-0.0633
2018-06-12,20.487,21.6365,0.1689,-0.0983
2018-06-13,20.4701,21.6521,0.153,-0.1282
2018-06-14,20.4598,21.7142,0.1434,-0.1156
2018-06-15,20.4542,21.7882,0.1368,-0.0928
2018-06-16,20.4563,21.857,0.1338,-0.0801
2018-06-17,20.4584,21.9139,0.1345,-0.0734
2018-06-18,20.465,21.9482,0.1423,-0.0907
2018-06-19,20.4708,21.995,0.1497,-0.0958
2018-06-20,20.4711,22.0452,0.151,-0.0877
2018-06-21,20.4798,22.0893,0.1589,-0.0871
2018-06-22,20.4874,22.1204,0.1644,-0.105
2018-06-23,20.4866,22.1462,0.1615,-0.1276
2018-06-24,20.4905,22.1985,0.1642,-0.1297
2018-06-25,20.4993,22.2601,0.173,-0.1207
2018-06-26,20.509,22.3582,0.1827,-0.0724
2018-06-27,20.5146,22.4675,0.188,-0.0088
2018-06-28,20.5141,22.523,0.1864,0.0064
2018-06-29,20.5064,22.5332,0.1785,-0.0235
2018-06-30,20.5036,22.5844,0.1749,-0.0147
2018-07-01,20.5059,22.6391,0.1753,0.0015
2018-07-02,20.5031,22.6938,0.1737,0.0178
2018-07-03,20.4876,22.7269,0.1586,0.0127
2018-07-04,20.4733,22.7538,0.1423,-0.0033
2018-07-05,20.4707,22.8061,0.1379,0.0009
2018-07-06,20.4607,22.8406,0.1273,-0.0104
2018-07-07,20.4545,22.8839,0.1221,-0.0093
2018-07-08,20.4607,22.927,0.1304,-0.0102
2018-07-09,20.479,22.9911,0.1497,0.008
2018-07-10,20.4912,23.0443,0.1604,0.0183
2018-07-11,20.4895,23.0573,0.1557,-0.0038
2018-07-12,20.4863,23.0413,0.1502,-0.0539
2018-07-13,20.4841,23.0342,0.1451,-0.0876
2018-07-14,20.4809,23.0477,0.1399,-0.1058
2018-07-15,20.474,23.0786,0.1309,-0.1094
2018-07-16,20.4713,23.0924,0.1251,-0.1348
2018-07-17,20.4703,23.1379,0.1225,-0.1255
2018-07-18,20.4646,23.1619,0.1168,-0.1378
2018-07-19,20.4685,23.2042,0.1207,-0.1317
2018-07-20,20.476,23.2117,0.1287,-0.1535
2018-07-21,20.4767,23.2234,0.1279,-0.1748
2018-07-22,20.4812,23.2548,0.1292,-0.182
2018-07-23,20.4844,23.3287,0.1305,-0.1451
2018-07-24,20.4946,23.392,0.1386,-0.1175
2018-07-25,20.5016,23.4079,0.1427,-0.1342
2018-07-26,20.5103,23.4386,0.1469,-0.1316
2018-07-27,20.5284,23.4574,0.1584,-0.1513
2018-07-28,20.5432,23.5012,0.1654,-0.1517
2018-07-29,20.5489,23.5319,0.1659,-0.1568
2018-07-30,20.5563,23.5417,0.1689,-0.1909
2018-07-31,20.5621,23.5613,0.1717,-0.2084
2018-08-01,20.5649,23.6012,0.1753,-0.194
2018-08-02,20.5711,23.6537,0.1814,-0.1649
2018-08-03,20.5764,23.7164,0.1874,-0.1299
2018-08-04,20.5769,23.732,0.1867,-0.1405
2018-08-05,20.5777,23.7504,0.1854,-0.1499
2018-08-06,20.5735,23.7923,0.1806,-0.1399
2018-08-07,20.5706,23.836,0.1749,-0.1204
2018-08-08,20.5629,23.8731,0.1655,-0.1036
2018-08-09,20.5557,23.9044,0.1589,-0.0853
2018-08-10,20.5591,23.9254,0.1604,-0.0876
2018-08-11,20.565,23.9568,0.1634,-0.0881
2018-08-12,20.5635,23.9994,0.1593,-0.0762
2018-08-13,20.5649,24.0495,0.159,-0.0489
2018-08-14,20.5731,24.1027,0.1651,-0.0176
2018-08-15,20.5874,24.1535,0.1784,0.0177
2018-08-16,20.5898,24.1752,0.1799,0.0291
2018-08-17,20.5842,24.1762,0.1753,0.0267
2018-08-18,20.59,24.1847,0.1835,0.0414
2018-08-19,20.5913,24.2224,0.1846,0.0743
2018-08-20,20.59,24.2611,0.1821,0.0992
2018-08-21,20.6049,24.2973,0.1951,0.1173
2018-08-22,20.6078,24.3398,0.1982,0.1524
2018-08-23,20.608,24.3682,0.1986,0.1724
2018-08-24,20.6029,24.3645,0.1936,0.1622
2018-08-25,20.5929,24.339,0.1834,0.1313
2018-08-26,20.5807,24.3293,0.1711,0.1147
2018-08-27,20.5759,24.3369,0.1647,0.1113
2018-08-28,20.5747,24.3343,0.164,0.1068
2018-08-29,20.5738,24.3283,0.1626,0.0999
2018-08-30,20.5808,24.3498,0.1701,0.1272
2018-08-31,20.5843,24.3612,0.1755,0.1462
2018-09-01,20.5857,24.3724,0.1768,0.1634
2018-09-02,20.5822,24.3516,0.174,0.1437
2018-09-03,20.579,24.32,0.1728,0.1168
2018-09-04,20.5836,24.3046,0.1787,0.1032
2018-09-05,20.5897,24.302,0.1877,0.107
2018-09-06,20.5981,24.3109,0.201,0.1336
2018-09-07,20.5943,24.3271,0.2049,0.1662
2018-09-08,20.5888,24.3227,0.2052,0.1797
2018-09-09,20.5795,24.2885,0.201,0.1631
2018-09-10,20.5728,24.249,0.2003,0.1387
2018-09-11,20.5687,24.225,0.2033,0.1349
2018-09-12,20.5714,24.2203,0.2111,0.1463
2018-09-13,20.5781,24.229,0.2231,0.1664
2018-09-14,20.5709,24.2059,0.2236,0.1587
2018-09-15,20.5689,24.1938,0.2281,0.1604
2018-09-16,20.5638,24.1775,0.2292,0.1615
2018-09-17,20.5535,24.1607,0.2248,0.1635
2018-09-18,20.5544,24.1696,0.2301,0.195
2018-09-19,20.5514,24.1726,0.2301,0.2135
2018-09-20,20.551,24.127,0.2295,0.1813
2018-09-21,20.5538,24.0706,0.234,0.1444
2018-09-22,20.5611,24.0309,0.2439,0.1236
2018-09-23,20.5744,24.0215,0.2591,0.1304
2018-09-24,20.5854,23.9882,0.273,0.1178
2018-09-25,20.5885,23.9687,0.279,0.1149
2018-09-26,20.5805,23.9263,0.2746,0.0888
2018-09-27,20.5729,23.8938,0.2722,0.0731
2018-09-28,20.564,23.8571,0.2707,0.0554
2018-09-29,20.5537,23.8487,0.2669,0.0691
2018-09-30,20.5498,23.8621,0.2676,0.1096
2018-10-01,20.5444,23.8632,0.266,0.1412
2018-10-02,20.5402,23.8287,0.2667,0.1392
2018-10-03,20.5395,23.8046,0.2717,0.1474
2018-10-04,20.5509,23.7812,0.2877,0.1537
2018-10-05,20.5591,23.7671,0.3013,0.1692
2018-10-06,20.5625,23.7593,0.3091,0.1916
2018-10-07,20.5599,23.7435,0.3092,0.2009
2018-10-08,20.5573,23.7043,0.3119,0.1963
2018-10-09,20.556,23.6596,0.315,0.1887
2018-10-10,20.5468,23.6053,0.3111,0.1693
2018-10-11,20.5376,23.5566,0.309,0.152
2018-10-12,20.5231,23.5161,0.3003,0.1419
2018-10-13,20.5117,23.46,0.2939,0.1195
2018-10-14,20.5024,23.4129,0.2891,0.1049
2018-10-15,20.5009,23.3798,0.2893,0.1046
2018-10-16,20.4954,23.3218,0.2844,0.0753
2018-10-17,20.4862,23.2444,0.2768,0.0257
2018-10-18,20.4767,23.1637,0.2705,-0.0293
2018-10-19,20.4669,23.0869,0.261,-0.0764
2018-10-20,20.4698,23.0441,0.2664,-0.0862
2018-10-21,20.4731,23.0109,0.2724,-0.0827
2018-10-22,20.4775,22.9568,0.2796,-0.0994
2018-10-23,20.4858,22.9473,0.2895,-0.0717
2018-10-24,20.4922,22.9325,0.2968,-0.0494
2018-10-25,20.4951,22.9099,0.3011,-0.0341
2018-10-26,20.501,22.8869,0.3101,-0.0165
2018-10-27,20.4986,22.8594,0.3115,-0.004
2018-10-28,20.4932,22.8004,0.3107,-0.0179
2018-10-29,20.4895,22.7579,0.3119,-0.015
2018-10-30,20.4805,22.7433,0.3079,0.0148
2018-10-31,20.4717,22.7038,0.304,0.0162
2018-11-01,20.453,22.6462,0.2924,0.0006
2018-11-02,20.4423,22.5822,0.2865,-0.018
2018-11-03,20.4376,22.5465,0.2861,-0.0062
2018-11-04,20.4341,22.5179,0.2863,0.0124
2018-11-05,20.4345,22.4904,0.2888,0.0234
2018-11-06,20.4398,22.4616,0.294,0.0311
2018-11-07,20.4484,22.4482,0.3025,0.0561
2018-11-08,20.4482,22.418,0.3017,0.0623
2018-11-09,20.4402,22.3623,0.2923,0.0442
2018-11-10,20.4359,22.2981,0.2869,0.0189
2018-11-11,20.4336,22.25,0.2853,0.0145
2018-11-12,20.4452,22.1941,0.2964,0.0065
2018-11-13,20.4608,22.13,0.3125,-0.0095
2018-11-14,20.4661,22.0854,0.3174,-0.0116
2018-11-15,20.4652,22.0281,0.3185,-0.0324
2018-11-16,20.4551,21.9608,0.3082,-0.0699
2018-11-17,20.4563,21.9085,0.3091,-0.0857
2018-11-18,20.452,21.8557,0.306,-0.095
2018-11-19,20.4419,21.8172,0.2952,-0.0902
2018-11-20,20.4398,21.7869,0.2926,-0.0769
2018-11-21,20.4471,21.7386,0.297,-0.0878
2018-11-22,20.4573,21.6935,0.3047,-0.0948
2018-11-23,20.4681,21.6343,0.3129,-0.1115
2018-11-24,20.4658,21.5322,0.3089,-0.1756
2018-11-25,20.4649,21.4651,0.3061,-0.2017
2018-11-26,20.4691,21.4268,0.3106,-0.1919
2018-11-27,20.4708,21.4052,0.313,-0.1736
2018-11-28,20.4747,21.3921,0.3181,-0.1481
2018-11-29,20.475,21.3594,0.321,-0.135
2018-11-30,20.4695,21.3415,0.3161,-0.1125
2018-12-01,20.4681,21.3252,0.3115,-0.0938
2018-12-02,20.4749,21.2995,0.315,-0.0837
2018-12-03,20.4992,21.2718,0.3365,-0.0742
2018-12-04,20.5134,21.2236,0.3492,-0.0806
2018-12-05,20.5221,21.1904,0.3539,-0.0735
2018-12-06,20.5199,21.1651,0.3483,-0.0623
2018-12-07,20.5148,21.1343,0.3412,-0.0533
2018-12-08,20.5057,21.0983,0.332,-0.0509
2018-12-09,20.4947,21.0543,0.3198,-0.0588
2018-12-10,20.4883,21.0136,0.3133,-0.0594
2018-12-11,20.481,20.9666,0.3068,-0.0637
2018-12-12,20.4785,20.9085,0.3025,-0.0774
2018-12-13,20.4749,20.8556,0.2943,-0.0933
2018-12-14,20.4673,20.8163,0.2828,-0.1003
2018-12-15,20.4599,20.7803,0.2718,-0.1003
2018-12-16,20.4544,20.7467,0.2623,-0.0908
2018-12-17,20.4586,20.7325,0.2622,-0.0645
2018-12-18,20.468,20.7356,0.268,-0.0258
2018-12-19,20.4773,20.707,0.2747,-0.0221
2018-12-20,20.4922,20.6715,0.2877,-0.0237
2018-12-21,20.5083,20.6264,0.3015,-0.0379
2018-12-22,20.5226,20.5832,0.3128,-0.0571
2018-12-23,20.5382,20.5636,0.3214,-0.0549
2018-12-24,20.5481,20.5375,0.322,-0.0502
2018-12-25,20.5508,20.5015,0.3159,-0.0534
2018-12-26,20.5467,20.4935,0.3075,-0.0275
2018-12-27,20.5381,20.4691,0.2955,-0.0165
2018-12-28,20.5205,20.4272,0.2751,-0.023
2018-12-29,20.5101,20.3835,0.2604,-0.0364
2018-12-30,20.5154,20.3606,0.2633,-0.0274
2018-12-31,20.5199,20.3271,0.2633,-0.0294
2019-01-01,20.5181,20.3018,0.2688,-0.0
2019-01-02,20.5065,20.2745,0.2541,0.003
2019-01-03,20.4928,20.2231,0.2359,-0.0207
2019-01-04,20.4857,20.1741,0.2236,-0.0342
2019-01-05,20.4877,20.1619,0.222,-0.0129
2019-01-06,20.5032,20.1718,0.2345,0.0257
2019-01-07,20.5266,20.1645,0.2537,0.0455
2019-01-08,20.5424,20.1492,0.2642,0.06
2019-01-09,20.5634,20.1276,0.2808,0.0671
2019-01-10,20.5726,20.105,0.2848,0.0719
2019-01-11,20.5898,20.0991,0.2956,0.0918
2019-01-12,20.6087,20.0872,0.3086,0.1026
2019-01-13,20.6365,20.0817,0.3291,0.1243
2019-01-14,20.6635,20.0746,0.3502,0.1438
2019-01-15,20.6818,20.0643,0.3648,0.1562
2019-01-16,20.6878,20.0566,0.3661,0.1718
2019-01-17,20.6759,20.01,0.3495,0.1489
2019-01-18,20.6636,19.9738,0.3324,0.1318
2019-01-19,20.6627,19.9504,0.3259,0.128
2019-01-20,20.658,19.9295,0.317,0.1275
2019-01-21,20.6491,19.9215,0.3045,0.1364
2019-01-22,20.6481,19.9107,0.2987,0.1389
2019-01-23,20.6514,19.8905,0.297,0.144
2019-01-24,20.6583,19.8642,0.2981,0.1413
2019-01-25,20.6568,19.8693,0.289,0.168
2019-01-26,20.6536,19.8706,0.2812,0.1916
2019-01-27,20.6563,19.8617,0.281,0.206
2019-01-28,20.6652,19.8477,0.2853,0.2095
2019-01-29,20.6822,19.846,0.2954,0.2242
2019-01-30,20.6905,19.8415,0.2975,0.2327
2019-01-31,20.6819,19.8302,0.2849,0.2332
2019-02-01,20.6838,19.7974,0.2841,0.216
2019-02-02,20.6887,19.7657,0.2859,0.2005
2019-02-03,20.6966,19.7505,0.2874,0.1999
2019-02-04,20.7093,19.7501,0.293,0.2169
2019-02-05,20.7169,19.743,0.294,0.2268
2019-02-06,20.7147,19.7065,0.2873,0.208
2019-02-07,20.7148,19.6835,0.2816,0.1996
2019-02-08,20.7069,19.7035,0.2675,0.2306
2019-02-09,20.6943,19.7062,0.2484,0.242
2019-02-10,20.6884,19.6832,0.2369,0.2263
2019-02-11,20.699,19.6682,0.2415,0.2143
2019-02-12,20.7135,19.6571,0.2505,0.2157
2019-02-13,20.7227,19.6561,0.2574,0.2341
2019-02-14,20.7344,19.6232,0.2654,0.2198
2019-02-15,20.7411,19.5621,0.2664,0.1774
2019-02-16,20.7575,19.5337,0.2789,0.1599
2019-02-17,20.7708,19.52,0.289,0.1507
2019-02-18,20.7754,19.5254,0.2902,0.163
2019-02-19,20.7753,19.5234,0.2867,0.1643
2019-02-20,20.7839,19.5124,0.2912,0.1606
2019-02-21,20.7936,19.4876,0.297,0.1447
2019-02-22,20.8049,19.4813,0.3038,0.1471
2019-02-23,20.8184,19.4698,0.3122,0.1422
2019-02-24,20.8286,19.4599,0.3187,0.1371
2019-02-25,20.8352,19.4414,0.3218,0.1165
2019-02-26,20.8349,19.4159,0.3204,0.0948
2019-02-27,20.8306,19.3983,0.3145,0.0783
2019-02-28,20.8308,19.3728,0.3166,0.0434
2019-03-01,20.8323,19.3705,0.315,0.0517
2019-03-02,20.8434,19.3955,0.3264,0.0749
2019-03-03,20.8596,19.4403,0.3407,0.1218
2019-03-04,20.865,19.4574,0.3451,0.1437
2019-03-05,20.8637,19.4469,0.3448,0.1391
2019-03-06,20.8617,19.442,0.343,0.1421
2019-03-07,20.8472,19.4048,0.3288,0.1149
2019-03-08,20.8344,19.3865,0.3158,0.0977
2019-03-09,20.82,19.4025,0.2992,0.108
2019-03-10,20.8215,19.4145,0.2984,0.1153
2019-03-11,20.8195,19.4234,0.2947,0.1232
2019-03-12,20.8166,19.41,0.2881,0.1063
2019-03-13,20.813,19.3963,0.2824,0.0893
2019-03-14,20.8189,19.4047,0.2856,0.0896
2019-03-15,20.827,19.4177,0.2907,0.0901
2019-03-16,20.843,19.4525,0.3027,0.1074
2019-03-17,20.8632,19.4931,0.3199,0.1353
2019-03-18,20.8769,19.5032,0.3275,0.1384
2019-03-19,20.882,19.5087,0.327,0.1371
2019-03-20,20.8869,19.5252,0.3284,0.1465
2019-03-21,20.8915,19.5366,0.3326,0.1498
2019-03-22,20.8932,19.5632,0.3343,0.1711
2019-03-23,20.8886,19.5826,0.3304,0.1861
2019-03-24,20.8822,19.6058,0.3275,0.2067
2019-03-25,20.873,19.6152,0.3197,0.2089
2019-03-26,20.8674,19.6196,0.3141,0.2052
2019-03-27,20.8706,19.648,0.3172,0.2253
2019-03-28,20.8704,19.655,0.3162,0.2265
2019-03-29,20.8701,19.6473,0.3169,0.2068
2019-03-30,20.8672,19.6448,0.315,0.1915
2019-03-31,20.8725,19.6595,0.3224,0.1977
2019-04-01,20.8721,19.6703,0.3234,0.198
2019-04-02,20.8606,19.6875,0.3154,0.1972
2019-04-03,20.8493,19.6758,0.3067,0.1691
2019-04-04,20.8418,19.6654,0.3018,0.1442
2019-04-05,20.8343,19.667,0.2968,0.1263
2019-04-06,20.8384,19.6894,0.3037,0.1358
2019-04-07,20.8501,19.7191,0.3183,0.1523
2019-04-08,20.8484,19.7359,0.3197,0.1526
2019-04-09,20.8474,19.7545,0.32,0.1513
2019-04-10,20.8345,19.7471,0.3091,0.1242
2019-04-11,20.8221,19.76,0.3025,0.1232
2019-04-12,20.8141,19.7649,0.2999,0.1167
2019-04-13,20.8179,19.8022,0.3075,0.1395
2019-04-14,20.8154,19.8136,0.3076,0.1294
2019-04-15,20.8089,19.8342,0.3048,0.1241
2019-04-16,20.8091,19.8456,0.3065,0.1105
2019-04-17,20.8111,19.869,0.3104,0.1133
2019-04-18,20.8042,19.8942,0.3062,0.1161
2019-04-19,20.7914,19.8939,0.297,0.0938
2019-04-20,20.7726,19.8981,0.2788,0.0665
2019-04-21,20.7626,19.9083,0.2709,0.047
2019-04-22,20.7601,19.9208,0.2682,0.0285
2019-04-23,20.761,19.9703,0.2709,0.0458
2019-04-24,20.7531,20.0051,0.2641,0.0515
2019-04-25,20.7647,20.0683,0.2769,0.0877
2019-04-26,20.7762,20.1514,0.2921,0.1471
2019-04-27,20.7806,20.211,0.3,0.1829
2019-04-28,20.772,20.2556,0.2951,0.2012
2019-04-29,20.7569,20.263,0.2844,0.1876
2019-04-30,20.74,20.2391,0.2718,0.1429
2019-05-01,20.7229,20.2062,0.2599,0.0788
2019-05-02,20.7084,20.1868,0.2493,0.0244
2019-05-03,20.6947,20.2073,0.2365,0.0052
2019-05-04,20.6907,20.2392,0.2356,0.003
2019-05-05,20.6944,20.2829,0.2443,0.0168
2019-05-06,20.6971,20.3363,0.2524,0.0424
2019-05-07,20.6926,20.3803,0.2537,0.0596
2019-05-08,20.6883,20.4194,0.2536,0.0669
2019-05-09,20.6914,20.4778,0.26,0.0937
2019-05-10,20.6898,20.5405,0.2608,0.1288
2019-05-11,20.6761,20.5582,0.25,0.1139
2019-05-12,20.6747,20.5796,0.2522,0.1063
2019-05-13,20.6769,20.6082,0.2561,0.0966
2019-05-14,20.6896,20.6577,0.2713,0.1178
2019-05-15,20.7012,20.7079,0.2846,0.1415
2019-05-16,20.7004,20.7417,0.2876,0.1434
2019-05-17,20.7018,20.7797,0.2915,0.147
2019-05-18,20.6957,20.8415,0.288,0.1723
2019-05-19,20.6851,20.8889,0.2805,0.1787
2019-05-20,20.6813,20.9413,0.2788,0.1898
2019-05-21,20.6843,20.9848,0.2844,0.1922
2019-05-22,20.6851,21.0109,0.2869,0.1813
2019-05-23,20.6844,21.0167,0.2883,0.1464
2019-05-24,20.6783,21.0363,0.2862,0.1297
2019-05-25,20.6724,21.0576,0.285,0.1087
2019-05-26,20.6694,21.104,0.2864,0.1134
2019-05-27,20.672,21.1709,0.2932,0.1387
2019-05-28,20.6702,21.2366,0.2941,0.1572
2019-05-29,20.6725,21.314,0.3003,0.1842
2019-05-30,20.6764,21.3648,0.3092,0.1923
2019-05-31,20.675,21.4142,0.3127,0.2005
2019-06-01,20.6781,21.4771,0.319,0.2175
2019-06-02,20.6773,21.5053,0.321,0.2071
2019-06-03,20.6723,21.515,0.3186,0.1778
2019-06-04,20.6688,21.5358,0.3189,0.1579
2019-06-05,20.6675,21.5885,0.3239,0.17
2019-06-06,20.6674,21.6386,0.3313,0.1783
2019-06-07,20.6658,21.7047,0.3346,0.1997
2019-06-08,20.6646,21.7481,0.3361,0.1991
2019-06-09,20.652,21.7772,0.3252,0.1791
2019-06-10,20.6399,21.797,0.3169,0.1534
2019-06-11,20.6307,21.8166,0.3104,0.1255
2019-06-12,20.6281,21.8564,0.31,0.1216
2019-06-13,20.6367,21.9347,0.3196,0.1544
2019-06-14,20.6319,21.9942,0.3155,0.1644
2019-06-15,20.6254,22.0484,0.308,0.1674
2019-06-16,20.6185,22.098,0.296,0.1609
2019-06-17,20.6206,22.157,0.2967,0.1697
2019-06-18,20.6251,22.2598,0.3024,0.2209
2019-06-19,20.6168,22.3509,0.2957,0.26
2019-06-20,20.6139,22.3943,0.2938,0.2614
2019-06-21,20.606,22.4273,0.2851,0.2509
2019-06-22,20.5942,22.4373,0.2712,0.2119
2019-06-23,20.5945,22.511,0.2694,0.2372
2019-06-24,20.5981,22.5821,0.2718,0.2539
2019-06-25,20.6022,22.6499,0.2759,0.2691
2019-06-26,20.6115,22.7062,0.2852,0.2756
2019-06-27,20.6186,22.7526,0.292,0.2763
2019-06-28,20.6279,22.8235,0.3002,0.3069
2019-06-29,20.6317,22.8709,0.3038,0.3142
2019-06-30,20.6294,22.8856,0.3007,0.2865
2019-07-01,20.6252,22.9214,0.2946,0.2838
2019-07-02,20.6131,22.9535,0.2837,0.2775
2019-07-03,20.6028,22.9872,0.2738,0.273
2019-07-04,20.6099,23.049,0.2789,0.2919
2019-07-05,20.6137,23.1106,0.2809,0.3054
2019-07-06,20.625,23.1895,0.2916,0.3385
2019-07-07,20.6355,23.2766,0.3031,0.3834
2019-07-08,20.6343,23.3245,0.304,0.3873
2019-07-09,20.6285,23.3498,0.2992,0.3667
2019-07-10,20.6314,23.4175,0.3006,0.3915
2019-07-11,20.6378,23.4823,0.304,0.4212
2019-07-12,20.6476,23.5305,0.3115,0.4353
2019-07-13,20.6498,23.5327,0.3108,0.4108
2019-07-14,20.6534,23.5511,0.3124,0.3976
2019-07-15,20.664,23.5737,0.3209,0.3857
2019-07-16,20.6607,23.5999,0.3145,0.3727
2019-07-17,20.6593,23.6388,0.3115,0.3754
2019-07-18,20.6508,23.6626,0.303,0.3629
2019-07-19,20.6474,23.698,0.2996,0.3621
2019-07-20,20.648,23.7429,0.3007,0.3777
2019-07-21,20.6453,23.7856,0.2965,0.3874
2019-07-22,20.6452,23.827,0.2932,0.3903
2019-07-23,20.6462,23.8443,0.2923,0.3705
2019-07-24,20.6541,23.8792,0.2981,0.3697
2019-07-25,20.6672,23.8913,0.3083,0.3492
2019-07-26,20.6815,23.8967,0.3181,0.3265
2019-07-27,20.7019,23.9305,0.3318,0.3218
2019-07-28,20.7203,23.9849,0.3425,0.332
2019-07-29,20.7312,24.0353,0.3482,0.3466
2019-07-30,20.7399,24.0701,0.3525,0.3375
2019-07-31,20.7555,24.0995,0.3651,0.3298
2019-08-01,20.7615,24.1332,0.3719,0.338
2019-08-02,20.7624,24.1416,0.3727,0.323
2019-08-03,20.7684,24.1679,0.3794,0.3216
2019-08-04,20.7748,24.1954,0.3846,0.3229
2019-08-05,20.7861,24.2461,0.3938,0.3458
2019-08-06,20.7801,24.3059,0.3872,0.3737
2019-08-07,20.7681,24.3329,0.3724,0.3765
2019-08-08,20.7545,24.3601,0.3571,0.3834
2019-08-09,20.746,24.3871,0.3492,0.3974
2019-08-10,20.7402,24.3953,0.3415,0.3822
2019-08-11,20.7343,24.4135,0.3327,0.3686
2019-08-12,20.7301,24.4151,0.3259,0.3395
2019-08-13,20.7249,24.4231,0.319,0.3247
2019-08-14,20.7191,24.4166,0.3111,0.2963
2019-08-15,20.7118,24.3863,0.3028,0.2505
2019-08-16,20.7156,24.4014,0.3057,0.2553
2019-08-17,20.7084,24.4265,0.2995,0.277
2019-08-18,20.7035,24.4609,0.297,0.3176
2019-08-19,20.7024,24.5054,0.2957,0.3573
2019-08-20,20.7013,24.5312,0.2934,0.3693
2019-08-21,20.7051,24.5394,0.2953,0.3594
2019-08-22,20.7016,24.5759,0.292,0.3885
2019-08-23,20.7036,24.6017,0.2942,0.4059
2019-08-24,20.7022,24.5867,0.2929,0.3844
2019-08-25,20.7018,24.5746,0.2923,0.3669
2019-08-26,20.7056,24.5818,0.296,0.3672
2019-08-27,20.7171,24.5935,0.3059,0.3679
2019-08-28,20.7272,24.6022,0.3165,0.3747
2019-08-29,20.7277,24.6148,0.3165,0.3864
2019-08-30,20.7282,24.6417,0.3175,0.4191
2019-08-31,20.7239,24.6233,0.3151,0.4083
2019-09-01,20.7202,24.5937,0.3113,0.3847
2019-09-02,20.7189,24.5819,0.3107,0.374
2019-09-03,20.7173,24.5732,0.3111,0.37
2019-09-04,20.7079,24.5465,0.303,0.3451
2019-09-05,20.7022,24.547,0.3002,0.352
2019-09-06,20.6908,24.5403,0.2937,0.363
2019-09-07,20.6784,24.5273,0.289,0.3664
2019-09-08,20.6642,24.4997,0.2806,0.3567
2019-09-09,20.6503,24.4773,0.2718,0.3519
2019-09-10,20.6458,24.4342,0.2733,0.3239
2019-09-11,20.6371,24.3923,0.2717,0.3022
2019-09-12,20.6231,24.3613,0.2628,0.2873
2019-09-13,20.6123,24.3426,0.2573,0.28
2019-09-14,20.6073,24.3247,0.26,0.2775
2019-09-15,20.6051,24.3012,0.2643,0.2678
2019-09-16,20.6019,24.2761,0.2673,0.2601
2019-09-17,20.5924,24.2422,0.2637,0.245
2019-09-18,20.5776,24.1655,0.2533,0.1909
2019-09-19,20.5665,24.1351,0.2452,0.176
2019-09-20,20.5621,24.1422,0.2406,0.1965
2019-09-21,20.5599,24.147,0.2401,0.2208
2019-09-22,20.5433,24.098,0.2261,0.1907
2019-09-23,20.5358,24.084,0.2205,0.1929
2019-09-24,20.5326,24.0857,0.2202,0.2153
2019-09-25,20.5477,24.082,0.2382,0.2282
2019-09-26,20.5601,24.0663,0.2542,0.2288
2019-09-27,20.5668,24.0713,0.2661,0.2507
2019-09-28,20.5748,24.0484,0.2815,0.2467
2019-09-29,20.5864,24.0369,0.2996,0.2573
2019-09-30,20.59,23.999,0.3078,0.2465
2019-10-01,20.5783,23.9205,0.2999,0.1985
2019-10-02,20.5592,23.8513,0.2857,0.1618
2019-10-03,20.5447,23.8091,0.2769,0.1519
2019-10-04,20.5296,23.7493,0.2664,0.1218
2019-10-05,20.5203,23.7125,0.2625,0.1146
2019-10-06,20.5125,23.6682,0.2591,0.1005
2019-10-07,20.5056,23.6125,0.2549,0.0699
2019-10-08,20.5124,23.5926,0.267,0.0846
2019-10-09,20.5171,23.5476,0.2761,0.0767
2019-10-10,20.5257,23.5307,0.29,0.0947
2019-10-11,20.5369,23.5299,0.3083,0.1253
2019-10-12,20.5338,23.5048,0.311,0.1306
2019-10-13,20.5279,23.471,0.3101,0.1305
2019-10-14,20.5256,23.4356,0.3123,0.1276
2019-10-15,20.5181,23.4083,0.3065,0.1331
2019-10-16,20.5134,23.3936,0.3024,0.1471
2019-10-17,20.4979,23.3685,0.2885,0.1498
2019-10-18,20.4936,23.3338,0.2874,0.1408
2019-10-19,20.503,23.3107,0.2971,0.1474
2019-10-20,20.5089,23.3023,0.3055,0.172
2019-10-21,20.5118,23.3021,0.3111,0.2085
2019-10-22,20.5075,23.2769,0.3096,0.2207
2019-10-23,20.5019,23.238,0.3056,0.219
2019-10-24,20.4917,23.2064,0.2963,0.2245
2019-10-25,20.4941,23.1503,0.3001,0.2063
2019-10-26,20.4958,23.1121,0.3049,0.2087
2019-10-27,20.495,23.0635,0.3079,0.2001
2019-10-28,20.4903,23.0302,0.3078,0.2119
2019-10-29,20.4904,23.0105,0.3128,0.2376
2019-10-30,20.4855,22.9753,0.3129,0.2468
2019-10-31,20.4812,22.9491,0.3135,0.2615
2019-11-01,20.4672,22.909,0.3066,0.2634
2019-11-02,20.4633,22.8819,0.3075,0.2817
2019-11-03,20.4396,22.8459,0.2881,0.2932
2019-11-04,20.4317,22.8003,0.2839,0.2948
2019-11-05,20.4268,22.7302,0.2811,0.2632
2019-11-06,20.4239,22.6733,0.2781,0.2428
2019-11-07,20.4228,22.6084,0.2769,0.2163
2019-11-08,20.434,22.5543,0.2875,0.1986
2019-11-09,20.4474,22.4878,0.2995,0.1697
2019-11-10,20.4487,22.4313,0.2997,0.152
2019-11-11,20.4465,22.368,0.2982,0.1325
2019-11-12,20.439,22.3282,0.2902,0.1406
2019-11-13,20.4322,22.2743,0.2839,0.1348
2019-11-14,20.4386,22.2311,0.2899,0.1341
2019-11-15,20.4414,22.2113,0.2947,0.1508
2019-11-16,20.4487,22.178,0.3018,0.1473
2019-11-17,20.4598,22.1285,0.3126,0.1343
2019-11-18,20.4689,22.0755,0.3229,0.1248
2019-11-19,20.4872,22.0524,0.3405,0.145
2019-11-20,20.4984,22.0319,0.3512,0.1681
2019-11-21,20.5074,21.9935,0.3573,0.1671
2019-11-22,20.507,21.9839,0.3544,0.1956
2019-11-23,20.4983,21.9638,0.3431,0.218
2019-11-24,20.4847,21.9353,0.3278,0.2275
2019-11-25,20.4707,21.9041,0.3119,0.2373
2019-11-26,20.459,21.882,0.3005,0.2633
2019-11-27,20.4603,21.8563,0.3025,0.2775
2019-11-28,20.4566,21.8394,0.3,0.2992
2019-11-29,20.4528,21.8106,0.2988,0.3162
2019-11-30,20.4539,21.7737,0.3005,0.3197
2019-12-01,20.4598,21.7415,0.3032,0.3225
2019-12-02,20.4592,21.6911,0.2993,0.3079
2019-12-03,20.4607,21.6537,0.298,0.3077
2019-12-04,20.4668,21.6067,0.3026,0.3025
2019-12-05,20.4834,21.5569,0.3152,0.293
2019-12-06,20.4813,21.4997,0.3097,0.2723
2019-12-07,20.4815,21.4679,0.3079,0.2803
2019-12-08,20.49,21.43,0.3163,0.2808
2019-12-09,20.494,21.365,0.3191,0.2519
2019-12-10,20.5018,21.2952,0.3268,0.2222
2019-12-11,20.5183,21.2505,0.3441,0.2202
2019-12-12,20.5176,21.1992,0.3416,0.2133
2019-12-13,20.5171,21.1668,0.3365,0.2179
2019-12-14,20.524,21.1319,0.3395,0.2153
2019-12-15,20.5253,21.0965,0.3372,0.2159
2019-12-16,20.5238,21.0528,0.3317,0.2153
2019-12-17,20.5206,21.0215,0.3242,0.2245
2019-12-18,20.5152,20.9858,0.3152,0.2244
2019-12-19,20.5231,20.9395,0.3205,0.2104
2019-12-20,20.5357,20.8881,0.3312,0.1929
2019-12-21,20.5411,20.8491,0.3343,0.1848
2019-12-22,20.5393,20.827,0.3295,0.1867
2019-12-23,20.5481,20.8056,0.3313,0.1871
2019-12-24,20.5563,20.7729,0.3302,0.1852
2019-12-25,20.5535,20.7506,0.3186,0.1957
2019-12-26,20.5452,20.6983,0.306,0.1773
2019-12-27,20.5392,20.6851,0.2966,0.1995
2019-12-28,20.5429,20.7041,0.2975,0.2539
2019-12-29,20.544,20.6866,0.2943,0.2667
2019-12-30,20.5543,20.6725,0.3022,0.2845
2019-12-31,20.5881,20.6395,0.3315,0.283
2020-01-01,20.6153,20.6033,0.366,0.3015
2020-01-02,20.6233,20.5819,0.3709,0.3104
2020-01-03,20.6305,20.5509,0.3736,0.3071
2020-01-04,20.6369,20.5196,0.3748,0.3113
2020-01-05,20.6449,20.4861,0.3792,0.3113
2020-01-06,20.6475,20.4545,0.3788,0.3084
2020-01-07,20.6456,20.4489,0.3727,0.3299
2020-01-08,20.6502,20.4395,0.372,0.3503
2020-01-09,20.6487,20.4016,0.3661,0.3411
2020-01-10,20.6443,20.3472,0.3565,0.3141
2020-01-11,20.6487,20.3067,0.3545,0.2994
2020-01-12,20.6466,20.251,0.3465,0.2664
2020-01-13,20.6405,20.1906,0.3331,0.2332
2020-01-14,20.6514,20.1507,0.3381,0.2199
2020-01-15,20.6662,20.1388,0.3492,0.2307
2020-01-16,20.6687,20.1329,0.347,0.2481
2020-01-17,20.6698,20.1287,0.3434,0.2676
2020-01-18,20.6686,20.1133,0.3374,0.2713
2020-01-19,20.6771,20.0665,0.3403,0.2441
2020-01-20,20.6869,20.0394,0.3459,0.2374
2020-01-21,20.696,20.0277,0.3514,0.2426
2020-01-22,20.7123,20.0256,0.3629,0.2538
2020-01-23,20.7261,20.002,0.3717,0.2555
2020-01-24,20.736,19.9756,0.3758,0.2527
2020-01-25,20.754,19.9735,0.3862,0.2722
2020-01-26,20.7678,19.9847,0.3954,0.3057
2020-01-27,20.7755,19.9962,0.4002,0.3405
2020-01-28,20.793,20.0285,0.4131,0.3903
2020-01-29,20.8014,20.0479,0.4146,0.426
2020-01-30,20.7951,20.0564,0.4021,0.4476
2020-01-31,20.7923,20.0481,0.3954,0.4511
2020-02-01,20.7866,20.039,0.3869,0.4577
2020-02-02,20.7798,20.0401,0.377,0.4749
2020-02-03,20.7809,20.0128,0.3717,0.4622
2020-02-04,20.7805,19.9918,0.3642,0.4586
2020-02-05,20.7749,19.9863,0.352,0.4701
2020-02-06,20.7746,19.9665,0.3472,0.468
2020-02-07,20.7784,19.9389,0.3452,0.455
2020-02-08,20.7833,19.9311,0.3439,0.4582
2020-02-09,20.7769,19.935,0.331,0.4708
2020-02-10,20.7782,19.9383,0.3267,0.4814
2020-02-11,20.7935,19.9435,0.336,0.4896
2020-02-12,20.8119,19.9369,0.3489,0.4955
2020-02-13,20.8146,19.902,0.3493,0.4801
2020-02-14,20.8093,19.8669,0.3403,0.4635
2020-02-15,20.8129,19.8362,0.3382,0.4515
2020-02-16,20.8194,19.834,0.3408,0.4602
2020-02-17,20.825,19.853,0.3432,0.4837
2020-02-18,20.8226,19.8629,0.3374,0.5005
2020-02-19,20.814,19.8491,0.3254,0.49
2020-02-20,20.8178,19.8498,0.3251,0.498
2020-02-21,20.8212,19.8436,0.3246,0.5007
2020-02-22,20.8172,19.8475,0.3161,0.5133
2020-02-23,20.8108,19.8187,0.3046,0.4911
2020-02-24,20.8096,19.7866,0.2997,0.4638
2020-02-25,20.8178,19.7756,0.3044,0.4507
2020-02-26,20.8379,19.764,0.3234,0.4429
2020-02-27,20.8511,19.8045,0.335,0.4845
2020-02-28,20.858,19.8567,0.3438,0.5273
2020-02-29,20.8718,19.8963,0.3576,0.5669
2020-03-01,20.8839,19.9102,0.3666,0.5914
2020-03-02,20.8858,19.8894,0.3688,0.5688
2020-03-03,20.8863,19.8788,0.3674,0.5603
2020-03-04,20.8858,19.8523,0.3659,0.5386
2020-03-05,20.8845,19.8324,0.3656,0.5246
2020-03-06,20.8896,19.8156,0.3709,0.5157
2020-03-07,20.8963,19.8025,0.3779,0.5126
2020-03-08,20.8891,19.7867,0.3705,0.4979
2020-03-09,20.8842,19.7499,0.3634,0.4554
2020-03-10,20.8919,19.7311,0.3688,0.4319
2020-03-11,20.9109,19.7334,0.3861,0.4332
2020-03-12,20.9212,19.7505,0.3927,0.4468
2020-03-13,20.9237,19.7411,0.3931,0.4341
2020-03-14,20.9228,19.7471,0.3895,0.432
2020-03-15,20.9163,19.7543,0.38,0.4267
2020-03-16,20.9102,19.7525,0.3699,0.4074
2020-03-17,20.9037,19.7324,0.3604,0.3746
2020-03-18,20.9071,19.7581,0.3577,0.3933
2020-03-19,20.9115,19.7674,0.3565,0.3957
2020-03-20,20.9101,19.7575,0.3516,0.3788
2020-03-21,20.9198,19.7704,0.3609,0.3836
2020-03-22,20.9282,19.7854,0.3693,0.3933
2020-03-23,20.9358,19.8062,0.3776,0.4097
2020-03-24,20.9368,19.8267,0.3821,0.4276
2020-03-25,20.9376,19.8231,0.3843,0.4168
2020-03-26,20.9318,19.8276,0.3785,0.4132
2020-03-27,20.9231,19.8515,0.3697,0.4288
2020-03-28,20.9196,19.8823,0.3654,0.4538
2020-03-29,20.929,19.9169,0.3758,0.4764
2020-03-30,20.9402,19.9427,0.388,0.4894
2020-03-31,20.9452,19.9699,0.3951,0.5081
2020-04-01,20.9356,19.977,0.3869,0.5047
2020-04-02,20.9143,19.9632,0.3691,0.4729
2020-04-03,20.9105,19.9848,0.3679,0.4781
2020-04-04,20.91,19.9987,0.37,0.4775
2020-04-05,20.913,20.0258,0.3755,0.4851
2020-04-06,20.9165,20.0705,0.3818,0.5169
2020-04-07,20.9164,20.1125,0.3846,0.5457
2020-04-08,20.9204,20.1465,0.3917,0.5632
2020-04-09,20.9208,20.1826,0.3934,0.5794
2020-04-10,20.9163,20.2195,0.3909,0.5966
2020-04-11,20.9116,20.2432,0.392,0.6064
2020-04-12,20.9105,20.2397,0.3963,0.5915
2020-04-13,20.8961,20.2277,0.3857,0.565
2020-04-14,20.8765,20.2174,0.3687,0.5332
2020-04-15,20.8642,20.2396,0.3601,0.5295
2020-04-16,20.8621,20.2666,0.3595,0.5315
2020-04-17,20.8699,20.2863,0.3692,0.5306
2020-04-18,20.8626,20.2779,0.3646,0.4998
2020-04-19,20.8575,20.2608,0.3631,0.4607
2020-04-20,20.852,20.2458,0.3582,0.4142
2020-04-21,20.8485,20.273,0.3568,0.4117
2020-04-22,20.8519,20.3088,0.36,0.4166
2020-04-23,20.8604,20.3482,0.3703,0.4237
2020-04-24,20.8584,20.38,0.3694,0.4264
2020-04-25,20.8502,20.4215,0.3624,0.4409
2020-04-26,20.851,20.4638,0.3669,0.4595
2020-04-27,20.8469,20.4958,0.3663,0.4677
2020-04-28,20.8285,20.4762,0.3516,0.4218
2020-04-29,20.8168,20.4554,0.3443,0.38
2020-04-30,20.8112,20.4431,0.343,0.3469
2020-05-01,20.8103,20.4693,0.3473,0.3419
2020-05-02,20.8102,20.5261,0.3511,0.3637
2020-05-03,20.81,20.5756,0.3518,0.3735
2020-05-04,20.81,20.627,0.3549,0.3908
2020-05-05,20.8122,20.688,0.3621,0.4219
2020-05-06,20.8085,20.746,0.3638,0.4521
2020-05-07,20.8061,20.7808,0.3672,0.4601
2020-05-08,20.8072,20.7917,0.3725,0.4392
2020-05-09,20.8107,20.7724,0.3793,0.3883
2020-05-10,20.8167,20.7705,0.3877,0.3588
2020-05-11,20.811,20.763,0.3849,0.3187
2020-05-12,20.8038,20.7466,0.3813,0.2733
2020-05-13,20.793,20.7553,0.3722,0.2437
2020-05-14,20.7772,20.7888,0.3589,0.2489
2020-05-15,20.7686,20.8485,0.352,0.2821
2020-05-16,20.7644,20.8886,0.3516,0.2903
2020-05-17,20.76,20.9127,0.3497,0.28
2020-05-18,20.7535,20.9326,0.3458,0.2634
2020-05-19,20.7398,20.9833,0.3352,0.2731
2020-05-20,20.7224,21.052,0.3199,0.3006
2020-05-21,20.6951,21.0831,0.2952,0.2905
2020-05-22,20.6649,21.0993,0.2667,0.2697
2020-05-23,20.6462,21.1136,0.2501,0.2433
2020-05-24,20.6353,21.1865,0.2432,0.2799
2020-05-25,20.6323,21.2522,0.2449,0.3033
2020-05-26,20.6436,21.3196,0.2606,0.329
2020-05-27,20.6538,21.3538,0.275,0.3216
2020-05-28,20.659,21.3842,0.2829,0.3048
2020-05-29,20.6573,21.4108,0.2851,0.281
2020-05-30,20.6602,21.4614,0.293,0.2889
2020-05-31,20.6594,21.5394,0.2971,0.3257
2020-06-01,20.6621,21.6349,0.303,0.3753
2020-06-02,20.6653,21.6982,0.309,0.4
2020-06-03,20.6589,21.737,0.3052,0.3998
2020-06-04,20.648,21.7514,0.2981,0.3735
2020-06-05,20.6383,21.7721,0.2947,0.3536
2020-06-06,20.6394,21.8279,0.3033,0.3676
2020-06-07,20.6326,21.8607,0.3014,0.3557
2020-06-08,20.6357,21.9259,0.3072,0.3769
2020-06-09,20.6422,21.986,0.3153,0.3879
2020-06-10,20.6381,21.9933,0.3151,0.3497
2020-06-11,20.6279,22.0344,0.3076,0.3433
2020-06-12,20.6101,22.0745,0.292,0.3397
2020-06-13,20.5988,22.12,0.2817,0.3397
2020-06-14,20.5965,22.1813,0.2801,0.3515
2020-06-15,20.6021,22.2502,0.2847,0.3692
2020-06-16,20.6153,22.3181,0.2928,0.381
2020-06-17,20.628,22.3669,0.3041,0.3796
2020-06-18,20.6288,22.4082,0.3061,0.3693
2020-06-19,20.6309,22.4511,0.3098,0.3603
2020-06-20,20.636,22.4694,0.3159,0.3365
2020-06-21,20.64,22.4951,0.3191,0.3187
2020-06-22,20.6364,22.5189,0.3134,0.2935
2020-06-23,20.643,22.5788,0.3179,0.305
2020-06-24,20.6435,22.6322,0.3172,0.304
2020-06-25,20.6434,22.7154,0.3171,0.3346
2020-06-26,20.6462,22.7623,0.3199,0.3317
2020-06-27,20.6485,22.7875,0.3219,0.3112
2020-06-28,20.6417,22.7965,0.314,0.2799
2020-06-29,20.638,22.8258,0.3101,0.2691
2020-06-30,20.6345,22.8878,0.3058,0.2887
2020-07-01,20.6306,22.9468,0.3,0.3092
2020-07-02,20.631,23.0003,0.3016,0.3243
2020-07-03,20.6214,23.017,0.2924,0.3028
2020-07-04,20.6171,23.0475,0.2861,0.2904
2020-07-05,20.6285,23.0952,0.2957,0.29
2020-07-06,20.6612,23.1827,0.3278,0.3317
2020-07-07,20.6851,23.2283,0.3527,0.3351
2020-07-08,20.6902,23.2554,0.3599,0.3182
2020-07-09,20.6855,23.2803,0.3562,0.2972
2020-07-10,20.6751,23.3177,0.3443,0.2917
2020-07-11,20.6666,23.3529,0.3328,0.2918
2020-07-12,20.6664,23.4258,0.3303,0.3306
2020-07-13,20.6665,23.5077,0.3275,0.3859
2020-07-14,20.6688,23.5707,0.3278,0.4172
2020-07-15,20.6781,23.6282,0.335,0.4402
2020-07-16,20.6988,23.7128,0.3526,0.4856
2020-07-17,20.716,23.7824,0.3682,0.519
2020-07-18,20.73,23.8439,0.3822,0.5442
2020-07-19,20.7367,23.9067,0.3889,0.5708
2020-07-20,20.7471,23.9657,0.3998,0.6005
2020-07-21,20.753,24.013,0.4042,0.6148
2020-07-22,20.7559,24.0358,0.4039,0.599
2020-07-23,20.761,24.0717,0.4071,0.5979
2020-07-24,20.76,24.0862,0.404,0.5767
2020-07-25,20.7572,24.119,0.3983,0.5769
2020-07-26,20.7553,24.1247,0.3919,0.5545
2020-07-27,20.7503,24.1439,0.3803,0.5352
2020-07-28,20.7434,24.1622,0.3656,0.5093
2020-07-29,20.7393,24.1732,0.3563,0.4845
2020-07-30,20.7387,24.1934,0.3513,0.4608
2020-07-31,20.7471,24.2552,0.3567,0.4855
2020-08-01,20.7567,24.2979,0.3671,0.5027
2020-08-02,20.7578,24.3072,0.3681,0.4886
2020-08-03,20.7603,24.3251,0.3713,0.4788
2020-08-04,20.7622,24.3624,0.372,0.4899
2020-08-05,20.7611,24.403,0.3688,0.5027
2020-08-06,20.7625,24.4566,0.3696,0.5244
2020-08-07,20.7587,24.51,0.363,0.5536
2020-08-08,20.7486,24.541,0.3512,0.5643
2020-08-09,20.7463,24.5785,0.3495,0.5888
2020-08-10,20.7478,24.6093,0.3491,0.5963
2020-08-11,20.7534,24.638,0.3518,0.5931
2020-08-12,20.7663,24.6574,0.3621,0.5818
2020-08-13,20.7775,24.6806,0.3716,0.5822
2020-08-14,20.7812,24.6736,0.3732,0.5533
2020-08-15,20.7815,24.6723,0.3725,0.5365
2020-08-16,20.7901,24.6541,0.3802,0.508
2020-08-17,20.7906,24.6357,0.3817,0.4862
2020-08-18,20.7943,24.6321,0.3878,0.4888
2020-08-19,20.7974,24.6418,0.3907,0.4937
2020-08-20,20.7998,24.638,0.3919,0.4761
2020-08-21,20.8031,24.6341,0.3933,0.4541
2020-08-22,20.8102,24.659,0.4006,0.4716
2020-08-23,20.8105,24.685,0.4011,0.4892
2020-08-24,20.8003,24.6941,0.391,0.4918
2020-08-25,20.7993,24.7029,0.3898,0.4952
2020-08-26,20.794,24.7094,0.3844,0.4948
2020-08-27,20.7851,24.6724,0.3739,0.4468
2020-08-28,20.7804,24.6611,0.3697,0.4336
2020-08-29,20.7625,24.6529,0.3513,0.4245
2020-08-30,20.7465,24.632,0.3358,0.4094
2020-08-31,20.7166,24.6172,0.3078,0.4022
2020-09-01,20.7002,24.6454,0.2913,0.4364
2020-09-02,20.6933,24.6327,0.2851,0.4248
2020-09-03,20.6988,24.6394,0.2926,0.4362
2020-09-04,20.7081,24.6592,0.3032,0.4578
2020-09-05,20.7108,24.6794,0.3088,0.4844
2020-09-06,20.7042,24.6753,0.3071,0.498
2020-09-07,20.6994,24.6642,0.31,0.5033
2020-09-08,20.7009,24.6617,0.3173,0.5187
2020-09-09,20.7038,24.6536,0.3253,0.5282
2020-09-10,20.7113,24.6382,0.3388,0.5279
2020-09-11,20.707,24.6195,0.3416,0.5294
2020-09-12,20.7001,24.6099,0.3398,0.5359
2020-09-13,20.7021,24.5603,0.3471,0.4977
2020-09-14,20.6946,24.5397,0.3473,0.4925
2020-09-15,20.6931,24.5169,0.3523,0.4835
2020-09-16,20.6809,24.4559,0.3463,0.4399
2020-09-17,20.6678,24.3982,0.3391,0.401
2020-09-18,20.6683,24.374,0.344,0.3994
2020-09-19,20.6758,24.3526,0.3545,0.3935
2020-09-20,20.6812,24.3284,0.3597,0.3827
2020-09-21,20.6784,24.3127,0.3586,0.3865
2020-09-22,20.6594,24.2761,0.3422,0.3688
2020-09-23,20.6358,24.2036,0.3205,0.3125
2020-09-24,20.6228,24.1628,0.3104,0.2924
2020-09-25,20.6177,24.1641,0.3082,0.3103
2020-09-26,20.6061,24.1425,0.3002,0.305
2020-09-27,20.5993,24.1386,0.2986,0.3179
2020-09-28,20.5983,24.1281,0.305,0.3264
2020-09-29,20.5931,24.1243,0.3063,0.3447
2020-09-30,20.5857,24.0964,0.3035,0.3439
2020-10-01,20.576,24.0457,0.2976,0.3237
2020-10-02,20.565,23.9852,0.2915,0.2957
2020-10-03,20.5568,23.9144,0.289,0.2572
2020-10-04,20.5491,23.8756,0.2859,0.2481
2020-10-05,20.541,23.8618,0.2832,0.2639
2020-10-06,20.5327,23.854,0.2793,0.2863
2020-10-07,20.5259,23.8667,0.2752,0.3241
2020-10-08,20.5137,23.8788,0.2683,0.3708
2020-10-09,20.5063,23.8656,0.2653,0.3947
2020-10-10,20.5054,23.8183,0.2697,0.3823
2020-10-11,20.5065,23.7712,0.2779,0.3666
2020-10-12,20.505,23.7309,0.2822,0.3567
2020-10-13,20.5072,23.7157,0.2894,0.3752
2020-10-14,20.507,23.7038,0.2937,0.3958
2020-10-15,20.5008,23.6967,0.2892,0.4215
2020-10-16,20.507,23.7071,0.296,0.4606
2020-10-17,20.514,23.7189,0.3046,0.5002
2020-10-18,20.521,23.7292,0.3148,0.5362
2020-10-19,20.524,23.7006,0.3181,0.5373
2020-10-20,20.5265,23.642,0.3231,0.5117
2020-10-21,20.5302,23.5788,0.3295,0.4852
2020-10-22,20.5308,23.5207,0.3329,0.4645
2020-10-23,20.5268,23.4585,0.3305,0.4395
2020-10-24,20.5189,23.3825,0.3235,0.4006
2020-10-25,20.5107,23.3052,0.3167,0.3612
2020-10-26,20.5038,23.252,0.3129,0.3486
2020-10-27,20.502,23.1993,0.3149,0.3359
2020-10-28,20.4982,23.1598,0.3157,0.3415
2020-10-29,20.4823,23.0891,0.3047,0.3162
2020-10-30,20.4749,23.0412,0.3023,0.3127
2020-10-31,20.4643,23.0108,0.2966,0.3232
2020-11-01,20.4537,22.9758,0.2931,0.3302
2020-11-02,20.4482,22.9324,0.2924,0.3322
2020-11-03,20.4383,22.8737,0.2868,0.321
2020-11-04,20.4318,22.8175,0.284,0.312
2020-11-05,20.429,22.7772,0.2833,0.3102
2020-11-06,20.4295,22.7433,0.2837,0.3128
2020-11-07,20.4324,22.7231,0.2865,0.331
2020-11-08,20.428,22.6785,0.2815,0.3228
2020-11-09,20.4212,22.6202,0.2733,0.3021
2020-11-10,20.4181,22.5796,0.2691,0.3003
2020-11-11,20.4182,22.5573,0.2699,0.3218
2020-11-12,20.4274,22.5392,0.2786,0.3516
2020-11-13,20.4351,22.5,0.2868,0.3605
2020-11-14,20.4415,22.4657,0.2928,0.3687
2020-11-15,20.4335,22.436,0.2868,0.3755
2020-11-16,20.4263,22.4151,0.2794,0.3844
2020-11-17,20.4148,22.3802,0.2676,0.386
2020-11-18,20.4002,22.3225,0.2542,0.3718
2020-11-19,20.3899,22.2386,0.2432,0.3312
2020-11-20,20.3906,22.1881,0.2434,0.3243
2020-11-21,20.3893,22.1346,0.2392,0.3082
2020-11-22,20.3913,22.0828,0.2387,0.2945
2020-11-23,20.3972,22.0516,0.242,0.3058
2020-11-24,20.398,22.008,0.2411,0.3002
2020-11-25,20.3917,21.9406,0.2329,0.2738
2020-11-26,20.3807,21.8866,0.2222,0.2679
2020-11-27,20.3675,21.8618,0.2097,0.283
2020-11-28,20.3548,21.8377,0.1982,0.2975
2020-11-29,20.3447,21.7909,0.1907,0.2965
2020-11-30,20.346,21.7636,0.1926,0.3096
2020-12-01,20.3564,21.76,0.1998,0.341
2020-12-02,20.3698,21.7417,0.2099,0.3585
2020-12-03,20.3896,21.7289,0.2269,0.3829
2020-12-04,20.3984,21.6991,0.2342,0.3949
2020-12-05,20.3999,21.6551,0.2317,0.3912
2020-12-06,20.3997,21.6256,0.2281,0.3982
2020-12-07,20.4033,21.6039,0.2297,0.4163
2020-12-08,20.4099,21.5762,0.2362,0.427
2020-12-09,20.4043,21.5258,0.2294,0.4127
2020-12-10,20.3948,21.4632,0.2198,0.3902
2020-12-11,20.3864,21.4362,0.2122,0.4059
2020-12-12,20.3822,21.4057,0.2062,0.4198
2020-12-13,20.3789,21.3658,0.1983,0.4169
2020-12-14,20.3759,21.3259,0.1914,0.4093
2020-12-15,20.3683,21.2858,0.1802,0.4052
2020-12-16,20.3621,21.2279,0.17,0.3904
2020-12-17,20.3611,21.1878,0.1647,0.3908
2020-12-18,20.3728,21.147,0.1728,0.3856
2020-12-19,20.3717,21.0865,0.1691,0.3574
2020-12-20,20.3809,21.0262,0.1764,0.331
2020-12-21,20.3954,20.9834,0.1886,0.3191
2020-12-22,20.4063,20.9356,0.1965,0.2953
2020-12-23,20.4169,20.8892,0.2001,0.2707
2020-12-24,20.4295,20.8514,0.2034,0.2637
2020-12-25,20.4431,20.8322,0.2082,0.2773
2020-12-26,20.4556,20.8218,0.2164,0.3008
2020-12-27,20.4602,20.8013,0.2176,0.3157
2020-12-28,20.4666,20.7819,0.2212,0.3317
2020-12-29,20.4696,20.7544,0.2199,0.3345
2020-12-30,20.4714,20.7258,0.2193,0.3378
2020-12-31,20.4691,20.6936,0.2125,0.3371
2021-01-01,20.4713,20.656,0.222,0.3542
2021-01-02,20.4638,20.6267,0.2114,0.3552
2021-01-03,20.4555,20.6076,0.1986,0.3638
2021-01-04,20.4495,20.5924,0.1874,0.3841
2021-01-05,20.4514,20.5793,0.1857,0.4045
2021-01-06,20.4586,20.5671,0.1899,0.421
2021-01-07,20.4733,20.5538,0.2004,0.4348
2021-01-08,20.4876,20.5178,0.2094,0.4286
2021-01-09,20.4935,20.4708,0.2109,0.4103
2021-01-10,20.499,20.4242,0.2112,0.3911
2021-01-11,20.4978,20.3843,0.2036,0.377
2021-01-12,20.4985,20.3614,0.1984,0.3768
2021-01-13,20.5064,20.353,0.199,0.3956
2021-01-14,20.5155,20.3433,0.2022,0.4125
2021-01-15,20.5195,20.3261,0.2025,0.418
2021-01-16,20.5192,20.2952,0.1975,0.4104
2021-01-17,20.5183,20.2842,0.1919,0.4231
2021-01-18,20.5224,20.2696,0.1912,0.4276
2021-01-19,20.5317,20.2505,0.1949,0.4281
2021-01-20,20.5374,20.207,0.1964,0.405
2021-01-21,20.5477,20.1723,0.2031,0.3872
2021-01-22,20.5557,20.1601,0.2063,0.3883
2021-01-23,20.5647,20.1514,0.2103,0.4049
2021-01-24,20.5732,20.1285,0.213,0.4056
2021-01-25,20.5763,20.0986,0.2085,0.3973
2021-01-26,20.5783,20.0798,0.2059,0.4008
2021-01-27,20.5768,20.0532,0.2015,0.3975
2021-01-28,20.5733,20.0317,0.1934,0.3935
2021-01-29,20.5699,20.009,0.1831,0.3872
2021-01-30,20.5643,19.9825,0.1713,0.3737
2021-01-31,20.5645,19.9512,0.1675,0.3542
2021-02-01,20.5728,19.9191,0.1731,0.3377
2021-02-02,20.5794,19.9063,0.1766,0.3411
2021-02-03,20.588,19.8868,0.1788,0.3362
2021-02-04,20.6001,19.8805,0.1838,0.3473
2021-02-05,20.6099,19.8704,0.187,0.3542
2021-02-06,20.6187,19.863,0.1913,0.3645
2021-02-07,20.6217,19.8575,0.1885,0.3736
2021-02-08,20.6226,19.8427,0.1832,0.3698
2021-02-09,20.6288,19.8306,0.1829,0.3664
2021-02-10,20.6366,19.8237,0.1851,0.3668
2021-02-11,20.6516,19.8208,0.1941,0.3669
2021-02-12,20.6642,19.8137,0.2012,0.3723
2021-02-13,20.6836,19.808,0.2183,0.3861
2021-02-14,20.7034,19.8177,0.2344,0.4143
2021-02-15,20.7185,19.8159,0.2438,0.4312
2021-02-16,20.7344,19.8168,0.2558,0.443
2021-02-17,20.747,19.8089,0.2652,0.4396
2021-02-18,20.7584,19.7955,0.2732,0.4331
2021-02-19,20.7588,19.7711,0.2702,0.412
2021-02-20,20.7492,19.7492,0.2565,0.3974
2021-02-21,20.7417,19.7405,0.2451,0.3976
2021-02-22,20.7352,19.7183,0.2341,0.3841
2021-02-23,20.7209,19.6779,0.2147,0.3503
2021-02-24,20.7144,19.6687,0.2045,0.3459
2021-02-25,20.7126,19.6502,0.1992,0.3253
2021-02-26,20.7145,19.6304,0.2,0.3093
2021-02-27,20.7225,19.6136,0.2064,0.2936
2021-02-28,20.7246,19.6195,0.2104,0.2901
2021-03-01,20.7334,19.6403,0.2161,0.3215
2021-03-02,20.7449,19.6503,0.2279,0.3297
2021-03-03,20.7545,19.6443,0.2356,0.3258
2021-03-04,20.762,19.6463,0.2421,0.3326
2021-03-05,20.7668,19.656,0.2479,0.3482
2021-03-06,20.7707,19.6576,0.252,0.3577
2021-03-07,20.776,19.64,0.2576,0.3501
2021-03-08,20.7743,19.624,0.2557,0.3352
2021-03-09,20.7813,19.6136,0.2605,0.3191
2021-03-10,20.7908,19.5998,0.2677,0.3006
2021-03-11,20.7953,19.6022,0.2705,0.302
2021-03-12,20.8006,19.6236,0.2721,0.3199
2021-03-13,20.8051,19.6316,0.2745,0.3246
2021-03-14,20.8097,19.6566,0.2764,0.3415
2021-03-15,20.8185,19.6762,0.2822,0.3486
2021-03-16,20.8192,19.6659,0.2789,0.3208
2021-03-17,20.8142,19.6412,0.2709,0.2834
2021-03-18,20.805,19.6202,0.2556,0.2554
2021-03-19,20.7929,19.6058,0.2379,0.2341
2021-03-20,20.7767,19.6108,0.2182,0.2321
2021-03-21,20.7636,19.6287,0.2047,0.2419
2021-03-22,20.7607,19.6629,0.2018,0.2708
2021-03-23,20.7573,19.6766,0.1991,0.2801
2021-03-24,20.7549,19.6926,0.2002,0.2935
2021-03-25,20.7561,19.6922,0.2028,0.2859
2021-03-26,20.7525,19.6862,0.1992,0.2718
2021-03-27,20.7508,19.6601,0.1974,0.2374
2021-03-28,20.7547,19.633,0.2005,0.2045
2021-03-29,20.7559,19.6282,0.2027,0.1877
2021-03-30,20.7617,19.657,0.2095,0.2037
2021-03-31,20.7667,19.6942,0.2166,0.2324
2021-04-01,20.7673,19.7076,0.2186,0.2353
2021-04-02,20.7538,19.7021,0.2086,0.2118
2021-04-03,20.7314,19.6875,0.1888,0.1808
2021-04-04,20.7189,19.6843,0.1789,0.1631
2021-04-05,20.7139,19.7096,0.1764,0.1689
2021-04-06,20.7252,19.7479,0.1905,0.1943
2021-04-07,20.7376,19.8009,0.2058,0.2341
2021-04-08,20.7379,19.869,0.2092,0.2857
2021-04-09,20.74,19.9263,0.2126,0.3231
2021-04-10,20.7425,19.9634,0.2171,0.3405
2021-04-11,20.7425,19.9898,0.2229,0.353
2021-04-12,20.7406,19.9895,0.2264,0.3413
2021-04-13,20.7393,20.0156,0.2289,0.3529
2021-04-14,20.7443,20.0601,0.2365,0.3759
2021-04-15,20.7524,20.0876,0.2483,0.3775
2021-04-16,20.7685,20.122,0.2659,0.3869
2021-04-17,20.7771,20.1529,0.2764,0.3972
2021-04-18,20.7805,20.2567,0.2825,0.4786
2021-04-19,20.7771,20.3274,0.2827,0.5273
2021-04-20,20.7729,20.3654,0.2791,0.5338
2021-04-21,20.7684,20.3934,0.2767,0.5321
2021-04-22,20.7605,20.4011,0.2686,0.5088
2021-04-23,20.7512,20.3947,0.2611,0.4702
2021-04-24,20.7467,20.4049,0.2577,0.4513
2021-04-25,20.7486,20.4349,0.2608,0.4543
2021-04-26,20.7539,20.4576,0.2698,0.4533
2021-04-27,20.7588,20.4808,0.2782,0.4527
2021-04-28,20.7577,20.4985,0.2808,0.4441
2021-04-29,20.7564,20.5274,0.2839,0.452
2021-04-30,20.7543,20.543,0.2861,0.4468
2021-05-01,20.7573,20.6022,0.2943,0.4748
2021-05-02,20.7588,20.6596,0.2997,0.4972
2021-05-03,20.7507,20.6836,0.2925,0.4815
2021-05-04,20.7376,20.7061,0.2825,0.4699
2021-05-05,20.728,20.7649,0.2779,0.4988
2021-05-06,20.7242,20.8184,0.2795,0.5245
2021-05-07,20.7191,20.8439,0.2802,0.5232
2021-05-08,20.7157,20.8527,0.281,0.5002
2021-05-09,20.7122,20.8392,0.2808,0.4551
2021-05-10,20.7112,20.8427,0.2822,0.431
2021-05-11,20.7061,20.8697,0.28,0.4254
2021-05-12,20.7046,20.9207,0.2821,0.4474
2021-05-13,20.7106,20.9503,0.2898,0.4387
2021-05-14,20.7131,20.9548,0.2948,0.4149
2021-05-15,20.7144,20.9753,0.2978,0.4089
2021-05-16,20.7213,21.024,0.3085,0.4257
2021-05-17,20.7296,21.0818,0.3193,0.4491
2021-05-18,20.7287,21.1204,0.321,0.4512
2021-05-19,20.7239,21.1624,0.3193,0.4522
2021-05-20,20.7119,21.1874,0.3094,0.436
2021-05-21,20.6958,21.1835,0.2959,0.3909
2021-05-22,20.6816,21.1607,0.2834,0.3311
2021-05-23,20.6704,21.1415,0.2743,0.2712
2021-05-24,20.6647,21.1429,0.2726,0.2363
2021-05-25,20.6569,21.1492,0.2695,0.2003
2021-05-26,20.6494,21.1937,0.2664,0.2031
2021-05-27,20.6391,21.2642,0.2603,0.232
2021-05-28,20.6379,21.3416,0.2618,0.2622
2021-05-29,20.6351,21.4159,0.2629,0.2861
2021-05-30,20.6271,21.4756,0.2599,0.3031
2021-05-31,20.6161,21.5217,0.2538,0.308
2021-06-01,20.6055,21.5618,0.2464,0.3022
2021-06-02,20.5969,21.5891,0.2406,0.2909
2021-06-03,20.5992,21.6235,0.2455,0.2863
2021-06-04,20.6084,21.6568,0.2585,0.2789
2021-06-05,20.6104,21.6782,0.2668,0.2597
2021-06-06,20.6088,21.7315,0.2727,0.2712
2021-06-07,20.6228,21.8072,0.2916,0.3022
2021-06-08,20.6397,21.8743,0.3112,0.3253
2021-06-09,20.6531,21.9291,0.3262,0.331
2021-06-10,20.6557,21.9827,0.3327,0.3391
2021-06-11,20.6501,22.0212,0.3298,0.3301
2021-06-12,20.6502,22.0707,0.3321,0.3359
2021-06-13,20.6443,22.1092,0.3272,0.3289
2021-06-14,20.6323,22.1423,0.3159,0.3125
2021-06-15,20.6249,22.175,0.3075,0.294
2021-06-16,20.6216,22.2076,0.2991,0.2705
2021-06-17,20.6242,22.2453,0.3003,0.258
2021-06-18,20.6232,22.3045,0.3005,0.2656
2021-06-19,20.6197,22.3625,0.2986,0.2717
2021-06-20,20.618,22.3931,0.2979,0.2602
2021-06-21,20.6128,22.4426,0.2919,0.2662
2021-06-22,20.613,22.5145,0.29,0.2891
2021-06-23,20.6223,22.5807,0.2972,0.3069
2021-06-24,20.6271,22.6221,0.3008,0.2939
2021-06-25,20.6297,22.6815,0.3034,0.3007
2021-06-26,20.6349,22.7551,0.3086,0.3245
2021-06-27,20.6391,22.7943,0.3125,0.318
2021-06-28,20.6419,22.8267,0.3142,0.3101
2021-06-29,20.6445,22.8509,0.3166,0.2942
2021-06-30,20.6429,22.8877,0.3142,0.2886
2021-07-01,20.6388,22.9286,0.3082,0.291
2021-07-02,20.6319,22.9638,0.3025,0.2878
2021-07-03,20.6338,23.0087,0.3048,0.2945
2021-07-04,20.6352,23.0456,0.3042,0.2885
2021-07-05,20.6306,23.0542,0.2978,0.249
2021-07-06,20.6259,23.0829,0.2925,0.2319
2021-07-07,20.6295,23.1105,0.2971,0.2173
2021-07-08,20.6381,23.1531,0.3078,0.2158
2021-07-09,20.6433,23.1704,0.314,0.1873
2021-07-10,20.6458,23.2086,0.315,0.1826
2021-07-11,20.6534,23.2785,0.3196,0.2174
2021-07-12,20.6627,23.3258,0.3266,0.2306
2021-07-13,20.6656,23.3596,0.3266,0.2378
2021-07-14,20.6712,23.4282,0.3302,0.2747
2021-07-15,20.6826,23.5182,0.3395,0.3302
2021-07-16,20.7004,23.5953,0.3542,0.3681
2021-07-17,20.715,23.6683,0.3671,0.4049
2021-07-18,20.7214,23.7315,0.3736,0.4318
2021-07-19,20.7294,23.8198,0.3816,0.4839
2021-07-20,20.735,23.8593,0.3877,0.4941
2021-07-21,20.7391,23.8789,0.3903,0.4807
2021-07-22,20.7426,23.9219,0.3906,0.4852
2021-07-23,20.7389,23.9428,0.385,0.469
2021-07-24,20.7354,23.959,0.3794,0.4495
2021-07-25,20.733,23.9834,0.3741,0.4413
2021-07-26,20.7305,24.0079,0.3671,0.4377
2021-07-27,20.7375,24.0429,0.3675,0.4342
2021-07-28,20.745,24.0975,0.3672,0.4446
2021-07-29,20.7464,24.1192,0.3634,0.4305
2021-07-30,20.7395,24.1241,0.3521,0.3915
2021-07-31,20.7293,24.1319,0.3389,0.3622
2021-08-01,20.718,24.1455,0.3284,0.3503
2021-08-02,20.7121,24.1668,0.3224,0.3482
2021-08-03,20.7039,24.1714,0.3149,0.3251
2021-08-04,20.7023,24.1951,0.3121,0.3226
2021-08-05,20.7066,24.2228,0.3143,0.3225
2021-08-06,20.7118,24.2614,0.3189,0.3292
2021-08-07,20.7142,24.2917,0.3185,0.3353
2021-08-08,20.7165,24.2965,0.3191,0.3198
2021-08-09,20.7135,24.2968,0.3167,0.3071
2021-08-10,20.7147,24.3075,0.316,0.2945
2021-08-11,20.7122,24.3199,0.3106,0.275
2021-08-12,20.7138,24.3567,0.3096,0.2811
2021-08-13,20.7204,24.4085,0.3145,0.3101
2021-08-14,20.7241,24.4648,0.3161,0.3445
2021-08-15,20.728,24.4936,0.319,0.3578
2021-08-16,20.73,24.5163,0.3201,0.3702
2021-08-17,20.7329,24.547,0.324,0.3975
2021-08-18,20.7386,24.56,0.3321,0.4167
2021-08-19,20.7445,24.5792,0.3378,0.4311
2021-08-20,20.7459,24.6123,0.338,0.4504
2021-08-21,20.7476,24.6192,0.3378,0.4392
2021-08-22,20.7414,24.5913,0.3318,0.4039
2021-08-23,20.7276,24.5535,0.3182,0.3577
2021-08-24,20.7136,24.5562,0.3043,0.3539
2021-08-25,20.7049,24.575,0.2954,0.3673
2021-08-26,20.7008,24.593,0.2912,0.3784
2021-08-27,20.7006,24.6309,0.2894,0.4053
2021-08-28,20.7015,24.646,0.2908,0.4185
2021-08-29,20.6977,24.6722,0.2865,0.4438
2021-08-30,20.6969,24.6989,0.2862,0.4763
2021-08-31,20.7058,24.7274,0.297,0.5124
2021-09-01,20.715,24.7635,0.3061,0.5545
2021-09-02,20.7197,24.7762,0.3115,0.5683
2021-09-03,20.7164,24.7508,0.3102,0.5477
2021-09-04,20.7162,24.7226,0.3113,0.5212
2021-09-05,20.714,24.7033,0.312,0.5083
2021-09-06,20.7139,24.7167,0.3168,0.5394
2021-09-07,20.7143,24.7517,0.3249,0.5908
2021-09-08,20.7154,24.7686,0.3318,0.6256
2021-09-09,20.7049,24.7731,0.3264,0.6477
2021-09-10,20.6986,24.7675,0.3261,0.6572
2021-09-11,20.6934,24.7643,0.328,0.6742
2021-09-12,20.6865,24.7542,0.3262,0.6802
2021-09-13,20.6784,24.7241,0.3234,0.6615
2021-09-14,20.6675,24.6915,0.3202,0.6443
2021-09-15,20.6709,24.6897,0.3301,0.6563
2021-09-16,20.6741,24.6801,0.3395,0.6641
2021-09-17,20.6732,24.6534,0.3445,0.6562
2021-09-18,20.671,24.6336,0.3467,0.659
2021-09-19,20.671,24.6118,0.3497,0.6527
2021-09-20,20.6726,24.5825,0.3511,0.6368
2021-09-21,20.6749,24.549,0.3551,0.6228
2021-09-22,20.6756,24.5039,0.3584,0.5966
2021-09-23,20.67,24.4833,0.3547,0.5922
2021-09-24,20.661,24.4625,0.3486,0.5921
2021-09-25,20.6605,24.4348,0.351,0.581
2021-09-26,20.6543,24.4157,0.3484,0.5782
2021-09-27,20.646,24.4023,0.3453,0.5816
2021-09-28,20.6396,24.3832,0.3463,0.5815
2021-09-29,20.636,24.3565,0.3492,0.5769
2021-09-30,20.6272,24.3359,0.345,0.5834
2021-10-01,20.6217,24.277,0.3433,0.555
2021-10-02,20.6166,24.2164,0.3431,0.5269
2021-10-03,20.6093,24.1632,0.3415,0.506
2021-10-04,20.6084,24.1417,0.3452,0.5142
2021-10-05,20.6083,24.1195,0.3505,0.5216
2021-10-06,20.6064,24.0879,0.353,0.5202
2021-10-07,20.6038,24.0631,0.3531,0.5205
2021-10-08,20.5961,24.0416,0.3507,0.5336
2021-10-09,20.5867,24.008,0.3457,0.5371
2021-10-10,20.5762,23.9721,0.3405,0.5361
2021-10-11,20.5759,23.9454,0.3473,0.5408
2021-10-12,20.5678,23.917,0.345,0.5428
2021-10-13,20.5618,23.9032,0.344,0.5627
2021-10-14,20.5574,23.8917,0.3441,0.5837
2021-10-15,20.5489,23.8816,0.3373,0.6064
2021-10-16,20.5356,23.8635,0.3246,0.617
2021-10-17,20.5251,23.8405,0.3157,0.6218
2021-10-18,20.5182,23.8295,0.312,0.6365
2021-10-19,20.512,23.79,0.3061,0.6267
2021-10-20,20.5136,23.7392,0.3102,0.6089
2021-10-21,20.5098,23.6741,0.3091,0.5805
2021-10-22,20.5015,23.6192,0.3036,0.563
2021-10-23,20.497,23.5851,0.3007,0.5661
2021-10-24,20.4823,23.5514,0.2869,0.5695
2021-10-25,20.4722,23.517,0.2782,0.573
2021-10-26,20.4699,23.4849,0.279,0.5815
2021-10-27,20.4708,23.4455,0.2837,0.5821
2021-10-28,20.4753,23.4195,0.2928,0.6012
2021-10-29,20.4804,23.3954,0.3028,0.6225
2021-10-30,20.4834,23.3697,0.3108,0.6412
2021-10-31,20.4573,23.3244,0.2896,0.6368
2021-11-01,20.4567,23.2917,0.2961,0.6461
2021-11-02,20.4534,23.2556,0.2976,0.6554
2021-11-03,20.4558,23.2181,0.3043,0.6654
2021-11-04,20.4571,23.1685,0.3093,0.663
2021-11-05,20.46,23.1122,0.3143,0.6452
2021-11-06,20.4626,23.0531,0.3168,0.6226
2021-11-07,20.4642,22.9966,0.3183,0.6045
2021-11-08,20.4617,22.9578,0.3152,0.6021
2021-11-09,20.4616,22.9219,0.3137,0.6038
2021-11-10,20.4598,22.8835,0.3108,0.6043
2021-11-11,20.4594,22.838,0.3111,0.6025
2021-11-12,20.4607,22.7893,0.3119,0.6017
2021-11-13,20.4678,22.7456,0.3195,0.6061
2021-11-14,20.4739,22.7018,0.3252,0.6048
2021-11-15,20.4756,22.6611,0.3289,0.6006
2021-11-16,20.4735,22.6217,0.3266,0.591
2021-11-17,20.4715,22.582,0.3243,0.5878
2021-11-18,20.4727,22.5438,0.3267,0.5931
2021-11-19,20.4635,22.5076,0.3168,0.6002
2021-11-20,20.4557,22.4646,0.3085,0.6008
2021-11-21,20.4601,22.4361,0.31,0.6097
2021-11-22,20.4713,22.4106,0.3187,0.6223
2021-11-23,20.4809,22.3804,0.3257,0.6346
2021-11-24,20.4747,22.3401,0.3178,0.6323
2021-11-25,20.4704,22.3098,0.3116,0.643
2021-11-26,20.4658,22.2526,0.3073,0.6339
2021-11-27,20.4592,22.2013,0.3014,0.6225
2021-11-28,20.4492,22.1592,0.2926,0.619
2021-11-29,20.4386,22.109,0.2846,0.6146
2021-11-30,20.4249,22.0578,0.2715,0.6038
2021-12-01,20.4068,21.9964,0.2502,0.5774
2021-12-02,20.3933,21.9484,0.2334,0.5652
2021-12-03,20.3903,21.9071,0.2276,0.5611
2021-12-04,20.3875,21.8559,0.2233,0.5517
2021-12-05,20.3853,21.8062,0.2171,0.5423
2021-12-06,20.3853,21.7577,0.2137,0.5303
2021-12-07,20.3858,21.7092,0.2122,0.5216
2021-12-08,20.3889,21.6628,0.2152,0.5136
2021-12-09,20.3918,21.6196,0.2169,0.5065
2021-12-10,20.4007,21.5737,0.2257,0.5007
2021-12-11,20.4036,21.5322,0.2294,0.5019
2021-12-12,20.4001,21.4958,0.2241,0.5099
2021-12-13,20.3946,21.4672,0.214,0.5183
2021-12-14,20.3886,21.4318,0.2041,0.5152
2021-12-15,20.3865,21.4003,0.1984,0.5197
2021-12-16,20.3867,21.3672,0.1946,0.5297
2021-12-17,20.3924,21.3221,0.196,0.5251
2021-12-18,20.3993,21.2876,0.1993,0.5262
2021-12-19,20.4025,21.2453,0.1999,0.5162
2021-12-20,20.4102,21.205,0.2057,0.5098
2021-12-21,20.4253,21.1567,0.2185,0.4924
2021-12-22,20.4446,21.1174,0.2348,0.4771
2021-12-23,20.4575,21.0797,0.2407,0.4612
2021-12-24,20.4686,21.0394,0.2425,0.4517
2021-12-25,20.4835,21.003,0.2486,0.4481
2021-12-26,20.5063,20.9837,0.2671,0.4627
2021-12-27,20.5302,20.9658,0.2876,0.4802
2021-12-28,20.5468,20.9429,0.3014,0.4927
2021-12-29,20.5456,20.9261,0.2959,0.5062
2021-12-30,20.5431,20.9127,0.291,0.5247
2021-12-31,20.5402,20.8859,0.2836,0.5294
2022-01-01,20.5362,20.8548,0.2869,0.553
2022-01-02,20.5435,20.8245,0.2911,0.553
2022-01-03,20.5659,20.7979,0.309,0.5541
2022-01-04,20.5837,20.7519,0.3216,0.5436
2022-01-05,20.588,20.6987,0.3223,0.5239
2022-01-06,20.5923,20.6618,0.3236,0.5157
2022-01-07,20.6037,20.6362,0.3308,0.5172
2022-01-08,20.6172,20.6059,0.339,0.5167
2022-01-09,20.6274,20.579,0.3448,0.5185
2022-01-10,20.6332,20.5526,0.3454,0.5195
2022-01-11,20.6332,20.532,0.339,0.5247
2022-01-12,20.639,20.5057,0.3389,0.5211
2022-01-13,20.6512,20.4906,0.3438,0.5332
2022-01-14,20.665,20.4673,0.3517,0.5365
2022-01-15,20.6754,20.4453,0.3584,0.5372
2022-01-16,20.6801,20.4374,0.3584,0.5526
2022-01-17,20.6733,20.4112,0.3469,0.5501
2022-01-18,20.6553,20.3796,0.3241,0.5376
2022-01-19,20.6354,20.3457,0.2986,0.5233
2022-01-20,20.6386,20.3336,0.2976,0.5316
2022-01-21,20.6476,20.3236,0.303,0.5385
2022-01-22,20.6513,20.2902,0.3019,0.5184
2022-01-23,20.6527,20.2552,0.2983,0.5087
2022-01-24,20.6595,20.229,0.2993,0.5061
2022-01-25,20.6697,20.2128,0.3019,0.5115
2022-01-26,20.6794,20.2121,0.307,0.5331
2022-01-27,20.6826,20.1974,0.3073,0.5417
2022-01-28,20.6805,20.1787,0.3006,0.5405
2022-01-29,20.677,20.1613,0.2902,0.5395
2022-01-30,20.6696,20.1294,0.2766,0.5206
2022-01-31,20.6707,20.0936,0.2737,0.4966
2022-02-01,20.6795,20.0801,0.2798,0.4988
2022-02-02,20.6895,20.0857,0.2867,0.5205
2022-02-03,20.6936,20.0769,0.2844,0.5263
2022-02-04,20.6954,20.0598,0.2791,0.5266
2022-02-05,20.691,20.0441,0.2681,0.5279
2022-02-06,20.6871,20.0338,0.2597,0.5353
2022-02-07,20.693,20.0278,0.2598,0.5439
2022-02-08,20.7006,20.0451,0.2612,0.5722
2022-02-09,20.71,20.06,0.2641,0.5958
2022-02-10,20.7222,20.0688,0.2707,0.6119
2022-02-11,20.7302,20.0696,0.2727,0.6157
2022-02-12,20.7394,20.0594,0.2764,0.618
2022-02-13,20.7494,20.0507,0.2841,0.6288
2022-02-14,20.7539,20.0359,0.2849,0.6325
2022-02-15,20.756,20.013,0.2813,0.6283
2022-02-16,20.756,19.9787,0.2774,0.6049
2022-02-17,20.7623,19.9624,0.2805,0.5931
2022-02-18,20.7691,19.9534,0.2839,0.591
2022-02-19,20.7668,19.9456,0.2782,0.5865
2022-02-20,20.788,19.9212,0.2953,0.5694
2022-02-21,20.7884,19.9296,0.2918,0.5867
2022-02-22,20.7932,19.9363,0.2921,0.6021
2022-02-23,20.7954,19.9281,0.2892,0.6005
2022-02-24,20.7968,19.9158,0.2869,0.593
2022-02-25,20.7962,19.8936,0.2828,0.5687
2022-02-26,20.7883,19.8601,0.2738,0.539
2022-02-27,20.7776,19.8355,0.2615,0.5155
2022-02-28,20.77,19.8168,0.2558,0.4874
2022-03-01,20.7662,19.7906,0.2489,0.4718
2022-03-02,20.7625,19.7688,0.2455,0.4482
2022-03-03,20.7614,19.7481,0.2425,0.4296
2022-03-04,20.76,19.7358,0.2401,0.4221
2022-03-05,20.7623,19.7196,0.2434,0.4118
2022-03-06,20.7683,19.7076,0.2496,0.4077
2022-03-07,20.7773,19.6956,0.2589,0.4057
2022-03-08,20.7958,19.6966,0.2772,0.4078
2022-03-09,20.8119,19.6935,0.2911,0.399
2022-03-10,20.8219,19.6879,0.2988,0.3887
2022-03-11,20.8356,19.6804,0.3108,0.3802
2022-03-12,20.8373,19.6723,0.3088,0.3686
2022-03-13,20.8344,19.6652,0.3038,0.3582
2022-03-14,20.8317,19.6608,0.2984,0.3457
2022-03-15,20.833,19.6503,0.2967,0.3227
2022-03-16,20.8335,19.6456,0.2932,0.3005
2022-03-17,20.8329,19.6464,0.2896,0.2886
2022-03-18,20.8262,19.6407,0.2768,0.2759
2022-03-19,20.8149,19.6566,0.2599,0.285
2022-03-20,20.8144,19.6868,0.2559,0.3081
2022-03-21,20.8167,19.7006,0.2578,0.3138
2022-03-22,20.8201,19.699,0.2612,0.3069
2022-03-23,20.8232,19.7037,0.265,0.3072
2022-03-24,20.8184,19.7112,0.2637,0.3121
2022-03-25,20.8181,19.7235,0.2648,0.3172
2022-03-26,20.8206,19.7287,0.2673,0.3143
2022-03-27,20.824,19.718,0.2706,0.2953
2022-03-28,20.8249,19.7229,0.2707,0.2944
2022-03-29,20.8192,19.7234,0.266,0.2829
2022-03-30,20.8098,19.7143,0.2576,0.261
2022-03-31,20.8011,19.7178,0.251,0.256
2022-04-01,20.7922,19.7236,0.2435,0.2513
2022-04-02,20.7933,19.7412,0.2481,0.2509
2022-04-03,20.7975,19.7591,0.2549,0.2524
2022-04-04,20.7966,19.7757,0.2566,0.2545
2022-04-05,20.7936,19.792,0.2561,0.2513
2022-04-06,20.7947,19.8198,0.26,0.2662
2022-04-07,20.7898,19.8408,0.258,0.274
2022-04-08,20.7832,19.8642,0.2545,0.2809
2022-04-09,20.7741,19.8769,0.2467,0.2737
2022-04-10,20.7656,19.8698,0.2402,0.2469
2022-04-11,20.7607,19.8645,0.2411,0.2277
2022-04-12,20.7585,19.8772,0.2443,0.229
2022-04-13,20.7567,19.882,0.2463,0.2193
2022-04-14,20.7642,19.9031,0.2564,0.2189
2022-04-15,20.7716,19.9359,0.2675,0.2258
2022-04-16,20.7674,19.9775,0.2648,0.2424
2022-04-17,20.7626,20.0152,0.2619,0.2595
2022-04-18,20.7613,20.0422,0.2633,0.2641
2022-04-19,20.762,20.0721,0.2676,0.272
2022-04-20,20.7663,20.0999,0.2725,0.2683
2022-04-21,20.7603,20.1335,0.2686,0.2722
2022-04-22,20.7469,20.1666,0.255,0.2743
2022-04-23,20.7381,20.209,0.248,0.2845
2022-04-24,20.7366,20.2761,0.2476,0.3225
2022-04-25,20.733,20.334,0.2452,0.3534
2022-04-26,20.7291,20.355,0.245,0.3507
2022-04-27,20.7264,20.3624,0.2458,0.3343
2022-04-28,20.7291,20.3802,0.2522,0.3258
2022-04-29,20.7266,20.43,0.2541,0.3546
2022-04-30,20.7244,20.4752,0.2562,0.379
2022-05-01,20.7115,20.5176,0.2485,0.3902
2022-05-02,20.7026,20.5597,0.2435,0.3973
2022-05-03,20.6994,20.6063,0.2412,0.4042
2022-05-04,20.6982,20.6458,0.2431,0.4096
2022-05-05,20.6988,20.6839,0.2487,0.4178
2022-05-06,20.6995,20.7355,0.2548,0.4416
2022-05-07,20.6915,20.7591,0.2526,0.4384
2022-05-08,20.6801,20.7752,0.2454,0.4227
2022-05-09,20.6683,20.7991,0.2369,0.415
2022-05-10,20.6592,20.8166,0.2302,0.4049
2022-05-11,20.6495,20.8308,0.2234,0.3865
2022-05-12,20.6415,20.8699,0.219,0.3966
2022-05-13,20.6409,20.9116,0.2201,0.4
2022-05-14,20.6443,20.9448,0.226,0.4049
2022-05-15,20.6499,20.9709,0.2333,0.4045
2022-05-16,20.6536,20.9928,0.2408,0.3945
2022-05-17,20.6532,21.0138,0.2429,0.3811
2022-05-18,20.6528,21.058,0.2451,0.3888
2022-05-19,20.6555,21.1436,0.2509,0.4334
2022-05-20,20.6605,21.2325,0.258,0.4811
2022-05-21,20.6619,21.3133,0.262,0.5207
2022-05-22,20.6651,21.3754,0.2669,0.5458
2022-05-23,20.6653,21.4267,0.2692,0.5564
2022-05-24,20.664,21.4429,0.2719,0.5363
2022-05-25,20.6631,21.4424,0.2757,0.4935
2022-05-26,20.6644,21.4671,0.2814,0.4765
2022-05-27,20.6691,21.5039,0.2903,0.4717
2022-05-28,20.6736,21.5435,0.2975,0.4641
2022-05-29,20.6727,21.5834,0.3005,0.4536
2022-05-30,20.6659,21.6173,0.2987,0.4448
2022-05-31,20.6637,21.6412,0.3014,0.4275
2022-06-01,20.6678,21.6729,0.3087,0.4133
2022-06-02,20.666,21.6951,0.3097,0.3969
2022-06-03,20.6664,21.736,0.3127,0.3988
2022-06-04,20.6752,21.8051,0.3253,0.4272
2022-06-05,20.6864,21.8626,0.3428,0.4441
2022-06-06,20.6911,21.8974,0.355,0.4371
2022-06-07,20.6833,21.9231,0.3521,0.4181
2022-06-08,20.6745,21.9555,0.346,0.4065
2022-06-09,20.6688,21.9879,0.342,0.3898
2022-06-10,20.6665,22.0245,0.3435,0.3809
2022-06-11,20.662,22.0698,0.3417,0.3787
2022-06-12,20.6526,22.1163,0.3345,0.3815
2022-06-13,20.6468,22.1669,0.3297,0.3866
2022-06-14,20.6408,22.2171,0.3244,0.3873
2022-06-15,20.6387,22.2627,0.3213,0.3817
2022-06-16,20.6393,22.2794,0.3168,0.3423
2022-06-17,20.6373,22.2991,0.3134,0.3118
2022-06-18,20.6295,22.3206,0.3068,0.2817
2022-06-19,20.6228,22.3294,0.3017,0.2386
2022-06-20,20.617,22.346,0.2969,0.2131
2022-06-21,20.6083,22.3701,0.2874,0.1937
2022-06-22,20.6003,22.406,0.2773,0.1806
2022-06-23,20.5958,22.4455,0.2707,0.1717
2022-06-24,20.597,22.4724,0.2707,0.1442
2022-06-25,20.6048,22.5111,0.2785,0.1303
2022-06-26,20.6067,22.5511,0.2804,0.1205
2022-06-27,20.603,22.5797,0.2764,0.1034
2022-06-28,20.5993,22.6087,0.2716,0.0921
2022-06-29,20.5975,22.6519,0.2696,0.0952
2022-06-30,20.5971,22.6985,0.2684,0.0994
2022-07-01,20.605,22.7636,0.2744,0.126
2022-07-02,20.6131,22.8291,0.2837,0.1531
2022-07-03,20.6217,22.8776,0.2927,0.1634
2022-07-04,20.6233,22.9215,0.2923,0.1644
2022-07-05,20.6239,22.971,0.2911,0.1658
2022-07-06,20.6259,22.9951,0.2925,0.1441
2022-07-07,20.6227,23.0004,0.2903,0.1072
2022-07-08,20.6172,23.0285,0.2869,0.0913
2022-07-09,20.6171,23.0634,0.2878,0.0803
2022-07-10,20.618,23.0911,0.2872,0.0651
2022-07-11,20.6203,23.1304,0.2865,0.0693
2022-07-12,20.6248,23.1796,0.2887,0.0844
2022-07-13,20.6243,23.2247,0.2853,0.1029
2022-07-14,20.6186,23.2747,0.2776,0.1212
2022-07-15,20.6138,23.3386,0.2707,0.1506
2022-07-16,20.6152,23.3963,0.269,0.1691
2022-07-17,20.6167,23.4563,0.2689,0.1929
2022-07-18,20.6216,23.4985,0.2738,0.1988
2022-07-19,20.6182,23.5328,0.2704,0.1969
2022-07-20,20.615,23.5513,0.2677,0.1861
2022-07-21,20.6151,23.5915,0.2663,0.1933
2022-07-22,20.6243,23.6432,0.2723,0.2065
2022-07-23,20.6406,23.7148,0.2867,0.241
2022-07-24,20.6601,23.8058,0.3041,0.2963
2022-07-25,20.6741,23.8848,0.3152,0.3427
2022-07-26,20.6816,23.9462,0.3182,0.376
2022-07-27,20.6857,23.9839,0.3157,0.3752
2022-07-28,20.6876,24.0244,0.3098,0.3715
2022-07-29,20.691,24.0463,0.308,0.3576
2022-07-30,20.692,24.0736,0.3046,0.341
2022-07-31,20.6875,24.114,0.2971,0.3443
2022-08-01,20.6857,24.1564,0.2961,0.3612
2022-08-02,20.6878,24.2112,0.2981,0.3926
2022-08-03,20.6916,24.262,0.3026,0.4157
2022-08-04,20.6978,24.3095,0.3076,0.437
2022-08-05,20.7063,24.3494,0.314,0.4491
2022-08-06,20.7118,24.3873,0.3189,0.4551
2022-08-07,20.7081,24.4122,0.3124,0.4558
2022-08-08,20.7074,24.4372,0.31,0.4605
2022-08-09,20.7041,24.4569,0.3073,0.4672
2022-08-10,20.7034,24.4745,0.3047,0.4614
2022-08-11,20.708,24.5053,0.3064,0.4604
2022-08-12,20.7187,24.5666,0.3145,0.491
2022-08-13,20.727,24.6182,0.3211,0.5198
2022-08-14,20.7342,24.6736,0.3262,0.5533
2022-08-15,20.7324,24.6988,0.3234,0.563
2022-08-16,20.7235,24.6916,0.3136,0.5455
2022-08-17,20.7189,24.667,0.31,0.5175
2022-08-18,20.7185,24.6601,0.312,0.5168
2022-08-19,20.7227,24.6744,0.316,0.5263
2022-08-20,20.7291,24.6896,0.3212,0.5277
2022-08-21,20.7313,24.6964,0.3215,0.5164
2022-08-22,20.7282,24.6955,0.3186,0.5081
2022-08-23,20.7326,24.716,0.3232,0.5202
2022-08-24,20.7358,24.7291,0.3265,0.5268
2022-08-25,20.7385,24.7379,0.329,0.5302
2022-08-26,20.7391,24.7454,0.3295,0.5308
2022-08-27,20.7402,24.7584,0.329,0.5328
2022-08-28,20.7399,24.7693,0.3292,0.5418
2022-08-29,20.742,24.7763,0.3308,0.5479
2022-08-30,20.7442,24.7997,0.3335,0.5771
2022-08-31,20.7453,24.8382,0.3365,0.6232
2022-09-01,20.7426,24.8655,0.3337,0.6565
2022-09-02,20.7337,24.8875,0.3255,0.6796
2022-09-03,20.7264,24.8924,0.3202,0.6892
2022-09-04,20.7207,24.8901,0.3158,0.6887
2022-09-05,20.7143,24.8755,0.3123,0.6805
2022-09-06,20.7042,24.8602,0.3071,0.6829
2022-09-07,20.6958,24.8453,0.3064,0.6844
2022-09-08,20.6954,24.8307,0.3118,0.6877
2022-09-09,20.7002,24.8282,0.3217,0.7028
2022-09-10,20.7066,24.8117,0.3341,0.7014
2022-09-11,20.7072,24.7913,0.3418,0.7012
2022-09-12,20.7075,24.7829,0.3472,0.7089
2022-09-13,20.7039,24.7712,0.3489,0.7086
2022-09-14,20.7001,24.7724,0.3528,0.7252
2022-09-15,20.6909,24.7916,0.3501,0.7582
2022-09-16,20.6822,24.7921,0.3476,0.7761
2022-09-17,20.6715,24.7744,0.3428,0.7772
2022-09-18,20.6612,24.7336,0.3369,0.759
2022-09-19,20.6507,24.6955,0.3294,0.7364
2022-09-20,20.6422,24.668,0.3207,0.7223
2022-09-21,20.6408,24.6457,0.321,0.7195
2022-09-22,20.633,24.6293,0.3158,0.722
2022-09-23,20.6236,24.6158,0.3083,0.7247
2022-09-24,20.6106,24.5678,0.2982,0.6974
2022-09-25,20.6015,24.532,0.292,0.6782
2022-09-26,20.5964,24.5103,0.2905,0.6728
2022-09-27,20.5931,24.4938,0.2924,0.6731
2022-09-28,20.5872,24.4671,0.2939,0.6654
2022-09-29,20.577,24.4334,0.2902,0.6538
2022-09-30,20.572,24.4004,0.2898,0.6479
2022-10-01,20.5651,24.373,0.2867,0.651
2022-10-02,20.5585,24.3525,0.285,0.663
2022-10-03,20.5525,24.3226,0.2847,0.6654
2022-10-04,20.5454,24.2903,0.2822,0.6628
2022-10-05,20.5364,24.251,0.2786,0.6531
2022-10-06,20.5249,24.2107,0.2715,0.643
2022-10-07,20.518,24.1648,0.2673,0.6222
2022-10-08,20.5208,24.117,0.2754,0.609
2022-10-09,20.5289,24.0951,0.2879,0.6242
2022-10-10,20.532,24.0771,0.2963,0.6411
2022-10-11,20.5263,24.0563,0.2977,0.6517
2022-10-12,20.5162,24.0172,0.2934,0.643
2022-10-13,20.5096,23.9792,0.2918,0.6387
2022-10-14,20.5135,23.934,0.3002,0.626
2022-10-15,20.5181,23.8864,0.3065,0.6112
2022-10-16,20.5221,23.8504,0.3111,0.6039
2022-10-17,20.5274,23.8227,0.318,0.604
2022-10-18,20.5281,23.7923,0.3219,0.5993
2022-10-19,20.5188,23.7528,0.3129,0.5895
2022-10-20,20.5095,23.7175,0.3061,0.5872
2022-10-21,20.5033,23.6891,0.3026,0.5955
2022-10-22,20.5016,23.6608,0.3037,0.6046
2022-10-23,20.5014,23.6363,0.3051,0.6173
2022-10-24,20.4982,23.6166,0.3028,0.6347
2022-10-25,20.4938,23.5865,0.2998,0.6425
2022-10-26,20.4872,23.5569,0.2963,0.6535
2022-10-27,20.481,23.513,0.2939,0.6496
2022-10-28,20.4807,23.4721,0.2982,0.6538
2022-10-29,20.4774,23.4196,0.2998,0.6467
2022-10-30,20.4655,23.3504,0.2929,0.6219
2022-10-31,20.4528,23.2894,0.2851,0.6018
2022-11-01,20.4483,23.2452,0.2877,0.5996
2022-11-02,20.4539,23.1989,0.2981,0.5987
2022-11-03,20.4638,23.1471,0.3123,0.5944
2022-11-04,20.4672,23.0839,0.3194,0.5784
2022-11-05,20.4729,23.0367,0.3272,0.5697
2022-11-06,20.4822,22.9933,0.3364,0.5628
2022-11-07,20.4877,22.9622,0.3418,0.5701
2022-11-08,20.4889,22.8918,0.3424,0.5361
2022-11-09,20.4823,22.8177,0.3344,0.4996
2022-11-10,20.4807,22.7931,0.3317,0.5138
2022-11-11,20.4724,22.7497,0.3241,0.5142
2022-11-12,20.4673,22.6999,0.3185,0.5123
2022-11-13,20.4572,22.6445,0.3089,0.505
2022-11-14,20.4456,22.5947,0.2969,0.4977
2022-11-15,20.4355,22.5409,0.2888,0.4804
2022-11-16,20.4358,22.4973,0.2889,0.4666
2022-11-17,20.4329,22.4465,0.2857,0.4523
2022-11-18,20.4271,22.4046,0.2811,0.4539
2022-11-19,20.4214,22.365,0.2747,0.4576
2022-11-20,20.4205,22.3109,0.2733,0.4471
2022-11-21,20.4192,22.2433,0.2691,0.4169
2022-11-22,20.4199,22.1776,0.2673,0.3893
2022-11-23,20.4228,22.1121,0.2676,0.3663
2022-11-24,20.4338,22.0676,0.2769,0.3598
2022-11-25,20.4467,22.0308,0.2879,0.364
2022-11-26,20.4596,21.9893,0.3011,0.3706
2022-11-27,20.4727,21.9398,0.3149,0.361
2022-11-28,20.4938,21.9061,0.3372,0.3659
2022-11-29,20.5053,21.8805,0.3513,0.3861
2022-11-30,20.5135,21.8602,0.3601,0.4062
2022-12-01,20.5177,21.8376,0.3611,0.4186
2022-12-02,20.52,21.801,0.3601,0.4178
2022-12-03,20.5131,21.7459,0.3504,0.3999
2022-12-04,20.5078,21.6993,0.3436,0.3951
2022-12-05,20.5072,21.6611,0.339,0.3972
2022-12-06,20.5075,21.629,0.3359,0.4016
2022-12-07,20.5058,21.5966,0.3322,0.409
2022-12-08,20.5094,21.5665,0.3357,0.4173
2022-12-09,20.5208,21.5403,0.3459,0.4272
2022-12-10,20.5371,21.5087,0.362,0.4357
2022-12-11,20.5311,21.4777,0.3569,0.4474
2022-12-12,20.5216,21.4487,0.3456,0.4628
2022-12-13,20.5193,21.4222,0.3387,0.4733
2022-12-14,20.5216,21.3938,0.3371,0.4772
2022-12-15,20.5266,21.3616,0.3385,0.481
2022-12-16,20.531,21.3205,0.3389,0.4829
2022-12-17,20.5343,21.2852,0.3379,0.4882
2022-12-18,20.5413,21.2505,0.3413,0.4891
2022-12-19,20.5457,21.2215,0.3431,0.4924
2022-12-20,20.5551,21.2009,0.3506,0.5057
2022-12-21,20.5615,21.1788,0.3547,0.5145
2022-12-22,20.5592,21.1458,0.3494,0.5055
2022-12-23,20.5571,21.1073,0.3403,0.4888
2022-12-24,20.5596,21.0685,0.3335,0.4808
2022-12-25,20.5629,21.0318,0.328,0.4769
2022-12-26,20.5587,20.9836,0.3195,0.4626
2022-12-27,20.5423,20.914,0.2997,0.4284
2022-12-28,20.531,20.862,0.2856,0.4118
2022-12-29,20.5316,20.8264,0.2819,0.4065
2022-12-30,20.54,20.8066,0.2879,0.4186
2022-12-31,20.5462,20.7922,0.2896,0.4357
2023-01-01,20.5528,20.7758,0.3035,0.474
2023-01-02,20.5546,20.7568,0.3022,0.4853
2023-01-03,20.547,20.73,0.2901,0.4862
2023-01-04,20.543,20.7069,0.2809,0.4986
2023-01-05,20.5342,20.6806,0.2685,0.5058
2023-01-06,20.5304,20.6677,0.2617,0.5216
2023-01-07,20.5348,20.645,0.2619,0.526
2023-01-08,20.5502,20.6036,0.272,0.5144
2023-01-09,20.5779,20.5651,0.2953,0.5046
2023-01-10,20.6,20.5377,0.3122,0.5046
2023-01-11,20.6206,20.51,0.3264,0.5027
2023-01-12,20.6428,20.4856,0.3427,0.501
2023-01-13,20.6481,20.4568,0.3407,0.4994
2023-01-14,20.6497,20.4329,0.3364,0.5021
2023-01-15,20.6517,20.3962,0.3347,0.4881
2023-01-16,20.6549,20.3707,0.3332,0.4859
2023-01-17,20.6654,20.3567,0.339,0.4956
2023-01-18,20.6785,20.3425,0.3473,0.5005
2023-01-19,20.6886,20.3136,0.3518,0.4912
2023-01-20,20.7013,20.2882,0.3603,0.4862
2023-01-21,20.7062,20.2572,0.3616,0.4721
2023-01-22,20.714,20.2266,0.3646,0.4548
2023-01-23,20.7179,20.1972,0.3635,0.4507
2023-01-24,20.7091,20.1758,0.3489,0.4529
2023-01-25,20.6994,20.1599,0.3316,0.4586
2023-01-26,20.6981,20.1514,0.3257,0.4724
2023-01-27,20.7023,20.1377,0.327,0.482
2023-01-28,20.7063,20.1098,0.3264,0.4716
2023-01-29,20.7177,20.0997,0.3309,0.4779
2023-01-30,20.7261,20.093,0.3331,0.4842
2023-01-31,20.7226,20.0851,0.3256,0.4881
2023-02-01,20.7192,20.0778,0.3195,0.4964
2023-02-02,20.7253,20.0702,0.3225,0.505
2023-02-03,20.7386,20.0605,0.3294,0.5099
2023-02-04,20.7539,20.0267,0.3376,0.4935
2023-02-05,20.7672,19.9845,0.3443,0.4683
2023-02-06,20.7776,19.9468,0.3502,0.4483
2023-02-07,20.7837,19.9166,0.3505,0.4327
2023-02-08,20.7829,19.8821,0.3435,0.4092
2023-02-09,20.785,19.8782,0.3391,0.414
2023-02-10,20.7839,19.8993,0.3324,0.4424
2023-02-11,20.7891,19.9135,0.3316,0.4596
2023-02-12,20.7978,19.9192,0.3348,0.4778
2023-02-13,20.7967,19.9024,0.3314,0.4805
2023-02-14,20.7888,19.8749,0.3198,0.4715
2023-02-15,20.7858,19.8406,0.3111,0.4559
2023-02-16,20.7902,19.8107,0.3116,0.4369
2023-02-17,20.7979,19.7985,0.3161,0.4292
2023-02-18,20.8147,19.7827,0.3295,0.4203
2023-02-19,20.8286,19.7709,0.34,0.4118
2023-02-20,20.8328,19.7764,0.3401,0.4246
2023-02-21,20.8369,19.7854,0.3403,0.4425
2023-02-22,20.8374,19.7875,0.3363,0.4533
2023-02-23,20.8413,19.8236,0.3351,0.496
2023-02-24,20.8429,19.8079,0.333,0.4851
2023-02-25,20.8445,19.8017,0.3311,0.4768
2023-02-26,20.8456,19.8016,0.3311,0.4805
2023-02-27,20.8521,19.8048,0.336,0.4848
2023-02-28,20.8629,19.8041,0.3487,0.4747
2023-03-01,20.8678,19.8057,0.3505,0.4869
2023-03-02,20.8752,19.82,0.3582,0.4994
2023-03-03,20.8764,19.8311,0.3575,0.5126
2023-03-04,20.8776,19.843,0.3577,0.5293
2023-03-05,20.8775,19.8477,0.3586,0.5399
2023-03-06,20.8787,19.861,0.36,0.5611
2023-03-07,20.8799,19.8791,0.3615,0.5892
2023-03-08,20.8862,19.8843,0.3676,0.5955
2023-03-09,20.8954,19.8867,0.3746,0.5922
2023-03-10,20.9137,19.8892,0.3906,0.59
2023-03-11,20.9328,19.88,0.408,0.5798
2023-03-12,20.9496,19.8782,0.4211,0.5745
2023-03-13,20.9646,19.8881,0.434,0.5811
2023-03-14,20.9773,19.8957,0.444,0.5806
2023-03-15,20.991,19.913,0.4547,0.5854
2023-03-16,21.0045,19.9223,0.4642,0.5772
2023-03-17,21.0026,19.9239,0.4593,0.5661
2023-03-18,21.0046,19.9207,0.4552,0.5559
2023-03-19,20.9993,19.9162,0.4443,0.5446
2023-03-20,20.9945,19.9303,0.436,0.5516
2023-03-21,20.9893,19.9397,0.4304,0.5529
2023-03-22,20.9878,19.9442,0.4289,0.5521
2023-03-23,20.9968,19.9589,0.4386,0.5624
2023-03-24,21.0058,19.9742,0.4511,0.5751
2023-03-25,21.0115,19.9963,0.4582,0.59
2023-03-26,21.0096,20.0165,0.4563,0.6021
2023-03-27,21.0116,20.0377,0.4582,0.615
2023-03-28,21.0145,20.0805,0.4603,0.652
2023-03-29,21.0235,20.121,0.4703,0.6805
2023-03-30,21.0336,20.136,0.4814,0.6827
2023-03-31,21.0421,20.1284,0.492,0.6666
2023-04-01,21.0487,20.1036,0.5,0.6313
2023-04-02,21.052,20.0998,0.5068,0.6095
2023-04-03,21.0521,20.1182,0.5095,0.6115
2023-04-04,21.0487,20.1505,0.5087,0.6293
2023-04-05,21.0464,20.1769,0.5089,0.6362
2023-04-06,21.0407,20.192,0.506,0.6384
2023-04-07,21.0373,20.2105,0.5055,0.6437
2023-04-08,21.0367,20.2318,0.508,0.6485
2023-04-09,21.0306,20.243,0.5032,0.6398
2023-04-10,21.0268,20.2576,0.5014,0.6347
2023-04-11,21.0249,20.2689,0.5053,0.6321
2023-04-12,21.0196,20.2767,0.5054,0.6285
2023-04-13,21.0171,20.2944,0.5067,0.6317
2023-04-14,21.0124,20.3174,0.5046,0.6332
2023-04-15,21.0058,20.3303,0.5017,0.6202
2023-04-16,21.0019,20.3653,0.4993,0.6302
2023-04-17,21.0016,20.4103,0.5009,0.6546
2023-04-18,20.9946,20.4373,0.4966,0.6592
2023-04-19,20.9891,20.4748,0.4947,0.6747
2023-04-20,20.9849,20.5094,0.4911,0.6778
2023-04-21,20.9863,20.549,0.4946,0.6877
2023-04-22,20.9865,20.5749,0.4946,0.6826
2023-04-23,20.9999,20.6076,0.5098,0.6831
2023-04-24,20.9896,20.6532,0.5006,0.6996
2023-04-25,20.9785,20.711,0.4907,0.7304
2023-04-26,20.9709,20.7509,0.4868,0.7466
2023-04-27,20.9637,20.7924,0.4831,0.7643
2023-04-28,20.9574,20.8403,0.4805,0.7859
2023-04-29,20.9506,20.8874,0.4781,0.812
2023-04-30,20.9406,20.9318,0.4724,0.8356
2023-05-01,20.9327,20.9698,0.4697,0.8424
2023-05-02,20.9237,20.996,0.4646,0.8336
2023-05-03,20.9202,21.0104,0.462,0.8083
2023-05-04,20.9181,21.0267,0.463,0.7905
2023-05-05,20.9196,21.043,0.4695,0.7769
2023-05-06,20.9205,21.059,0.4758,0.7651
2023-05-07,20.9208,21.0811,0.4819,0.7604
2023-05-08,20.9226,21.1088,0.4879,0.7563
2023-05-09,20.9227,21.1471,0.4913,0.763
2023-05-10,20.9214,21.1871,0.4924,0.7754
2023-05-11,20.9273,21.2351,0.5012,0.7908
2023-05-12,20.9337,21.2855,0.5112,0.8122
2023-05-13,20.9203,21.3338,0.4995,0.8222
2023-05-14,20.9097,21.3766,0.4914,0.8367
2023-05-15,20.9024,21.3968,0.4858,0.8304
2023-05-16,20.8983,21.4332,0.4855,0.8349
2023-05-17,20.8777,21.4444,0.4674,0.8117
2023-05-18,20.8672,21.4703,0.4595,0.8011
2023-05-19,20.8623,21.4752,0.4577,0.765
2023-05-20,20.8673,21.4927,0.4648,0.7413
2023-05-21,20.868,21.5049,0.4681,0.7123
2023-05-22,20.8688,21.5285,0.4706,0.6989
2023-05-23,20.8674,21.5631,0.4713,0.6928
2023-05-24,20.8616,21.6058,0.4695,0.6992
2023-05-25,20.8573,21.6484,0.4699,0.6995
2023-05-26,20.8533,21.6939,0.4703,0.7033
2023-05-27,20.8602,21.7392,0.4814,0.707
2023-05-28,20.8476,21.8082,0.4715,0.7288
2023-05-29,20.841,21.8655,0.4688,0.7357
2023-05-30,20.8427,21.9208,0.4755,0.7483
2023-05-31,20.8397,21.9677,0.4774,0.754
2023-06-01,20.8365,22.0362,0.4774,0.7766
2023-06-02,20.8375,22.1183,0.4812,0.8201
2023-06-03,20.8429,22.1955,0.4892,0.8583
2023-06-04,20.8479,22.2662,0.498,0.8883
2023-06-05,20.8525,22.3424,0.5089,0.9239
2023-06-06,20.8599,22.412,0.5238,0.9517
2023-06-07,20.8656,22.4789,0.5344,0.9739
2023-06-08,20.8713,22.5514,0.5428,1.0024
2023-06-09,20.8783,22.6267,0.5514,1.0286
2023-06-10,20.8824,22.7085,0.5594,1.0649
2023-06-11,20.8782,22.7437,0.5579,1.0526
2023-06-12,20.8717,22.7514,0.5536,1.0166
2023-06-13,20.8673,22.7665,0.5502,0.9862
2023-06-14,20.8626,22.79,0.5462,0.9602
2023-06-15,20.861,22.8419,0.5436,0.9609
2023-06-16,20.8651,22.9132,0.5426,0.9761
2023-06-17,20.8664,22.9881,0.5425,1.0008
2023-06-18,20.8679,23.0549,0.5452,1.016
2023-06-19,20.8731,23.1425,0.552,1.0516
2023-06-20,20.8805,23.2319,0.5604,1.099
2023-06-21,20.8781,23.2936,0.5572,1.1172
2023-06-22,20.8777,23.3333,0.5547,1.1079
2023-06-23,20.877,23.3701,0.5519,1.0963
2023-06-24,20.8812,23.4007,0.5549,1.0725
2023-06-25,20.8831,23.4113,0.5568,1.0305
2023-06-26,20.8899,23.4062,0.5636,0.9756
2023-06-27,20.8687,23.4267,0.5421,0.9504
2023-06-28,20.8609,23.466,0.5332,0.9494
2023-06-29,20.8639,23.5172,0.536,0.9605
2023-06-30,20.8701,23.55,0.5414,0.9509
2023-07-01,20.8752,23.6027,0.5446,0.9651
2023-07-02,20.8848,23.6649,0.5554,0.9889
2023-07-03,20.8959,23.7317,0.5669,1.0175
2023-07-04,20.907,23.8087,0.576,1.0516
2023-07-05,20.9081,23.8696,0.5753,1.0644
2023-07-06,20.9105,23.9224,0.5771,1.0714
2023-07-07,20.9076,23.9609,0.5752,1.0677
2023-07-08,20.9025,24.0041,0.5722,1.0669
2023-07-09,20.9039,24.0683,0.5746,1.0852
2023-07-10,20.914,24.1428,0.5832,1.1168
2023-07-11,20.9251,24.1924,0.5913,1.1313
2023-07-12,20.9369,24.2327,0.6008,1.1375
2023-07-13,20.9497,24.272,0.6107,1.1502
2023-07-14,20.957,24.2895,0.616,1.136
2023-07-15,20.9647,24.3142,0.6216,1.1262
2023-07-16,20.9693,24.3732,0.6231,1.146
2023-07-17,20.9752,24.4378,0.6273,1.1744
2023-07-18,20.9889,24.5035,0.6411,1.2038
2023-07-19,21.012,24.5926,0.6642,1.2567
2023-07-20,21.016,24.6633,0.6687,1.2981
2023-07-21,21.0163,24.7257,0.6675,1.3275
2023-07-22,21.0173,24.7751,0.6653,1.3383
2023-07-23,21.0129,24.8066,0.659,1.3328
2023-07-24,21.0142,24.8392,0.6582,1.3297
2023-07-25,21.0166,24.8765,0.6577,1.3344
2023-07-26,21.0114,24.8912,0.648,1.321
2023-07-27,21.0105,24.9091,0.6405,1.3004
2023-07-28,21.0161,24.9324,0.6383,1.2795
2023-07-29,21.0209,24.9455,0.6379,1.2568
2023-07-30,21.0258,24.9564,0.6384,1.2238
2023-07-31,21.0256,24.9666,0.6352,1.1969
2023-08-01,21.0272,24.9884,0.6376,1.1932
2023-08-02,21.0262,25.0007,0.6365,1.1821
2023-08-03,21.0306,25.0041,0.6416,1.1578
2023-08-04,21.0353,25.0066,0.6451,1.1341
2023-08-05,21.0395,25.0167,0.6472,1.1164
2023-08-06,21.0413,25.027,0.6484,1.0948
2023-08-07,21.0384,25.034,0.6427,1.0776
2023-08-08,21.0404,25.0663,0.643,1.0896
2023-08-09,21.0339,25.058,0.6371,1.0683
2023-08-10,21.0305,25.0372,0.6318,1.0241
2023-08-11,21.032,25.0433,0.6304,0.9984
2023-08-12,21.0371,25.0593,0.6329,0.9837
2023-08-13,21.0468,25.0831,0.6409,0.9847
2023-08-14,21.0543,25.099,0.6463,0.9787
2023-08-15,21.0607,25.1206,0.6517,0.9848
2023-08-16,21.0605,25.1375,0.6506,0.9914
2023-08-17,21.0612,25.1566,0.6523,1.0071
2023-08-18,21.065,25.1764,0.6585,1.0331
2023-08-19,21.0746,25.2113,0.6679,1.0632
2023-08-20,21.0797,25.2369,0.6718,1.075
2023-08-21,21.0808,25.2515,0.671,1.0715
2023-08-22,21.0864,25.2718,0.6768,1.0844
2023-08-23,21.0925,25.289,0.6831,1.0932
2023-08-24,21.0949,25.3054,0.6856,1.1031
2023-08-25,21.0917,25.3192,0.6822,1.1115
2023-08-26,21.0868,25.3306,0.6772,1.116
2023-08-27,21.084,25.3398,0.6728,1.1142
2023-08-28,21.0761,25.343,0.6654,1.1155
2023-08-29,21.0673,25.344,0.6561,1.1156
2023-08-30,21.0577,25.3571,0.647,1.1345
2023-08-31,21.0511,25.3699,0.6423,1.1549
2023-09-01,21.0395,25.333,0.6306,1.124
2023-09-02,21.0347,25.3115,0.6265,1.1036
2023-09-03,21.0316,25.2985,0.6254,1.0953
2023-09-04,21.034,25.2867,0.6291,1.0853
2023-09-05,21.0446,25.2944,0.6426,1.0994
2023-09-06,21.0477,25.3201,0.6506,1.1428
2023-09-07,21.0472,25.349,0.6578,1.1881
2023-09-08,21.0537,25.356,0.6701,1.213
2023-09-09,21.0614,25.3391,0.6829,1.2137
2023-09-10,21.0475,25.3312,0.675,1.2209
2023-09-11,21.0381,25.3199,0.6727,1.2298
2023-09-12,21.0334,25.3037,0.6731,1.2297
2023-09-13,21.0259,25.2788,0.6709,1.2162
2023-09-14,21.0183,25.2411,0.671,1.1939
2023-09-15,21.0021,25.1988,0.6613,1.1654
2023-09-16,20.9823,25.1365,0.6477,1.1205
2023-09-17,20.9721,25.0997,0.6434,1.1025
2023-09-18,20.9671,25.059,0.6428,1.0844
2023-09-19,20.9688,25.0227,0.6475,1.0636
2023-09-20,20.974,24.9804,0.6525,1.0347
2023-09-21,20.975,24.9386,0.6552,1.0124
2023-09-22,20.9729,24.906,0.6557,0.9987
2023-09-23,20.9666,24.8741,0.6513,0.983
2023-09-24,20.9533,24.8341,0.6409,0.9637
2023-09-25,20.9355,24.7958,0.626,0.942
2023-09-26,20.9258,24.7604,0.6199,0.9229
2023-09-27,20.9302,24.7259,0.6295,0.9052
2023-09-28,20.9198,24.6947,0.6265,0.893
2023-09-29,20.9335,24.6697,0.6467,0.8901
2023-09-30,20.9177,24.659,0.6355,0.9065
2023-10-01,20.894,24.6301,0.6156,0.9081
2023-10-02,20.8756,24.5908,0.6021,0.9013
2023-10-03,20.8621,24.5474,0.5943,0.8902
2023-10-04,20.8559,24.5011,0.5927,0.8736
2023-10-05,20.8508,24.4664,0.593,0.8685
2023-10-06,20.8481,24.4434,0.5947,0.8757
2023-10-07,20.8481,24.4252,0.5974,0.8826
2023-10-08,20.8503,24.3955,0.6049,0.8875
2023-10-09,20.8486,24.3766,0.6076,0.9057
2023-10-10,20.8501,24.3722,0.6144,0.9362
2023-10-11,20.8568,24.3756,0.6282,0.971
2023-10-12,20.8627,24.3705,0.6399,0.9963
2023-10-13,20.869,24.3641,0.6512,1.0236
2023-10-14,20.876,24.3559,0.6627,1.0479
2023-10-15,20.8823,24.342,0.6707,1.0668
2023-10-16,20.89,24.3344,0.679,1.0879
2023-10-17,20.8874,24.2997,0.678,1.081
2023-10-18,20.8807,24.2528,0.6745,1.0598
2023-10-19,20.8761,24.2002,0.6702,1.0369
2023-10-20,20.8684,24.1399,0.665,1.0096
2023-10-21,20.8575,24.0758,0.6568,0.9822
2023-10-22,20.8455,24.0159,0.6476,0.9597
2023-10-23,20.8376,23.97,0.6413,0.951
2023-10-24,20.8314,23.9379,0.636,0.956
2023-10-25,20.8241,23.8914,0.6301,0.9474
2023-10-26,20.8173,23.8213,0.6264,0.9179
2023-10-27,20.804,23.7431,0.6169,0.8797
2023-10-28,20.79,23.6808,0.6075,0.8625
2023-10-29,20.7838,23.6336,0.6062,0.8607
2023-10-30,20.7836,23.6124,0.611,0.8839
2023-10-31,20.789,23.5954,0.6213,0.9078
2023-11-01,20.8008,23.5633,0.6402,0.9177
2023-11-02,20.8102,23.5015,0.6544,0.9013
2023-11-03,20.8148,23.4247,0.6633,0.872
2023-11-04,20.8142,23.3558,0.6664,0.8503
2023-11-05,20.8123,23.2968,0.6666,0.8298
2023-11-06,20.8074,23.2326,0.6616,0.8021
2023-11-07,20.7956,23.1727,0.6497,0.7806
2023-11-08,20.785,23.1221,0.6385,0.7664
2023-11-09,20.7667,23.0813,0.6188,0.7632
2023-11-10,20.7572,23.043,0.6082,0.7637
2023-11-11,20.7538,23.0088,0.6055,0.7733
2023-11-12,20.7507,22.9732,0.6019,0.7856
2023-11-13,20.7526,22.9381,0.6043,0.7986
2023-11-14,20.7645,22.9089,0.6158,0.8119
2023-11-15,20.7714,22.875,0.6247,0.8145
2023-11-16,20.7754,22.8303,0.6285,0.7996
2023-11-17,20.7804,22.7997,0.6332,0.8055
2023-11-18,20.7814,22.7657,0.6354,0.815
2023-11-19,20.7857,22.7218,0.639,0.8144
2023-11-20,20.7906,22.6836,0.6434,0.8198
2023-11-21,20.7953,22.6458,0.6452,0.8194
2023-11-22,20.8055,22.6213,0.6529,0.833
2023-11-23,20.8083,22.5815,0.6531,0.8357
2023-11-24,20.8094,22.5394,0.6525,0.8316
2023-11-25,20.8085,22.4874,0.6497,0.8206
2023-11-26,20.8071,22.4464,0.6486,0.8277
2023-11-27,20.8102,22.4254,0.6524,0.8466
2023-11-28,20.8117,22.4028,0.6551,0.8626
2023-11-29,20.8239,22.3528,0.6699,0.8584
2023-11-30,20.8259,22.2989,0.6725,0.8449
2023-12-01,20.8193,22.257,0.6627,0.838
2023-12-02,20.814,22.2172,0.6541,0.834
2023-12-03,20.8116,22.1748,0.6489,0.8288
2023-12-04,20.8024,22.1271,0.6382,0.8229
2023-12-05,20.8021,22.0816,0.6339,0.8177
2023-12-06,20.8141,22.0583,0.6425,0.8309
2023-12-07,20.8204,22.0245,0.6468,0.8369
2023-12-08,20.8199,21.9831,0.6462,0.8339
2023-12-09,20.821,21.9308,0.6461,0.8177
2023-12-10,20.8111,21.8798,0.6361,0.8068
2023-12-11,20.8031,21.8282,0.6289,0.7979
2023-12-12,20.7894,21.7758,0.6134,0.7899
2023-12-13,20.7794,21.7094,0.5988,0.7605
2023-12-14,20.7864,21.6605,0.6019,0.7439
2023-12-15,20.7985,21.6217,0.6104,0.7411
2023-12-16,20.8188,21.5908,0.6267,0.7533
2023-12-17,20.8443,21.5466,0.6479,0.7496
2023-12-18,20.8378,21.4958,0.6378,0.7344
2023-12-19,20.8377,21.4384,0.6351,0.7093
2023-12-20,20.8515,21.3872,0.647,0.692
2023-12-21,20.8591,21.3228,0.6523,0.6585
2023-12-22,20.8667,21.2902,0.6569,0.6499
2023-12-23,20.8724,21.2555,0.6556,0.637
2023-12-24,20.874,21.2222,0.6479,0.6345
2023-12-25,20.88,21.1937,0.6451,0.6388
2023-12-26,20.8861,21.183,0.6469,0.662
2023-12-27,20.8889,21.1857,0.6463,0.7001
2023-12-28,20.8954,21.1783,0.65,0.7281
2023-12-29,20.9071,21.1679,0.6574,0.748
2023-12-30,20.9172,21.1541,0.6651,0.7661
2023-12-31,20.9293,21.1366,0.6727,0.7801
2024-01-01,20.9444,21.1231,0.6951,0.8213
2024-01-02,20.9571,21.1057,0.7047,0.8342
2024-01-03,20.9769,21.0692,0.72,0.8254
2024-01-04,21.0001,21.031,0.738,0.8227
2024-01-05,21.0192,20.9893,0.7535,0.8145
2024-01-06,21.0303,20.9521,0.7616,0.806
2024-01-07,21.033,20.935,0.7601,0.816
2024-01-08,21.0351,20.9144,0.7569,0.8252
2024-01-09,21.0398,20.8774,0.7572,0.8169
2024-01-10,21.0462,20.8309,0.7584,0.7978
2024-01-11,21.0574,20.7983,0.7632,0.791
2024-01-12,21.0592,20.7691,0.7591,0.7845
2024-01-13,21.0538,20.76,0.7464,0.8026
2024-01-14,21.0442,20.7482,0.7309,0.8174
2024-01-15,21.034,20.7462,0.717,0.8381
2024-01-16,21.0284,20.7445,0.7067,0.8597
2024-01-17,21.0182,20.7347,0.6918,0.8736
2024-01-18,21.0177,20.7167,0.6865,0.8747
2024-01-19,21.0295,20.6924,0.6927,0.87
2024-01-20,21.0373,20.6631,0.6963,0.8611
2024-01-21,21.0285,20.6225,0.6839,0.8374
2024-01-22,21.018,20.576,0.6686,0.8042
2024-01-23,21.0079,20.5288,0.6535,0.7823
2024-01-24,21.0043,20.4819,0.6441,0.759
2024-01-25,21.0011,20.4296,0.6333,0.7283
2024-01-26,20.9996,20.3971,0.6272,0.7181
2024-01-27,21.0052,20.3904,0.6299,0.7347
2024-01-28,21.0129,20.3858,0.633,0.7476
2024-01-29,21.0284,20.3787,0.6416,0.7568
2024-01-30,21.0572,20.3886,0.6642,0.7798
2024-01-31,21.086,20.3889,0.689,0.7919
2024-02-01,21.1097,20.3775,0.71,0.7962
2024-02-02,21.1051,20.3786,0.7023,0.8134
2024-02-03,21.0974,20.3909,0.6882,0.8403
2024-02-04,21.1013,20.4309,0.685,0.8977
2024-02-05,21.1064,20.4535,0.6835,0.9373
2024-02-06,21.1053,20.4544,0.6779,0.9559
2024-02-07,21.1003,20.4376,0.6671,0.9537
2024-02-08,21.0993,20.4161,0.6599,0.9432
2024-02-09,21.1123,20.4086,0.6664,0.9444
2024-02-10,21.0946,20.3934,0.6431,0.9365
2024-02-11,21.0708,20.3754,0.6133,0.9215
2024-02-12,21.0614,20.3695,0.5984,0.9281
2024-02-13,21.0602,20.3736,0.5949,0.9517
2024-02-14,21.0629,20.3785,0.5939,0.9751
2024-02-15,21.0638,20.3832,0.5891,0.9985
2024-02-16,21.0611,20.3774,0.5825,1.0036
2024-02-17,21.065,20.3744,0.5832,1.0051
2024-02-18,21.0765,20.3657,0.5913,1.0033
2024-02-19,21.0724,20.3438,0.5838,0.9847
2024-02-20,21.087,20.3341,0.5943,0.9823
2024-02-21,21.1006,20.3383,0.604,0.9954
2024-02-22,21.0919,20.3171,0.5908,0.9829
2024-02-23,21.0935,20.2905,0.5873,0.9629
2024-02-24,21.1033,20.2918,0.5934,0.969
2024-02-25,21.1129,20.2898,0.5995,0.9649
2024-02-26,21.1255,20.2966,0.611,0.9755
2024-02-27,21.14,20.3078,0.6239,0.9878
2024-02-28,21.1535,20.313,0.6393,0.9836
2024-02-29,21.1652,20.2875,0.651,0.9581
2024-03-01,21.1677,20.2536,0.6504,0.9348
2024-03-02,21.1598,20.231,0.6428,0.9104
2024-03-03,21.1526,20.2184,0.6337,0.8999
2024-03-04,21.1497,20.2241,0.6298,0.9104
2024-03-05,21.1483,20.2407,0.6294,0.9329
2024-03-06,21.1503,20.2558,0.6316,0.9559
2024-03-07,21.1476,20.2595,0.6292,0.9696
2024-03-08,21.1404,20.2526,0.6218,0.9638
2024-03-09,21.1357,20.2588,0.6149,0.9643
2024-03-10,21.1311,20.2698,0.608,0.9706
2024-03-11,21.1204,20.2809,0.5956,0.9807
2024-03-12,21.1125,20.2992,0.584,0.9955
2024-03-13,21.1141,20.3171,0.5835,1.0101
2024-03-14,21.1022,20.326,0.5689,1.0109
2024-03-15,21.1036,20.3362,0.5673,1.0086
2024-03-16,21.1071,20.3555,0.5668,1.0104
2024-03-17,21.1061,20.3644,0.5628,1.0066
2024-03-18,21.1115,20.3626,0.5621,0.9978
2024-03-19,21.1199,20.3532,0.5649,0.9816
2024-03-20,21.1244,20.3421,0.5659,0.9634
2024-03-21,21.1214,20.3362,0.5625,0.9494
2024-03-22,21.1174,20.3219,0.5585,0.9298
2024-03-23,21.1177,20.3032,0.5595,0.9067
2024-03-24,21.1187,20.2915,0.564,0.8924
2024-03-25,21.1222,20.2904,0.5689,0.8841
2024-03-26,21.1245,20.3,0.5712,0.8856
2024-03-27,21.1264,20.3221,0.573,0.8994
2024-03-28,21.1326,20.3434,0.5784,0.9149
2024-03-29,21.1385,20.3409,0.5853,0.9004
2024-03-30,21.1466,20.3312,0.5944,0.8779
2024-03-31,21.134,20.3064,0.5839,0.8446
2024-04-01,21.1399,20.3386,0.5912,0.8663
2024-04-02,21.1344,20.3306,0.5892,0.8403
2024-04-03,21.1348,20.3283,0.5922,0.8216
2024-04-04,21.1359,20.3478,0.5959,0.8266
2024-04-05,21.1398,20.3759,0.6023,0.8352
2024-04-06,21.1475,20.4104,0.6128,0.8568
2024-04-07,21.1535,20.4522,0.6217,0.8854
2024-04-08,21.1491,20.4766,0.6204,0.8933
2024-04-09,21.1383,20.4691,0.6109,0.8659
2024-04-10,21.1257,20.4715,0.6003,0.8486
2024-04-11,21.1113,20.4889,0.5917,0.8521
2024-04-12,21.1071,20.5083,0.5929,0.8601
2024-04-13,21.1093,20.5224,0.5989,0.8597
2024-04-14,21.1149,20.5527,0.6071,0.8685
2024-04-15,21.1175,20.5661,0.6134,0.856
2024-04-16,21.1201,20.5813,0.6175,0.8462
2024-04-17,21.1271,20.6078,0.6264,0.8521
2024-04-18,21.1393,20.6428,0.6413,0.8647
2024-04-19,21.1477,20.6787,0.6533,0.8786
2024-04-20,21.1584,20.7382,0.6646,0.9066
2024-04-21,21.1633,20.7866,0.6716,0.9253
2024-04-22,21.1615,20.8029,0.6696,0.9107
2024-04-23,21.1675,20.8632,0.6774,0.9387
2024-04-24,21.173,20.889,0.684,0.9354
2024-04-25,21.1622,20.8996,0.6744,0.919
2024-04-26,21.1483,20.9085,0.6642,0.9042
2024-04-27,21.1464,20.9263,0.6658,0.8982
2024-04-28,21.134,20.9188,0.6571,0.8644
2024-04-29,21.1221,20.912,0.6496,0.8366
2024-04-30,21.1035,20.9097,0.6353,0.8135
2024-05-01,21.0883,20.9105,0.6253,0.7831
2024-05-02,21.0864,20.9447,0.6273,0.7823
2024-05-03,21.0937,20.9813,0.6355,0.7792
2024-05-04,21.0707,21.0138,0.6156,0.7776
2024-05-05,21.0545,21.0645,0.6044,0.7984
2024-05-06,21.0492,21.1098,0.6045,0.8159
2024-05-07,21.0546,21.1742,0.6157,0.8535
2024-05-08,21.054,21.2384,0.6193,0.8859
2024-05-09,21.0302,21.2978,0.5988,0.9137
2024-05-10,21.0155,21.3472,0.5865,0.9355
2024-05-11,21.0018,21.389,0.5757,0.9447
2024-05-12,20.9869,21.4239,0.5644,0.9506
2024-05-13,20.9774,21.4447,0.5566,0.9331
2024-05-14,20.9695,21.4641,0.5512,0.9242
2024-05-15,20.9638,21.4936,0.5472,0.9272
2024-05-16,20.9591,21.5511,0.5463,0.9528
2024-05-17,20.9556,21.6241,0.5453,0.9914
2024-05-18,20.9561,21.6963,0.5484,1.0271
2024-05-19,20.9533,21.7573,0.5487,1.0471
2024-05-20,20.9496,21.8069,0.5471,1.0555
2024-05-21,20.9485,21.8448,0.5486,1.0522
2024-05-22,20.9473,21.8875,0.5491,1.0579
2024-05-23,20.947,21.9391,0.5509,1.0688
2024-05-24,20.9468,22.0049,0.5547,1.0983
2024-05-25,20.9485,22.0683,0.5611,1.1194
2024-05-26,20.9533,22.1266,0.5703,1.136
2024-05-27,20.9546,22.1742,0.5758,1.142
2024-05-28,20.9521,22.2323,0.576,1.1529
2024-05-29,20.9537,22.2862,0.5815,1.1564
2024-05-30,20.9541,22.3282,0.5869,1.1557
2024-05-31,20.9521,22.3674,0.5898,1.1537
2024-06-01,20.9487,22.3947,0.5896,1.1351
2024-06-02,20.939,22.4074,0.5827,1.1092
2024-06-03,20.9351,22.4797,0.5814,1.1425
2024-06-04,20.9422,22.5498,0.5923,1.1719
2024-06-05,20.9401,22.5818,0.5965,1.1633
2024-06-06,20.9385,22.6241,0.6024,1.1638
2024-06-07,20.9387,22.6766,0.6075,1.1716
2024-06-08,20.932,22.7246,0.6035,1.1756
2024-06-09,20.9233,22.7812,0.5965,1.1831
2024-06-10,20.9171,22.8326,0.5941,1.189
2024-06-11,20.9154,22.8666,0.5951,1.1755
2024-06-12,20.919,22.8887,0.6009,1.1539
2024-06-13,20.93,22.9172,0.6129,1.1369
2024-06-14,20.9272,22.9493,0.6108,1.1195
2024-06-15,20.934,22.9978,0.6166,1.1168
2024-06-16,20.9426,23.0582,0.6201,1.1211
2024-06-17,20.948,23.1091,0.6241,1.1218
2024-06-18,20.9501,23.1485,0.6274,1.1096
2024-06-19,20.9419,23.1569,0.6208,1.0661
2024-06-20,20.9358,23.1659,0.6157,1.033
2024-06-21,20.9231,23.1743,0.6022,0.9979
2024-06-22,20.9104,23.2159,0.5874,0.9905
2024-06-23,20.9086,23.2618,0.5835,0.988
2024-06-24,20.9057,23.2559,0.5794,0.9277
2024-06-25,20.9025,23.2645,0.5762,0.8837
2024-06-26,20.8964,23.3001,0.5701,0.8695
2024-06-27,20.894,23.3423,0.5674,0.866
2024-06-28,20.8909,23.3745,0.5632,0.8579
2024-06-29,20.892,23.413,0.5641,0.8563
2024-06-30,20.8964,23.4659,0.5677,0.8668
2024-07-01,20.9013,23.4943,0.5707,0.8567
2024-07-02,20.9023,23.5292,0.5729,0.8532
2024-07-03,20.9037,23.5575,0.5747,0.8433
2024-07-04,20.9176,23.5757,0.5866,0.8186
2024-07-05,20.9326,23.6232,0.5998,0.818
2024-07-06,20.9457,23.6999,0.6123,0.8489
2024-07-07,20.954,23.7788,0.6216,0.8856
2024-07-08,20.9558,23.8496,0.6255,0.9124
2024-07-09,20.9618,23.9184,0.6325,0.9353
2024-07-10,20.9776,23.9891,0.6468,0.9631
2024-07-11,20.9867,24.0193,0.6529,0.9582
2024-07-12,20.9797,24.0219,0.6436,0.9267
2024-07-13,20.9592,24.0506,0.6202,0.9288
2024-07-14,20.9516,24.0888,0.6106,0.9353
2024-07-15,20.9583,24.1528,0.6152,0.9648
2024-07-16,20.969,24.2091,0.6228,0.9819
2024-07-17,20.9671,24.261,0.6192,0.9976
2024-07-18,20.9687,24.3322,0.6209,1.0325
2024-07-19,20.968,24.3832,0.6202,1.0473
2024-07-20,20.9686,24.414,0.6213,1.0488
2024-07-21,20.9635,24.4507,0.6147,1.0525
2024-07-22,20.9554,24.493,0.6034,1.0562
2024-07-23,20.9498,24.5269,0.5959,1.0531
2024-07-24,20.9473,24.5645,0.5913,1.055
2024-07-25,20.9399,24.5816,0.581,1.0395
2024-07-26,20.9336,24.5866,0.5702,1.0164
2024-07-27,20.9327,24.6017,0.5627,0.993
2024-07-28,20.9378,24.6367,0.56,0.9838
2024-07-29,20.9455,24.6936,0.5625,1.0049
2024-07-30,20.95,24.7506,0.5626,1.018
2024-07-31,20.9527,24.7964,0.5623,1.0267
2024-08-01,20.955,24.8227,0.5654,1.0275
2024-08-02,20.9575,24.8421,0.5678,1.0235
2024-08-03,20.9627,24.8551,0.5737,1.0088
2024-08-04,20.9701,24.8726,0.5799,1.0001
2024-08-05,20.9741,24.8568,0.5818,0.9565
2024-08-06,20.9778,24.8984,0.5849,0.9662
2024-08-07,20.9823,24.9011,0.5866,0.9447
2024-08-08,20.9844,24.9051,0.587,0.9284
2024-08-09,20.9835,24.9253,0.5867,0.9356
2024-08-10,20.9774,24.9306,0.5787,0.9175
2024-08-11,20.9765,24.9319,0.5749,0.887
2024-08-12,20.9746,24.928,0.5704,0.8524
2024-08-13,20.9777,24.9164,0.5718,0.818
2024-08-14,20.9918,24.9103,0.5838,0.79
2024-08-15,20.9931,24.9024,0.5841,0.7666
2024-08-16,20.9833,24.8896,0.5734,0.7435
2024-08-17,20.9783,24.9071,0.5694,0.7576
2024-08-18,20.985,24.9437,0.5785,0.8004
2024-08-19,20.9764,24.9815,0.5697,0.8334
2024-08-20,20.9678,25.0096,0.5599,0.8477
2024-08-21,20.9555,25.008,0.5457,0.828
2024-08-22,20.9521,25.0281,0.5425,0.8407
2024-08-23,20.9496,25.0562,0.5402,0.8604
2024-08-24,20.9495,25.0655,0.5402,0.8632
2024-08-25,20.9516,25.0598,0.5421,0.8521
2024-08-26,20.9567,25.0751,0.5471,0.8605
2024-08-27,20.9582,25.0985,0.547,0.8729
2024-08-28,20.9544,25.1002,0.5437,0.8727
2024-08-29,20.9526,25.0927,0.5414,0.8643
2024-08-30,20.9511,25.076,0.5404,0.8534
2024-08-31,20.9452,25.0585,0.5364,0.8435
2024-09-01,20.9489,25.051,0.54,0.842
2024-09-02,20.9528,25.0471,0.5446,0.8392
2024-09-03,20.9509,25.0335,0.5447,0.8303
2024-09-04,20.9473,25.0072,0.5424,0.8058
2024-09-05,20.9482,24.9945,0.5462,0.7995
2024-09-06,20.9513,24.9945,0.5542,0.8172
2024-09-07,20.9547,24.9925,0.5653,0.8316
2024-09-08,20.9535,24.9797,0.5699,0.8367
2024-09-09,20.9444,24.9603,0.5659,0.8349
2024-09-10,20.9315,24.9366,0.559,0.8263
2024-09-11,20.9173,24.8999,0.5519,0.8098
2024-09-12,20.8925,24.8514,0.5322,0.7774
2024-09-13,20.8984,24.8475,0.5434,0.7849
2024-09-14,20.9133,24.8599,0.566,0.8127
2024-09-15,20.9189,24.861,0.5781,0.8276
2024-09-16,20.9265,24.8641,0.5919,0.8481
2024-09-17,20.9252,24.8752,0.5965,0.878
2024-09-18,20.922,24.8886,0.5977,0.914
2024-09-19,20.9227,24.8967,0.6014,0.9376
2024-09-20,20.9267,24.8991,0.6052,0.9534
2024-09-21,20.9256,24.9022,0.6058,0.976
2024-09-22,20.9205,24.9033,0.6033,0.996
2024-09-23,20.9111,24.8811,0.5958,0.99
2024-09-24,20.9058,24.8432,0.5934,0.9728
2024-09-25,20.9015,24.8032,0.592,0.9494
2024-09-26,20.9029,24.767,0.597,0.9295
2024-09-27,20.9144,24.7219,0.6137,0.9013
2024-09-28,20.9111,24.6721,0.6178,0.8704
2024-09-29,20.9065,24.6577,0.6197,0.8781
2024-09-30,20.8985,24.6454,0.6163,0.8929
2024-10-01,20.8821,24.629,0.6037,0.907
2024-10-02,20.8685,24.6101,0.595,0.9206
2024-10-03,20.8545,24.5825,0.5867,0.9253
2024-10-04,20.8485,24.5612,0.5853,0.9337
2024-10-05,20.8505,24.552,0.5927,0.9541
2024-10-06,20.8478,24.5268,0.5944,0.9591
2024-10-07,20.8324,24.4887,0.5817,0.9461
2024-10-08,20.8322,24.451,0.5868,0.943
2024-10-09,20.8377,24.4263,0.5967,0.9554
2024-10-10,20.8352,24.3994,0.5995,0.9634
2024-10-11,20.8287,24.3471,0.6001,0.9425
2024-10-12,20.8171,24.2988,0.5943,0.9246
2024-10-13,20.81,24.2641,0.5922,0.9236
2024-10-14,20.8062,24.235,0.5929,0.927
2024-10-15,20.8033,24.2094,0.5917,0.9342
2024-10-16,20.7964,24.1682,0.5854,0.9217
2024-10-17,20.7907,24.1171,0.5813,0.8984
2024-10-18,20.7901,24.0693,0.5839,0.8763
2024-10-19,20.7763,24.02,0.5704,0.8567
2024-10-20,20.758,23.9548,0.5546,0.8245
2024-10-21,20.7465,23.889,0.5458,0.7954
2024-10-22,20.7355,23.8451,0.5376,0.7889
2024-10-23,20.731,23.8123,0.5347,0.7933
2024-10-24,20.7285,23.7856,0.5331,0.8037
2024-10-25,20.7244,23.7522,0.5304,0.8082
2024-10-26,20.7237,23.7165,0.5328,0.8131
2024-10-27,20.7354,23.698,0.5483,0.8346
2024-10-28,20.7376,23.6458,0.5551,0.8275
2024-10-29,20.7454,23.5876,0.5678,0.8147
2024-10-30,20.7492,23.5308,0.5766,0.8023
2024-10-31,20.7474,23.46,0.5797,0.7724
2024-11-01,20.7381,23.394,0.5775,0.7484
2024-11-02,20.7277,23.3479,0.5719,0.7477
2024-11-03,20.7162,23.3141,0.5647,0.7614
2024-11-04,20.7134,23.2915,0.5656,0.786
2024-11-05,20.707,23.2517,0.5613,0.7847
2024-11-06,20.6911,23.1845,0.5453,0.754
2024-11-07,20.6777,23.1125,0.5318,0.7204
2024-11-08,20.6671,23.0554,0.5206,0.6997
2024-11-09,20.6545,23.0089,0.5066,0.6908
2024-11-10,20.6439,22.9469,0.4949,0.6676
2024-11-11,20.6439,22.8799,0.4956,0.6444
2024-11-12,20.6525,22.8443,0.5037,0.6567
2024-11-13,20.6657,22.8149,0.5174,0.6754
2024-11-14,20.6749,22.7707,0.5262,0.6737
2024-11-15,20.6764,22.7184,0.5297,0.6579
2024-11-16,20.6759,22.6856,0.529,0.6549
2024-11-17,20.667,22.6488,0.5198,0.6546
2024-11-18,20.6519,22.6114,0.5059,0.6607
2024-11-19,20.6448,22.577,0.4981,0.6696
2024-11-20,20.6549,22.5451,0.5077,0.6813
2024-11-21,20.676,22.5366,0.5259,0.7102
2024-11-22,20.7041,22.5254,0.5515,0.7371
2024-11-23,20.711,22.4977,0.5558,0.7519
2024-11-24,20.6869,22.4365,0.53,0.7287
2024-11-25,20.6818,22.3908,0.523,0.724
2024-11-26,20.6766,22.3564,0.5181,0.7377
2024-11-27,20.6685,22.3314,0.5107,0.7526
2024-11-28,20.6624,22.3328,0.5058,0.7926
2024-11-29,20.6569,22.3278,0.5029,0.8334
2024-11-30,20.6534,22.3065,0.5,0.8525
2024-12-01,20.6558,22.2678,0.4992,0.8488
2024-12-02,20.6556,22.2171,0.4957,0.8339
2024-12-03,20.6573,22.1651,0.4946,0.8191
2024-12-04,20.6613,22.1089,0.4971,0.8047
2024-12-05,20.6704,22.0636,0.5022,0.7997
2024-12-06,20.6704,22.0298,0.4988,0.8024
2024-12-07,20.6657,21.9828,0.4921,0.7952
2024-12-08,20.6627,21.9286,0.489,0.7794
2024-12-09,20.6713,21.8818,0.4964,0.7687
2024-12-10,20.6782,21.8306,0.5032,0.7576
2024-12-11,20.6885,21.7927,0.5143,0.7624
2024-12-12,20.6976,21.7494,0.5216,0.7635
2024-12-13,20.6981,21.7067,0.5175,0.7579
2024-12-14,20.6929,21.6677,0.5084,0.7511
2024-12-15,20.6854,21.6269,0.4973,0.7463
2024-12-16,20.6775,21.6038,0.4854,0.7662
2024-12-17,20.6756,21.576,0.4792,0.779
2024-12-18,20.6714,21.5373,0.4714,0.7759
2024-12-19,20.6662,21.4966,0.4636,0.7675
2024-12-20,20.6583,21.4387,0.4538,0.7435
2024-12-21,20.654,21.395,0.4472,0.7307
2024-12-22,20.6603,21.3691,0.4505,0.7288
2024-12-23,20.6512,21.3234,0.4344,0.7049
2024-12-24,20.6425,21.2778,0.4164,0.6901
2024-12-25,20.6423,21.2485,0.4074,0.6936
2024-12-26,20.6497,21.2249,0.4105,0.7039
2024-12-27,20.6637,21.1939,0.4211,0.7083
2024-12-28,20.6799,21.1616,0.4345,0.7114
2024-12-29,20.6965,21.1295,0.4468,0.7096
2024-12-30,20.7125,21.0897,0.4604,0.7017
2024-12-31,20.7309,21.0671,0.4743,0.7106
2025-01-01,20.7527,21.0473,0.5034,0.7455
2025-01-02,20.7877,21.051,0.5353,0.7795
2025-01-03,20.8055,21.0221,0.5486,0.7783
2025-01-04,20.8161,20.9671,0.554,0.7588
2025-01-05,20.83,20.9227,0.5643,0.7479
2025-01-06,20.8427,20.8932,0.574,0.7471
2025-01-07,20.8517,20.8732,0.5788,0.7542
2025-01-08,20.8526,20.8479,0.5744,0.7587
2025-01-09,20.852,20.8265,0.5694,0.766
2025-01-10,20.8499,20.7993,0.5621,0.7662
2025-01-11,20.8453,20.756,0.5511,0.7487
2025-01-12,20.8442,20.727,0.5441,0.7424
2025-01-13,20.8516,20.7303,0.5442,0.7729
2025-01-14,20.8538,20.7287,0.5405,0.7979
2025-01-15,20.8512,20.7169,0.5342,0.8088
2025-01-16,20.8486,20.6882,0.5269,0.8034
2025-01-17,20.8496,20.6588,0.5232,0.7977
2025-01-18,20.8635,20.6275,0.5323,0.7855
2025-01-19,20.8805,20.6048,0.5437,0.7824
2025-01-20,20.8864,20.5839,0.5454,0.7819
2025-01-21,20.8869,20.5481,0.5423,0.763
2025-01-22,20.8843,20.4956,0.5349,0.7238
2025-01-23,20.891,20.4518,0.5366,0.7053
2025-01-24,20.9024,20.4193,0.5422,0.6964
2025-01-25,20.9053,20.3952,0.5375,0.6939
2025-01-26,20.9015,20.3659,0.5291,0.6869
2025-01-27,20.8998,20.3395,0.5245,0.6838
2025-01-28,20.9104,20.323,0.5305,0.6848
2025-01-29,20.9222,20.303,0.5354,0.6812
2025-01-30,20.9288,20.2839,0.5358,0.6751
2025-01-31,20.9355,20.234,0.5386,0.637
2025-02-01,20.9419,20.2041,0.5422,0.6227
2025-02-02,20.9483,20.1846,0.5455,0.6194
2025-02-03,20.9569,20.1769,0.5477,0.6263
2025-02-04,20.9622,20.1817,0.5459,0.6485
2025-02-05,20.9665,20.1804,0.5436,0.6642
2025-02-06,20.972,20.1657,0.5446,0.6672
2025-02-07,20.974,20.1318,0.5408,0.6479
2025-02-08,20.9785,20.1025,0.5391,0.6296
2025-02-09,20.9838,20.0752,0.5379,0.611
2025-02-10,20.9854,20.0579,0.5339,0.601
2025-02-11,20.986,20.0476,0.5285,0.5937
2025-02-12,20.9834,20.038,0.5204,0.5966
2025-02-13,20.9847,20.0407,0.5194,0.6188
2025-02-14,20.9915,20.0554,0.5225,0.652
2025-02-15,20.9985,20.0625,0.5238,0.6778
2025-02-16,21.0078,20.0633,0.5292,0.6895
2025-02-17,21.0132,20.0459,0.5314,0.6766
2025-02-18,21.0158,20.0313,0.5306,0.6689
2025-02-19,21.0165,20.0217,0.5279,0.6626
2025-02-20,21.0159,20.013,0.5232,0.6612
2025-02-21,21.0182,19.9987,0.5216,0.6558
2025-02-22,21.0241,19.9647,0.523,0.6305
2025-02-23,21.0228,19.9348,0.5166,0.6072
2025-02-24,21.023,19.9258,0.5131,0.603
2025-02-25,21.0283,19.9211,0.5149,0.5962
2025-02-26,21.0252,19.9264,0.5107,0.6053
2025-02-27,21.0293,19.9308,0.5132,0.6108
2025-02-28,21.0424,19.9556,0.5282,0.6262
2025-03-01,21.0504,19.961,0.5331,0.6422
2025-03-02,21.0405,19.9361,0.5235,0.6155
2025-03-03,21.0389,19.9164,0.52,0.5979
2025-03-04,21.0365,19.895,0.5166,0.5813
2025-03-05,21.0343,19.8764,0.5154,0.5686
2025-03-06,21.0348,19.8619,0.5161,0.562
2025-03-07,21.0343,19.8423,0.5159,0.5524
2025-03-08,21.0414,19.8299,0.5228,0.5411
2025-03-09,21.0377,19.8223,0.5169,0.5278
2025-03-10,21.036,19.8221,0.5129,0.5229
2025-03-11,21.0326,19.8091,0.5078,0.5089
2025-03-12,21.0334,19.7899,0.5049,0.4862
2025-03-13,21.0355,19.7732,0.5049,0.4662
2025-03-14,21.041,19.7733,0.5077,0.4582
2025-03-15,21.0501,19.7867,0.5138,0.4591
2025-03-16,21.0469,19.7918,0.5066,0.4467
2025-03-17,21.034,19.7928,0.4907,0.435
2025-03-18,21.0201,19.7969,0.4707,0.4321
2025-03-19,21.0167,19.7853,0.4617,0.4137
2025-03-20,21.0188,19.7755,0.4603,0.3968
2025-03-21,21.0217,19.7813,0.4628,0.3945
2025-03-22,21.0198,19.7891,0.4609,0.397
2025-03-23,21.0216,19.7963,0.4634,0.3998
2025-03-24,21.0245,19.8027,0.4698,0.4036
2025-03-25,21.0276,19.821,0.4743,0.4147
2025-03-26,21.0337,19.8414,0.4804,0.427
2025-03-27,21.0366,19.8517,0.4832,0.429
2025-03-28,21.0346,19.8595,0.4804,0.431
2025-03-29,21.0278,19.8723,0.4746,0.4318
2025-03-30,21.0206,19.8819,0.4684,0.4286
2025-03-31,21.0147,19.8854,0.4646,0.4236
2025-04-01,21.016,19.8805,0.4673,0.4082
2025-04-02,21.0093,19.8751,0.4641,0.3848
2025-04-03,20.9999,19.8762,0.4573,0.3695
2025-04-04,20.994,19.8881,0.454,0.3669
2025-04-05,20.9887,19.8978,0.4512,0.3571
2025-04-06,20.9901,19.9158,0.4554,0.3622
2025-04-07,20.9919,19.944,0.4601,0.3772
2025-04-08,20.9965,19.9696,0.4678,0.3863
2025-04-09,21.0016,19.9984,0.4742,0.3952
2025-04-10,21.0021,20.0264,0.4767,0.4035
2025-04-11,20.9998,20.07,0.4802,0.4332
2025-04-12,20.9929,20.1038,0.4787,0.4556
2025-04-13,20.979,20.1143,0.4686,0.4516
2025-04-14,20.9663,20.1039,0.4585,0.4197
2025-04-15,20.9507,20.09,0.4466,0.3799
2025-04-16,20.938,20.0961,0.4354,0.361
2025-04-17,20.9355,20.1056,0.4348,0.3499
2025-04-18,20.933,20.1166,0.435,0.3385
2025-04-19,20.9262,20.1229,0.4318,0.3228
2025-04-20,20.9259,20.1426,0.4321,0.311
2025-04-21,20.9338,20.1628,0.4421,0.3015
2025-04-22,20.9407,20.184,0.4488,0.2918
2025-04-23,20.9499,20.2198,0.4598,0.2953
2025-04-24,20.9433,20.2704,0.4543,0.3168
2025-04-25,20.9478,20.3069,0.46,0.3263
2025-04-26,20.9497,20.3338,0.4656,0.3295
2025-04-27,20.9502,20.349,0.4696,0.3209
2025-04-28,20.9488,20.3558,0.4719,0.3014
2025-04-29,20.9438,20.3636,0.4713,0.2882
2025-04-30,20.9411,20.391,0.4729,0.2948
2025-05-01,20.9411,20.4353,0.4781,0.3079
2025-05-02,20.9414,20.4874,0.4823,0.325
2025-05-03,20.942,20.553,0.4838,0.3509
2025-05-04,20.9398,20.6246,0.4847,0.3884
2025-05-05,20.9384,20.6956,0.4883,0.4295
2025-05-06,20.9316,20.7542,0.4869,0.4603
2025-05-07,20.9248,20.8026,0.4859,0.4819
2025-05-08,20.9164,20.8482,0.4817,0.4957
2025-05-09,20.9112,20.8842,0.4798,0.5001
2025-05-10,20.9099,20.9154,0.4809,0.5037
2025-05-11,20.9057,20.9443,0.4796,0.5
2025-05-12,20.9012,20.9636,0.4787,0.4903
2025-05-13,20.8973,20.98,0.4765,0.4684
2025-05-14,20.8987,21.0032,0.4804,0.4633
2025-05-15,20.8905,21.0226,0.4739,0.4562
2025-05-16,20.8859,21.0426,0.4731,0.4443
2025-05-17,20.8809,21.0681,0.4706,0.4354
2025-05-18,20.8743,21.1015,0.4666,0.4323
2025-05-19,20.8643,21.148,0.4597,0.4378
2025-05-20,20.8568,21.1995,0.4543,0.4481
2025-05-21,20.8573,21.2435,0.4574,0.4509
2025-05-22,20.8662,21.28,0.468,0.4504
2025-05-23,20.8663,21.3394,0.4702,0.4691
2025-05-24,20.8595,21.3863,0.4674,0.4797
2025-05-25,20.8459,21.4216,0.4585,0.4727
2025-05-26,20.8303,21.4408,0.4473,0.4502
2025-05-27,20.8207,21.4749,0.4419,0.4427
2025-05-28,20.8193,21.5125,0.4432,0.4331
2025-05-29,20.8114,21.5592,0.4392,0.4294
2025-05-30,20.797,21.5815,0.4298,0.409
2025-05-31,20.789,21.6192,0.4267,0.4055
2025-06-01,20.7801,21.6584,0.421,0.3988
2025-06-02,20.767,21.6962,0.4107,0.398
2025-06-03,20.7547,21.7326,0.401,0.3954
2025-06-04,20.7494,21.7762,0.3995,0.3983
2025-06-05,20.7471,21.8309,0.4035,0.4124
2025-06-06,20.7491,21.8976,0.413,0.4373
2025-06-07,20.7567,21.9638,0.4255,0.4588
2025-06-08,20.7582,22.0266,0.4297,0.4776
2025-06-09,20.7595,22.0696,0.4326,0.4715
2025-06-10,20.7588,22.0923,0.4358,0.4487
2025-06-11,20.7648,22.1245,0.4445,0.4334
2025-06-12,20.774,22.1704,0.4559,0.4356
2025-06-13,20.7848,22.2276,0.4677,0.4473
2025-06-14,20.7934,22.3027,0.477,0.4729
2025-06-15,20.793,22.3795,0.4756,0.4985
2025-06-16,20.7911,22.4529,0.4686,0.5158
2025-06-17,20.7913,22.5222,0.4674,0.5349
2025-06-18,20.7981,22.5893,0.4754,0.5504
2025-06-19,20.8071,22.6411,0.486,0.5503
2025-06-20,20.8101,22.679,0.49,0.5461
2025-06-21,20.8029,22.7074,0.482,0.531
2025-06-22,20.7865,22.7131,0.4635,0.4877
2025-06-23,20.7745,22.7152,0.4494,0.4414
2025-06-24,20.7721,22.7454,0.4458,0.4172
2025-06-25,20.7763,22.8049,0.45,0.4241
2025-06-26,20.7872,22.8613,0.4609,0.4307
2025-06-27,20.7959,22.906,0.4693,0.4297
2025-06-28,20.7982,22.9611,0.4705,0.4445
2025-06-29,20.7986,23.0084,0.4707,0.4517
2025-06-30,20.804,23.0497,0.4753,0.4506
2025-07-01,20.8114,23.0901,0.4808,0.4525
2025-07-02,20.8113,23.1195,0.4819,0.4435
2025-07-03,20.8119,23.169,0.4829,0.4548
2025-07-04,20.818,23.218,0.487,0.4609
2025-07-05,20.8262,23.2748,0.4934,0.4696
2025-07-06,20.83,23.3098,0.4966,0.4588
2025-07-07,20.8396,23.3625,0.5072,0.4693
2025-07-08,20.8435,23.4424,0.5132,0.5052
2025-07-09,20.8442,23.5078,0.5149,0.5247
2025-07-10,20.8382,23.5686,0.5074,0.5426
2025-07-11,20.8339,23.6213,0.5001,0.5602
2025-07-12,20.8382,23.6754,0.5021,0.5802
2025-07-13,20.8443,23.7212,0.5053,0.5994
2025-07-14,20.8507,23.7534,0.5097,0.5999
2025-07-15,20.8617,23.8018,0.5186,0.6138
2025-07-16,20.8731,23.8631,0.5269,0.6359
2025-07-17,20.8742,23.8979,0.5263,0.6345
2025-07-18,20.8768,23.9093,0.529,0.6096
2025-07-19,20.8783,23.9112,0.5305,0.5753
2025-07-20,20.8815,23.9261,0.5342,0.5609
2025-07-21,20.8854,23.9355,0.5366,0.5373
2025-07-22,20.8889,23.9271,0.5369,0.4903
2025-07-23,20.8972,23.9089,0.5433,0.4351
2025-07-24,20.9055,23.9227,0.5495,0.4132
2025-07-25,20.9029,23.9581,0.544,0.416
2025-07-26,20.9009,23.9975,0.5375,0.4273
2025-07-27,20.8971,24.0398,0.527,0.4311
2025-07-28,20.8915,24.0918,0.5137,0.4389
2025-07-29,20.8905,24.1697,0.5075,0.481
2025-07-30,20.8968,24.2593,0.5094,0.5267
2025-07-31,20.8905,24.3186,0.5001,0.5489
2025-08-01,20.8537,24.3154,0.4641,0.5202
2025-08-02,20.8407,24.3182,0.451,0.4996
2025-08-03,20.8432,24.319,0.4542,0.4727
2025-08-04,20.8507,24.3199,0.4605,0.4474
2025-08-05,20.8596,24.3296,0.4673,0.4293
2025-08-06,20.8685,24.3404,0.4756,0.4082
2025-08-07,20.8797,24.3672,0.484,0.4108
2025-08-08,20.8901,24.3898,0.4927,0.4131
2025-08-09,20.8988,24.411,0.502,0.4213
2025-08-10,20.9059,24.4441,0.5072,0.431
2025-08-11,20.9204,24.4896,0.5188,0.4447
2025-08-12,20.928,24.5337,0.5238,0.4581
2025-08-13,20.9352,24.5737,0.5293,0.4753
2025-08-14,20.9415,24.6158,0.5335,0.4955
2025-08-15,20.9417,24.6496,0.5327,0.5138
2025-08-16,20.9407,24.6606,0.5308,0.5145
2025-08-17,20.9354,24.6575,0.5265,0.508
2025-08-18,20.9313,24.6531,0.5248,0.5098
2025-08-19,20.9272,24.6352,0.5205,0.4871
2025-08-20,20.9229,24.61,0.515,0.4481
2025-08-21,20.9148,24.5883,0.505,0.4083
2025-08-22,20.9087,24.5622,0.4991,0.3748
2025-08-23,20.9021,24.5466,0.4927,0.3508
2025-08-24,20.9064,24.5506,0.4971,0.3483
2025-08-25,20.9376,24.5759,0.5281,0.3682
2025-08-26,20.9398,24.5634,0.5302,0.3488
2025-08-27,20.9316,24.5606,0.5204,0.335
2025-08-28,20.9194,24.5496,0.5087,0.3221
2025-08-29,20.8949,24.5163,0.4837,0.2879
2025-08-30,20.8507,24.4612,0.44,0.2386
2025-08-31,20.8358,24.4195,0.427,0.2045
2025-09-01,20.8356,24.3768,0.4267,0.1678
2025-09-02,20.8352,24.3563,0.427,0.1484
2025-09-03,20.8293,24.3417,0.4231,0.1385
2025-09-04,20.8225,24.3368,0.4176,0.1354
2025-09-05,20.8246,24.3341,0.4226,0.1391
2025-09-06,20.8279,24.3422,0.4308,0.1649
2025-09-07,20.8344,24.3653,0.445,0.2044
2025-09-08,20.8383,24.3828,0.4547,0.2398
2025-09-09,20.8399,24.3733,0.4614,0.2479
2025-09-10,20.8449,24.3622,0.4724,0.2519
2025-09-11,20.8631,24.378,0.4977,0.2879
2025-09-12,20.8465,24.3801,0.4862,0.3061
2025-09-13,20.8418,24.3814,0.4868,0.3188
2025-09-14,20.8384,24.3643,0.4911,0.3171
2025-09-15,20.8353,24.3458,0.4945,0.3124
2025-09-16,20.8291,24.3337,0.4945,0.3177
2025-09-17,20.816,24.3213,0.4873,0.3241
2025-09-18,20.8063,24.3219,0.482,0.3473
2025-09-19,20.7987,24.3286,0.4774,0.3695
2025-09-20,20.8082,24.3282,0.4867,0.3825
2025-09-21,20.8237,24.3103,0.5039,0.3841
2025-09-22,20.8096,24.2856,0.4924,0.3783
2025-09-23,20.7793,24.2688,0.464,0.3777
2025-09-24,20.7548,24.2643,0.4424,0.3939
2025-09-25,20.7419,24.2734,0.4324,0.4196
2025-09-26,20.7378,24.2775,0.4319,0.44
2025-09-27,20.7342,24.2574,0.4335,0.4368
2025-09-28,20.742,24.2385,0.4487,0.4368
2025-09-29,20.7493,24.2141,0.4625,0.4345
2025-09-30,20.7546,24.1851,0.4724,0.4326
2025-10-01,20.7585,24.157,0.4801,0.435
2025-10-02,20.7676,24.1286,0.4941,0.4391
2025-10-03,20.7586,24.1041,0.4908,0.4469
2025-10-04,20.7445,24.0732,0.4813,0.4457
2025-10-05,20.7272,24.0456,0.4694,0.4477
2025-10-06,20.707,24.0124,0.4536,0.4447
2025-10-07,20.6917,23.983,0.441,0.4404
2025-10-08,20.6824,23.9493,0.437,0.4413
2025-10-09,20.6786,23.9178,0.4376,0.4469
2025-10-10,20.68,23.8913,0.4443,0.4553
2025-10-11,20.6838,23.8581,0.4552,0.4535
2025-10-12,20.6796,23.8361,0.4568,0.4619
2025-10-13,20.6828,23.8277,0.465,0.4872
2025-10-14,20.6853,23.8171,0.472,0.5091
2025-10-15,20.6837,23.7887,0.4721,0.5135
2025-10-16,20.678,23.7556,0.467,0.5091
2025-10-17,20.6673,23.7193,0.4579,0.5006
2025-10-18,20.656,23.6837,0.4498,0.4907
2025-10-19,20.6433,23.6593,0.4374,0.496
2025-10-20,20.6321,23.6572,0.4287,0.5269
2025-10-21,20.6209,23.6487,0.4202,0.5551
2025-10-22,20.6134,23.6394,0.4155,0.5832
2025-10-23,20.6022,23.6161,0.4059,0.5971
2025-10-24,20.5917,23.5815,0.3963,0.5996
2025-10-25,20.5872,23.5376,0.3932,0.5936
2025-10-26,20.5842,23.4832,0.3933,0.5798
2025-10-27,20.5745,23.4287,0.3874,0.5653
2025-10-28,20.5666,23.3824,0.3841,0.5641
2025-10-29,20.5708,23.3423,0.3932,0.5694
2025-10-30,20.5642,23.2742,0.3916,0.5457
2025-10-31,20.5629,23.2336,0.3952,0.546
2025-11-01,20.5613,23.2004,0.4007,0.5548
2025-11-02,20.5558,23.1717,0.4,0.5715
2025-11-03,20.5468,23.1377,0.3953,0.585
2025-11-04,20.534,23.0999,0.3862,0.5944
2025-11-05,20.5213,23.0328,0.3756,0.5658
2025-11-06,20.5141,22.965,0.3683,0.5345
2025-11-07,20.5118,22.9007,0.3659,0.5086
2025-11-08,20.5111,22.8491,0.3646,0.4934
2025-11-09,20.5099,22.8091,0.362,0.491
2025-11-10,20.5146,22.7718,0.3656,0.4925
2025-11-11,20.515,22.7265,0.3667,0.491
2025-11-12,20.5007,22.6802,0.3519,0.4926
2025-11-13,20.4817,22.6361,0.3334,0.4966
2025-11-14,20.4712,22.6101,0.3225,0.5131
2025-11-15,20.466,22.5874,0.3193,0.5269
2025-11-16,20.4659,22.5562,0.319,0.5255
2025-11-17,20.4649,22.5141,0.3177,0.5199
2025-11-18,20.4711,22.4808,0.3251,0.5301
2025-11-19,20.4747,22.4443,0.328,0.5369
2025-11-20,20.4716,22.4021,0.3244,0.5383
2025-11-21,20.4724,22.3627,0.3223,0.5363
2025-11-22,20.4781,22.3228,0.3255,0.5345
2025-11-23,20.4922,22.2984,0.337,0.5526
2025-11-24,20.5066,22.2656,0.3497,0.5578
2025-11-25,20.5173,22.2223,0.3585,0.5555
2025-11-26,20.5296,22.1863,0.3711,0.5676
2025-11-27,20.5386,22.1521,0.3808,0.5733
2025-11-28,20.5381,22.1019,0.3815,0.5617
2025-11-29,20.5368,22.0427,0.3828,0.5483
2025-11-30,20.5413,21.986,0.3879,0.532
2025-12-01,20.5541,21.9375,0.3975,0.5185
2025-12-02,20.5637,21.8938,0.4038,0.5106
2025-12-03,20.5577,21.8357,0.395,0.4897
2025-12-04,20.5475,21.7843,0.3833,0.4801
2025-12-05,20.5477,21.7547,0.3795,0.4908
2025-12-06,20.5427,21.694,0.3711,0.4666
2025-12-07,20.5524,21.6581,0.3788,0.4705
2025-12-08,20.5632,21.6316,0.3895,0.4824
2025-12-09,20.5708,21.5945,0.3959,0.4814
2025-12-10,20.5711,21.5458,0.3961,0.4728
2025-12-11,20.5692,21.4828,0.395,0.4525
2025-12-12,20.5641,21.4184,0.3881,0.4325
2025-12-13,20.5563,21.3686,0.3757,0.4198
2025-12-14,20.5452,21.3264,0.3607,0.4098
2025-12-15,20.5376,21.2692,0.3495,0.3886
2025-12-16,20.5307,21.2121,0.3386,0.3745
2025-12-17,20.5314,21.1581,0.335,0.3611
2025-12-18,20.5319,21.1072,0.3319,0.3458
2025-12-19,20.5383,21.0681,0.3357,0.339
2025-12-20,20.5471,21.0312,0.3426,0.336
2025-12-21,20.5563,21.0105,0.3495,0.3462
2025-12-22,20.5716,21.0031,0.3618,0.3628
2025-12-23,20.5896,20.9934,0.3728,0.3749
2025-12-24,20.601,20.9619,0.3749,0.3742
2025-12-25,20.6072,20.9117,0.3723,0.3568
2025-12-26,20.6184,20.8782,0.3792,0.3572
2025-12-27,20.6305,20.8683,0.3879,0.3827
2025-12-28,20.6443,20.8599,0.3989,0.4097
2025-12-29,20.6499,20.8373,0.4002,0.4174
2025-12-30,20.6615,20.8064,0.4094,0.4184
2025-12-31,20.6774,20.7836,0.4208,0.4271
2026-01-01,20.6894,20.7591,0.4401,0.4573
2026-01-02,20.6952,20.7291,0.4428,0.4576
2026-01-03,20.7066,20.7006,0.4497,0.4568
2026-01-04,20.7149,20.6691,0.4528,0.4608
2026-01-05,20.7247,20.6323,0.459,0.4575
2026-01-06,20.7386,20.5994,0.4699,0.4533
2026-01-07,20.7433,20.5613,0.4704,0.4423
2026-01-08,20.7378,20.5267,0.4596,0.4375
2026-01-09,20.7374,20.4947,0.4548,0.4342
2026-01-10,20.7424,20.4784,0.4546,0.4453
2026-01-11,20.7517,20.4629,0.4575,0.4556
2026-01-12,20.7596,20.4376,0.4595,0.453
2026-01-13,20.7714,20.405,0.464,0.4476
2026-01-14,20.7881,20.3826,0.4748,0.4518
2026-01-15,20.7946,20.3777,0.4776,0.4696
2026-01-16,20.7983,20.3542,0.4766,0.4694
2026-01-17,20.8013,20.3173,0.4749,0.4562
2026-01-18,20.8062,20.2952,0.475,0.4532
2026-01-19,20.8075,20.2698,0.4707,0.4474
2026-01-20,20.8043,20.2542,0.4633,0.4522
2026-01-21,20.797,20.2441,0.4524,0.459
2026-01-22,20.7907,20.2256,0.4413,0.4538
2026-01-23,20.793,20.2098,0.4386,0.4633
2026-01-24,20.8062,20.1962,0.446,0.4733
2026-01-25,20.8245,20.1812,0.4567,0.4799
2026-01-26,20.8368,20.1549,0.4644,0.4759
2026-01-27,20.8441,20.1297,0.4688,0.474
2026-01-28,20.8494,20.0973,0.4695,0.4591
2026-01-29,20.8611,20.0726,0.4743,0.4508
2026-01-30,20.8768,20.0624,0.4838,0.4536
2026-01-31,20.8902,20.0515,0.4932,0.4545
2026-02-01,20.8972,20.0112,0.4975,0.4298
2026-02-02,20.8975,19.9774,0.4947,0.4122
2026-02-03,20.894,19.9508,0.4848,0.4002
2026-02-04,20.8991,19.9414,0.4828,0.4082
2026-02-05,20.9109,19.9385,0.488,0.4223
2026-02-06,20.917,19.9139,0.4896,0.4154
2026-02-07,20.9244,19.8828,0.4912,0.3989
2026-02-08,20.9303,19.8576,0.4909,0.3847
2026-02-09,20.9328,19.847,0.4869,0.3828
2026-02-10,20.9394,19.8384,0.4879,0.3815
2026-02-11,20.9516,19.8291,0.4941,0.3752
2026-02-12,20.9583,19.8283,0.4953,0.3869
2026-02-13,20.9634,19.8302,0.4981,0.4083
2026-02-14,20.959,19.8263,0.49,0.4229
2026-02-15,20.9578,19.8166,0.4831,0.4319
2026-02-16,20.9577,19.8077,0.4791,0.4339
2026-02-17,20.9525,19.7999,0.4707,0.4306
2026-02-18,20.9621,19.803,0.4769,0.4406
2026-02-19,20.979,19.8165,0.4904,0.4574
2026-02-20,20.9973,19.8233,0.5046,0.4715
2026-02-21,21.0148,19.8236,0.5182,0.4807
2026-02-22,21.0378,19.8352,0.5367,0.501
2026-02-23,21.066,19.8539,0.5598,0.5263
2026-02-24,21.0647,19.8351,0.5548,0.5123
2026-02-25,21.0739,19.8313,0.5605,0.5064
2026-02-26,21.0719,19.8394,0.5574,0.5183
2026-02-27,21.052,19.8162,0.5359,0.4962
2026-02-28,21.0466,19.8046,0.5324,0.4752
2026-03-01,21.0483,19.8087,0.531,0.4899
2026-03-02,21.0529,19.7931,0.5359,0.4725
2026-03-03,21.0633,19.7809,0.5444,0.4624
2026-03-04,21.0667,19.7724,0.5468,0.4587
2026-03-05,21.0654,19.7646,0.5465,0.4568
2026-03-06,21.0593,19.7504,0.5406,0.4505
2026-03-07,21.0689,19.7626,0.5505,0.4727
2026-03-08,21.0667,19.7748,0.5481,0.486
2026-03-09,21.0655,19.7817,0.5447,0.4872
2026-03-10,21.0699,19.7835,0.5468,0.4843
2026-03-11,21.0688,19.7773,0.544,0.4771
2026-03-12,21.0709,19.7667,0.5424,0.463
2026-03-13,21.0765,19.7604,0.5459,0.4534
2026-03-14,21.0809,19.7671,0.5476,0.452
2026-03-15,21.0893,19.7745,0.553,0.4469
2026-03-16,21.1002,19.774,0.5599,0.4289
2026-03-17,21.112,19.7562,0.5687,0.3984
2026-03-18,21.1177,19.7302,0.5683,0.3654
2026-03-19,21.12,19.7051,0.565,0.3335
2026-03-20,21.1125,19.6849,0.554,0.3062
2026-03-21,21.101,19.6683,0.5421,0.2815
2026-03-22,21.1001,19.6917,0.5412,0.2996
2026-03-23,21.1103,19.7172,0.5521,0.3207
2026-03-24,21.1165,19.7374,0.5618,0.3383
2026-03-25,21.114,19.7431,0.5607,0.3368
2026-03-26,21.1131,19.74,0.5598,0.3256
2026-03-27,21.1135,19.7401,0.5601,0.3174
2026-03-28,21.1121,19.748,0.5579,0.3195
2026-03-29,21.1072,19.7609,0.554,0.3204
2026-03-30,21.0973,19.7582,0.5451,0.3049
2026-03-31,21.0997,19.7553,0.5496,0.2935
2026-04-01,21.1044,19.7721,0.5557,0.2998
2026-04-02,21.0968,19.7852,0.5516,0.2949
2026-04-03,21.0955,19.8232,0.5529,0.3165
2026-04-04,21.0994,19.8783,0.5594,0.3571
2026-04-05,21.0993,19.8991,0.5618,0.3584
2026-04-06,21.0929,19.8887,0.5582,0.3351
2026-04-07,21.0845,19.869,0.5527,0.3022
2026-04-08,21.0793,19.8587,0.5506,0.2754
2026-04-09,21.0792,19.8657,0.5518,0.2625
2026-04-10,21.0801,19.8742,0.5547,0.2513
2026-04-11,21.0787,19.8853,0.5591,0.2485
2026-04-12,21.0839,19.8937,0.5697,0.2455
2026-04-13,21.0932,19.9053,0.5828,0.2426
2026-04-14,21.1039,19.9226,0.5961,0.2384
2026-04-15,21.1112,19.967,0.6071,0.2569
2026-04-16,21.1182,20.0163,0.6156,0.2812
2026-04-17,21.1314,20.0724,0.6307,0.3167
2026-04-18,21.1404,20.1283,0.6424,0.3502
2026-04-19,21.1471,20.1737,0.6527,0.3736
2026-04-20,21.1432,20.1864,0.6494,0.3548
2026-04-21,21.14,20.1852,0.6483,0.3239
2026-04-22,21.1347,20.1898,0.6428,0.2976
2026-04-23,21.1217,20.1938,0.6316,0.2693
2026-04-24,21.1165,20.2188,0.6275,0.2652
2026-04-25,21.1173,20.2592,0.6295,0.2786
2026-04-26,21.119,20.3063,0.6349,0.302
2026-04-27,21.1112,20.3528,0.6306,0.3247
2026-04-28,21.1003,20.3904,0.6234,0.336
2026-04-29,21.0942,20.4386,0.6217,0.3632
2026-04-30,21.0913,20.4882,0.6231,0.392
2026-05-01,21.0853,20.5349,0.6223,0.4075
2026-05-02,21.0775,20.5823,0.6184,0.4199
2026-05-03,21.0749,20.6246,0.6167,0.4225
2026-05-04,21.0773,20.6636,0.6222,0.4274
2026-05-05,21.0713,20.6881,0.6212,0.422
2026-05-06,21.0582,20.7237,0.6135,0.4298
2026-05-07,21.0456,20.7575,0.6067,0.4368
2026-05-08,21.0318,20.7921,0.5971,0.4396
2026-05-09,21.0272,20.816,0.5958,0.4319
2026-05-10,21.0228,20.8366,0.5938,0.4249
2026-05-11,21.017,20.8568,0.5909,0.4125
2026-05-12,21.0164,20.8793,0.5939,0.406
2026-05-13,21.0049,20.8936,0.5841,0.382
2026-05-14,20.9817,20.8911,0.5634,0.3512
2026-05-15,20.9599,20.891,0.5433,0.3246
2026-05-16,20.9552,20.9239,0.5424,0.3256
2026-05-17,20.9555,20.9729,0.5452,0.3402
2026-05-18,20.9561,21.0109,0.5484,0.3417
2026-05-19,20.9535,21.0455,0.5489,0.3353
2026-05-20,20.9476,21.0777,0.5451,0.3263
2026-05-21,20.9434,21.1259,0.5435,0.3333
2026-05-22,20.9477,21.1862,0.5495,0.3566
2026-05-23,20.9572,21.2481,0.5611,0.3778
2026-05-24,20.9612,21.3005,0.5691,0.3939
2026-05-25,20.9563,21.3481,0.5689,0.3992
2026-05-26,20.9495,21.3764,0.5665,0.3858
2026-05-27,20.9391,21.3764,0.5603,0.3442
2026-05-28,20.9377,21.3937,0.5616,0.3143
2026-05-29,20.9427,21.424,0.5705,0.2942
2026-05-30,20.9436,21.4602,0.5764,0.2877
2026-05-31,20.9441,21.4971,0.5818,0.2834
2026-06-01,20.9452,21.5474,0.5861,0.2878
2026-06-02,20.9492,21.5989,0.5929,0.3007
2026-06-03,20.9525,21.6322,0.5988,0.295
2026-06-04,20.958,21.6608,0.6081,0.2829
2026-06-05,20.9615,21.7064,0.6179,0.2879
2026-06-06,20.961,21.7543,0.6249,0.294
2026-06-07,20.9561,21.7925,0.6249,0.2875
2026-06-08,20.9499,21.8305,0.6214,0.2815
2026-06-09,20.9421,21.8629,0.6152,0.2648
2026-06-10,20.9414,21.8995,0.6184,0.2559
2026-06-11,20.9433,21.9407,0.623,0.2496
2026-06-12,20.9539,22.005,0.6358,0.2702
2026-06-13,20.9647,22.0573,0.6476,0.277
2026-06-14,20.9706,22.1011,0.6542,0.2713
2026-06-15,20.9741,22.1621,0.6567,0.2811
2026-06-16,20.9761,22.2347,0.6536,0.2976
2026-06-17,20.9767,22.2986,0.6528,0.3113
2026-06-18,20.9735,22.3614,0.6508,0.3225
2026-06-19,20.9698,22.4409,0.6487,0.35
2026-06-20,20.9703,22.5209,0.6502,0.388
2026-06-21,20.9686,22.5849,0.6477,0.4085
2026-06-22,20.9667,22.6465,0.6437,0.4211
2026-06-23,20.971,22.7233,0.6459,0.4495
2026-06-24,20.9755,22.8091,0.6492,0.4809
2026-06-25,20.9734,22.8829,0.6471,0.5021
2026-06-26,20.97,22.9379,0.6437,0.5073
2026-06-27,20.9761,22.9869,0.6495,0.5106
2026-06-28,20.9812,23.0202,0.6535,0.5036
2026-06-29,20.9838,23.0607,0.6559,0.504
2026-06-30,20.9887,23.0984,0.66,0.4993
2026-07-01,20.9915,23.1163,0.6609,0.4787
2026-07-02,20.9952,23.1526,0.6658,0.4766
2026-07-03,21.001,23.2226,0.672,0.5084
2026-07-04,21.015,23.2999,0.684,0.5428
2026-07-05,21.0272,23.3795,0.6944,0.5743
2026-07-06,21.0312,23.4337,0.6978,0.5827
2026-07-07,21.0279,23.47,0.6955,0.5768
2026-07-08,21.0228,23.4988,0.6925,0.5616
2026-07-09,21.013,23.5314,0.6837,0.5483
2026-07-10,21.0115,23.5838,0.6807,0.5578
2026-07-11,21.0116,23.6292,0.6778,0.5681
2026-07-12,21.0232,23.6878,0.6871,0.5926
2026-07-13,21.0363,23.7495,0.6973,0.6277
2026-07-14,21.0463,23.8237,0.7053,0.6702
2026-07-15,21.0492,23.8719,0.7061,0.6839
2026-07-16,21.0469,23.8987,0.7007,0.6715
2026-07-17,21.0461,23.9339,0.6982,0.6705
2026-07-18,21.0515,23.9534,0.7037,0.6537
2026-07-19,21.0606,23.9768,0.7128,0.6409
2026-07-20,21.0718,24.0163,0.7245,0.6511
2026-07-21,21.0819,24.0647,0.7331,0.6665
2026-07-22,21.0905,24.0991,0.7385,0.6624
2026-07-23,21.0959,24.1284,0.742,0.6546
2026-07-24,21.1005,24.1705,0.7445,0.661
2026-07-25,21.1023,24.2074,0.7434,0.6653
2026-07-26,21.1036,24.2463,0.7402,0.6761
2026-07-27,21.1079,24.2923,0.7379,0.6836
2026-07-28,21.1156,24.3429,0.7378,0.69
2026-07-29,21.1205,24.3824,0.7375,0.6937
2026-07-30,21.1231,24.4046,0.7357,0.672
2026-07-31,21.1236,24.4195,0.7332,0.6498
2026-08-01,21.1233,24.4635,0.7337,0.6683
2026-08-02,21.1162,24.5145,0.7265,0.6959
2026-08-03,21.1102,24.5528,0.7212,0.7065
2026-08-04,21.1116,24.5846,0.7214,0.7121
2026-08-05,21.1147,24.6312,0.7224,0.7309
2026-08-06,21.1189,24.6886,0.726,0.7564
2026-08-07,21.1254,24.7354,0.7297,0.779
2026-08-08,21.1282,24.7628,0.7308,0.7861
2026-08-09,21.1316,24.7791,0.7348,0.7894
2026-08-10,21.1341,24.8076,0.7354,0.7946
2026-08-11,21.1378,24.8639,0.7362,0.819
2026-08-12,21.1403,24.9107,0.7361,0.8351
2026-08-13,21.1462,24.9377,0.7403,0.8393
2026-08-14,21.1526,24.9444,0.7446,0.8241
2026-08-15,21.1513,24.9526,0.7423,0.8168
2026-08-16,21.1459,24.9582,0.736,0.8121
2026-08-17,21.1435,24.9724,0.7346,0.8229
2026-08-18,21.1463,24.9984,0.7398,0.8551
2026-08-19,21.1509,25.0306,0.7442,0.8825
2026-08-20,21.1584,25.0693,0.7505,0.9074
2026-08-21,21.1692,25.1081,0.7594,0.9281
2026-08-22,21.1757,25.1322,0.7661,0.9448
2026-08-23,21.1748,25.1519,0.7654,0.9561
2026-08-24,21.1783,25.1667,0.769,0.9644
2026-08-25,21.1806,25.1719,0.7711,0.9642
2026-08-26,21.1832,25.1635,0.7736,0.9489
2026-08-27,21.1796,25.1458,0.7684,0.9202
2026-08-28,21.1693,25.1268,0.7586,0.8993
2026-08-29,21.1598,25.1053,0.7486,0.8769
2026-08-30,21.1571,25.0916,0.7464,0.869
2026-08-31,21.1558,25.0947,0.747,0.8797
2026-09-01,21.155,25.0946,0.7461,0.8856
2026-09-02,21.1586,25.096,0.7504,0.8881
2026-09-03,21.1593,25.104,0.7531,0.9008
2026-09-04,21.1632,25.1024,0.7583,0.901
2026-09-05,21.1701,25.098,0.7681,0.903
2026-09-06,21.1775,25.0863,0.7804,0.909
2026-09-07,21.1792,25.0748,0.7898,0.9139
2026-09-08,21.1724,25.0639,0.7888,0.9209
2026-09-09,21.1591,25.0398,0.7806,0.9144
2026-09-10,21.1491,25.0258,0.7766,0.9155
2026-09-11,21.147,25.0109,0.7816,0.9208
2026-09-12,21.1475,24.9853,0.7872,0.9113
2026-09-13,21.148,24.9597,0.793,0.8971
2026-09-14,21.1479,24.9494,0.8006,0.9022
2026-09-15,21.1427,24.9295,0.8019,0.8961
2026-09-16,21.1451,24.9059,0.8105,0.8899
2026-09-17,21.1385,24.8751,0.8098,0.8779
2026-09-18,21.1417,24.8555,0.8174,0.8809
2026-09-19,21.1834,24.9064,0.8621,0.9473
2026-09-20,21.1325,24.8226,0.811,0.8769
2026-09-21,21.1369,24.7857,0.8171,0.8595
2026-09-22,21.1356,24.7727,0.8184,0.8654
2026-09-23,21.1415,24.7132,0.8262,0.8221
2026-09-24,21.1196,24.6669,0.8072,0.7965
2026-09-25,21.128,24.6324,0.8185,0.7786
2026-09-26,21.1393,24.615,0.8334,0.7775
2026-09-27,21.1357,24.5754,0.835,0.7547
2026-09-28,21.1515,24.6007,0.8582,0.799
2026-09-29,21.151,24.6129,0.8642,0.8333
2026-09-30,21.1332,24.5488,0.851,0.7963
2026-10-01,21.1245,24.5058,0.8461,0.7838
